"last_name, first_name",player_id,year,player_age,p_game,p_formatted_ip,pa,k_percent,bb_percent,xba,xslg,woba,xwoba,solidcontact_percent,poorlyweak_percent,hard_hit_percent,whiff_percent,swing_percent,groundballs_percent,flyballs_percent,linedrives_percent,popups_percent,pitch_hand,n,n_ff_formatted,ff_avg_speed,ff_avg_spin,ff_avg_break_x,ff_avg_break_z,ff_avg_break,ff_range_speed,n_sl_formatted,sl_avg_speed,sl_avg_spin,sl_avg_break_x,sl_avg_break_z,sl_avg_break,sl_range_speed,n_ch_formatted,ch_avg_speed,ch_avg_spin,ch_avg_break_x,ch_avg_break_z,ch_avg_break,ch_range_speed,n_cu_formatted,cu_avg_speed,cu_avg_spin,cu_avg_break_x,cu_avg_break_z,cu_avg_break,cu_range_speed,n_si_formatted,si_avg_speed,si_avg_spin,si_avg_break_x,si_avg_break_z,si_avg_break,si_range_speed,n_fc_formatted,fc_avg_speed,fc_avg_spin,fc_avg_break_x,fc_avg_break_z,fc_avg_break,fc_range_speed,n_fs_formatted,fs_avg_speed,fs_avg_spin,fs_avg_break_x,fs_avg_break_z,fs_avg_break,fs_range_speed,n_kn_formatted,kn_avg_speed,kn_avg_spin,kn_avg_break_x,kn_avg_break_z,kn_avg_break,kn_range_speed,n_st_formatted,st_avg_speed,st_avg_spin,st_avg_break_x,st_avg_break_z,st_avg_break,st_range_speed,n_sv_formatted,sv_avg_speed,sv_avg_spin,sv_avg_break_x,sv_avg_break_z,sv_avg_break,sv_range_speed,n_fo_formatted,fo_avg_speed,fo_avg_spin,fo_avg_break_x,fo_avg_break_z,fo_avg_break,fo_range_speed,n_sc_formatted,sc_avg_speed,sc_avg_spin,sc_avg_break_x,sc_avg_break_z,sc_avg_break,sc_range_speed
"Lyons, Tyler",544928,2018,30,27,16.2,83,22.9,9.6,0.284,0.495,0.409,0.368,5.6,1.9,37.7,24.2,45.1,27.8,31.5,31.5,9.3,L,283,18.4,89.7,2150,5,-18,17.2,1.2,56.5,79,2376,-16,-42.9,16.5,1.4,1.4,85.3,1633,11.5,-27.2,16.4,1.4,,,,,,,,23.7,88.8,2065,14.6,-24.8,18.1,1.2,,,,,,,,,,,,,,,,,,,,,,,,,,,,,,,,,,,,,,,,,,,,,,,,,
"Bassitt, Chris",605135,2018,29,11,47.2,204,20.1,9.3,0.227,0.368,0.282,0.306,3.6,10.7,32.9,17.3,44.4,44.3,22.1,27.1,6.4,R,807,14,92.4,2198,-8,-18.3,16.2,1.6,,,,,,,,4.3,82.9,1955,-16.4,-32.1,18.2,1.3,13.3,70.9,2277,13.3,-69.2,18.5,1.6,43,91.8,2124,-15.7,-22.2,19,1.4,25.4,86.5,2247,3,-29.5,8.6,1.7,,,,,,,,,,,,,,,,,,,,,,,,,,,,,,,,,,,,,,,,,,
"Hudson, Daniel",543339,2018,31,40,46,197,22.3,9.1,0.226,0.345,0.29,0.296,3.8,3.8,27.8,27.8,50.1,38.9,22.9,26,12.2,R,715,52.9,95.3,2439,-6.8,-15.3,16.8,1,41,86.6,2569,1.3,-34.1,3.7,1.3,4.6,86.2,2315,-17.1,-26.3,20.5,1.4,,,,,,,,1.5,95.3,2379,-12.1,-16.5,18.8,1.4,,,,,,,,,,,,,,,,,,,,,,,,,,,,,,,,,,,,,,,,,,,,,,,,,
"Schultz, Jaime",621289,2018,27,22,30.1,125,28,13.6,0.156,0.362,0.308,0.294,10,4.3,40,33.1,43.6,30,41.4,17.1,11.4,R,583,80.3,94.9,2403,-7,-13.6,19.2,1.3,9.9,86.2,2368,3.5,-38.2,4.6,1.5,,,,,,,,9.8,81.2,2436,11.4,-57.9,18.3,1.3,,,,,,,,,,,,,,,,,,,,,,,,,,,,,,,,,,,,,,,,,,,,,,,,,,,,,,,,
"Familia, Jeurys",544727,2018,28,70,72,302,27.5,9.3,0.21,0.306,0.269,0.272,4.8,3.7,34.9,30.6,48.3,47.1,19.6,24.3,9,R,1191,15.7,96.5,2258,-10.6,-16,17.8,1.4,28.5,87.9,2286,1.2,-33.1,4.2,1.7,,,,,,,,,,,,,,,52.6,96,2218,-17.8,-24.7,18.9,1.4,,,,,,,,3.1,91.7,1739,-14.1,-29.3,15.1,1.2,,,,,,,,,,,,,,,,,,,,,,,,,,,,,,,,,,,
"Arano, Víctor",644364,2018,23,60,59.1,246,24.4,6.9,0.233,0.389,0.286,0.292,5.4,3.6,36.4,32.3,52.4,40.5,26.2,25,8.3,R,938,25.2,93.9,2340,-11.6,-15.3,20.1,1.4,56,84.6,2481,1,-33.9,5.6,1.8,3.7,87.4,2060,-14,-24,18.7,1.4,,,,,,,,15.1,93.2,2254,-16.1,-20.5,19.9,1.4,,,,,,,,,,,,,,,,,,,,,,,,,,,,,,,,,,,,,,,,,,,,,,,,,
"Feliz, Michael",593140,2018,25,47,47.2,217,25.3,10.6,0.258,0.434,0.337,0.345,11,1.5,40,24.2,45.6,33.1,25.7,31.6,9.6,R,934,67.7,94.8,2282,-2.6,-12.6,18.1,1.5,22.2,83.3,2242,5.1,-35.3,8,2.4,4.4,88,1572,-10.4,-25,14.7,1.4,,,,,,,,5.8,94.1,2234,-10.9,-14.8,19.4,1.3,,,,,,,,,,,,,,,,,,,,,,,,,,,,,,,,,,,,,,,,,,,,,,,,,
"Musgrave, Harrison",643466,2018,26,35,44.2,185,17.3,11.9,0.247,0.399,0.333,0.323,5.4,2.3,36.9,24.3,44.2,40,23.1,30.8,6.2,L,699,24,91,2496,4,-19.7,14.3,1.4,24.7,82.9,2433,-3.8,-34.7,7.6,1.9,15.7,81.4,1585,8.8,-32.2,13,1.8,0.1,70.6,2382,-7.3,-59.4,8.1,,35.3,90.9,2426,11.2,-21.1,16.8,1.5,,,,,,,,,,,,,,,,,,,,,,,,,,,,,,,,,,,,,,,,,,,,,,,,,
"Tillman, Chris",501957,2018,30,7,26.2,137,9.5,12.4,0.337,0.587,0.459,0.434,10.5,3.8,49.5,12.7,42.5,43.8,23.8,29.5,2.9,R,520,30,89,2190,-2.5,-18.2,17,1.5,23.3,82.4,2366,4.1,-39.9,5.4,1.7,18.3,83.1,1712,-7.6,-26.1,16.5,1.8,11.5,75.1,2055,4.1,-67.4,17.5,1.5,16.9,88.9,2176,-10.7,-20.2,18.4,1.4,,,,,,,,,,,,,,,,,,,,,,,,,,,,,,,,,,,,,,,,,,,,,,,,,
"Conley, Adam",543045,2018,28,52,50.2,202,24.8,8.9,0.233,0.361,0.277,0.301,8.3,3,36.8,30.8,51.2,45.1,24.8,22.6,7.5,L,774,56.8,95.2,2261,16.9,-18,21.3,1.3,16.1,88.1,2164,-0.7,-28.5,7.5,1.9,27,85.8,2041,17.1,-28.5,19.4,1.4,,,,,,,,,,,,,,,,,,,,,,,,,,,,,,,,,,,,,,,,,,,,,,,,,,,,,,,,,,,,,,,
"Cessa, Luis",570666,2018,26,16,44.2,195,20,6.7,0.277,0.421,0.33,0.326,13.3,2.1,39.9,26.9,47.4,48.3,18.2,27.3,6.3,R,704,41.1,94.8,2325,-7.8,-16.1,17.5,1.7,42.3,83.7,2470,2,-42.1,3.2,1.5,12.9,86.1,1652,-11.8,-28.6,15.4,1.6,3.1,80.5,2500,5.4,-51.9,10,1.5,0.6,93.9,2302,-11.9,-20.8,16.7,1.6,,,,,,,,,,,,,,,,,,,,,,,,,,,,,,,,,,,,,,,,,,,,,,,,,
"Belisle, Matt",279571,2018,38,33,34.1,162,15.4,6.8,0.28,0.478,0.399,0.356,8.1,2.4,41.9,23.8,53.8,48,20.3,26,5.7,R,573,46.1,90.3,2044,-7.1,-18.5,16.3,1.7,37,85.5,2092,3.4,-31.1,7.3,1.9,0.2,85.2,1364,-10.2,-28.7,13.4,,7.9,73.5,2501,12.9,-60,15.9,2,8.9,91.4,1997,-16.7,-28.2,17.3,1.5,,,,,,,,,,,,,,,,,,,,,,,,,,,,,,,,,,,,,,,,,,,,,,,,,
"Jepsen, Kevin",448178,2018,33,21,16.2,77,10.4,14.3,0.273,0.479,0.358,0.372,8.8,3.5,43.9,16.9,42.1,49.1,24.6,22.8,3.5,R,308,61.7,92,2420,-3.9,-13.1,20,1.4,,,,,,,,3.9,84.7,1912,-12.1,-25.2,17.9,1.7,34.4,81.4,2347,1.3,-47.3,6.1,1.1,,,,,,,,,,,,,,,,,,,,,,,,,,,,,,,,,,,,,,,,,,,,,,,,,,,,,,,,
"Jurado, Ariel",642558,2018,22,12,54.2,241,9.1,7.5,0.312,0.495,0.348,0.371,3.5,3.5,47.8,10.3,46.3,52.2,15.9,24.9,7,R,877,13.8,92.3,2034,-9.4,-17.6,17.8,1.1,9,84.8,2123,1.8,-35.4,4.7,1.4,11.5,84.3,1699,-14.7,-30.3,17.2,1.4,9.2,78.4,2274,6,-52.3,9.3,1.5,56.4,91.6,1702,-16,-24.6,18.2,1.1,,,,,,,,,,,,,,,,,,,,,,,,,,,,,,,,,,,,,,,,,,,,,,,,,
"Neverauskas, Dovydas",596720,2018,25,25,27,119,22.7,8.4,0.264,0.558,0.394,0.376,11.1,0,42,27.3,45.7,37,29.6,30.9,2.5,R,505,37.6,96.9,2225,-9.3,-11,20.4,1.4,,,,,,,,1.4,91.8,1854,-11.8,-20.1,17.2,1.4,27.5,84.4,2915,6.6,-47.4,11.1,1.4,10.3,96.3,2182,-13,-13.8,20.5,1.3,23.2,91.4,2358,0.9,-24.8,8.4,1.7,,,,,,,,,,,,,,,,,,,,,,,,,,,,,,,,,,,,,,,,,,
"Germán, Domingo",593334,2018,25,21,85.2,375,27.2,8.8,0.221,0.36,0.332,0.295,9.8,2.6,36.6,32.5,47.6,39.1,30.6,22.1,8.1,R,1466,29.9,94.5,2498,-9.6,-15.4,18.7,1.3,,,,,,,,16.3,87.4,2392,-17.7,-26.9,20.1,1.5,36.1,81.9,2507,2.7,-47.7,6.6,1.3,17.7,94.7,2481,-17.5,-23.2,19.4,1.5,,,,,,,,,,,,,,,,,,,,,,,,,,,,,,,,,,,,,,,,,,,,,,,,,
"Nicasio, Juan",504379,2018,31,46,42,183,29,2.7,0.231,0.377,0.349,0.275,7.3,0,35,23.5,51.6,36.6,27.6,28.5,7.3,R,765,58.6,93.9,2093,-9.3,-14.8,19.4,1.6,28.5,87.4,1990,1.3,-30.1,7.2,2,2.5,88,1951,-8.8,-20.4,18.2,1.7,,,,,,,,10.5,93.7,2062,-13.1,-17.2,19.7,1.4,,,,,,,,,,,,,,,,,,,,,,,,,,,,,,,,,,,,,,,,,,,,,,,,,
"Quintana, Jose",500779,2018,29,32,174.1,739,21.4,9.2,0.246,0.414,0.319,0.321,5.7,3.7,37.6,20.6,42.8,44.7,23.7,25.3,6.3,L,2892,49.7,91.5,2019,5.1,-16.5,16.7,1.1,,,,,,,,6.8,86.3,1275,10.2,-29.9,12.7,1.2,24.1,76.1,2175,-7.4,-58.2,12.6,1.1,18.6,91.5,1980,12.6,-19.2,18.2,1.1,,,,,,,,,,,,,,,,,,,,,,,,,,,,,0.8,76.3,2180,-13.8,-51.7,14.5,1.4,,,,,,,,,,,,,,
"Kintzler, Brandon",445213,2018,33,70,60.2,263,16.3,8.4,0.284,0.429,0.335,0.339,4.6,3.6,40.2,17,45.6,50.5,17,28.4,4.1,R,977,3.2,92.7,1976,-7.9,-17.7,16.3,1.2,8.4,86.8,2209,-0.5,-32.5,4.6,1.4,8.6,87.9,2211,-16.7,-25.8,19.5,1.1,,,,,,,,79.8,92.6,1980,-15.1,-21.9,18.2,1.1,,,,,,,,,,,,,,,,,,,,,,,,,,,,,,,,,,,,,,,,,,,,,,,,,
"Shields, James",448306,2018,36,34,204.2,871,17.7,9,0.262,0.465,0.326,0.35,6.8,2.5,35.6,24.3,45.4,36.8,27.8,26.5,8.9,R,3186,26.5,89.5,2271,-8,-20.4,15.6,1.4,,,,,,,,18.2,83.4,1665,-14.5,-32.4,16.1,1.2,19.7,78.2,2478,6.3,-49.5,8.2,1.6,11.5,89,2178,-13.9,-29.8,15,1.4,24,86.4,2342,4.5,-29.3,8.6,1.7,,,,,,,,,,,,,,,,,,,,,,,,,,,,,,,,,,,,,,,,,,
"Shaw, Bryan",543766,2018,30,61,54.2,257,21,10.9,0.277,0.452,0.382,0.352,4.6,2.3,39.7,26.6,47.1,49.4,20.1,25.9,4.6,R,1015,0.4,94.2,2257,-7.8,-25.9,9.6,1.4,14.8,83.3,2803,14.2,-45.9,15.1,1.4,0.1,83.5,1680,-9.1,-33.8,10.9,,0.4,78.5,2410,12.2,-53.8,15.4,1.5,,,,,,,,84.3,93.5,2442,4.8,-25.4,8.6,1.7,,,,,,,,,,,,,,,,,,,,,,,,,,,,,,,,,,,,,,,,,,
"McHugh, Collin",543521,2018,31,58,72.1,283,33.2,7.4,0.204,0.336,0.243,0.274,4.9,3.1,30.1,31.3,45.4,35,25.8,28.2,11,R,1204,48.1,92.1,2304,-8.8,-16.2,18.5,1,,,,,,,,0.6,87.5,1885,-12.3,-25.1,17.2,1.5,18.1,75.8,2799,13.1,-62.5,19,1.7,1.2,91.7,2328,-15.3,-18.3,21.3,1.4,8.1,87.7,2547,3.6,-30.2,7,1.4,,,,,,,,,,,,,,,23.9,79.6,2835,17.1,-47,17.6,1.4,,,,,,,,,,,,,,,,,,,,,
"Norris, Daniel",596057,2018,25,11,44.1,200,25.5,9.5,0.275,0.485,0.341,0.36,7,3.1,46.1,24.3,46.9,32.8,27.3,30.5,9.4,L,815,49.2,90.2,2389,4.4,-17.6,17.7,1.7,35.5,83.1,2504,-6.3,-43,7,1.7,6.5,84.5,1588,8.5,-35.7,10.3,1.7,5.9,76.1,2441,-7.3,-66.1,18.3,1.5,2.9,90.3,2379,10.5,-20.2,17.8,1.5,,,,,,,,,,,,,,,,,,,,,,,,,,,,,,,,,,,,,,,,,,,,,,,,,
"Harvey, Matt",518774,2018,29,32,155,663,19.8,5.6,0.249,0.434,0.334,0.319,6.1,2.5,40,20.5,49,45,24.3,22.1,8.6,R,2530,28.6,93.8,2163,-10.5,-16.4,18.7,1.7,24,88.5,2392,1.5,-29.2,6.8,1.7,11.5,87.1,1805,-14.5,-26.3,17.9,1.4,5.5,82.9,2530,1.5,-46.7,6.3,1.8,30.5,94.2,2151,-13.3,-18.9,18.3,1.4,,,,,,,,,,,,,,,,,,,,,,,,,,,,,,,,,,,,,,,,,,,,,,,,,
"Hill, Tim",657612,2018,28,70,45.2,198,21.2,7.1,0.225,0.324,0.303,0.279,2.9,2.9,29.4,19.2,48.9,63.6,12.1,21.4,2.9,L,768,32.3,91.5,2258,17.4,-30.2,17.7,1.3,23.2,80.4,2284,-1.9,-36.8,6.9,1.9,,,,,,,,,,,,,,,44.5,90.5,2092,13.8,-40.5,15.7,1.4,,,,,,,,,,,,,,,,,,,,,,,,,,,,,,,,,,,,,,,,,,,,,,,,,
"Weaver, Luke",596133,2018,24,30,136.1,609,19.9,8.9,0.259,0.427,0.34,0.331,7.2,3.2,35,22.2,46.6,43.9,21.6,26.9,7.7,R,2385,57.5,93.7,2324,-8.5,-15.6,18.3,1.4,,,,,,,,24.9,85.4,1700,-12.2,-29.7,15.1,1.4,12.7,80.8,2218,8.7,-47.7,10,1.8,0.1,92.1,1934,-14.7,-23.9,17.1,1.5,4.7,87,2286,2.9,-28.9,9.2,1.7,,,,,,,,,,,,,,,,,,,,,,,,,,,,,,,,,,,,,,,,,,
"McGee, Jake",459429,2018,31,61,51.1,227,20.7,7,0.268,0.451,0.373,0.335,6.8,0.6,39.5,22.4,49.4,42,25.9,25.3,6.8,L,858,86.4,93.7,2232,10,-16.8,18,1.8,13.6,79.4,2133,-3.2,-48.5,6.2,2.9,,,,,,,,,,,,,,,,,,,,,,,,,,,,,,,,,,,,,,,,,,,,,,,,,,,,,,,,,,,,,,,,,,,,,,
"Bailey, Homer",456701,2018,32,20,106.1,494,15.2,6.7,0.297,0.506,0.377,0.362,9.9,3.9,42.7,19.5,50.9,43.8,21.1,28.6,6.5,R,1788,40.4,93,2080,-8.2,-17.3,16.6,1.5,18.3,87.4,1887,1.9,-30,6.7,2.2,0.1,86.2,1290,-18.1,-30.9,19.4,1.5,10,79.3,1890,9.1,-52.3,12.7,1.8,14.9,93.1,1995,-13.9,-20,18.3,1.6,,,,,,,,16.3,85.8,1246,-10.6,-31.2,13.1,1.8,,,,,,,,,,,,,,,,,,,,,,,,,,,,,,,,,,,
"Santana, Edgar",650828,2018,26,69,66.1,270,20,4.1,0.256,0.419,0.282,0.309,8.9,2.5,38.1,26,48.9,47,20.3,24.3,8.4,R,929,13,94.8,2347,-10.7,-14.9,19.8,1.2,39,86.8,2324,-2.1,-36.3,3.7,1.4,3.6,88.5,1888,-10.9,-26.7,14.6,1.6,,,,,,,,44.5,94.6,2299,-15.7,-19.6,19.7,1,,,,,,,,,,,,,,,,,,,,,,,,,,,,,,,,,,,,,,,,,,,,,,,,,
"Santiago, Héctor",502327,2018,30,49,102,460,22.4,13,0.223,0.414,0.349,0.328,5.1,3.8,35.3,21,44.8,34.6,32.2,20.2,13,L,1959,65.1,90.8,2123,12.1,-19.1,19.4,1.7,3.7,83.5,2075,-4.5,-35.7,7.2,2.2,18.5,82.4,1952,15,-30.7,18.8,1.8,7.4,74.7,2077,-7.6,-57.2,10.1,2.3,3.4,89,2043,16.1,-26.3,18.7,2,,,,,,,,,,,,,,,,,,,,,,,,,,,,,,,,,,,,,,,,,,,1.9,77.5,1947,15.6,-40.4,17.3,1.6
"Smith, Will",519293,2018,28,54,53,210,33.8,7.1,0.168,0.269,0.228,0.219,3.2,0.8,31.5,31.9,49.8,41.1,21.8,25,12.1,L,809,46.1,92.6,2162,7.2,-15.6,18.4,1.2,37.6,81.1,2351,-9.7,-42,10.3,1.4,,,,,,,,15.2,77.3,2019,-9.4,-53.8,11.5,1.4,1.1,87.1,1913,13.3,-25.1,17.5,1.4,,,,,,,,,,,,,,,,,,,,,,,,,,,,,,,,,,,,,,,,,,,,,,,,,
"Shoemaker, Matt",533167,2018,31,7,31,130,25.4,7.7,0.28,0.477,0.304,0.355,7,2.3,48.8,28.6,46.9,44.2,20.9,30.2,4.7,R,499,12.4,91.3,2213,-8.2,-16.6,18.7,2,23.4,82.2,2094,1.1,-37.3,5.5,1.8,,,,,,,,1.6,78.1,2134,10.3,-47.9,10.5,1.9,34.7,91.2,2071,-15.6,-22.4,19.1,1.6,,,,,,,,27.9,85.1,1206,-11.2,-33.3,12.7,1.4,,,,,,,,,,,,,,,,,,,,,,,,,,,,,,,,,,,
"Heaney, Andrew",571760,2018,27,30,180,749,24,6,0.244,0.408,0.31,0.311,6,5,37.2,26.3,48.5,43.6,24.2,24.2,7.9,L,2754,,,,,,,,,,,,,,,16.6,83.3,1931,16.5,-33,18.3,1.5,25.2,78.6,2383,-5,-50,6.5,2,58.2,91.9,2467,14,-18.8,20.3,1.7,,,,,,,,,,,,,,,,,,,,,,,,,,,,,,,,,,,,,,,,,,,,,,,,,
"McCarthy, Brandon",435221,2018,34,15,78.2,339,19.2,6.2,0.267,0.456,0.36,0.333,4.7,2.4,36.8,16.7,48.3,49,21.7,24.9,4.3,R,1212,0.8,91.9,2146,-9.7,-21.3,15.2,1.4,7,85.4,2350,5.6,-40.2,6.3,1.7,,,,,,,,23.6,80.2,2620,12.1,-55.1,16.2,1.6,37,92.5,2115,-14.6,-23.8,17.2,1.6,31.5,91.4,2207,-1.9,-22.7,11.2,1.6,,,,,,,,,,,,,,,,,,,,,,,,,,,,,,,,,,,,,,,,,,
"Yacabonis, Jimmy",642231,2018,26,12,40,177,18.6,10.2,0.25,0.417,0.358,0.337,5,0,33.9,24.8,43.7,43,21.5,25.6,9.9,R,673,0.1,92.9,2315,-13.4,-12.2,24.5,,31.8,83.3,2546,9.9,-40.8,10.3,1.8,5.5,86.3,1648,-15.4,-32.2,16.7,1.5,,,,,,,,62.6,93.5,2223,-17.2,-24,19.2,1.2,,,,,,,,,,,,,,,,,,,,,,,,,,,,,,,,,,,,,,,,,,,,,,,,,
"Keller, Brad",641745,2018,22,41,140.1,583,16.5,8.6,0.247,0.356,0.29,0.301,2.3,2.8,31.6,21.2,45.9,55.6,15.9,23.4,5.1,R,2232,44.5,94.3,2297,-0.9,-17.4,13.8,1.4,26.2,85.6,2470,6.1,-42,7.2,1.6,4.2,88.5,1949,-11.2,-28.8,13.1,1.4,,,,,,,,25.1,93.1,2092,-11.6,-22.2,15.1,1.3,,,,,,,,,,,,,,,,,,,,,,,,,,,,,,,,,,,,,,,,,,,,,,,,,
"Moronta, Reyes",606625,2018,25,69,65,262,30.2,14.1,0.172,0.27,0.231,0.254,3.4,2.7,26,34.8,42.3,43.2,23.3,20.5,13,R,1098,50.7,96.8,2473,-3.4,-13.4,16.3,1.2,48.9,82.4,2548,12.6,-40.2,12.9,2.1,0.2,87.1,2170,-10.4,-24.1,16.1,1.5,,,,,,,,0.2,96.3,2309,-14.5,-18.7,18,1.5,,,,,,,,,,,,,,,,,,,,,,,,,,,,,,,,,,,,,,,,,,,,,,,,,
"Rodriguez, Eduardo",593958,2018,25,27,129.2,553,26.4,8.1,0.228,0.385,0.298,0.299,5.6,2.5,33,26.2,47.5,39.1,27.7,26.5,6.7,L,2313,39.4,93.3,2195,10.1,-17.8,17.6,1.4,7.2,83.6,2204,-2.6,-35.6,6,1.7,21.3,87.4,2074,18.1,-31.3,19,1.7,,,,,,,,12.6,93.2,2199,15.6,-21.7,18.9,1.3,19.5,88.6,2249,-0.3,-26.9,9,1.6,,,,,,,,,,,,,,,,,,,,,,,,,,,,,,,,,,,,,,,,,,
"Price, David",456034,2018,32,30,176,722,24.5,6.9,0.24,0.409,0.3,0.313,6.4,3.9,35.7,22.8,47.5,41,25.2,24.5,9.3,L,2714,13.3,92.7,2241,9.2,-17.9,17.3,1.3,,,,,,,,22.2,85.3,1719,15.9,-32.3,17.2,1.6,2.9,79.1,2207,-7.2,-47.1,8.3,1.5,33.4,92.7,2172,15.9,-21.3,19.6,1.3,28.2,88.6,2159,0,-26.3,9.4,1.5,,,,,,,,,,,,,,,,,,,,,,,,,,,,,,,,,,,,,,,,,,
"Strahm, Matt",621381,2018,26,41,61.1,245,28.2,8.6,0.204,0.371,0.25,0.286,3.9,2.6,29.6,27.7,48.2,36.8,25,25.7,12.5,L,998,58,93.4,2399,13.1,-17.8,19.4,1.4,,,,,,,,14.3,86,2154,17.7,-33.6,18.3,1.8,12.3,78,2790,-14,-52.9,15.5,1.7,,,,,,,,15.3,87.1,2605,-6,-33.4,7.8,1.9,,,,,,,,,,,,,,,,,,,,,,,,,,,,,,,,,,,,,,,,,,
"Wilson, Justin",458677,2018,30,71,54.2,236,29.2,14,0.228,0.358,0.304,0.31,6,0,32.8,26.5,50.6,37.3,25.4,28.4,9,L,1033,75.3,94.7,2360,4.2,-12.3,19.6,1,9.7,83.6,2460,-6.2,-42.5,7.2,2.2,,,,,,,,,,,,,,,,,,,,,,15,91.1,2437,-4.1,-22.8,12.1,1.4,,,,,,,,,,,,,,,,,,,,,,,,,,,,,,,,,,,,,,,,,,
"Stephens, Jackson",623451,2018,24,29,38.1,183,18,8.2,0.291,0.464,0.377,0.356,6.8,7.6,29.5,24.5,48.7,40.9,18.9,34.1,6.1,R,674,43.2,94.1,2148,-5.4,-18.1,14.6,1.2,15.1,87.4,2427,4.5,-32.5,7.1,2.4,3.1,87.6,1796,-16.1,-31.3,17.2,1.4,15.3,75.9,3146,17,-64.6,22.1,1.4,23.3,93.9,2031,-15.1,-23.6,17.3,1.4,,,,,,,,,,,,,,,,,,,,,,,,,,,,,,,,,,,,,,,,,,,,,,,,,
"Brach, Brad",542960,2018,32,69,62.2,289,20.8,9.7,0.25,0.364,0.328,0.304,5,0.5,29,28.9,48,47.5,21,26,5.5,R,1159,52.4,94,2245,-7.2,-16.7,17,1.3,17.7,84.6,2525,7.5,-40.1,7.8,1.5,24.2,85.9,1958,-13.8,-38.1,14,1.3,,,,,,,,5.7,92.4,2145,-13.7,-25.3,16,1.3,,,,,,,,,,,,,,,,,,,,,,,,,,,,,,,,,,,,,,,,,,,,,,,,,
"Verlander, Justin",434378,2018,35,34,214,833,34.8,4.4,0.184,0.309,0.259,0.237,6.6,3.2,32.7,31.6,51.2,30.7,31.7,24.3,13.3,R,3420,61.2,95,2618,-11,-11,23.1,1.4,22.3,86.5,2684,3.6,-34.6,5.4,1.8,1.5,87.4,1899,-17,-27.7,19.3,1.3,14.5,79.6,2894,9.3,-58.7,16.4,1.6,,,,,,,,0.6,91.5,2558,-2.6,-20.2,13.5,1.4,,,,,,,,,,,,,,,,,,,,,,,,,,,,,,,,,,,,,,,,,,
"Stewart, Brock",592779,2018,26,9,17.2,90,15.6,10,0.316,0.517,0.379,0.386,7.8,6.3,35,23.3,48.5,46.9,25,20.3,7.8,R,320,10.3,90.9,2321,-10.5,-17.7,18.9,1.2,12.2,82.3,2178,4.7,-39.4,6.1,1.7,25.9,81.3,1666,-13.7,-32.9,16.4,1.2,,,,,,,,51.6,91,2340,-13.4,-19.9,18.9,1.1,,,,,,,,,,,,,,,,,,,,,,,,,,,,,,,,,,,,,,,,,,,,,,,,,
"Peña, Félix",570240,2018,28,19,92.2,389,21.9,7.2,0.242,0.375,0.304,0.299,7.4,3.3,39.3,25.8,45.4,43.8,21.3,26.5,8.5,R,1409,8,92.7,2220,-8.8,-15.3,19.2,1.6,34.8,81.9,2628,6.5,-42.9,7.2,1.7,6.8,85.2,1747,-10.5,-27.5,15.5,1.4,,,,,,,,50.3,92.3,2206,-15.3,-19.6,20.3,1.3,,,,,,,,,,,,,,,,,,,,,,,,,,,,,,,,,,,,,,,,,,,,,,,,,
"Ramírez, Yefry",606162,2018,24,17,65.1,294,21.1,12.2,0.231,0.387,0.347,0.32,4.2,1,34.4,25.6,46.2,36.5,26.6,24.5,12.5,R,1223,46.1,92.6,2417,-9.2,-15.4,19.2,1.5,21.5,87.4,2440,1.7,-28.8,8.2,1.5,25.8,86,2000,-14.9,-30,16.6,1.7,1.2,83.8,2398,4.5,-34.1,7.1,1.3,5.3,92,2337,-13.9,-19.8,19,1.4,,,,,,,,,,,,,,,,,,,,,,,,,,,,,,,,,,,,,,,,,,,,,,,,,
"Kelly, Joe",523260,2018,30,73,65.2,285,23.9,11.2,0.236,0.348,0.297,0.31,6.1,2.2,37.8,25.6,44.5,48.9,18.3,26.1,6.7,R,1175,49.9,98.1,2251,-9.2,-13.7,18.1,1.5,15,88,2565,5.7,-38.9,6.8,1.5,11,87.7,1934,-16.5,-29,18.2,1.6,18.6,84.3,3103,9.6,-56.4,18.7,1.9,5.5,97.6,2097,-14.8,-16.6,19.7,1.3,,,,,,,,,,,,,,,,,,,,,,,,,,,,,,,,,,,,,,,,,,,,,,,,,
"Johnson, Pierce",572955,2018,27,37,43.2,186,19.4,11.8,0.225,0.387,0.319,0.313,10.9,2.3,37,24.3,45.8,39.8,29.7,23.4,7,R,815,49.9,93.6,2300,-10.9,-15.7,20,1.3,,,,,,,,,,,,,,,28.3,81.3,2971,13.6,-52.4,16.5,1.3,,,,,,,,21.7,89.5,2599,0.6,-27.1,8.4,1.6,,,,,,,,,,,,,,,,,,,,,,,,,,,,,,,,,,,,,,,,,,
"Davis, Wade",451584,2018,32,69,65.1,261,29.9,10,0.176,0.274,0.272,0.247,6.5,1.9,32.3,29.6,42.9,41.9,25.2,24.5,8.4,R,1106,47.2,93.8,2419,-1.7,-15.7,15.7,1.5,,,,,,,,0.1,87.2,1792,-9,-30.6,10.1,,21.6,83.3,2549,6.8,-50.8,12.6,1.9,2.2,92.2,2388,-11.6,-23.2,14.9,1.5,28.9,89.7,2696,5.4,-28.6,8.1,1.5,,,,,,,,,,,,,,,,,,,,,,,,,,,,,,,,,,,,,,,,,,
"Straily, Dan",573185,2018,29,23,122.1,518,19.1,10,0.266,0.475,0.324,0.354,10,3.3,41.4,23.7,46.8,34.4,26.9,27.8,10.8,R,2134,43.4,90.4,2326,-8.3,-15.9,19.9,1.1,32.9,83.7,2570,5.4,-37.3,6.4,1.5,17,83.5,1493,-12.3,-36.7,13.1,1.2,0.7,75,2694,7.9,-57.5,11.1,1.5,5.9,90.3,2247,-14,-19.7,20.1,1.2,,,,,,,,,,,,,,,,,,,,,,,,,,,,,,,,,,,,,,,,,,,,,,,,,
"Toussaint, Touki",657053,2018,22,7,29,123,26,17.1,0.216,0.328,0.288,0.319,4.4,8.8,31.3,27.3,36.1,47.1,14.7,32.4,5.9,R,474,23,93.3,2171,-9.7,-19.9,14.8,1.7,,,,,,,,,,,,,,,26.2,75.6,2443,12.8,-60.8,18.2,1.6,30.4,93,2118,-15.8,-26.1,16.7,1.4,,,,,,,,20.5,84.5,1370,-7.8,-36.8,8.2,1.9,,,,,,,,,,,,,,,,,,,,,,,,,,,,,,,,,,,
"May, Trevor",543507,2018,28,24,25.1,103,35,4.9,0.201,0.366,0.281,0.268,6.6,4.9,29.5,32.6,48,41,16.4,29.5,13.1,R,448,58.5,94,2303,-5.4,-14.8,16.4,1,10.7,87.2,2348,5.1,-33.8,5.8,1.5,10.7,85.7,1956,-11.2,-22.2,18.2,1.2,19.4,78.1,2470,10.9,-56.9,16.3,1.3,0.7,93.6,2334,-10.6,-16.6,17.5,1.5,,,,,,,,,,,,,,,,,,,,,,,,,,,,,,,,,,,,,,,,,,,,,,,,,
"Martinez, Carlos",593372,2018,26,33,118.2,521,22.5,11.5,0.217,0.329,0.291,0.297,8.1,6,31.5,24.7,47.5,51.1,18.6,22.2,8.1,R,1973,18.6,95.1,2206,-6.2,-17.8,14.8,2,22.4,83.5,2156,12.4,-39,13,1.7,13.9,86.8,1899,-14.8,-38.8,15.2,1.8,2.7,78.7,2037,11.3,-45.3,12.3,1.7,26.3,92.6,2041,-15.7,-27.9,16.9,1.8,16.1,90.6,2311,0.8,-27.2,8,2.2,,,,,,,,,,,,,,,,,,,,,,,,,,,,,,,,,,,,,,,,,,
"Goeddel, Erik",592340,2018,29,31,36.2,155,28.4,12.9,0.167,0.274,0.267,0.253,6.7,2.2,23.3,33.9,49.2,46.7,21.1,21.1,11.1,R,642,49.8,92.1,2269,-5.2,-15.9,17.4,1,,,,,,,,32.7,85.1,1148,-8.9,-33.5,10.6,1.1,16.8,76.9,2265,7.5,-59.8,14.8,1.2,0.6,93.5,2243,-10.3,-15.8,18.6,1.4,,,,,,,,,,,,,,,,,,,,,,,,,,,,,,,,,,,,,,,,,,,,,,,,,
"Severino, Luis",622663,2018,24,32,191.1,780,28.2,5.9,0.239,0.393,0.29,0.298,5.1,2.9,34.7,26.8,49.7,42,19.6,30.3,8.1,R,3148,50.5,97.6,2365,-6.4,-12.6,17.7,1.3,36,88.1,2872,10.1,-38.3,10.6,1.7,13.6,88.1,1648,-11.8,-24.6,16.1,2.6,,,,,,,,,,,,,,,,,,,,,,,,,,,,,,,,,,,,,,,,,,,,,,,,,,,,,,,,,,,,,,,
"Steckenrider, Drew",608716,2018,27,71,64.2,272,27.2,9.9,0.217,0.359,0.287,0.285,4.7,3,33.7,25,48.5,33.7,26.6,26.6,13,R,1147,76.4,94.6,2355,-9.3,-12.1,21.2,1.3,16,87.9,2073,2.5,-30.3,6.4,1.4,3.8,88.9,1661,-12.2,-25,16,1.5,3.7,82.5,1888,-0.4,-45,4.9,1.5,,,,,,,,,,,,,,,,,,,,,,,,,,,,,,,,,,,,,,,,,,,,,,,,,,,,,,,,
"Pivetta, Nick",601713,2018,25,33,164,694,27.1,7.3,0.222,0.375,0.322,0.292,4.5,4.9,34.9,27.2,48.1,49.7,20.3,22.9,7.1,R,2815,50.1,94.8,2267,-8.9,-13,19.5,1.3,16.9,84.9,2475,7.8,-38.2,8.9,2.9,2.2,87.1,1863,-14.6,-27,17.3,1.4,21.9,80,2837,12.9,-57.2,19.1,1.8,8.8,94.7,2192,-13.8,-16.6,19.5,1.2,,,,,,,,,,,,,,,,,,,,,,,,,,,,,,,,,,,,,,,,,,,,,,,,,
"López, Jorge",605347,2018,25,17,53.2,234,16.2,9.4,0.268,0.43,0.33,0.342,8.1,3.5,37.6,20.2,44.2,45.1,22,28.3,4.6,R,884,20.8,93.9,1992,-8.7,-17,16.6,1.3,10.5,87.3,2227,2.7,-31.5,6,1.8,11.1,87.7,1612,-15,-30.3,16.2,1.4,26.8,81.1,2374,6.4,-53.8,13.3,1.4,30.8,93.5,1998,-16.2,-22.3,18.6,1.2,,,,,,,,,,,,,,,,,,,,,,,,,,,,,,,,,,,,,,,,,,,,,,,,,
"Matz, Steven",571927,2018,27,30,154,654,23.2,8.9,0.227,0.375,0.317,0.302,5.8,2.1,36.6,23,43.5,50.5,23.5,21.2,4.8,L,2692,0.6,93.6,2132,10.6,-14.6,19.7,1.4,8.5,88.2,2081,0.8,-30.3,5.7,1.4,15.8,84.1,2224,16.9,-33.2,17.8,1.6,15.7,78.5,2396,-10,-54.9,14.5,1.3,59.4,93.4,2069,15.2,-20.5,18.7,1.1,,,,,,,,,,,,,,,,,,,,,,,,,,,,,,,,,,,,,,,,,,,,,,,,,
"Kela, Keone",605309,2018,25,54,52,212,31.1,9,0.208,0.349,0.263,0.274,7.9,3.9,33.1,31.1,44.2,37,22.8,28.3,11.8,R,859,62.6,96.8,2268,-1.9,-11.1,18.1,1.3,,,,,,,,1.5,91,1610,-9.2,-19.6,16,1.5,35.7,83.1,2364,2.2,-46.2,7.3,1.6,0.1,95.5,2130,-12.7,-16.8,17.9,,,,,,,,,,,,,,,,,,,,,,,,,,,,,,,,,,,,,,,,,,,,,,,,,,
"Fulmer, Carson",608334,2018,24,9,32.1,164,17.7,14.6,0.296,0.595,0.4,0.429,5.7,2.8,45.3,18.3,40,34,34,25.5,6.6,R,657,54.9,92.8,2335,-9.1,-15.7,19,1.1,,,,,,,,15.1,86,1513,-15.7,-31.7,17,1.2,7.6,81.1,2543,8.7,-45.4,10,1.2,0.3,93.6,2418,-14.8,-18.5,19.9,1.5,22.1,88.3,2477,3.5,-27.7,8.9,1.2,,,,,,,,,,,,,,,,,,,,,,,,,,,,,,,,,,,,,,,,,,
"Williams, Taylor",592865,2018,26,56,53,236,24.2,10.6,0.247,0.367,0.32,0.304,4.6,5.9,35.3,32,46.2,39.2,18.3,33.3,9.2,R,940,64.6,95.6,2329,-5.9,-18.3,13.6,1.2,34.3,85.6,2565,2.9,-38.6,3.7,1.3,0.9,89.2,1832,-13.1,-25.6,16.3,1.4,,,,,,,,0.3,93.9,2298,-11.1,-24.7,13.3,1.4,,,,,,,,,,,,,,,,,,,,,,,,,,,,,,,,,,,,,,,,,,,,,,,,,
"McCarthy, Kevin",641838,2018,26,65,72,293,15.7,6.8,0.255,0.404,0.304,0.314,2.2,3.1,35.1,20.2,50.2,65.3,12.9,20,1.8,R,1008,2.5,91.6,2025,-7.5,-21.7,13.2,1.5,5.2,87.3,2191,0.2,-30.3,5.7,1.7,22.1,84.4,1781,-15,-33.8,15.9,1.2,5.8,82.5,2029,5.1,-40.1,6.1,1.5,64.5,91.7,2055,-13.7,-27.2,14.8,1.3,,,,,,,,,,,,,,,,,,,,,,,,,,,,,,,,,,,,,,,,,,,,,,,,,
"Duensing, Brian",488846,2018,35,48,37.2,181,13.3,16,0.264,0.38,0.372,0.348,6.3,2.4,33.3,21.1,45.4,43.3,20.5,30.7,5.5,L,718,32.3,91.3,2062,4.5,-19,15,1.3,18.2,80.8,2511,-9.9,-41.3,10.4,1.5,14.9,85.1,1860,14.8,-29.7,17.2,1.4,12.5,71.7,2514,-10.6,-68.9,17.4,1.2,22,90.5,1977,14.3,-24.3,17.3,1.3,,,,,,,,,,,,,,,,,,,,,,,,,,,,,,,,,,,,,,,,,,,,,,,,,
"Tepera, Ryan",572193,2018,30,68,64.2,263,25.9,9.1,0.22,0.38,0.318,0.3,6,4.8,40.7,30.4,48.7,44.3,27.5,20.4,7.8,R,1038,30.8,94.8,2284,-7.9,-14,18.6,1.2,2.5,81.1,2442,10.3,-45.6,10.9,1.8,1.8,89.2,1737,-14.6,-26.3,17,1.5,,,,,,,,30.4,95,2269,-15.4,-18.2,20,1.2,34.4,89,2491,4.5,-30.3,7.1,1.6,,,,,,,,,,,,,,,,,,,,,,,,,,,,,,,,,,,,,,,,,,
"Senzatela, Antonio",622608,2018,23,23,90.1,391,17.6,7.9,0.255,0.406,0.329,0.318,7.3,3.8,38.9,20.6,43.1,47.2,22.2,22.9,7.6,R,1523,64.1,93.6,2087,-4.4,-19.2,12.8,1.6,18.1,83,2137,6.5,-41.9,7,1.7,8.7,86.6,2122,-9.2,-27.2,13.2,1.5,9.1,78.2,2263,9.1,-50.4,10.7,1.6,,,,,,,,,,,,,,,,,,,,,,,,,,,,,,,,,,,,,,,,,,,,,,,,,,,,,,,,
"Stanek, Ryne",592773,2018,26,59,66.1,263,30.8,10.3,0.186,0.354,0.273,0.276,8.4,1.3,38.3,34.2,49.8,32.5,34.4,20.1,13,R,1080,60.1,97.9,2371,-7.8,-11.2,19.8,1,26.9,89,2306,1.7,-32.6,4.1,1.4,,,,,,,,,,,,,,,,,,,,,,,,,,,,,13,88.2,1045,-10,-32.5,11.3,1.3,,,,,,,,,,,,,,,,,,,,,,,,,,,,,,,,,,,
"Glasnow, Tyler",607192,2018,24,45,111.2,468,29.1,11.3,0.215,0.385,0.302,0.308,5.1,1.1,38.5,28.9,44.3,50.5,21.1,24,4.4,R,1855,70.5,96.5,2365,0.8,-14,14.2,1.5,10.2,85.2,2917,2.4,-51.5,14.7,1.2,1.8,91.7,1768,-10.1,-23.3,13.3,1.5,17.5,82.1,2802,7.2,-54.3,16,1.4,,,,,,,,,,,,,,,,,,,,,,,,,,,,,,,,,,,,,,,,,,,,,,,,,,,,,,,,
"Loáisiga, Jonathan",642528,2018,23,9,24.2,108,30.6,11.1,0.258,0.398,0.344,0.329,3.2,1.6,34.9,30.3,48.9,52.4,15.9,25.4,6.3,R,498,55.8,95.9,2341,-5.4,-13.6,17.3,1.1,,,,,,,,13.1,88.2,1723,-12.8,-26,15.9,1.3,31.1,84.6,2648,5.3,-41.5,6.5,1.6,,,,,,,,,,,,,,,,,,,,,,,,,,,,,,,,,,,,,,,,,,,,,,,,,,,,,,,,
"Brault, Steven",643230,2018,26,45,91.2,414,19.8,14,0.247,0.41,0.332,0.345,6.8,3,34.6,24.1,44.8,49.6,21.4,22.9,6,L,1649,45.4,92.7,2130,10.1,-18.1,16.9,1.5,4.1,81.8,2257,-7.6,-42.7,8.4,1.4,12.9,85.2,1769,12.8,-33.2,13.5,1.4,1.9,77.5,2294,-12.2,-49,12.9,1.5,19.8,92,1940,15.3,-25.6,16.6,1.5,16,87,2246,-3.8,-31.2,6.2,1.5,,,,,,,,,,,,,,,,,,,,,,,,,,,,,,,,,,,,,,,,,,
"Green, Chad",643338,2018,27,63,75.2,298,31.5,5,0.235,0.418,0.274,0.298,3.7,1.1,42.6,28.5,52.1,32.4,31.4,28.2,8,R,1251,86.6,96.1,2444,-4.6,-11.9,18.7,0.9,10.2,87.1,2269,4,-36.3,4.7,1.3,,,,,,,,,,,,,,,,,,,,,,,,,,,,,3.2,88.1,1666,-8.3,-26,13,1.2,,,,,,,,,,,,,,,,,,,,,,,,,,,,,,,,,,,
"Manaea, Sean",640455,2018,26,27,160.2,654,16.5,4.9,0.262,0.452,0.287,0.329,6.3,3.4,39.7,20,51.2,46,23.9,21.9,8.1,L,2346,,,,,,,,12.4,78.1,1889,-1.8,-45.4,3.1,2.1,31.2,82.4,1179,9.3,-40.2,9.7,1.4,0.2,75.9,2052,-8.6,-56.6,12.1,1.4,56.2,90.4,1983,14.3,-23.2,17.6,1.4,,,,,,,,,,,,,,,,,,,,,,,,,,,,,,,,,,,,,,,,,,,,,,,,,
"Neris, Héctor",593576,2018,29,53,47.2,203,37.4,7.9,0.213,0.418,0.341,0.301,6.4,2.7,39.1,41.5,49.4,32.7,24.5,32.7,10,R,796,42.6,94.6,2463,-8.8,-14.6,18.8,1.3,3.6,87.7,1952,2,-29.2,7.7,1.5,,,,,,,,,,,,,,,4.6,94.3,2328,-17,-21.9,19.5,1.3,,,,,,,,49.1,86,1342,-11.6,-38.3,12.4,1.1,,,,,,,,,,,,,,,,,,,,,,,,,,,,,,,,,,,
"Pressly, Ryan",519151,2018,29,77,71,292,34.6,7.5,0.178,0.285,0.267,0.244,7.2,4.8,38.4,36.9,49.6,53,23.5,20.5,3,R,1089,41.2,95.9,2568,-1.8,-13.4,16.9,1.3,27.3,89.8,2734,5.7,-34.4,6.5,1.5,,,,,,,,28.1,83,3225,17,-53.7,20.9,1.6,3.4,94.4,2415,-12.6,-21.1,16.5,1.4,,,,,,,,,,,,,,,,,,,,,,,,,,,,,,,,,,,,,,,,,,,,,,,,,
"Pérez, Martín",527048,2018,27,22,85.1,397,13.1,9.1,0.288,0.468,0.39,0.361,4.6,3.3,39.1,17.9,45.9,52.1,17.9,24.4,5.5,L,1403,16.4,92.8,2112,9.2,-16.6,18.5,1.7,6.4,83.7,2290,-4,-37.5,5.4,2,17.5,84.1,1761,14.7,-28.9,18.2,1.7,9.1,78,2632,-7.7,-53.7,10.7,1.9,50.6,92.6,2012,16.6,-22.6,19.5,1.7,,,,,,,,,,,,,,,,,,,,,,,,,,,,,,,,,,,,,,,,,,,,,,,,,
"Ohtani, Shohei",660271,2018,23,10,51.2,211,29.9,10.4,0.207,0.338,0.277,0.284,8,6.4,31.2,34.7,44.5,40,24,25.6,10.4,R,852,46.4,96.7,2164,-6.3,-13.1,17.3,2.2,,,,,,,,,,,,,,,6.6,73.9,2360,11.1,-66.7,19,2.3,,,,,,,,,,,,,,,22.4,87.3,1308,-5.6,-33.6,6.6,2.2,,,,,,,,24.6,81.5,2319,15.1,-39.6,15.5,2.3,,,,,,,,,,,,,,,,,,,,,
"Holland, Greg",518813,2018,32,56,46.1,212,22.2,15.1,0.224,0.33,0.313,0.306,3.8,3,31.1,30.7,45.4,42.4,21.2,26.5,9.8,R,813,43.5,92.9,2260,-0.8,-15.4,16.8,1.2,45.5,86.2,2099,4.9,-35.5,5.8,1.5,0.1,86.6,1590,-10.9,-30.4,13,,10.8,78.3,2376,5.2,-56.1,11.5,1.5,,,,,,,,,,,,,,,,,,,,,,,,,,,,,,,,,,,,,,,,,,,,,,,,,,,,,,,,
"Hader, Josh",623352,2018,24,55,81.1,306,46.7,9.8,0.149,0.271,0.219,0.231,3.8,6.8,32.6,39.2,52.1,31.1,28,28,12.9,L,1312,,,,,,,,20.5,81.9,2498,-5.8,-36.9,7.9,1.7,0.4,85.2,1402,9,-31.3,13.4,1.6,,,,,,,,79.1,94.5,2036,9.4,-13.5,19.3,1.7,,,,,,,,,,,,,,,,,,,,,,,,,,,,,,,,,,,,,,,,,,,,,,,,,
"Liriano, Francisco",434538,2018,34,27,133.2,586,18.8,12.5,0.263,0.442,0.337,0.355,5.3,3.3,32.2,25.2,42.1,49.2,22.6,24.4,3.8,L,2260,3.4,91.9,2026,8.7,-18.2,16.9,1.4,33,84.5,2245,-2.9,-34.6,6.3,2.6,20.1,85.4,1717,15.1,-31.8,16.3,1.4,0.2,77,2308,-8.4,-51.1,10.1,1.6,43.3,92,2024,13.7,-21.7,17.7,1.4,,,,,,,,,,,,,,,,,,,,,,,,,,,,,,,,,,,,,,,,,,,,,,,,,
"Melancon, Mark",453343,2018,33,41,39,174,17.8,8,0.3,0.459,0.334,0.356,2.3,0.8,36.7,23.3,45.9,51.6,13.3,31.3,3.9,R,652,14.4,91.5,2429,-5.8,-21.7,12.6,1.2,,,,,,,,,,,,,,,28.4,82.7,2739,4,-54.5,14.3,1.3,,,,,,,,53.8,91.2,2439,1.9,-24.2,9.4,1.1,3.4,82.3,1800,-11.5,-30.9,15.3,1.4,,,,,,,,,,,,,,,,,,,,,,,,,,,,,,,,,,,
"Jiménez, Joe",641729,2018,23,68,62.2,266,29.3,8.3,0.205,0.357,0.279,0.278,9.2,3.7,38.7,30.5,48.3,36.2,27.6,25.8,10.4,R,1147,67.2,95.5,2552,-10.6,-12.9,20.2,1.5,22.1,85.4,2415,6.4,-34.8,7.7,1.9,10.6,89.1,1832,-14,-29.8,14.8,1.6,,,,,,,,,,,,,,,,,,,,,,,,,,,,,,,,,,,,,,,,,,,,,,,,,,,,,,,,,,,,,,,
"Suárez, Andrew",605498,2018,25,29,160.1,665,19.5,6.8,0.263,0.449,0.328,0.334,5.7,2.3,38.1,18,46,52.4,20.1,23.2,4.3,L,2482,38.7,92.2,2023,9.5,-17.8,18.7,1.1,23.9,88.5,2164,-4.2,-31.1,7.4,1.5,11.6,85.9,1711,14.1,-28.4,17.5,1,13.3,76.8,2433,-8.7,-58,12.5,1.7,12.4,92,1986,13.8,-21.6,18.6,1,,,,,,,,,,,,,,,,,,,,,,,,,,,,,,,,,,,,,,,,,,,,,,,,,
"Peterson, Tim",623402,2018,27,22,27.2,118,21.2,4.2,0.244,0.45,0.333,0.309,4.6,1.1,39.1,22.9,52.8,34.5,39.1,19.5,6.9,R,404,59.2,90.4,2240,-1.7,-15.5,18.2,1.1,14.1,81,2254,10,-44.2,10.6,1.5,26.7,81.8,1312,-7.4,-33.8,11.1,1.2,,,,,,,,,,,,,,,,,,,,,,,,,,,,,,,,,,,,,,,,,,,,,,,,,,,,,,,,,,,,,,,
"Pannone, Thomas",623381,2018,24,12,43,181,16,8.3,0.222,0.407,0.309,0.304,5.2,4.4,34.8,23.1,44.9,35.6,25.2,23.7,15.6,L,695,64.2,88,2142,9.8,-18.4,19.9,1.4,,,,,,,,17.6,81.9,1821,15.6,-33.3,17.6,1.4,18.3,70.3,2292,-14.6,-65.7,17.3,1.6,,,,,,,,,,,,,,,,,,,,,,,,,,,,,,,,,,,,,,,,,,,,,,,,,,,,,,,,
"Kershaw, Clayton",477132,2018,30,26,161.1,649,23.9,4.5,0.237,0.368,0.272,0.282,4.3,3,35.4,22.7,51.6,49.6,18.6,23.6,8.2,L,2360,40.7,90.8,2382,-0.7,-13.8,19.4,1.2,42.1,88.1,2532,-4.2,-23.9,12.7,1.5,0.5,84.8,2181,9.5,-20.6,20.3,1.7,16.4,72.9,2450,-2.8,-69.4,17.2,1.2,0.3,91.1,2472,7.5,-16.2,18.6,1.5,,,,,,,,,,,,,,,,,,,,,,,,,,,,,,,,,,,,,,,,,,,,,,,,,
"Bundy, Dylan",605164,2018,25,31,171.2,750,24.5,7.2,0.244,0.44,0.363,0.323,8.7,3.6,37.4,26.8,50.3,34.8,28.9,27.3,9.1,R,2836,47.8,91.6,2417,-6.9,-14.1,20.7,1.3,25.4,81.4,2482,4.2,-43.8,5.1,1.3,10.2,83.7,1740,-12.4,-28.2,17.5,1.6,8.6,74.5,2220,8.8,-64.1,15.8,1.5,8,91.5,2273,-13,-17.7,20.5,1.3,,,,,,,,,,,,,,,,,,,,,,,,,,,,,,,,,,,,,,,,,,,,,,,,,
"Ray, Robbie",592662,2018,26,24,123.2,526,31.4,13.3,0.217,0.362,0.312,0.309,5.6,2.1,41.6,32,43,40.9,27.3,24.8,7,L,2282,53.9,93.6,2272,9,-14.3,19.5,1.7,25.5,84.5,2084,-0.9,-34.2,4.9,1.6,,,,,,,,20.5,82.6,2025,-1.5,-45.9,5.4,2.3,0,93.8,2241,16,-18.9,20.4,,,,,,,,,,,,,,,,,,,,,,,,,,,,,,,,,,,,,,,,,,,,,,,,,,
"Blach, Ty",621389,2018,27,47,118.2,512,14.6,8,0.28,0.413,0.325,0.331,5.1,3,35.7,18,43.9,54.9,15.4,26.1,3.5,L,1878,,,,,,,,5.1,78.8,2388,-6.5,-49.1,7.4,1.4,26.1,79.8,1988,17.9,-39,19.4,1.1,11.2,75.7,2456,-9.2,-65,16.6,1.6,57.6,90,2124,15,-24.4,19,1.2,,,,,,,,,,,,,,,,,,,,,,,,,,,,,,,,,,,,,,,,,,,,,,,,,
"Gott, Trevor",641627,2018,25,20,19,84,17.9,11.9,0.278,0.483,0.367,0.381,7,1.8,49.1,16.7,39.9,57.9,24.6,15.8,1.8,R,301,20.6,94.4,2208,-8.1,-16.4,17.1,1.4,,,,,,,,1,88.1,1216,-13.2,-34.8,13.3,1.5,24.3,80.7,2103,12,-54.1,15.9,1.5,54.2,95,2091,-17.4,-23.6,19.1,1,,,,,,,,,,,,,,,,,,,,,,,,,,,,,,,,,,,,,,,,,,,,,,,,,
"Smith, Drew",622098,2018,24,27,28,120,15,5,0.276,0.417,0.342,0.323,5.3,2.1,42.6,19,51.8,39.4,25.5,24.5,10.6,R,435,58.9,96.3,2336,-6.4,-13.4,18.1,1.1,,,,,,,,5.1,87,1797,-11.1,-23.8,17,1.5,25.7,80.5,2713,12,-53.5,15.6,1.5,10.3,96.2,2334,-10.6,-14.3,19.3,1.3,,,,,,,,,,,,,,,,,,,,,,,,,,,,,,,,,,,,,,,,,,,,,,,,,
"Díaz, Edwin",621242,2018,24,73,73.1,280,44.3,6.1,0.158,0.239,0.214,0.214,6,0.8,35.3,39.7,52,46.6,23.3,21.1,9,R,1169,62.2,97.3,2341,-10.7,-13.2,19,1.3,37.3,89.1,2377,1.5,-29.6,5.4,1.3,0.2,92.7,2094,-14,-28.7,14.2,1.5,,,,,,,,0.3,96.9,2252,-17.8,-18.8,20.4,1.5,,,,,,,,,,,,,,,,,,,,,,,,,,,,,,,,,,,,,,,,,,,,,,,,,
"Ross, Tyson",475115,2018,31,31,149.2,634,19.2,9.8,0.251,0.401,0.309,0.324,7.9,3.8,35.2,21.3,42.9,47.6,20.5,28,3.8,R,2497,43.4,90.8,2513,-1.8,-22,12.3,1.7,41.4,84.6,2663,5.1,-40,5.7,1.8,1.3,86.6,2148,-8.1,-30.5,11.2,1.3,,,,,,,,6.8,91,2490,-9.2,-26.5,12.2,1.4,7,89.4,2549,2.9,-26.8,9.1,1.6,,,,,,,,,,,,,,,,,,,,,,,,,,,,,,,,,,,,,,,,,,
"Richard, Clayton",453385,2018,34,27,158.2,682,15.8,8.8,0.277,0.446,0.334,0.349,6.5,1.2,40.5,19,46.3,57.7,15.7,23.6,3,L,2380,10.1,90.3,2244,12.2,-22.6,17.7,1.4,28.4,80.8,2285,-0.8,-46.7,3.9,1.5,5.6,84.3,1674,14.5,-35.5,15.9,1.6,,,,,,,,55.9,90,2138,17.9,-32,18.4,1.2,,,,,,,,,,,,,,,,,,,,,,,,,,,,,,,,,,,,,,,,,,,,,,,,,
"Morgan, Adam",605388,2018,28,67,49.1,213,23.5,10.3,0.235,0.355,0.304,0.297,3.5,5,31.2,28.5,45.9,53.9,17.7,19.1,9.2,L,849,21.6,94.1,2418,10.6,-16.9,18.3,1.3,41.7,81,2851,-16.3,-41.5,16.8,1.8,15.4,83.3,1747,11.2,-29.6,15.3,1.6,8.1,78.2,2983,-9.9,-58.6,15.6,2.1,13.2,93.7,2459,16.5,-21.9,19.4,1.1,,,,,,,,,,,,,,,,,,,,,,,,,,,,,,,,,,,,,,,,,,,,,,,,,
"Greinke, Zack",425844,2018,34,33,207.2,839,23.7,5.1,0.245,0.406,0.286,0.303,6.3,3,33.5,25.9,45.3,45.5,23.7,25.7,5.1,R,3129,44.2,89.5,2335,-1.3,-17.5,17.5,1.3,17.7,83.4,2540,7.1,-38.2,8.4,1.6,21,86.5,1738,-12,-33,12.8,1.1,11.2,71.2,2476,11.9,-68.3,16.8,2.8,5.9,90,2278,-11.9,-21.8,17.4,1.1,,,,,,,,,,,,,,,,,,,,,,,,,,,,,,,,,,,,,,,,,,,,,,,,,
"Paredes, Eduardo",622161,2018,23,14,18.1,86,17.4,8.1,0.28,0.576,0.416,0.401,4.8,1.6,46,18.2,45.7,41.3,31.7,19,7.9,R,324,59,93.3,2261,-10.6,-18,18.4,1.3,32.7,83.4,2392,4.1,-42.7,4.9,1.6,8.3,83,1574,-16.2,-35.8,17.5,1.4,,,,,,,,,,,,,,,,,,,,,,,,,,,,,,,,,,,,,,,,,,,,,,,,,,,,,,,,,,,,,,,
"Eovaldi, Nathan",543135,2018,28,22,111,455,22.2,4.4,0.237,0.373,0.293,0.284,4.2,2.4,35.5,21.7,54.2,46.8,21.1,23.6,8.5,R,1785,39.7,97.2,2135,-11.6,-15.5,18.3,1.5,11.1,86.9,2182,3.7,-34.2,5.4,1.4,,,,,,,,3.9,79.2,2079,8.8,-55.1,13.9,1.9,,,,,,,,32.4,92.7,2389,1.5,-23.2,9.5,1.7,12.9,88.2,1472,-10.6,-33.9,11.1,1.9,,,,,,,,,,,,,,,,,,,,,,,,,,,,,,,,,,,
"Vieira, Thyago",600986,2018,25,16,17.2,85,17.6,10.6,0.3,0.558,0.387,0.408,6.9,1.7,50,24.6,44.4,32.8,37.9,24.1,5.2,R,319,78.4,96.5,2159,-9.8,-13.8,18.5,1.6,16.3,84.1,2285,5.7,-37.1,6.7,2.3,3.4,90.5,1813,-14.2,-23.2,17.5,1.7,,,,,,,,1.9,96.4,2290,-16,-17.6,19.8,1.4,,,,,,,,,,,,,,,,,,,,,,,,,,,,,,,,,,,,,,,,,,,,,,,,,
"Hendriks, Liam",521230,2018,29,25,24,104,21.2,9.6,0.241,0.35,0.332,0.298,7,0,31,25.8,46.7,40.8,25.4,28.2,5.6,R,447,52.1,94.7,2307,-7.7,-12.5,19.6,1.9,26.2,86.6,2036,3.4,-32,5.8,1.9,2.2,87.7,1888,-12.2,-21.4,19.1,1.6,1.8,82.4,1726,0.7,-46.3,6.3,1.5,17.7,93.2,2161,-13.9,-17.9,19.4,1.9,,,,,,,,,,,,,,,,,,,,,,,,,,,,,,,,,,,,,,,,,,,,,,,,,
"Fields, Josh",451661,2018,32,45,41,154,21.4,7.1,0.236,0.386,0.251,0.293,9.1,0.9,37,26.2,51.2,25.5,31.8,29.1,13.6,R,548,72.8,94.6,2217,-5.9,-12.4,19.4,1.3,,,,,,,,6,80.8,1617,-11.4,-35,13.8,1.5,21.2,80,2061,5.2,-56.9,13.9,2.1,,,,,,,,,,,,,,,,,,,,,,,,,,,,,,,,,,,,,,,,,,,,,,,,,,,,,,,,
"Sale, Chris",519242,2018,29,27,158,617,38.4,5.5,0.166,0.285,0.237,0.233,2.7,6.6,26.8,34.9,48.2,44.9,22.3,22.3,10.5,L,2524,39,95.2,2357,14.5,-19,18.8,3.2,34.5,79.7,2496,-14.5,-49,15.3,2.1,17,87,2045,19.3,-36.8,19.5,1.9,,,,,,,,9.5,93.2,2218,19.4,-28,20,2.4,,,,,,,,,,,,,,,,,,,,,,,,,,,,,,,,,,,,,,,,,,,,,,,,,
"Bush, Matt",456713,2018,32,21,23,108,17.6,13,0.252,0.405,0.356,0.342,8.2,1.4,47.9,23.2,43.7,47.9,21.9,26,4.1,R,414,55.6,96.2,2509,-3.9,-11.4,19.3,1.3,,,,,,,,,,,,,,,23.2,80.1,2535,11.3,-54,15,1.5,8.9,96,2314,-12.6,-14.2,20.4,1.4,12.3,91.8,2662,5,-25.8,9.3,1.4,,,,,,,,,,,,,,,,,,,,,,,,,,,,,,,,,,,,,,,,,,
"Romano, Sal",607219,2018,24,39,145.2,644,16.3,8.2,0.269,0.45,0.334,0.338,4.8,2.9,34.2,18.1,47.3,46.9,23.2,23.4,6.4,R,2394,1.9,93.9,2081,-5.2,-17.2,15.5,1.5,28.2,86.8,2337,1.7,-36.2,3.2,1.7,5.2,87.7,1669,-10.8,-26.7,14.7,1.5,1,82.5,2400,4.6,-43,5.3,1.4,63.7,94.1,2043,-13.9,-19.3,18.7,1.3,,,,,,,,,,,,,,,,,,,,,,,,,,,,,,,,,,,,,,,,,,,,,,,,,
"Barria, Jaime",642545,2018,21,26,129.1,537,18.2,8.8,0.248,0.426,0.315,0.327,6,1.3,33.2,24.3,45.9,37.4,26,25.5,11.2,R,2170,26.3,91.3,2176,-5.8,-15.3,19.6,1.3,36,81.8,2276,2.3,-37.1,6.5,1.8,14.4,82.6,1507,-10.9,-30.3,15.7,1.9,,,,,,,,23.3,90.9,2163,-11.2,-17.6,20.2,1.2,,,,,,,,,,,,,,,,,,,,,,,,,,,,,,,,,,,,,,,,,,,,,,,,,
"Lockett, Walker",621141,2018,24,4,15,76,15.8,13.2,0.28,0.527,0.436,0.383,7.4,5.6,40.7,20.7,40,55.6,16.7,24.1,3.7,R,290,19.3,91.2,2192,-8.8,-24.6,12.6,1.7,,,,,,,,20.3,86.2,1613,-15.5,-35.8,15.6,1.5,22.4,80.5,2503,8.7,-48.7,10.7,1.7,36.9,92.9,2266,-14.2,-25.8,15.7,1.3,1,88.6,2099,1.7,-23.5,12.3,1.5,,,,,,,,,,,,,,,,,,,,,,,,,,,,,,,,,,,,,,,,,,
"Biagini, Joe",607352,2018,28,50,72,328,16.2,7.3,0.28,0.476,0.391,0.359,4.1,3.7,34.2,20.6,46.4,49,21.6,24.5,4.9,R,1220,5.3,93.7,2185,-2.3,-14.7,17.4,1.8,,,,,,,,9.7,86.4,1569,-14.5,-29,16.7,2.1,13.8,78.1,2902,8.4,-66,20.6,2.3,56.1,94.3,2146,-11.5,-15.9,19.4,1.6,15.2,89.1,2204,2.4,-27.6,8.6,1.6,,,,,,,,,,,,,,,,,,,,,,,,,,,,,,,,,,,,,,,,,,
"Samardzija, Jeff",502188,2018,33,10,44.2,207,14.5,12.6,0.261,0.481,0.342,0.361,5.4,3.4,32,20.6,44.7,31.5,29.5,27.5,11.4,R,801,15.5,91.6,2513,-8.8,-17.5,18,1.8,18.7,86.2,2427,-2.6,-27.8,10.3,1.9,,,,,,,,11.2,76.6,2343,2.4,-54.3,8,1.9,44.3,92.2,2471,-14.8,-18.7,20.6,2.1,3.9,89.9,2529,-2.1,-20.7,13.7,1.6,6.4,82.4,1691,-13.2,-31.7,16.4,2,,,,,,,,,,,,,,,,,,,,,,,,,,,,,,,,,,,
"LeBlanc, Wade",453281,2018,33,32,162,662,19.6,6,0.251,0.431,0.306,0.317,5.3,3.5,34.6,21.7,46.2,37.4,27.4,26.4,8.8,L,2443,7.6,86.2,1944,9.2,-21.4,18.5,1.1,0.1,77.7,2072,-5.9,-45.4,6,1.5,29.8,77.7,1522,13.9,-39,15.6,1.4,9,72.5,2206,-11.8,-61.2,13.9,1.1,27.8,86.3,1878,15,-25.9,18.8,1.1,25.6,83.4,2006,-1.2,-29.4,10.6,1.5,,,,,,,,,,,,,,,,,,,,,,,,,,,,,,,,,,,,,,,,,,
"Grace, Matt",594840,2018,29,56,59.2,247,19.4,5.3,0.231,0.376,0.275,0.283,3.3,2.7,33.7,17.2,48,50,20.7,23.4,6,L,846,,,,,,,,28.7,82.6,1961,-4.3,-39.5,5.1,1.5,4.6,85.8,1567,15.2,-30.9,16.8,1.4,,,,,,,,66.7,91.2,1810,15.1,-25.8,17.1,1.3,,,,,,,,,,,,,,,,,,,,,,,,,,,,,,,,,,,,,,,,,,,,,,,,,
"Cobb, Alex",502171,2018,30,28,152.1,661,15.4,6.5,0.275,0.457,0.345,0.338,5.9,2.9,40.6,17.6,45.7,51,20.1,23.6,5.3,R,2437,0.1,92.5,2227,-4.3,-12.6,21.2,1.5,,,,,,,,,,,,,,,22,81.6,2570,4,-59.5,16.4,1.1,51.5,91.9,2120,-13.7,-18.2,20.7,0.9,,,,,,,,26.4,86.5,1641,-15.1,-30.1,17.6,1,,,,,,,,,,,,,,,,,,,,,,,,,,,,,,,,,,,
"Chapman, Aroldis",547973,2018,30,55,51.1,212,43.9,14.2,0.138,0.215,0.239,0.241,6,1.2,32.1,37.3,44.9,46.4,19,22.6,11.9,L,920,65.9,98.7,2494,3.8,-10.3,18.2,1.9,25.4,86.2,2471,-10.5,-34.3,11.3,1.8,0.8,91,2080,14.5,-21.2,17.9,1.6,,,,,,,,7.9,100.9,2544,13,-11.7,19.9,1.6,,,,,,,,,,,,,,,,,,,,,,,,,,,,,,,,,,,,,,,,,,,,,,,,,
"Bradley, Archie",605151,2018,25,76,71.2,296,25.3,6.8,0.217,0.37,0.292,0.286,5.6,4.6,38.6,20.3,48.5,49.7,25.4,20.3,4.6,R,1226,68.9,95.6,2306,-7.7,-13.7,18.2,1.1,0.7,88.3,2137,3.9,-27.2,9.1,1.7,,,,,,,,17.8,81.1,1978,5.3,-52.2,11.9,1.9,12.6,95.6,2186,-14.4,-17.2,19.2,1.2,,,,,,,,,,,,,,,,,,,,,,,,,,,,,,,,,,,,,,,,,,,,,,,,,
"Martin, Chris",455119,2018,32,46,41.2,177,20.9,2.8,0.271,0.433,0.307,0.32,5.3,4.5,34.8,20.3,49.6,40.9,22,29.5,7.6,R,703,50.1,95.2,2275,-5.5,-14.8,16.5,1.2,21.8,84.3,2301,3.7,-41.9,5.1,1.7,,,,,,,,,,,,,,,1,94,2073,-13.4,-21.3,16.6,1.4,21.5,90.8,2219,3.7,-26.7,7.9,1.1,5.7,87.2,1341,-9.9,-32.2,11.2,1.3,,,,,,,,,,,,,,,,,,,,,,,,,,,,,,,,,,,
"Springs, Jeffrey",605488,2018,25,18,32,141,22,9.9,0.255,0.409,0.324,0.326,5.3,3.2,27.4,27,44.8,32.6,24.2,30.5,12.6,L,561,62,91.3,2153,12.5,-18.3,19.2,1.2,13.9,81.8,2127,-4.7,-42.3,5.3,1.6,23.2,79,1441,9.7,-31.4,15.9,1.3,0.2,73.9,1927,-3.6,-54.7,4.2,,0.7,90.3,2154,19.5,-22.5,22.4,1.4,,,,,,,,,,,,,,,,,,,,,,,,,,,,,,,,,,,,,,,,,,,,,,,,,
"Santos, Luis",608601,2018,27,15,20,91,26.4,11,0.274,0.447,0.423,0.344,8.9,0,35.7,33.7,46.4,30.4,25,39.3,5.4,R,377,43.2,93.5,2498,-7.5,-16.4,17.1,1.5,,,,,,,,22.8,86.3,1919,-16.4,-31.9,17.4,1.6,27.3,83,2488,5.4,-43.2,6.6,1.8,6.6,93.2,2351,-15.6,-24.5,17.5,1.8,,,,,,,,,,,,,,,,,,,,,,,,,,,,,,,,,,,,,,,,,,,,,,,,,
"Casilla, Santiago",433586,2018,37,26,31.1,131,16.8,14.5,0.244,0.334,0.26,0.326,8.1,2.3,32.6,23.9,40.3,44.2,27.9,22.1,5.8,R,499,23,93.2,2345,-10.8,-15.1,19.8,1.3,10.6,88.7,2400,-4.4,-22.3,13.8,1.4,6.2,85.7,2145,-18.6,-28.5,21,1.7,28.7,79.6,2403,7.2,-53.7,12.5,1.9,31.5,92.8,2372,-16.8,-19.4,21,1.2,,,,,,,,,,,,,,,,,,,,,,,,,,,,,,,,,,,,,,,,,,,,,,,,,
"Mahle, Tyler",641816,2018,23,23,112,506,21.7,10.5,0.263,0.436,0.36,0.337,4.4,3.8,40.3,24,47.7,40.9,24.1,28.2,6.8,R,2060,67.7,92.4,2138,-11.6,-17.1,19.1,2.1,20.5,83.3,2511,4.5,-39.4,5.3,2.1,11.4,83.4,1584,-11.5,-30.1,14.7,1.7,0.5,76.2,2363,9.3,-50,9.6,1.5,,,,,,,,,,,,,,,,,,,,,,,,,,,,,,,,,,,,,,,,,,,,,,,,,,,,,,,,
"Carroll, Cody",606944,2018,25,15,17,84,19,15.5,0.289,0.587,0.418,0.417,3.6,0,38.2,19.9,44.6,32.7,21.8,32.7,12.7,R,372,66.4,96.1,2314,-5.4,-12,18.7,1.2,27.4,83.5,2700,6.1,-44,7.7,1.4,,,,,,,,,,,,,,,,,,,,,,,,,,,,,6.2,86.9,1206,-5.4,-31.9,8.1,1.4,,,,,,,,,,,,,,,,,,,,,,,,,,,,,,,,,,,
"Jennings, Dan",543359,2018,31,72,64.1,271,16.6,8.5,0.279,0.408,0.327,0.331,5,3.5,40.1,19.6,44.9,56.4,15.8,23.8,4,L,1070,4.8,91.1,2233,4,-24.4,10,1.4,41.2,82.2,2452,-9.4,-43.7,10,1.2,0.1,69.5,1681,11.7,-48.1,17.6,,,,,,,,,53.9,91,2213,11.1,-27.9,12.5,1.2,,,,,,,,,,,,,,,,,,,,,,,,,,,,,,,,,,,,,,,,,,,,,,,,,
"Devenski, Chris",606965,2018,27,50,47.1,196,26,6.6,0.215,0.356,0.309,0.281,5.4,6.2,34.9,31.3,48.6,37.2,28.7,24.8,9.3,R,774,41.6,94.2,2337,-12.8,-16.9,20.1,1.3,19.3,82,2352,7.5,-40.2,9.3,1.7,39.1,83,1574,-15.6,-38.4,16,1.4,,,,,,,,,,,,,,,,,,,,,,,,,,,,,,,,,,,,,,,,,,,,,,,,,,,,,,,,,,,,,,,
"Petricka, Jake",502593,2018,30,41,45.2,208,19.7,7.7,0.267,0.404,0.386,0.331,4.1,4.1,41.1,25.7,47.3,53.4,17.1,24.7,4.8,R,790,0.5,94.5,2076,-9.7,-14.9,18,1.5,25.8,85.6,2077,-0.4,-35.4,2.4,1.8,8,88.3,1944,-17.5,-29.2,18.4,1.6,,,,,,,,65.7,94.8,2104,-16.1,-20.1,19,1.8,,,,,,,,,,,,,,,,,,,,,,,,,,,,,,,,,,,,,,,,,,,,,,,,,
"Albers, Matt",458006,2018,35,34,34.1,157,20.4,7.6,0.268,0.482,0.4,0.348,7.2,5.4,35.1,23.4,49.6,46.8,21.6,21.6,9.9,R,672,20.2,91.9,2127,-13.3,-19.8,18.4,1.6,23.8,85.1,2335,3.6,-33.7,7.1,1.9,11.3,83.1,1430,-14.4,-37.1,14.8,1.5,,,,,,,,44.6,91.5,2008,-17.4,-26.5,18.5,1.5,,,,,,,,,,,,,,,,,,,,,,,,,,,,,,,,,,,,,,,,,,,,,,,,,
"Gonzalez, Merandy",642571,2018,22,8,22,103,18.4,7.8,0.305,0.504,0.377,0.37,9.2,3.9,38.2,21.9,43.9,34.2,26.3,32.9,6.6,R,437,44.4,93.7,2230,-4.2,-16.2,17.1,1.6,,,,,,,,10.1,84.1,1680,-12.6,-28.2,17.9,1.7,33.6,76.2,2646,13.3,-58.8,16.1,2,,,,,,,,11.9,93.6,2252,1.6,-20.2,12.7,1.7,,,,,,,,,,,,,,,,,,,,,,,,,,,,,,,,,,,,,,,,,,
"Anderson, Chase",502624,2018,30,30,158,644,19.9,8.9,0.244,0.436,0.317,0.33,6.2,3.8,30.8,21.8,47.2,36.5,24.6,25.9,13.1,R,2600,40.8,92.5,2160,-8.6,-15.5,19.5,1.4,,,,,,,,18.8,82.1,2247,-17.8,-30.5,21.5,1.3,17.9,76.7,2220,7.9,-62.2,15.4,1.4,12.4,91.9,2108,-14.8,-19.8,20.2,1.4,10,88.6,2340,2.3,-23.8,12.6,1.5,,,,,,,,,,,,,,,,,,,,,,,,,,,,,,,,,,,,,,,,,,
"Warren, Adam",476589,2018,30,47,51.2,223,23.3,9,0.261,0.43,0.303,0.336,6,1.3,38.3,26,43.9,38.3,29.5,22.8,9.4,R,987,39.9,91.8,2195,-3.7,-15.8,17.3,1.1,45.8,85.2,2273,7.1,-34.6,8.6,1.5,8.3,84.7,1835,-15.8,-31.8,17.2,1.3,5.8,79.8,2166,7.2,-55.3,13.3,1.5,0.2,92.8,2128,-13.2,-16.1,20.9,1.4,,,,,,,,,,,,,,,,,,,,,,,,,,,,,,,,,,,,,,,,,,,,,,,,,
"Alvarez, Jose",501625,2018,29,76,63,261,22.6,8.4,0.226,0.378,0.27,0.296,4.5,3.9,30.3,23.3,49.3,47.8,20.2,25.8,6.2,L,1021,36.6,91.7,2314,8,-15.8,18.6,1.2,12.4,83.7,2312,-4.8,-34.9,6.8,1.3,14.5,81.3,1936,14.2,-34.4,16.4,1.2,11.9,80.9,2305,-6,-42,6.3,1.3,20.3,91.3,2240,16.2,-21.5,19.8,1.3,4.2,87.3,2323,-2.7,-26.6,9.8,1.3,,,,,,,,,,,,,,,,,,,,,,,,,,,,,,,,,,,,,,,,,,
"Kennedy, Brett",664028,2018,23,6,26.2,128,14.1,9.4,0.294,0.474,0.405,0.365,3.1,6.3,33.3,20.1,46.5,42.7,24,27.1,6.3,R,503,67.4,91.4,2083,-12.5,-20,18,1.8,24.1,82.2,2179,-0.9,-36.9,4.6,1.6,8.5,82.8,1681,-12.1,-29,16,1.7,,,,,,,,,,,,,,,,,,,,,,,,,,,,,,,,,,,,,,,,,,,,,,,,,,,,,,,,,,,,,,,
"Eflin, Zach",621107,2018,24,24,128,548,22.4,6.8,0.235,0.382,0.318,0.293,4.4,3.9,33.2,23.7,48.8,42.9,25.7,24.4,7,R,2040,46.4,94.6,2196,-9.1,-16.2,17,1.3,24.9,85.9,2269,4.4,-34.1,6,2,11.2,86.6,1730,-14.1,-29.4,15.9,2,5.7,77.6,2393,10.9,-55.4,14.3,1.6,11.8,93,2056,-16.5,-23.8,18.3,1.3,,,,,,,,,,,,,,,,,,,,,,,,,,,,,,,,,,,,,,,,,,,,,,,,,
"Stumpf, Daniel",621385,2018,27,56,38.1,173,21.4,9.2,0.258,0.402,0.35,0.317,7.5,0,30.8,26.6,46.6,37.5,24.2,30,8.3,L,700,48.4,93.3,2374,10.1,-16.2,19.2,1.5,41.6,84.7,2248,-1.6,-35,5.1,1.5,4.6,86,1663,15.3,-31.4,16.7,1.6,,,,,,,,5.4,93.2,2364,14.7,-19.8,19.6,1.5,,,,,,,,,,,,,,,,,,,,,,,,,,,,,,,,,,,,,,,,,,,,,,,,,
"Minaya, Juan",573668,2018,27,52,46.2,209,27.8,13.9,0.196,0.281,0.3,0.275,4.2,2.5,39.5,26.8,46.3,42.9,25.2,19.3,12.6,R,908,61.2,95,2386,-10.2,-15.3,18.2,1,8.3,86.4,2261,3.2,-33.8,4.8,1.4,23.1,89.7,1676,-13.1,-32.7,13.4,1.3,7.4,85.3,2268,4.7,-38.6,4.9,1.3,,,,,,,,,,,,,,,,,,,,,,,,,,,,,,,,,,,,,,,,,,,,,,,,,,,,,,,,
"Stratton, Chris",608717,2018,27,28,145,625,17.9,8.6,0.283,0.474,0.339,0.356,8.3,1.5,38.8,20.8,45.9,43.5,21.7,30,4.8,R,2446,51,91.1,2447,-3.6,-18.3,15.2,1.1,12.7,83.5,2798,5.4,-41.6,6.1,1.3,10.2,84,1933,-12.1,-33.6,13.3,1.3,15,77.7,3109,15.5,-58,19.4,1.5,8.3,90.7,2376,-10.1,-22,15.2,1.2,2.9,91,2451,1.6,-20.4,12.6,1.2,,,,,,,,,,,,,,,,,,,,,,,,,,,,,,,,,,,,,,,,,,
"Givens, Mychal",571710,2018,28,69,76.2,317,24.9,9.5,0.217,0.324,0.272,0.274,4.9,4.4,29.8,24.9,50.2,38,24.4,26.8,10.7,R,1243,75.5,95.1,2372,-8,-18.2,14.9,1.6,14.1,86.3,2527,6,-34,7.5,1.9,9,86,2062,-11.9,-41.7,12.9,1.4,,,,,,,,1.4,95.2,2373,-13,-23,15.1,1.4,,,,,,,,,,,,,,,,,,,,,,,,,,,,,,,,,,,,,,,,,,,,,,,,,
"Hernández, Félix",433587,2018,32,29,155.2,684,18.3,8.6,0.267,0.463,0.344,0.352,6.8,2.5,38.5,19.6,45,48,21.9,23.2,7,R,2558,10.6,89.6,2080,-4.8,-20,15.1,1.3,4,82.5,2264,6.2,-39.8,7.2,1.6,24.2,84.9,1701,-9.9,-36.3,10.4,1.3,28.5,78.9,2357,10.2,-55,14.4,1.5,32.4,89.2,1997,-13.6,-25.4,16.5,1.2,0.4,85.2,2275,3,-33.7,5.9,1.5,,,,,,,,,,,,,,,,,,,,,,,,,,,,,,,,,,,,,,,,,,
"Chargois, JT",608638,2018,27,39,32.1,135,29.6,11.1,0.209,0.297,0.301,0.272,7.7,5.1,32.1,30.7,45.1,62.8,10.3,24.4,2.6,R,505,6.9,95.4,2434,-12,-17.1,17.9,1.4,49.5,85.5,2368,2,-41.2,4.8,1.5,2.6,86.6,1471,-12,-30.8,13.5,1.4,,,,,,,,41,95.1,2314,-17.6,-23.6,19,1.2,,,,,,,,,,,,,,,,,,,,,,,,,,,,,,,,,,,,,,,,,,,,,,,,,
"Mikolas, Miles",571945,2018,29,32,200.2,808,18.1,3.6,0.245,0.379,0.271,0.286,4.5,4.6,29.4,20.2,52.5,50.8,18.8,24.1,6.2,R,3004,26.7,94.1,2309,-4.9,-17.1,14.8,1.5,25.9,88,2361,3.5,-32,5.4,1.4,4.4,88.4,1680,-14.5,-28.1,16.6,1.7,21.4,78.5,2613,9.3,-61.1,17.8,1.2,21.6,93.5,2218,-13.2,-20.2,17.3,1.5,,,,,,,,,,,,,,,,,,,,,,,,,,,,,,,,,,,,,,,,,,,,,,,,,
"Grimm, Justin",518748,2018,29,21,17.1,83,13.3,16.9,0.256,0.447,0.382,0.361,13.8,5.2,41.1,19.7,41.4,39.7,31,17.2,12.1,R,293,48.5,93.2,2131,-4.3,-12.7,18.9,1.3,7.5,86.9,2386,5.9,-34.7,7.3,1.6,,,,,,,,42,81.4,2153,12.2,-54,17.8,1.6,2,93.4,1983,-11.6,-17,18.1,1.4,,,,,,,,,,,,,,,,,,,,,,,,,,,,,,,,,,,,,,,,,,,,,,,,,
"Guerra, Junior",448855,2018,33,31,141,610,22.3,9,0.241,0.394,0.333,0.312,8.4,3.6,38.8,24.5,47.3,44.6,19.5,25.1,10.8,R,2292,39.3,93.1,2271,-6,-14.4,18.5,1.2,12.4,83.8,2296,5.2,-39.8,5.8,1.6,,,,,,,,2.4,82.2,2561,5.6,-49.3,10.1,1.5,29.7,93.4,2124,-15.2,-20.5,19,1.2,,,,,,,,16.2,86.6,1319,-5.4,-28.5,11.1,1.5,,,,,,,,,,,,,,,,,,,,,,,,,,,,,,,,,,,
"Castillo, Luis",622491,2018,25,31,169.2,708,23.3,6.9,0.244,0.426,0.314,0.318,7.4,3.9,39.5,28.6,49.6,47.9,20.4,24.3,7.4,R,2771,36.7,95.8,2200,-13.5,-17.6,19.1,1.4,16.4,83.6,2206,0.2,-40.9,2.5,2.1,26.4,86.2,1931,-16.8,-34.8,17.3,1.5,,,,,,,,20.5,95.6,2102,-18.4,-24,19.8,1.5,,,,,,,,,,,,,,,,,,,,,,,,,,,,,,,,,,,,,,,,,,,,,,,,,
"Rucinski, Drew",607968,2018,29,32,35.1,154,17.5,8.4,0.235,0.347,0.297,0.292,6.4,3.6,32.7,23.7,51.8,49.1,24.5,23.6,2.7,R,561,31,93.6,2014,-7.4,-15,17.7,1.1,4.5,85,1076,-0.5,-37.7,4.2,1.3,7.5,85.6,1117,-8.9,-34.4,10.3,1.2,3.9,80.3,2202,1.6,-48.3,5.9,1.3,17.6,93.5,1961,-13.8,-18.6,18.7,1,35.5,90.1,2019,1.3,-25.2,8.7,1.2,,,,,,,,,,,,,,,,,,,,,,,,,,,,,,,,,,,,,,,,,,
"Moore, Matt",519043,2018,29,39,102,471,18.3,8.7,0.284,0.489,0.386,0.363,8,2.1,44.8,21.9,48.6,38.6,28.6,26,6.8,L,1789,58.5,92.3,2267,11.2,-17,19.5,1.5,,,,,,,,13.5,83.5,1832,16,-32.4,18.1,1.6,18.8,80.5,2398,-6.3,-54.8,13.2,1.6,,,,,,,,9.2,89.7,2160,0.6,-22,12.8,1.5,,,,,,,,,,,,,,,,,,,,,,,,,,,,,,,,,,,,,,,,,,
"Johnson, Brian",598271,2018,27,38,99.1,434,20,8.8,0.257,0.43,0.335,0.329,7.1,1.9,36,21.5,44.2,38,27.9,25.3,8.8,L,1710,47.6,88.5,2181,5.1,-18.2,17.5,1.7,20.6,78.4,2438,-11.6,-45.9,12.5,1.6,1.9,81.5,1552,9.4,-27.2,16.7,1.6,28.5,74.7,2517,-10,-63.9,16.9,1.6,1.4,88.9,2224,13.6,-21.6,19,1.7,,,,,,,,,,,,,,,,,,,,,,,,,,,,,,,,,,,,,,,,,,,,,,,,,
"Bleier, Richard",542947,2018,31,31,32.2,133,11.3,3,0.256,0.358,0.288,0.284,6.2,2.7,35.4,18.8,52.9,58.4,15.9,23,2.7,L,451,2.7,88.3,1939,3.5,-27.7,8.5,1.4,8.2,78.2,1942,-4,-47.6,4.9,1.3,4.4,81.3,1633,15,-36.8,16.2,1.6,,,,,,,,59.9,87.9,1882,12.1,-32.2,12.9,1.3,24.8,85.9,1900,-0.4,-31.6,6.2,1.4,,,,,,,,,,,,,,,,,,,,,,,,,,,,,,,,,,,,,,,,,,
"Castillo, Diego",650895,2018,24,43,56.2,222,29.3,8.1,0.202,0.362,0.248,0.282,8,3.6,36.5,31.4,44.6,46,21.9,20.4,11.7,R,893,12,98.8,2086,-7.4,-14.3,16.7,1.7,45.9,88.9,2309,5.8,-33.2,7.6,1.8,,,,,,,,,,,,,,,42.1,97.3,2111,-16.3,-21.4,18.6,1.9,,,,,,,,,,,,,,,,,,,,,,,,,,,,,,,,,,,,,,,,,,,,,,,,,
"Oh, Seunghwan",493200,2018,35,73,68.1,274,28.8,6.2,0.204,0.331,0.268,0.262,5.7,4.6,32.2,31.5,50.9,30.5,33.9,24.7,10.9,R,1160,51.2,91.6,2267,-6,-16.2,18.4,1.1,1.6,78.3,2310,4.4,-44.9,5.3,1.6,7.7,83.7,1597,-13.4,-30.2,17,2,7.1,74,2566,6.9,-62.7,12.9,2.4,2.3,90.5,2134,-14.9,-21.4,19.9,1.5,30.1,84.1,2222,3,-34,6.7,1.9,,,,,,,,,,,,,,,,,,,,,,,,,,,,,,,,,,,,,,,,,,
"Kluber, Corey",446372,2018,32,33,215,842,26.4,4,0.227,0.369,0.27,0.277,5.7,2.4,34.5,26.9,48.2,45.6,22.3,26.2,5.7,R,3076,8.9,92,2410,-6.7,-18.1,16,1.2,,,,,,,,6.6,85.2,1751,-12.3,-34.1,13.4,1.4,22.5,83.8,2607,15.2,-38.2,15.6,1.5,32.7,92,2268,-15.2,-24.9,17.2,1.2,29.4,88.5,2604,3.2,-29.7,7,1.5,,,,,,,,,,,,,,,,,,,,,,,,,,,,,,,,,,,,,,,,,,
"Pomeranz, Drew",519141,2018,29,26,74,344,19.2,12.8,0.272,0.469,0.384,0.368,7,3,35.7,17.8,44,38.3,25.7,29.6,6.5,L,1446,39.7,89.5,2300,6.5,-17.7,19.8,1.6,,,,,,,,1.9,82.2,1826,15,-29.6,20.4,1.6,39,78.1,2221,-6.6,-65.5,18.2,1.9,12.5,88.4,2236,14.7,-22.3,20.9,1.8,6.8,85.6,2286,0,-27.9,12.1,1.8,,,,,,,,,,,,,,,,,,,,,,,,,,,,,,,,,,,,,,,,,,
"Peralta, Wily",503449,2018,29,37,34.1,149,23.5,15.4,0.223,0.404,0.324,0.334,5.6,4.4,40,24.3,43.7,48.9,18.9,25.6,6.7,R,601,49.3,96.2,1865,-10,-16.3,17.2,1.2,37.6,83.8,2236,0.6,-42.8,3.4,1.9,11.3,86.3,1515,-12.1,-28.7,15.3,1.5,1.7,82.9,2234,5.2,-42.3,5.7,1.6,0.2,96.3,1834,-15.7,-22.2,17.4,,,,,,,,,,,,,,,,,,,,,,,,,,,,,,,,,,,,,,,,,,,,,,,,,,
"Fister, Doug",450729,2018,34,12,66,289,13.8,6.6,0.287,0.452,0.344,0.353,3.6,7.6,41.1,13.6,41.4,50.9,19.2,25.4,4.5,R,1113,0.6,87.5,1947,-8.2,-23.3,15,1.5,,,,,,,,9.5,82.1,1743,-15.9,-33.5,17.7,1.4,13.2,73,2035,8.1,-65.6,15.1,1.2,62.1,88.4,1904,-16.4,-26.8,18.5,1.2,14.6,84.8,2065,2.5,-31.1,7.9,1.4,,,,,,,,,,,,,,,,,,,,,,,,,,,,,,,,,,,,,,,,,,
"Brice, Austin",592169,2018,26,33,37.1,162,19.8,8,0.247,0.459,0.359,0.325,11.4,4.4,46.5,21.4,46.4,52.6,21.1,21.9,4.4,R,602,19.8,94.2,2232,-11.4,-20.1,16.6,1.1,1.7,85.1,2507,4.8,-40.8,6.5,1.6,2,86.8,1452,-11.1,-35.6,11.4,1.5,28.1,82.7,2585,7.7,-45,8.5,1.8,48.5,93.8,1954,-17.3,-29.2,17.7,1.1,,,,,,,,,,,,,,,,,,,,,,,,,,,,,,,,,,,,,,,,,,,,,,,,,
"Cloyd, Tyler",543031,2018,31,7,17.2,87,14.9,11.5,0.283,0.46,0.416,0.359,9.5,1.6,36.5,17.2,46.7,31.7,28.6,30.2,9.5,R,336,22.6,90.1,2393,-2.9,-16.4,17.5,1.2,,,,,,,,5.4,84,1706,-9.2,-31.9,12.1,1.3,12.5,78.1,2312,6.9,-52.4,9.8,1.3,31.5,90.4,2249,-13.7,-20.3,19,1.2,28,87.7,2418,4.3,-25.3,11.3,1.3,,,,,,,,,,,,,,,,,,,,,,,,,,,,,,,,,,,,,,,,,,
"Bummer, Aaron",607481,2018,24,37,31.2,144,24.3,6.9,0.262,0.372,0.323,0.308,6.1,2,42.9,23.8,43.5,62.2,10.2,24.5,3.1,L,609,10.5,92.8,2105,6.9,-20.6,13.7,1.3,19.4,83,2067,-5.6,-45.1,7.2,1.5,3.6,87.4,1366,12.9,-35.6,13.5,1.4,,,,,,,,55.7,93.1,1974,13.6,-28.9,14.1,1.3,10.8,89,2190,-3.5,-31.2,5.9,1.5,,,,,,,,,,,,,,,,,,,,,,,,,,,,,,,,,,,,,,,,,,
"García, Jaime",448802,2018,31,33,82,369,19.8,11.9,0.246,0.437,0.349,0.339,6.8,0.8,41.8,21.9,43.3,44.2,26.1,22.1,7.6,L,1380,34.8,89.2,2324,2.3,-20.9,14.3,1.3,16,81,2738,-8.4,-48.8,10.5,1.7,12.2,81.5,1959,14.2,-36.4,15.4,1.6,4.9,72.2,2721,-9.8,-68,16.7,1.9,32,89.2,2154,13.2,-28.1,15.2,1.3,,,,,,,,,,,,,,,,,,,,,,,,,,,,,,,,,,,,,,,,,,,,,,,,,
"Nova, Iván",467100,2018,31,29,161,683,16.7,5.1,0.267,0.463,0.327,0.332,5.7,1.7,38.7,19.6,48.9,46.6,23.2,24.5,5.7,R,2528,31.5,93,2294,-13.6,-19.3,19,1.4,,,,,,,,11.9,86.5,2018,-16.8,-30.4,18.2,1.2,21.1,80.6,2250,2.9,-50.1,7.6,1.7,35.5,92.7,2168,-17.9,-25.4,19.3,1.3,,,,,,,,,,,,,,,,,,,,,,,,,,,,,,,,,,,,,,,,,,,,,,,,,
"Paxton, James",572020,2018,29,28,160.1,645,32.2,6.5,0.22,0.383,0.287,0.286,5.3,2.5,42.1,30,52.6,41.1,27.7,23.9,7.4,L,2595,63.5,95.4,2283,11.9,-14.7,20,1.6,,,,,,,,0.4,86.5,2022,12.3,-25.9,17,1.5,21.6,81.1,1949,-3.9,-49.8,9,1.6,,,,,,,,14.5,89,2107,0,-29.5,6,1.4,,,,,,,,,,,,,,,,,,,,,,,,,,,,,,,,,,,,,,,,,,
"Ramirez, Noé",598287,2018,28,69,83.1,354,26.8,8.8,0.233,0.409,0.323,0.314,6.8,2.7,39.8,27.9,44.2,43.7,22.5,26.6,7.2,R,1377,42,90,2153,-11.1,-22,17,1.1,,,,,,,,28.1,84.4,1934,-11,-43.5,12,1.1,29.9,77.7,2766,14.1,-48.9,14.4,1.2,,,,,,,,,,,,,,,,,,,,,,,,,,,,,,,,,,,,,,,,,,,,,,,,,,,,,,,,
"Carpenter, Ryan",543001,2018,27,6,22.1,107,14,3.7,0.34,0.608,0.429,0.42,2.4,3.5,42.4,20.5,48.2,35.3,24.7,35.3,4.7,L,425,29.6,90,2201,9.3,-19.7,17.3,1.4,28.2,80.5,2609,-10.4,-43.1,10.9,1.2,10.1,82,1894,16.6,-34.7,18,1.1,9.9,76.4,2818,-13.6,-63.6,20.4,1.5,22.1,89.6,2117,15.7,-25.3,18.3,1.4,,,,,,,,,,,,,,,,,,,,,,,,,,,,,,,,,,,,,,,,,,,,,,,,,
"Lively, Ben",594902,2018,26,10,30.1,145,18.6,10.3,0.3,0.498,0.387,0.381,12,3,42,19.8,42,35,24,30,11,R,541,46.2,91.2,2041,-6.3,-16.1,17.9,1.3,12.4,83.6,1957,6.4,-36.1,8.1,1.6,0.7,85.7,1807,-13.4,-24.7,18.7,1.4,26.2,75.5,2057,12.3,-56.1,14.3,1.6,14.4,91.6,1997,-14.8,-20.4,19.1,1.7,,,,,,,,,,,,,,,,,,,,,,,,,,,,,,,,,,,,,,,,,,,,,,,,,
"Treinen, Blake",595014,2018,30,68,80.1,314,31.8,6.7,0.197,0.269,0.187,0.233,4.2,5.2,28.3,35.9,53.4,52.6,15.6,26.6,5.2,R,1153,16.7,97.5,2532,-7.1,-15.7,15.6,1.2,22.4,89.2,2735,4.9,-39.9,6.8,1.6,0.1,84.1,1853,-17.3,-37.7,17.6,,,,,,,,,50.1,97.3,2371,-16.5,-25.2,17.3,1.3,10.7,94,2573,1.8,-24.5,7.9,1.6,,,,,,,,,,,,,,,,,,,,,,,,,,,,,,,,,,,,,,,,,,
"Gonzales, Marco",594835,2018,26,29,166.2,686,21.1,4.7,0.262,0.406,0.311,0.311,6.2,2.8,35,21,48.4,45.3,21.1,27.8,5.8,L,2562,32.2,90.1,2263,13.2,-19.9,19.6,1.2,,,,,,,,23,83.6,2206,17.4,-31.5,19.4,1.1,22.3,78.1,2450,-7.8,-59.6,15.4,1.2,,,,,,,,22.5,87.1,2342,-1.5,-24.8,11.8,1.2,,,,,,,,,,,,,,,,,,,,,,,,,,,,,,,,,,,,,,,,,,
"Brasier, Ryan",518489,2018,30,34,33.2,124,23.4,5.6,0.207,0.32,0.208,0.25,4.5,1.1,39.8,31,55.8,43.2,26.1,22.7,8,R,486,52.3,96.8,2349,-5.4,-12.6,17.4,1,33.7,85.5,2447,6.6,-39.4,7.3,1.7,3.7,88.6,1473,-13,-31.6,13.5,1.4,,,,,,,,10.3,96.9,2320,-14.1,-17.1,18.6,1.1,,,,,,,,,,,,,,,,,,,,,,,,,,,,,,,,,,,,,,,,,,,,,,,,,
"Finnegan, Brandon",605232,2018,25,5,20.2,103,13.6,14.6,0.299,0.476,0.399,0.376,9.5,1.4,41.9,16.1,45.5,40.5,29.7,27,2.7,L,383,36.6,91.3,2194,6.9,-16.3,18.6,1.5,23,81.8,2600,-4.7,-44.3,5.6,1.8,11.5,82.9,1463,12.4,-31.9,15.4,1.3,,,,,,,,29,90.4,2132,14.5,-21.6,19.4,1.5,,,,,,,,,,,,,,,,,,,,,,,,,,,,,,,,,,,,,,,,,,,,,,,,,
"Vargas, Jason",450306,2018,35,20,92,404,20.8,7.4,0.259,0.44,0.351,0.332,3.9,4.6,30.4,26.3,44.2,42.1,27.7,24.9,5.3,L,1540,11.6,86.5,2281,9.2,-19.8,19.8,1.3,,,,,,,,29.4,80.6,2296,16.8,-31.7,20.4,1.4,16.2,73.5,2500,-10.7,-62.2,14.6,1.2,42.8,86.3,2226,14.8,-24.3,19.8,1.3,,,,,,,,,,,,,,,,,,,,,,,,,,,,,,,,,,,,,,,,,,,,,,,,,
"Freeland, Kyle",607536,2018,25,33,202.1,844,20.5,8.3,0.238,0.373,0.292,0.299,4,3.5,29.2,21.5,45.8,47.6,20.7,23.4,8.4,L,3246,39.9,91.8,2266,6.5,-20.9,13,1.5,29.3,85.8,2194,-2.8,-32.6,5.7,2.2,13.7,85.5,1393,11.3,-32.4,12.6,1.4,4.6,79.9,2217,-2.5,-42.9,3.5,1.5,12.5,90.6,2212,13,-27.3,14.4,1.5,,,,,,,,,,,,,,,,,,,,,,,,,,,,,,,,,,,,,,,,,,,,,,,,,
"Osuna, Roberto",532077,2018,23,38,38,150,21.3,2.7,0.266,0.395,0.256,0.306,5.5,4.5,38.2,26.9,58.2,42.7,22.7,25.5,9.1,R,531,49.2,95.2,2403,-5.9,-11.6,20.1,1.2,13.2,86.3,2403,6.6,-35.6,7.3,1.5,9.4,83.1,1889,-13.4,-27.2,18.8,1.3,,,,,,,,6.6,94.7,2372,-13.1,-14.7,20.9,1.3,21.7,90.6,2401,5.3,-22.3,13,1.4,,,,,,,,,,,,,,,,,,,,,,,,,,,,,,,,,,,,,,,,,,
"Maeda, Kenta",628317,2018,30,39,125.1,532,28.8,8.1,0.223,0.358,0.304,0.287,4.8,4.5,32.3,31.3,49.9,42,21.8,28.7,7.6,R,1965,41.8,91.9,2295,-7.1,-16.1,18.2,1.1,29.5,84.1,2500,3.9,-34.1,7.8,1.5,,,,,,,,11.1,77.3,2592,9.3,-60.1,15.8,1.7,2.3,91.2,2178,-15.4,-22.5,19,1.4,0.1,91.4,2188,0.8,-19.9,12.6,,15.2,84.4,1520,-12.7,-34.1,14.1,1.2,,,,,,,,,,,,,,,,,,,,,,,,,,,,,,,,,,,
"Holland, Derek",502706,2018,31,36,171.1,727,23.2,9.2,0.239,0.401,0.309,0.312,7.2,3.7,35.4,23.8,47,42.1,23,26.7,8.2,L,2902,,,,,,,,21.8,80.9,2178,0.8,-38.7,5.4,1.2,8.8,82.9,2125,12,-26.4,18.8,1.3,12.5,78.4,2076,-1.1,-44.9,2.7,1.1,56.9,91.5,2353,14.9,-19.6,20.5,1.2,,,,,,,,,,,,,,,,,,,,,,,,,,,,,,,,,,,,,,,,,,,,,,,,,
"Reed, Cody",642003,2018,25,17,43,188,22.3,8,0.22,0.343,0.319,0.285,3.9,0,30.2,24.3,45.8,62.8,17.1,17.8,2.3,L,719,20.9,92.8,2013,7.6,-22.9,12.1,1.6,40.5,86.7,2296,-4.4,-36.9,5.1,1.8,13.4,87,1607,14.1,-32.8,15.1,1.6,,,,,,,,25.3,92.4,2022,15.4,-30.9,15.7,1.7,,,,,,,,,,,,,,,,,,,,,,,,,,,,,,,,,,,,,,,,,,,,,,,,,
"Elías, Roenis",606273,2018,29,23,51,210,16.2,7.6,0.244,0.369,0.28,0.294,6.9,4.4,32.7,20.6,47.4,35.2,27,28.3,9.4,L,829,32.6,94.3,2435,7.7,-14.6,19.1,1.2,,,,,,,,21,86.7,2050,17.1,-29.3,19.2,1.4,24.2,77.7,2496,-15.2,-58.8,18.9,1.8,22.2,93.9,2431,15.1,-18.5,20.6,1.3,,,,,,,,,,,,,,,,,,,,,,,,,,,,,,,,,,,,,,,,,,,,,,,,,
"Hand, Brad",543272,2018,28,69,72,301,35.2,9.3,0.193,0.327,0.289,0.279,4.4,3.8,28.8,32.4,42.1,46.2,19,27.2,7.6,L,1172,30,93.8,2477,10.5,-18.1,18.3,1.6,,,,,,,,,,,,,,,,,,,,,,15.7,93.3,2334,16.5,-28.1,17.5,1.5,,,,,,,,,,,,,,,,,,,,,,54.3,82,2584,-17.8,-49.4,18.7,1.5,,,,,,,,,,,,,,,,,,,,,
"Chen, Wei-Yin",612672,2018,32,26,133.1,572,19.4,8.2,0.227,0.368,0.318,0.288,5.3,3.9,31.5,20.3,45.5,38.1,26,26.2,9.7,L,2204,53,91.1,2102,5.8,-16,18.4,1.4,22.1,84.9,2195,-5.1,-31.6,8.8,1.6,11.6,83,1461,10.2,-28.7,15.6,1.6,10.3,73.3,2213,-6.3,-62.8,12.5,2.1,3,90.6,1968,13.8,-20.7,19.2,1.4,,,,,,,,,,,,,,,,,,,,,,,,,,,,,,,,,,,,,,,,,,,,,,,,,
"Oswalt, Corey",621261,2018,24,17,64.2,282,16,7.1,0.264,0.452,0.346,0.338,5.6,2.8,36.2,16.4,48.9,43.2,21.1,24.9,10.8,R,1033,43.9,90.7,2099,-7.9,-17,17.6,1.3,0.3,86.4,1957,-0.7,-25.7,10.3,1.4,15.7,83.7,1520,-11.4,-33.1,13.1,1.5,17.7,80.4,1869,5.8,-48.9,9.1,1.7,22.4,89.8,1971,-14.3,-22.4,18.1,1.4,,,,,,,,,,,,,,,,,,,,,,,,,,,,,,,,,,,,,,,,,,,,,,,,,
"Faria, Jake",607188,2018,24,17,65,281,17.8,11.7,0.263,0.452,0.335,0.354,7.7,2.6,39,20.1,44.1,35.4,29.7,25.1,9.7,R,1113,60.6,91.5,2095,-1.5,-14.8,18.9,1.1,17.6,83,1919,4.3,-37.5,5.7,1.7,,,,,,,,3.1,75.3,2093,5.3,-58.7,10.4,1.7,,,,,,,,,,,,,,,18.7,81,1088,-9.4,-37.8,11.1,1.2,,,,,,,,,,,,,,,,,,,,,,,,,,,,,,,,,,,
"Triggs, Andrew",592811,2018,29,9,41.1,182,23.6,9.9,0.242,0.484,0.319,0.351,8.5,1.7,43.1,24.7,42.6,49.2,25.4,20.3,5.1,R,719,5,89.2,2508,-8.6,-22.6,15.2,1.4,20.9,83.5,2594,4.5,-37,6.3,1.4,7.5,82.8,1842,-15.4,-42.1,15.7,1.4,22.9,75.9,2647,16.2,-52.6,16.7,1.3,43.7,89.4,2414,-15.4,-33.2,15.8,1.4,,,,,,,,,,,,,,,,,,,,,,,,,,,,,,,,,,,,,,,,,,,,,,,,,
"Minter, A.J.",621345,2018,24,65,61.1,260,26.5,8.5,0.237,0.338,0.285,0.287,7.8,1.2,35.2,31.8,50,38.9,22.2,26.9,12,L,1020,48.5,96.6,2359,7.1,-13.8,17.5,1.3,,,,,,,,3.1,86.2,1767,13.1,-37.2,13.3,1.2,,,,,,,,,,,,,,,48.3,91.6,2583,-4,-25.9,8.6,1.4,,,,,,,,,,,,,,,,,,,,,,,,,,,,,,,,,,,,,,,,,,
"Buehler, Walker",621111,2018,23,24,137.1,541,27.9,6.8,0.202,0.311,0.247,0.26,5.5,2,32,25.5,49.1,50.4,21.6,21.3,6.6,R,2079,40.7,96.2,2415,-3.7,-11.8,18.3,1.5,15.2,87.1,2761,8.9,-36.1,9.8,2.4,3.9,90.1,1690,-12.4,-23.7,16.4,1.5,13.6,80.2,2757,8.2,-59.2,17.5,2,18.9,96.1,2301,-12.4,-15.5,19.1,1.5,7.7,92.3,2695,5.9,-23.6,11,1.7,,,,,,,,,,,,,,,,,,,,,,,,,,,,,,,,,,,,,,,,,,
"Bumgarner, Madison",518516,2018,28,21,129.2,551,19.8,7.8,0.248,0.426,0.3,0.321,4.3,3.3,35.5,21.4,46.8,43.4,21.3,27.2,8.1,L,2046,34.3,90.8,2078,7.9,-19.7,15.8,0.9,,,,,,,,7.7,83.5,1458,12.8,-33.6,14.1,1.5,22.8,77.4,2297,-9.4,-52.9,11.5,2,0,90.6,2070,14.2,-22.4,18.3,,35.2,85.5,2129,-3.1,-32.6,6.3,1.3,,,,,,,,,,,,,,,,,,,,,,,,,,,,,,,,,,,,,,,,,,
"Romero, Fernando",622864,2018,23,11,55.2,247,18.2,7.7,0.255,0.408,0.334,0.33,4,3.4,36.9,23.5,48.2,47.7,22.2,23.9,6.3,R,959,31.1,95.5,1985,-9.7,-18.8,15.6,1.2,24.7,86.7,2431,2.1,-38.1,3,1.6,11.8,90.1,1646,-14.9,-30.8,15.7,1.5,,,,,,,,32.4,95.3,1934,-16.6,-25.1,17.7,1.4,,,,,,,,,,,,,,,,,,,,,,,,,,,,,,,,,,,,,,,,,,,,,,,,,
"Pérez, Oliver",424144,2018,36,51,32.1,120,35.8,5.8,0.172,0.265,0.18,0.215,1.5,1.5,23.5,34.6,46.4,45.6,23.5,20.6,10.3,L,467,12.6,91.2,2156,12.4,-18.5,19.4,1.8,49,78.8,2308,-8.6,-46.6,8.9,1.7,,,,,,,,,,,,,,,38.3,91.8,2150,17.7,-25.7,19.2,1.5,,,,,,,,,,,,,,,,,,,,,,,,,,,,,,,,,,,,,,,,,,,,,,,,,
"Fillmyer, Heath",641571,2018,24,17,82.1,344,16.6,9.3,0.262,0.411,0.315,0.327,4.7,0.8,34,21.7,44.4,46.2,19,25.7,9.1,R,1323,48.4,92.5,2220,-5.4,-17.9,15.5,1.3,22.2,84.1,2389,2,-40.7,3.2,1.3,14.7,85.4,1654,-13.8,-33.9,14.7,1.5,10.7,79.4,2543,3.8,-53.3,9,1.5,4.1,91.9,2189,-13.2,-22.1,17.2,1.5,,,,,,,,,,,,,,,,,,,,,,,,,,,,,,,,,,,,,,,,,,,,,,,,,
"Barnette, Tony",501817,2018,34,22,26.1,104,25,4.8,0.203,0.362,0.258,0.271,2.8,5.6,35.2,26.3,45.9,50.7,21.1,18.3,9.9,R,405,28.1,93,2523,-2,-14.6,17.2,1.1,,,,,,,,,,,,,,,24.2,80.9,2546,10.5,-45,11.4,1.5,18.5,92.8,2392,-13.3,-19.8,18,1.2,24.9,89.7,2587,5.3,-23,12.5,1.3,4.2,87.7,1748,-10.8,-30.3,12.1,1.3,,,,,,,,,,,,,,,,,,,,,,,,,,,,,,,,,,,
"Ramos, Edubray",591693,2018,25,52,42.2,173,24.3,8.1,0.202,0.305,0.262,0.254,3.4,4.3,21.6,25,45.2,34.5,28.4,20.7,16.4,R,743,35,93.3,2473,-4.9,-17.4,15.4,1.3,57.3,82.9,2580,9.7,-44,10.8,2.1,4.2,87.9,1907,-13.4,-25.1,17.4,1.5,,,,,,,,3.5,92,2292,-14.5,-24.5,16.9,1.5,,,,,,,,,,,,,,,,,,,,,,,,,,,,,,,,,,,,,,,,,,,,,,,,,
"Leiter Jr., Mark",643410,2018,27,20,23.1,123,17.9,9.8,0.292,0.515,0.409,0.375,6.9,3.4,39.1,22.9,45.7,47.1,24.1,23,5.7,R,467,24.2,91.4,1944,-5.3,-15.3,18,1,,,,,,,,,,,,,,,9.9,73.1,2293,7.8,-70.2,18.9,1.2,27.6,91.2,1906,-13,-19.4,18.8,1.1,10.9,87.5,2146,4.1,-29.1,8.3,1.6,27.4,84.6,1124,-6.1,-32.3,8.9,1.4,,,,,,,,,,,,,,,,,,,,,,,,,,,,,,,,,,,
"Ross, Joe",605452,2018,25,3,16,68,10.3,5.9,0.246,0.454,0.37,0.332,5.5,5.5,32.7,17,54,36.4,25.5,23.6,14.5,R,250,30.4,93.2,2103,-8.2,-17.1,16.7,1.3,22.8,86.7,1860,2.2,-30,6.6,1.6,21.6,87.5,1637,-13,-27.2,15.4,1.4,,,,,,,,25.2,93,2092,-14.2,-20.3,18.1,1.2,,,,,,,,,,,,,,,,,,,,,,,,,,,,,,,,,,,,,,,,,,,,,,,,,
"Cole, Gerrit",543037,2018,27,32,200.1,799,34.5,8,0.198,0.337,0.265,0.271,9.3,3.1,39.8,30.8,49.6,37.6,26.5,26.5,9.3,R,3256,50.3,96.5,2379,-11.1,-12.5,20.6,1.4,19.9,88.7,2571,5.2,-31.5,7,1.7,4.5,87.7,1667,-14.5,-24.5,18.5,1.7,19.2,82.5,2842,12.4,-52.8,17,1.9,6.1,96.3,2315,-15.6,-16.3,20.8,1.5,,,,,,,,,,,,,,,,,,,,,,,,,,,,,,,,,,,,,,,,,,,,,,,,,
"Kontos, George",502004,2018,33,28,26.2,116,12.9,6,0.279,0.462,0.339,0.353,9.9,1.1,37.4,22.8,47.8,49.5,22,22,6.6,R,450,2,89.7,2321,-6.1,-19.9,16.3,1.3,22.9,83.5,2499,5.5,-39.5,7.4,1.1,1.6,83.7,2108,-15.5,-27.7,19.9,1.4,0.2,79.5,2601,4.4,-47.2,4.7,,20.9,89.6,2124,-16.2,-26,18.5,1.2,52.4,86.5,2368,0.9,-29.9,8,1,,,,,,,,,,,,,,,,,,,,,,,,,,,,,,,,,,,,,,,,,,
"Perdomo, Luis",606131,2018,25,12,44.2,217,18,10.1,0.271,0.414,0.384,0.336,6.5,2.6,47.4,19,41.8,43.8,16.3,32.7,7.2,R,825,10.8,93.3,1929,-10.5,-19,17.1,1.4,26.4,85.6,2247,1.2,-39.3,2.7,1.5,,,,,,,,,,,,,,,51.4,93.3,1919,-16.3,-24.4,18.3,1.3,,,,,,,,11.4,87.2,1612,-14.6,-31.9,15.7,1.5,,,,,,,,,,,,,,,,,,,,,,,,,,,,,,,,,,,
"Strickland, Hunter",519326,2018,29,49,45.1,201,18.4,10.4,0.259,0.428,0.323,0.337,5.6,2.8,39.4,25,47.2,40.1,25.4,23.2,11.3,R,793,54.5,95,2393,-4.5,-16.2,15.5,1.5,23.5,82.6,2657,9.7,-46.7,11.3,2,11.6,87.8,1646,-14.7,-26.7,18.1,1.5,,,,,,,,10.5,93.8,2233,-14.4,-21.9,17.7,1.7,,,,,,,,,,,,,,,,,,,,,,,,,,,,,,,,,,,,,,,,,,,,,,,,,
"González, Miguel",456068,2018,34,3,12.1,66,7.6,9.1,0.347,0.612,0.512,0.433,9.1,1.8,43.6,15.6,49.6,38.2,21.8,30.9,9.1,R,257,38.1,89.7,2404,-7.9,-16.1,20.6,1.4,17.1,85.9,2540,1.2,-28.3,10.3,1.7,,,,,,,,12.1,76.2,2666,7,-57.1,10.7,1.9,11.7,90,2252,-16.7,-21.2,21.6,1.5,,,,,,,,21,83.7,1365,-13.8,-35.3,16,1.7,,,,,,,,,,,,,,,,,,,,,,,,,,,,,,,,,,,
"Happ, J.A.",457918,2018,35,31,177.2,732,26.4,7,0.226,0.4,0.295,0.302,3.8,2.5,34,24.1,47.8,40.7,27.8,21.7,9.8,L,3049,59.3,92.3,2334,7.1,-14.7,19.4,1.4,12.7,85.3,2187,-2.8,-32.5,6.9,1.7,12.3,86,1619,14.3,-30,16.7,1.4,1.7,75.9,2130,-2.5,-56.7,7.6,2.1,14.1,90.4,2140,14.2,-24.8,17,1.4,,,,,,,,,,,,,,,,,,,,,,,,,,,,,,,,,,,,,,,,,,,,,,,,,
"Boxberger, Brad",502202,2018,30,60,53.1,235,30.2,13.6,0.207,0.352,0.316,0.298,2.3,1.5,38.2,26.9,42.8,48.1,26,17.6,8.4,R,975,66.3,91.3,2266,-3.6,-19.3,15.2,1.8,3,85.8,2292,7.5,-33.9,9.5,2,30.8,79.6,1285,-13.7,-39.8,14.6,1.5,,,,,,,,,,,,,,,,,,,,,,,,,,,,,,,,,,,,,,,,,,,,,,,,,,,,,,,,,,,,,,,
"Yarbrough, Ryan",642232,2018,26,38,147.1,628,20.4,8,0.253,0.406,0.314,0.317,4.3,4.8,26.9,20.6,48.2,38.7,24,28.5,8.8,L,2395,31.8,89.3,2019,14.2,-21.8,19.5,1.5,,,,,,,,25,81.2,2069,18.1,-36.2,19.3,1.1,11.1,76.6,2397,-11.8,-45.5,12.5,2.3,0.5,89.8,1983,14.6,-26.5,16.7,1.4,31.6,87,2147,1.4,-27.6,9.8,1.5,,,,,,,,,,,,,,,,,,,,,,,,,,,,,,,,,,,,,,,,,,
"Ramírez, Erasmo",541640,2018,28,10,45.2,202,16.3,5.9,0.306,0.554,0.381,0.39,7.1,0.6,42.9,19.5,49,39.6,30.5,22.1,7.8,R,752,7.2,90.3,2322,-8.6,-18.1,18.3,1.4,10.2,81.5,2513,5.4,-38.9,6.7,1.5,19.7,82.2,1739,-13.9,-32.9,15.9,1.3,2,75.4,2453,7.3,-53.4,8.7,1.6,33.5,89.7,2288,-15.2,-26,17.7,1.4,27.4,86.1,2454,2.3,-26,11.8,1.3,,,,,,,,,,,,,,,,,,,,,,,,,,,,,,,,,,,,,,,,,,
"Garrett, Amir",607237,2018,26,66,63,264,26.9,9.5,0.225,0.363,0.315,0.296,8.5,4.2,36.4,32,46.2,39.4,24.8,25.5,10.3,L,999,60,95,2077,10.9,-16.6,17.8,1.4,33.4,83.6,1748,-1.7,-36.7,3.7,1.9,3.4,84.5,1780,12.3,-24.7,18,1.6,,,,,,,,3.2,95,2042,16.5,-22.3,18.5,1.5,,,,,,,,,,,,,,,,,,,,,,,,,,,,,,,,,,,,,,,,,,,,,,,,,
"Vizcaíno, Arodys",527055,2018,27,39,38.1,158,25.3,9.5,0.222,0.382,0.287,0.303,5.9,2,34.7,31.7,47.8,33.7,25.7,27.7,12.9,R,621,9.3,97.4,2400,-11.4,-13.6,20,1.4,30,85.3,2476,1.3,-40.8,3.6,1.7,3.2,88.9,2052,-16.3,-27,18.6,1.5,,,,,,,,57.5,97.6,2406,-14.6,-15.9,20.2,1.2,,,,,,,,,,,,,,,,,,,,,,,,,,,,,,,,,,,,,,,,,,,,,,,,,
"Dull, Ryan",623430,2018,28,28,25.1,101,20.8,7.9,0.243,0.401,0.294,0.314,4.2,1.4,34.7,24.1,48.8,34.7,27.8,23.6,13.9,R,407,52.8,90.8,2370,-5.2,-18.5,16.5,1.1,41.5,81.6,2539,8.1,-41.8,8.7,1.2,5.7,85.5,1309,-5.9,-35.6,7,1.4,,,,,,,,,,,,,,,,,,,,,,,,,,,,,,,,,,,,,,,,,,,,,,,,,,,,,,,,,,,,,,,
"Peralta, Wandy",593974,2018,26,59,45.1,227,13.7,13.7,0.291,0.397,0.348,0.352,3.1,1.8,29.4,22.9,46.8,47.9,15.3,29.4,7.4,L,866,21.6,95.7,2061,9.8,-16.4,17.8,1.2,20.7,86.6,2218,-0.1,-34.7,3.6,1.4,30.5,87.3,2132,15.6,-31.8,16.6,1.5,,,,,,,,27.3,95.3,2127,15.7,-20.4,19.3,1.4,,,,,,,,,,,,,,,,,,,,,,,,,,,,,,,,,,,,,,,,,,,,,,,,,
"Carle, Shane",641438,2018,26,53,63,258,16.7,10.1,0.264,0.403,0.262,0.317,6.4,2.7,30.3,26.3,50.5,48.4,18.1,28.2,5.3,R,947,46.7,94.8,2200,-11.5,-16.8,18.3,1.2,25,86.9,2218,3.1,-34.4,4.6,1.7,16.7,87.3,1552,-12.9,-29.8,14.6,1.3,11.5,80.5,2466,6.6,-53.6,12.4,1.3,0.1,94.8,2294,-16.4,-24.6,17.6,,,,,,,,,,,,,,,,,,,,,,,,,,,,,,,,,,,,,,,,,,,,,,,,,,
"Lawrence, Casey",596271,2018,30,11,23.1,106,13.2,9.4,0.276,0.463,0.371,0.354,8.8,1.3,35,21.5,49,47.5,28.7,20,3.8,R,398,22.4,90.6,2229,-11.2,-20.4,17.6,1.3,38.4,81.2,2338,7,-38.4,9.5,1.5,10.3,83.2,1765,-16.7,-32.2,18.4,1.3,0.8,77.4,2373,6.7,-45.9,8,1.4,28.1,90.2,2083,-17.3,-26.7,18.9,1.2,,,,,,,,,,,,,,,,,,,,,,,,,,,,,,,,,,,,,,,,,,,,,,,,,
"Cedeño, Xavier",458584,2018,31,48,33.1,140,24.3,11.4,0.232,0.31,0.265,0.284,2.2,2.2,27.8,31.1,43.5,54.4,16.7,27.8,1.1,L,589,0.3,86.5,2238,1.9,-27.3,11.3,1.5,,,,,,,,,,,,,,,31.2,78.2,2860,-10,-59.6,16.3,1.3,,,,,,,,68.4,86.6,2373,-7.8,-32.2,9.7,1.3,,,,,,,,,,,,,,,,,,,,,,,,,,,,,,,,,,,,,,,,,,
"Reed, Addison",592665,2018,29,55,56,242,18.2,6.2,0.265,0.482,0.359,0.339,11.7,3.9,39,24.1,49.6,32.2,35,22.8,10,R,888,67.6,90.8,2166,-0.6,-17.5,15.5,1.5,29.4,83.9,2136,5.9,-35.2,7.5,1.9,,,,,,,,,,,,,,,3,89.9,2141,-9.8,-20.3,16.6,1.5,,,,,,,,,,,,,,,,,,,,,,,,,,,,,,,,,,,,,,,,,,,,,,,,,
"Andriese, Matt",542882,2018,28,41,78.2,340,22.9,7.4,0.259,0.452,0.345,0.329,7.7,4.7,46.4,25.5,51.6,49.8,22.6,23.4,4.3,R,1344,46.9,92.2,2374,-7.2,-15.6,19,1.3,2.8,86.6,2478,3.2,-34.5,4.9,1.3,41.6,86.1,2087,-5.5,-37.6,6,1.1,8.7,80.8,2676,5.8,-56.7,13.7,1.2,,,,,,,,,,,,,,,,,,,,,,,,,,,,,,,,,,,,,,,,,,,,,,,,,,,,,,,,
"Skaggs, Tyler",572140,2018,26,24,125.1,533,24.2,7.5,0.241,0.383,0.32,0.304,7.2,2.5,38.7,25.7,47,45.4,20.3,26.5,7.8,L,2146,45.8,91.5,2199,2.7,-15.3,17.9,1.7,,,,,,,,13.2,84.2,1754,8.9,-31.8,12,1.6,28.2,74.7,2675,-12.2,-67.2,20.4,2.3,12.8,90.8,2190,13.6,-19.9,19.3,1.7,,,,,,,,,,,,,,,,,,,,,,,,,,,,,,,,,,,,,,,,,,,,,,,,,
"Anderson, Tyler",542881,2018,28,32,176,736,22.3,7.9,0.229,0.375,0.323,0.296,7.6,3.9,31.4,25.2,49.1,38,25,27.6,9.4,L,2848,39.6,91.9,2250,7.7,-15.9,18.5,1.5,,,,,,,,22.9,81.2,1901,11.2,-30.5,16.4,1.7,3.8,73.7,2336,-4.1,-62.6,11.2,2.4,5,91.1,2195,14.5,-21.1,19.1,1.5,28.7,87.6,2464,-2,-26.2,10.1,1.5,,,,,,,,,,,,,,,,,,,,,,,,,,,,,,,,,,,,,,,,,,
"Maton III, Phil",664208,2018,25,45,47.1,214,25.7,10.7,0.204,0.306,0.331,0.273,7.5,4.5,27.7,32.8,47,37.3,26.1,25.4,11.2,R,833,61.1,91,2562,0.8,-19.6,12.8,1.1,,,,,,,,,,,,,,,36.5,78.2,2746,17.4,-49.9,18.3,1.3,,,,,,,,2.4,85.6,2803,9.3,-39.6,10,1.6,,,,,,,,,,,,,,,,,,,,,,,,,,,,,,,,,,,,,,,,,,
"Wainwright, Adam",425794,2018,36,8,40.1,181,22.1,9.9,0.232,0.391,0.327,0.314,5.8,3.3,24,23.3,41.1,51.2,19.8,21.5,7.4,R,724,9.7,89.5,2167,-4.5,-20,14.8,1.6,,,,,,,,5.8,81,1805,-16.1,-34.3,18.6,2.1,36.2,73.6,2707,19,-65.4,23.1,2.5,27.1,89.5,2151,-13.7,-24.8,16.6,1.7,21.3,83.9,2326,6.1,-32,9.5,2.2,,,,,,,,,,,,,,,,,,,,,,,,,,,,,,,,,,,,,,,,,,
"Castillo, José",620454,2018,22,37,38.1,150,34.7,8,0.167,0.26,0.234,0.233,1.2,3.6,30.1,33.7,46,38.6,22.9,21.7,16.9,L,632,55.2,94.7,2230,6.9,-15.7,16.7,1.7,44.6,83.3,2602,-8.2,-41.1,8.7,1.8,0.2,88.1,2064,12.2,-25,16.1,,,,,,,,,,,,,,,,,,,,,,,,,,,,,,,,,,,,,,,,,,,,,,,,,,,,,,,,,,,,,,,,
"Duffy, Danny",518633,2018,29,28,155,692,20.4,10.1,0.263,0.451,0.333,0.346,6.7,3.1,37.3,23.3,46.1,36.1,26.8,28.1,9,L,2775,38.1,93,2264,7,-13.5,19.2,1.8,16.2,83.3,2330,-4.6,-41.2,5.6,1.9,18.6,83.6,2412,14.9,-27.5,18.8,1.9,9.5,76.2,2366,-8.1,-63.2,17.5,2,17.6,93.3,2227,11.7,-16.1,19,1.9,,,,,,,,,,,,,,,,,,,,,,,,,,,,,,,,,,,,,,,,,,,,,,,,,
"Knebel, Corey",608349,2018,26,57,55.1,223,39.5,9.9,0.19,0.339,0.29,0.279,6.4,0.9,43.1,32.3,45.1,49.5,25.7,20.2,4.6,R,988,71,96.9,2477,-3.5,-12.9,16.9,1,,,,,,,,,,,,,,,29,81.6,2623,10,-58.5,19.2,1.2,,,,,,,,,,,,,,,,,,,,,,,,,,,,,,,,,,,,,,,,,,,,,,,,,,,,,,,,
"Sánchez, Aníbal",434671,2018,34,25,136.2,553,24.4,7.6,0.21,0.342,0.277,0.275,6.2,6.5,26.3,24.7,46.5,47,23.4,21.2,8.3,R,2126,33,90.4,2239,-2.4,-17,16.9,1.4,4.9,83.3,2346,5.4,-35.5,7.2,1.6,5.9,71,1355,-7.6,-45.1,12.8,2.9,9.3,77.9,2156,4.3,-48.6,5.7,1.4,7.8,91.1,2156,-11.2,-18.9,18.2,1.4,20.2,88.1,2341,4.6,-23.4,12.8,1.3,19,83.9,1640,-13.3,-32.2,15,1.7,,,,,,,,,,,,,,,,,,,,,,,,,,,,,,,,,,,
"Smith, Caleb",592761,2018,26,16,77.1,326,27,10.1,0.226,0.423,0.301,0.32,7.9,2,34.2,27.3,48.2,30.7,26.2,27.2,15.8,L,1388,58.8,92.7,2365,13,-16,21.9,1.3,27.2,81.6,2340,-3.4,-45.5,4.6,1.3,13.7,83.9,1823,15.4,-29.9,18.8,1.2,0.1,74.8,2236,-4.2,-54.8,5.3,,0.3,93,2272,19.3,-23,22,1.5,,,,,,,,,,,,,,,,,,,,,,,,,,,,,,,,,,,,,,,,,,,,,,,,,
"Makita, Kazuhisa",628318,2018,33,27,35,149,24.8,8.1,0.265,0.421,0.322,0.331,5.1,2,26.3,27.4,49.1,23.5,21.4,41.8,13.3,R,461,63.8,80.6,2021,-11.8,-36.8,13.5,1.3,17.1,70,2021,7.3,-47.3,13.7,1.5,2.6,70.5,1508,-12.9,-60,14.4,1.6,5,59.4,1752,10.1,-68.1,17.4,1.7,11.5,78.9,1919,-14.5,-50,15.7,1.9,,,,,,,,,,,,,,,,,,,,,,,,,,,,,,,,,,,,,,,,,,,,,,,,,
"Mengden, Daniel",596043,2018,25,22,115.2,476,15.1,5.5,0.281,0.494,0.3,0.352,7.2,1.6,37.6,18.2,47.8,40.5,25.1,27.7,6.7,R,1771,39.8,92.3,2144,-6.8,-13.8,19.6,1.4,17.2,82.9,2250,5.1,-42.2,6.3,1.8,13,82.1,1901,-16.2,-33,18.3,1.7,10.3,72.2,2458,9,-71.9,20.6,1.6,13.3,91.6,2051,-12.3,-17.2,19.8,1.4,6.5,86.8,2133,3.9,-32.1,6.1,1.3,,,,,,,,,,,,,,,,,,,,,,,,,,,,,,,,,,,,,,,,,,
"Hardy, Blaine",543278,2018,31,30,86,351,18.8,6.3,0.225,0.365,0.3,0.289,5,4.6,34.5,20.1,45.5,42.5,30.3,18,9.2,L,1367,32,87.8,2163,5.4,-16.8,19.7,1.6,,,,,,,,24.1,79.6,2026,16.4,-32.9,19.9,1.2,9.2,75.3,1953,-5.9,-64.8,16.4,1.5,1.1,88.8,2102,13.8,-21.2,19.5,1.5,33.6,83.5,2361,-5,-31.5,10.1,1.9,,,,,,,,,,,,,,,,,,,,,,,,,,,,,,,,,,,,,,,,,,
"Smith, Burch",572143,2018,28,38,78,358,21.5,11.2,0.256,0.456,0.373,0.35,8.4,2.5,41.4,24.1,45.8,41.4,20.7,27.8,10.1,R,1431,61,93.2,2053,-6.9,-17.1,15.8,1.9,,,,,,,,16.6,81.5,1802,-11.5,-28.2,17.2,1.7,21.5,78,2302,11.7,-58.1,17.1,2.1,0.9,90.1,1796,-12.6,-27.6,13.9,1.6,,,,,,,,,,,,,,,,,,,,,,,,,,,,,,,,,,,,,,,,,,,,,,,,,
"Miller, Andrew",453192,2018,33,37,34,154,29.2,10.4,0.216,0.318,0.321,0.296,3.4,1.1,37.6,31.7,44.6,50,27.3,20.5,2.3,L,556,42.4,93,2032,7.2,-16.4,16.4,1.7,56.7,82.8,2558,-10.8,-42,11.3,1.5,,,,,,,,,,,,,,,0.9,95,1944,16.3,-24.4,17.3,1.5,,,,,,,,,,,,,,,,,,,,,,,,,,,,,,,,,,,,,,,,,,,,,,,,,
"Pazos, James",572021,2018,27,60,50,212,21.2,7.5,0.224,0.364,0.301,0.293,4.8,2.1,34.2,20.4,53.1,47.3,20.5,22.6,9.6,L,802,,,,,,,,8.2,78.9,2029,-4.6,-47.3,6.2,1.7,,,,,,,,,,,,,,,91.8,93.7,1993,12.4,-18.5,18.1,1.8,,,,,,,,,,,,,,,,,,,,,,,,,,,,,,,,,,,,,,,,,,,,,,,,,
"Soroka, Michael",647336,2018,20,5,25.2,113,18.6,6.2,0.286,0.426,0.322,0.33,5.9,1.2,35.3,21.9,47.4,44.7,18.8,36.5,0,R,405,28.4,92.6,2454,-3,-21.1,12.7,1.4,22.7,85.3,2777,7,-41.2,7.9,2,9.4,82.2,2315,-12.4,-29.9,17.4,1.4,,,,,,,,39.5,92.6,2278,-15.4,-28.5,16.4,1.5,,,,,,,,,,,,,,,,,,,,,,,,,,,,,,,,,,,,,,,,,,,,,,,,,
"Bauer, Trevor",545333,2018,27,28,175.1,717,30.8,7.9,0.197,0.307,0.26,0.259,7,3.5,29.1,31.5,45.1,45.3,22.6,25.3,6.7,R,2850,36.8,94.5,2322,-8.3,-14.2,18.5,1.4,0.5,83.1,2689,7.3,-46.4,9.5,1.4,7,87,1852,-15.7,-29.3,17.4,1.5,26.7,79.1,2601,8.3,-63.8,20.3,1.8,5.3,94.4,2317,-15.4,-19.6,19,1.3,10.4,86.7,2611,5.4,-35.9,6.5,1.8,,,,,,,,,,,,,,,13.3,81.9,2665,13.7,-43.1,14.3,1.6,,,,,,,,,,,,,,,,,,,,,
"Harris, Will",501789,2018,33,61,56.2,230,27.8,6.1,0.239,0.362,0.26,0.287,4.7,4.7,29.3,31.9,45.2,54,14,29.3,2.7,R,887,0.3,92.4,2577,-9.4,-22,13.9,1.5,,,,,,,,,,,,,,,37.5,82.5,2720,12.4,-54.8,18.5,1,,,,,,,,62.1,92,2524,3.5,-21.9,11.1,1,,,,,,,,,,,,,,,,,,,,,,,,,,,,,,,,,,,,,,,,,,
"Bracho, Silvino",611093,2018,25,31,31,129,26.4,9.3,0.232,0.332,0.291,0.293,1.3,5,23.8,31.6,51.9,37.5,17.5,27.5,17.5,R,491,55.4,93.2,2344,-4.7,-16.3,16.6,1,7.5,82.9,2349,6.4,-38.7,8,1.4,36.9,83.8,2012,-11,-33.3,13,1.4,,,,,,,,0.2,93.7,2367,-6.1,-23.2,9.9,,,,,,,,,,,,,,,,,,,,,,,,,,,,,,,,,,,,,,,,,,,,,,,,,,
"Fried, Max",608331,2018,24,14,33.2,142,31,14.1,0.228,0.332,0.31,0.317,10.5,1.3,46.1,34,42.2,52.6,14.5,32.9,0,L,571,55.3,93.1,2045,4.3,-18.9,13.4,2,,,,,,,,12.1,84.3,1481,11.6,-32.5,13.1,2.1,29.2,74.3,2840,-8.9,-70.7,21.4,2.1,3.2,91.8,1916,10,-24.2,13,1.5,0.2,94.6,2063,-4.2,-19.8,11.4,,,,,,,,,,,,,,,,,,,,,,,,,,,,,,,,,,,,,,,,,,,
"Velasquez, Vince",592826,2018,26,31,146.2,630,25.6,9.4,0.227,0.35,0.325,0.296,4.7,3.2,34.8,26.7,46.9,40.8,24.6,24.6,10,R,2471,54.3,94,2335,-4.4,-13.9,17.7,1.6,14.9,84.9,2335,4.7,-38,5.2,1.5,4.7,87.8,1642,-12.4,-28.7,14.5,1.5,15.7,81.4,2406,6,-53,12.5,1.9,10.4,92.5,2001,-13.7,-23.8,15.9,1.4,,,,,,,,,,,,,,,,,,,,,,,,,,,,,,,,,,,,,,,,,,,,,,,,,
"Yates, Kirby",489446,2018,31,65,63,250,36,6.8,0.181,0.322,0.236,0.255,5.8,3.6,39.7,34.3,53.2,43.2,23,23,10.8,R,1009,58.4,93.9,2323,-13.5,-16.4,20.6,1,5.4,86.8,2136,-1.2,-32.5,5.6,1.2,,,,,,,,,,,,,,,,,,,,,,,,,,,,,36.3,87.3,1369,-13.2,-34.4,13.8,1,,,,,,,,,,,,,,,,,,,,,,,,,,,,,,,,,,,
"Herrera, Kelvin",516969,2018,28,48,44.1,184,20.7,5.4,0.24,0.399,0.298,0.3,8.9,4.4,36.3,26.8,53.2,37.8,31.1,23,8.1,R,696,41.8,96.6,2218,-8.1,-14.6,17.2,1.6,19,80.7,2692,15.5,-48.7,16.7,1.8,17,88.2,1748,-13.6,-25.7,16.9,1.4,,,,,,,,22.3,96.2,2158,-13.2,-17,18.5,1.5,,,,,,,,,,,,,,,,,,,,,,,,,,,,,,,,,,,,,,,,,,,,,,,,,
"García, Yimi",554340,2018,27,25,22.1,101,18.8,4,0.293,0.586,0.4,0.389,5.3,1.3,48.6,23.6,55.7,35.5,26.3,25,13.2,R,362,55,94.5,2570,-5.3,-17.9,14.4,1.5,23.5,86.4,2651,3.7,-33.9,5.6,1.5,5.5,86.5,1708,-10.7,-27.2,15.1,1.3,14.6,81.5,2766,11.6,-44.6,12,1.5,1.4,93.2,2552,-9.4,-23.3,12.8,1.5,,,,,,,,,,,,,,,,,,,,,,,,,,,,,,,,,,,,,,,,,,,,,,,,,
"Wright Jr., Mike",605541,2018,28,48,84.1,388,19.1,9.3,0.286,0.427,0.36,0.35,4.8,2.2,38,19.8,45.8,36.9,21.4,33.6,8.1,R,1560,39.3,93.7,2212,-8,-16.4,17.4,2.3,30.6,89.4,2201,2.4,-29.1,6.8,1.9,5.5,82.6,1748,-15.5,-33.3,17.5,2.4,6.3,78,2304,7.1,-50.4,8.3,2.9,18.3,92.1,2028,-16.4,-24.6,18.4,2.3,,,,,,,,,,,,,,,,,,,,,,,,,,,,,,,,,,,,,,,,,,,,,,,,,
"Bowman, Matt",621199,2018,27,22,23,109,23.9,10.1,0.248,0.431,0.374,0.332,7,2.8,32.4,20.5,44.4,50.7,19.7,25.4,4.2,R,439,9.3,93.3,2117,-9.8,-17.3,18.1,1.2,20.5,84.6,2298,11.1,-33.3,13.5,1.3,,,,,,,,6.6,76.1,2681,13.4,-63.3,18.6,1.3,50.8,91.2,2011,-17.3,-25.9,19.2,1.3,,,,,,,,12.8,80.9,1153,-10.3,-41.4,11.2,1.5,,,,,,,,,,,,,,,,,,,,,,,,,,,,,,,,,,,
"Reininger, Zac",643617,2018,25,18,21.1,100,18,9,0.298,0.555,0.396,0.382,9.6,1.4,45.2,20.4,41,39.7,28.8,26,5.5,R,395,58,94.2,2327,-8.9,-16.1,17.6,1.1,15.7,82,2376,6.7,-42.5,7.2,1.7,,,,,,,,24.1,78.7,2610,8.9,-54.9,13.6,1.4,2.3,92.4,2264,-15.2,-23,17.9,1.6,,,,,,,,,,,,,,,,,,,,,,,,,,,,,,,,,,,,,,,,,,,,,,,,,
"Hamels, Cole",430935,2018,34,32,190.2,805,23.4,8.1,0.255,0.422,0.325,0.332,5.6,3,35.9,26.9,47.8,46.2,23.3,25,5.5,L,3055,30.3,92.4,2083,7.7,-16.8,17.4,1.5,4.9,85,2115,-0.5,-35.7,3.2,1.4,18.8,83.4,1652,13.4,-30.4,16.6,1.8,13.1,78.8,2197,-5.6,-55.6,11.9,1.6,14.7,91.4,2076,15.1,-23.3,18,1.5,18.2,87.5,2045,-1.1,-27.9,8.2,1.5,,,,,,,,,,,,,,,,,,,,,,,,,,,,,,,,,,,,,,,,,,
"Jackson, Luke",592426,2018,26,35,40.2,184,25,11.4,0.237,0.357,0.321,0.304,4.3,2.6,39.1,25.1,46.8,49.6,13.9,29.6,7,R,707,41.6,94.2,2143,-5.9,-13.8,18,1.4,42.1,86.7,2293,-0.3,-41,4.8,1.3,,,,,,,,15.3,82.4,2403,5,-53,13.4,1.7,,,,,,,,1,88.4,2251,2.9,-24.9,11.2,1.8,,,,,,,,,,,,,,,,,,,,,,,,,,,,,,,,,,,,,,,,,,
"Williams, Trevor",592866,2018,26,31,170.2,701,18,7.8,0.248,0.395,0.287,0.309,4.3,4.7,31,18.7,47.2,43,23.3,26.6,7.2,R,2723,51.5,91.1,2171,-4.4,-18.3,14.9,1.4,15.1,81.4,2203,6.8,-41.3,7.1,1.5,15.3,83.2,1681,-14,-31,16.3,1.4,0.2,75.5,1979,6.4,-52.3,11.3,1.6,18,88.6,1874,-14.1,-27.7,15.7,1.3,,,,,,,,,,,,,,,,,,,,,,,,,,,,,,,,,,,,,,,,,,,,,,,,,
"Montas, Frankie",593423,2018,25,13,65,283,15.2,7.4,0.283,0.458,0.342,0.345,3.7,2.3,40.1,19.4,48.7,43.8,21.2,30.4,4.6,R,992,17,96.4,2425,-5.7,-15.7,15.7,1.3,24.6,86.1,2490,4.5,-34.5,6.6,1.9,2.9,87.4,1843,-16.1,-28,18.3,1.7,,,,,,,,55.4,95.5,2328,-14.8,-20.8,18,1.4,,,,,,,,,,,,,,,,,,,,,,,,,,,,,,,,,,,,,,,,,,,,,,,,,
"Wittgren, Nick",621295,2018,27,32,33.2,148,20.9,10.1,0.221,0.378,0.273,0.295,7.9,1,37.6,22.4,47.6,46.5,23.8,25.7,4,R,600,62.7,92.1,2128,-6.9,-16.5,17,1.2,12.8,82.5,2412,6.1,-43.2,6.9,1.5,15.7,85.4,1784,-12.9,-34.5,13.3,1.3,,,,,,,,7.5,91.8,2099,-14.2,-21.6,17.9,1.2,1.3,87.2,2371,5.9,-30.7,8.1,1.5,,,,,,,,,,,,,,,,,,,,,,,,,,,,,,,,,,,,,,,,,,
"Hicks, Jordan",663855,2018,21,73,77.2,339,20.6,13.3,0.216,0.285,0.275,0.293,5.6,1.4,31.9,24.2,41.8,61.6,12,23.6,2.8,R,1274,1.5,101,2104,-5.7,-13.6,14.5,1.6,22,86.2,2420,11.6,-38.9,12.3,2.6,,,,,,,,,,,,,,,76.5,100.5,2081,-13.8,-18.7,16.5,1.7,,,,,,,,,,,,,,,,,,,,,,,,,,,,,,,,,,,,,,,,,,,,,,,,,
"Montgomery, Jordan",656756,2018,25,6,27.1,116,19.8,10.3,0.223,0.358,0.3,0.294,3.7,3.7,29.6,23.3,47.5,45.7,22.2,19.8,12.3,L,453,21.2,90.5,2196,6.1,-16.1,19.1,1.1,9.1,86.3,2346,-0.5,-29.2,8.5,1.2,22.1,83,1781,9.4,-23.6,19.3,1.1,27.8,79.9,2361,-2,-46.2,3.8,1.5,19.9,89.9,2127,11.8,-18.7,19.7,1.2,,,,,,,,,,,,,,,,,,,,,,,,,,,,,,,,,,,,,,,,,,,,,,,,,
"Ottavino, Adam",493603,2018,32,75,77.2,308,36.4,11.7,0.149,0.235,0.231,0.23,4.5,5.8,29.9,32.7,39.4,44.2,25.3,23.4,7.1,R,1271,1.9,94.1,2276,-7.4,-17.8,14.5,1.4,,,,,,,,0.1,86.6,1766,-14.5,-28.9,16.1,,,,,,,,,41.3,93.8,2288,-12.9,-23.9,14.6,1.2,10,87.1,2589,6,-29.2,9.7,1.6,,,,,,,,,,,,,,,46.7,81.4,2788,16.4,-41,16.7,1.4,,,,,,,,,,,,,,,,,,,,,
"Sabathia, CC",282332,2018,37,29,153,665,21.1,7.7,0.219,0.352,0.313,0.289,5.6,5.6,26.6,24.7,47.9,44.9,20.7,23.5,10.8,L,2506,1,90.2,2070,7.4,-21.9,13.3,1.5,30.9,80,2250,-11.5,-41.4,12.1,1.3,10.1,83.4,1878,9.1,-30.9,12,1.2,,,,,,,,14.2,90.1,2027,13.7,-25,16,1.6,43.7,89.1,2221,-1.2,-23.5,10.7,1.5,,,,,,,,,,,,,,,,,,,,,,,,,,,,,,,,,,,,,,,,,,
"Valdez, Framber",664285,2018,24,8,37,154,22.1,15.6,0.175,0.249,0.281,0.279,1.1,2.2,20.7,22.8,38.9,70.7,13,14.1,2.2,L,633,23.2,92.6,2270,6.2,-18.8,15.2,1.4,,,,,,,,3.3,87.7,1865,14.7,-35.5,15,1.4,30.2,79.7,2929,-12.8,-58.9,18.9,1.5,43.3,91.7,2169,15.4,-30.2,16,1.6,,,,,,,,,,,,,,,,,,,,,,,,,,,,,,,,,,,,,,,,,,,,,,,,,
"Leclerc, José",600917,2018,24,59,57.2,223,38.1,11.2,0.133,0.191,0.205,0.209,2.7,4.5,20,40.9,46.4,34.5,26.4,20,19.1,R,933,44.3,95.3,2594,-3.4,-13.8,17.9,1.5,42.9,81.2,2626,10.2,-40.6,11.1,1.7,6,87.8,2050,-12.8,-26.1,16.9,1.7,3.4,77,2645,12.8,-58.3,16.1,1.5,3.4,95.2,2327,-14.3,-22.7,16.8,1.4,,,,,,,,,,,,,,,,,,,,,,,,,,,,,,,,,,,,,,,,,,,,,,,,,
"Parker, Blake",453284,2018,33,67,66.1,276,25.4,6.9,0.248,0.451,0.322,0.326,6.5,0.5,40.2,24.9,46.2,34.8,26.1,29.3,9.8,R,1146,57.5,92.1,2132,-5,-15.5,17.3,1.2,,,,,,,,,,,,,,,10.8,77.6,2227,6.1,-56.4,12.3,1.6,,,,,,,,0.6,89.4,2309,3.7,-25.7,9.4,1.6,31.1,80.4,1034,-9.3,-42.4,9.8,1.5,,,,,,,,,,,,,,,,,,,,,,,,,,,,,,,,,,,
"Wilson, Alex",543935,2018,31,59,61.2,245,17.6,6.1,0.239,0.415,0.277,0.306,4.3,3.2,34.6,20.6,47,49.7,18.4,23.8,8.1,R,941,13.4,92.3,2301,-3.6,-14.7,18,1.1,53.7,86.5,2414,5.1,-30.7,8.2,1.1,1.8,88.4,1598,-14,-25.1,17.6,1.4,2.7,81.2,2403,5.2,-45.4,6.8,1.3,28.5,92,2074,-11.7,-18.3,18.3,0.9,,,,,,,,,,,,,,,,,,,,,,,,,,,,,,,,,,,,,,,,,,,,,,,,,
"Jones, Nate",518858,2018,32,33,30,137,23.4,10.9,0.249,0.433,0.32,0.343,8,6.9,35.6,30.7,48.7,41.4,20.7,28.7,9.2,R,515,,,,,,,,33.2,88.8,2279,2,-31.8,4.8,1.5,2.1,88.5,2047,-12.6,-23.9,17.3,1.6,,,,,,,,64.7,97.2,2441,-12.1,-13.9,20.1,1.2,,,,,,,,,,,,,,,,,,,,,,,,,,,,,,,,,,,,,,,,,,,,,,,,,
"Floro, Dylan",571670,2018,27,54,64,271,21.4,8.5,0.214,0.298,0.272,0.256,3.7,3.2,31.2,25.4,47.6,56.6,17.5,21.2,4.8,R,987,9.7,93.8,2240,-9.1,-16.2,17.6,1.3,28.2,86.9,2141,2,-31.2,6.1,1.6,8.5,85.8,1986,-16.1,-34.7,16.5,1.4,,,,,,,,53.6,93.1,2185,-16.9,-24,18.8,1.3,,,,,,,,,,,,,,,,,,,,,,,,,,,,,,,,,,,,,,,,,,,,,,,,,
"Vincent, Nick",543883,2018,31,62,56.1,238,23.5,5.9,0.209,0.369,0.279,0.272,4.8,3.6,30.9,24.6,53.4,30.9,35.2,23,10.9,R,826,47.6,89.3,2345,-4.5,-18.4,17.3,1.2,0.1,80.7,2682,4.9,-49.2,7.2,,3.8,83.4,1787,-16.4,-32.9,18.1,1.3,,,,,,,,1.7,89.4,2170,-13.8,-23.9,17.7,1.6,46.9,87.4,2425,2.9,-24.4,12.7,1.2,,,,,,,,,,,,,,,,,,,,,,,,,,,,,,,,,,,,,,,,,,
"Miller, Justin",502522,2018,31,51,52.1,215,27.9,7.9,0.195,0.395,0.301,0.286,4.4,2.2,31.6,26.4,53.4,35.3,38.2,18.4,8.1,R,885,63.1,93.9,2447,-4.4,-14.3,17.7,1,27.2,86.1,2637,7.5,-37.1,7.8,1.4,1.8,89.5,2013,-13.5,-22.4,18.2,1.4,,,,,,,,7.9,94.3,2281,-13.2,-17.4,19.1,1.1,,,,,,,,,,,,,,,,,,,,,,,,,,,,,,,,,,,,,,,,,,,,,,,,,
"Alexander, Scott",518397,2018,28,73,66,268,20.9,10.1,0.226,0.313,0.295,0.283,3.3,3.3,35,27.2,45.6,71.6,8.2,18,2.2,L,967,1.9,92.5,2246,12.2,-21.4,16.6,1.6,10.8,85.3,2303,-3.1,-40.4,4.2,1.2,4,86.7,1719,14.9,-33.7,15.3,1.5,,,,,,,,83.4,93.3,2224,14.1,-27.5,14.9,1.3,,,,,,,,,,,,,,,,,,,,,,,,,,,,,,,,,,,,,,,,,,,,,,,,,
"Freeman, Sam",518693,2018,31,63,50.1,216,26.9,14.8,0.226,0.311,0.301,0.303,6.5,4.8,30.6,31.2,44.8,54,14.5,25.8,5.6,L,886,38,95.2,2127,4.3,-15.2,16.8,1.2,,,,,,,,,,,,,,,14.9,83.1,2608,-9.4,-43.8,10.6,1.8,22.6,95,2035,13.7,-19.3,18.4,1.2,,,,,,,,24.5,86,1311,12.8,-33.2,14.3,1.3,,,,,,,,,,,,,,,,,,,,,,,,,,,,,,,,,,,
"Stroman, Marcus",573186,2018,27,19,102.1,449,17.1,8,0.26,0.396,0.33,0.323,3.9,3.6,40.4,22.1,44.2,63.8,13.8,20.1,2.4,R,1707,4.9,92.7,2379,-4.4,-18.5,15.1,1,0.2,88.2,2663,4.9,-36.9,4.9,1.5,4.6,82.7,1753,-14.9,-33.6,17.2,2.4,0.7,72.4,2464,15.4,-61,16.2,1.5,43.9,92.3,2312,-10.3,-27.3,12,0.9,15.8,90.7,2506,1.7,-26.9,7.7,1.1,,,,,,,,,,,,,,,,,,,,,,30.1,85.2,2659,11.5,-39.9,12,2.2,,,,,,,,,,,,,,
"Minor, Mike",501985,2018,30,28,157,640,20.6,5.9,0.242,0.445,0.312,0.319,5.2,3.5,35.3,22.3,48.9,34.8,27.9,25.8,11.5,L,2548,48.3,92.8,2543,6,-15.6,17.9,1.5,21.1,87.3,2580,-4,-28.7,9.4,1.4,19.5,85.8,2197,16.4,-26,20.7,1.8,10.8,80.5,2443,-5,-52.5,9.7,1.9,0.3,92.7,2516,13.1,-17.3,20.2,1.4,,,,,,,,,,,,,,,,,,,,,,,,,,,,,,,,,,,,,,,,,,,,,,,,,
"Plutko, Adam",592644,2018,26,17,76.2,326,18.4,7.1,0.245,0.491,0.364,0.336,8.3,2.5,38.4,19,51.1,28.5,37.2,21.1,13.2,R,1266,59.7,91,2259,-4.2,-14.3,20.1,1.2,20.8,81.8,2488,5.4,-36.7,8.8,1.9,9.8,84.4,1869,-6.8,-25.9,15.5,1.7,9.7,75.4,2848,9.5,-61.9,15,1.6,,,,,,,,,,,,,,,,,,,,,,,,,,,,,,,,,,,,,,,,,,,,,,,,,,,,,,,,
"Barnes, Matt",598264,2018,28,62,61.2,265,36.2,11.7,0.181,0.311,0.279,0.27,6.6,1.5,39.7,35.9,41.7,52.9,22.1,20.6,4.4,R,1108,54.8,96.6,2373,-9.3,-12.3,19.2,1.4,,,,,,,,0.1,89.9,2158,-9.3,-17,18.9,,40.6,84.5,2319,3.2,-50.2,12.2,2,,,,,,,,,,,,,,,4.5,89.3,1428,-12.8,-30.2,13.9,1.5,,,,,,,,,,,,,,,,,,,,,,,,,,,,,,,,,,,
"Velázquez, Hector",584171,2018,29,47,85,370,14.3,7,0.28,0.417,0.334,0.335,7,2.1,35.6,18.3,49.2,50.4,16.2,26.4,7,R,1386,22.9,91.5,2096,-7.8,-17.2,17.2,1.4,13.5,84,1877,2.2,-34.1,6,1.9,23.5,85.4,1371,-8.6,-34.1,9.6,1.7,3.2,76.6,2149,6.4,-52.3,9,1.9,36.9,90.2,2054,-13.6,-24.2,16.4,1.5,,,,,,,,,,,,,,,,,,,,,,,,,,,,,,,,,,,,,,,,,,,,,,,,,
"Márquez, Germán",608566,2018,23,33,196,815,28.2,7,0.224,0.355,0.3,0.282,6.5,2.9,39.1,28.1,47.4,48.5,19.8,27.1,4.6,R,3117,46,95.4,2207,-6.2,-17,15.6,1.6,15.8,85.5,2349,2,-37.2,3.4,1.9,6.4,85.7,1730,-11.7,-29.7,15.4,1.9,22.7,82,2689,6.1,-50.6,10.3,2.8,9,94.1,2154,-13.6,-23.4,16.2,1.7,,,,,,,,,,,,,,,,,,,,,,,,,,,,,,,,,,,,,,,,,,,,,,,,,
"Ríos, Yacksel",605441,2018,25,36,36,165,21.8,9.1,0.24,0.38,0.363,0.306,4.5,5.4,33,25.5,48.7,47.3,20.5,25.9,6.3,R,621,20.1,96.1,2037,-9.2,-15.3,17.3,1.5,24,86.2,1943,-0.5,-33.8,5.1,2.3,,,,,,,,11.8,85,2285,1.8,-43.7,6.5,1.6,44.1,95.9,2040,-14.9,-18.4,19.1,2,,,,,,,,,,,,,,,,,,,,,,,,,,,,,,,,,,,,,,,,,,,,,,,,,
"Anderson, Justin",605121,2018,25,57,55.1,240,27.9,16.7,0.189,0.258,0.295,0.281,1.6,4.7,35.7,37,38.8,53.5,17.8,18.6,10.1,R,1050,24.5,97.2,2286,-7.3,-12.3,18.4,1.1,55,85.6,2378,9,-37.5,9.7,1.6,,,,,,,,0.1,73.6,1983,7.4,-54.3,7.5,,20.5,97.2,2289,-12.9,-15.3,19,2.3,,,,,,,,,,,,,,,,,,,,,,,,,,,,,,,,,,,,,,,,,,,,,,,,,
"Snell, Blake",605483,2018,25,31,180.2,700,31.6,9.1,0.202,0.341,0.246,0.274,4.8,3.4,32.7,34.6,45.4,45.7,26.1,23.4,4.8,L,2913,51.5,95.8,2364,4.7,-11.6,18.7,1.4,9.1,88,2399,-4.9,-32.9,6.2,1.6,19.2,87.5,1777,13.3,-23.4,18.1,1.4,20.2,81.3,2517,-6,-54.1,13.2,1.7,,,,,,,,,,,,,,,,,,,,,,,,,,,,,,,,,,,,,,,,,,,,,,,,,,,,,,,,
"Kolarek, Adam",592473,2018,29,31,34.1,141,13.5,3.5,0.238,0.344,0.295,0.272,6.9,3.4,32.8,20.2,50,58.6,14.7,22.4,4.3,L,503,10.9,92.1,2251,14,-18.8,19.5,1.4,13.9,78.2,1953,-5.2,-44.7,6.8,2.2,22.1,82.4,2216,20.6,-41.1,20.8,1.2,0.2,71.8,1875,-8.1,-65.9,13,,52.9,89.6,2149,18.9,-38.6,19.5,1.2,,,,,,,,,,,,,,,,,,,,,,,,,,,,,,,,,,,,,,,,,,,,,,,,,
"Junis, Jakob",596001,2018,25,30,177,758,21.6,5.7,0.248,0.432,0.331,0.323,4.1,2.8,35.6,22,46.9,42.7,27.4,22.9,6.9,R,2838,33,91.3,2024,-6.6,-20,14.9,1.3,34.2,82.2,2474,14.5,-45.2,15.1,1.3,5.9,84.7,1488,-9.1,-33.8,11,1.7,6.6,79.1,2364,14.4,-49.1,15.2,1.3,20.3,90.6,1978,-14.8,-26.3,16.8,1.5,,,,,,,,,,,,,,,,,,,,,,,,,,,,,,,,,,,,,,,,,,,,,,,,,
"Hernández, Elieser",622694,2018,23,32,65.2,284,15.8,9.5,0.253,0.45,0.345,0.335,6.7,3.3,33.3,21.1,43.8,29.5,32.4,26.2,11.9,R,1113,62.1,90.6,2203,-5.9,-16.1,18.7,1.5,22.9,80.3,2045,6.6,-40.3,8.1,2.1,15,82.8,1642,-15.4,-34,16.7,2.1,,,,,,,,,,,,,,,,,,,,,,,,,,,,,,,,,,,,,,,,,,,,,,,,,,,,,,,,,,,,,,,
"McGuire, Deck",592547,2018,29,21,38,177,18.6,14.7,0.273,0.49,0.385,0.389,7.1,0,43.4,21.9,43.4,37.2,28.3,27.4,7.1,R,715,56.1,93.3,2380,-8.9,-15.4,19.2,1.1,21.4,83.8,2541,5.2,-44.6,6.9,1.3,9.8,87,2290,-16,-27.8,18.7,1.1,12.4,76.7,2634,12.9,-63.1,19.2,1.2,0.3,93,2212,-16.4,-22.7,19.1,1.4,,,,,,,,,,,,,,,,,,,,,,,,,,,,,,,,,,,,,,,,,,,,,,,,,
"Berríos, José",621244,2018,24,32,192.1,797,25.3,7.7,0.223,0.366,0.292,0.295,5,4.6,34.4,25.6,47.9,43,24.2,23.2,9.6,R,2980,34.4,93.4,2213,-10.2,-16.3,18.5,1.4,,,,,,,,9.1,83.7,1633,-14.6,-35.5,15.3,1.8,0,72.2,2293,17.6,-62.1,18.8,,26,92.8,2145,-16.4,-21.7,19.4,1.5,,,,,,,,,,,,,,,,,,,,,,,,,,,,,30.4,81.7,2360,15.4,-43.9,15.7,1.7,,,,,,,,,,,,,,
"Loup, Aaron",571901,2018,30,59,39.2,183,24,7.7,0.256,0.384,0.348,0.318,5,4.1,27.3,25.9,45.9,51.2,20.7,23.1,5,L,711,,,,,,,,,,,,,,,8.6,79.7,1971,18,-46,18.2,1.4,9.6,75.9,2672,-17.8,-56.5,19.3,1.4,65.5,92,2232,19.9,-29,20.5,1.2,16.3,84,2505,-1.2,-39.2,2.9,1.5,,,,,,,,,,,,,,,,,,,,,,,,,,,,,,,,,,,,,,,,,,
"Blackburn, Paul",621112,2018,24,6,27.2,119,16,5,0.272,0.379,0.341,0.307,4.3,2.2,31.5,18.8,48.2,47.8,16.3,26.1,9.8,R,441,10.9,90,2219,-2.8,-19.7,14.7,1.2,36.3,86.2,2454,6.8,-33.4,8.5,1.6,13.8,84.4,1732,-11.8,-30.9,14.3,1.2,9.8,77.9,2600,9.7,-63.2,18.9,1.3,29.3,89.5,2142,-10.6,-24.2,14.6,1.1,,,,,,,,,,,,,,,,,,,,,,,,,,,,,,,,,,,,,,,,,,,,,,,,,
"Leake, Mike",502190,2018,30,31,185.2,783,15.2,4.3,0.297,0.471,0.326,0.348,6.6,2.2,39.6,16.7,49.7,49.7,19.7,25.8,4.8,R,2796,2.7,89.1,2121,-8.8,-26.9,12.8,1.5,11,80.2,2447,8.5,-46.2,9,1.4,18.7,83.7,1769,-14.4,-40.8,14.7,1.6,10.9,78.4,2560,15.8,-53.8,17.3,1.6,34.7,88.8,2006,-14,-32.3,14.7,1.5,22.1,87.3,2200,0.6,-30.1,7.9,1.6,,,,,,,,,,,,,,,,,,,,,,,,,,,,,,,,,,,,,,,,,,
"Suter, Brent",608718,2018,28,20,101.1,424,19.8,4.5,0.26,0.437,0.321,0.318,4.1,7.6,24.9,23,48.1,36.3,25.9,30.3,7.6,L,1637,67.8,86.6,2153,0.2,-21.3,14.3,1.3,5.4,78.6,2234,-5.4,-45.2,5.9,1.5,12.9,80.2,1775,11.8,-28.9,17.7,1.6,12.9,74,2198,-8.5,-55.6,9.9,1.6,1,86.4,2166,11.3,-23.6,16.6,1.3,,,,,,,,,,,,,,,,,,,,,,,,,,,,,,,,,,,,,,,,,,,,,,,,,
"Nuño, Vidal",573064,2018,30,17,33,134,21.6,7.5,0.193,0.317,0.264,0.249,5.4,4.3,26.9,23.8,51.2,31.2,35.5,21.5,11.8,L,500,17.4,89,2337,2.5,-18.4,17.5,1.5,67,84.9,2496,-7.2,-31.8,10.9,1.8,9.2,81.7,1608,13.4,-28.6,19.3,1.4,6.4,80,2585,-9.7,-49.6,11,1.6,,,,,,,,,,,,,,,,,,,,,,,,,,,,,,,,,,,,,,,,,,,,,,,,,,,,,,,,
"Gibson, Kyle",502043,2018,30,32,196.2,826,21.7,9.6,0.251,0.392,0.306,0.319,6.7,3,36.4,26.7,45.2,51.4,17.9,25.5,5.1,R,3234,23.3,93.1,2219,-5.7,-15.1,17,1.4,20.8,85.4,2472,4.8,-37.4,5.4,1.3,11,85.6,1696,-13.7,-31.2,14.9,1.3,10.5,80.7,2471,6,-50.1,10.5,1.4,34.4,92.9,2086,-14.1,-19.9,18.1,1.6,,,,,,,,,,,,,,,,,,,,,,,,,,,,,,,,,,,,,,,,,,,,,,,,,
"Chacín, Jhoulys",468504,2018,30,35,192.2,796,19.6,8.9,0.246,0.402,0.287,0.32,5.6,5.6,37.8,21.2,43.4,44.4,21.9,26,7.7,R,3006,13.1,89.9,2136,-7.8,-21,16.2,1.5,44.8,79.3,2367,13.3,-43.1,13.8,1.7,2.1,82.7,1387,-9.9,-34.2,12.5,1.6,0.5,73.3,2365,12,-57.3,13.1,1.7,34.6,90.2,2026,-15.9,-27.5,17.7,1.5,,,,,,,,4.9,86.1,1598,-9,-33.6,10.6,1.6,,,,,,,,,,,,,,,,,,,,,,,,,,,,,,,,,,,
"Bibens-Dirkx, Austin",502212,2018,33,13,45,203,16.3,6.9,0.279,0.444,0.388,0.347,7.3,2,41.1,22,48.6,35.8,23.8,34.4,6,R,778,33.9,89.4,2116,-13.5,-20.5,20.2,1.2,21.3,85.2,2241,1,-33.1,6.2,1.5,17.9,82.9,1715,-12.8,-34.6,14.6,1.3,13.4,80.2,2591,6.1,-48.5,7.8,1.2,13.5,89.1,1992,-16.9,-27.1,19,1.2,,,,,,,,,,,,,,,,,,,,,,,,,,,,,,,,,,,,,,,,,,,,,,,,,
"Estrada, Marco",462136,2018,34,28,143.2,627,16.4,8,0.244,0.454,0.36,0.332,7.9,3.2,33.3,23.2,48.6,25.7,33.5,26.1,14.6,R,2497,49.3,88.5,2302,-4.2,-14,23,1.2,,,,,,,,37,76.8,2021,-10,-29.6,21.2,1.2,7.6,76.6,2620,5.6,-60.1,12.1,1.7,,,,,,,,6,84.9,2464,4.9,-29.9,11.2,1.4,,,,,,,,,,,,,,,,,,,,,,,,,,,,,,,,,,,,,,,,,,
"Morton, Charlie",450203,2018,34,30,167,695,28.9,9.2,0.205,0.326,0.293,0.284,4.4,3.6,31,28.5,44.8,48.9,20.3,25.4,5.3,R,2686,31.1,96.1,2243,-14.1,-17.6,18.9,1.3,,,,,,,,,,,,,,,29.3,79.7,2923,17.8,-56,21.1,1.3,27.1,95.1,2109,-17.5,-24.1,18.8,1.2,6.3,88.3,2518,3.5,-31.8,6.4,1.9,6.3,87.3,2122,-18.7,-32.8,19.2,1.5,,,,,,,,,,,,,,,,,,,,,,,,,,,,,,,,,,,
"García, Jarlín",606424,2018,25,29,66,278,14.4,10.1,0.282,0.542,0.334,0.38,5.7,1.9,37.9,19,44.3,43.8,25.2,22.9,8.1,L,1019,52.3,92.1,2068,14.5,-20.7,19.1,1.2,22.8,85.1,2195,-3.6,-32.1,8.1,1.8,24.7,85.7,2195,18.6,-30.2,20.3,1.4,0.2,79.3,,-5,-44.1,5,1.5,,,,,,,,,,,,,,,,,,,,,,,,,,,,,,,,,,,,,,,,,,,,,,,,,,,,,,,,
"Meyer, Ben",656738,2018,25,13,19,97,9.3,14.4,0.288,0.478,0.425,0.391,10,0,45.7,13.3,44.7,44.3,21.4,30,4.3,R,369,,,,,,,,,,,,,,,10,82.6,2030,-16.2,-33.1,17.8,1.5,23.6,76.8,2057,7.9,-53.7,11,1.2,66.4,91.6,2223,-14.9,-18.9,20,1.4,,,,,,,,,,,,,,,,,,,,,,,,,,,,,,,,,,,,,,,,,,,,,,,,,
"Hunter, Tommy",488984,2018,31,65,64,270,18.9,5.6,0.253,0.403,0.318,0.308,4,3,35.3,21.3,53.4,51.2,21.9,22.9,4,R,957,8.6,96.2,2410,-7,-13.6,17.6,1.3,,,,,,,,,,,,,,,13.4,84.4,2750,10.4,-45,12.2,1.6,33.3,95.7,2419,-13.3,-18.1,17.9,1.1,44.7,93.3,2434,2.5,-20.7,11.3,1.3,,,,,,,,,,,,,,,,,,,,,,,,,,,,,,,,,,,,,,,,,,
"Norris, Bud",502032,2018,33,64,57.2,245,27.3,8.6,0.216,0.354,0.301,0.285,5.3,4.6,33.3,27.1,49.3,44.7,21.1,27,7.2,R,969,26.5,94.4,2450,-5.5,-13.4,18.6,1.2,7.4,84.1,2715,5.7,-44.5,7.4,1.2,0.2,88.3,2024,-13.4,-25.2,17.5,1.5,,,,,,,,29.7,94.6,2423,-13.1,-15.7,20.2,1.2,36.1,89.7,2577,3.8,-28.9,7.1,1.4,,,,,,,,,,,,,,,,,,,,,,,,,,,,,,,,,,,,,,,,,,
"Salas, Fernando",477569,2018,33,41,40,170,17.6,7.6,0.235,0.405,0.307,0.298,6.4,1.6,40,22,47.4,42.4,24.8,23.2,9.6,R,663,59,90.5,2196,-4.5,-15.3,19.4,1.2,,,,,,,,25,86.4,1793,-9.7,-23.5,17,1.2,16,81.5,2168,1.7,-44.4,3.5,1.3,,,,,,,,,,,,,,,,,,,,,,,,,,,,,,,,,,,,,,,,,,,,,,,,,,,,,,,,
"deGrom, Jacob",594798,2018,30,32,217,835,32.2,5.5,0.2,0.289,0.23,0.243,4.1,4.5,28.9,31,52.5,47.8,20,22.9,9.3,R,3210,42.8,96,2362,-4.3,-13.2,16.5,1.5,24,91.1,2496,3.9,-26.9,7,1.5,16.1,89,1700,-12.6,-28.4,14.1,1.5,7.9,82.7,2564,6.6,-43.9,8,1.6,9.2,95.5,2257,-12,-17.6,16.8,1.6,,,,,,,,,,,,,,,,,,,,,,,,,,,,,,,,,,,,,,,,,,,,,,,,,
"Swarzak, Anthony",461872,2018,32,29,26.1,116,26.7,12.1,0.241,0.439,0.37,0.34,7.1,1.4,37.1,22.4,43.8,31.4,31.4,32.9,4.3,R,488,53.1,93.9,2295,-7.1,-13.5,19.2,1.2,46.5,85.4,2432,4.2,-38,4.9,1.3,,,,,,,,,,,,,,,0.4,93.5,2353,-14.3,-16.9,21,1.4,,,,,,,,,,,,,,,,,,,,,,,,,,,,,,,,,,,,,,,,,,,,,,,,,
"Kittredge, Andrew",552640,2018,28,33,38.1,181,16.6,9.4,0.295,0.48,0.398,0.359,3.8,3.8,47.7,22.6,46.4,51.1,20.3,26.3,2.3,R,636,39.9,93,2166,-8.5,-15.9,17.9,1.1,54.6,84.5,2576,7.5,-41.3,8.2,1.5,5.5,84.2,1218,-10.1,-35.2,11.8,2,,,,,,,,,,,,,,,,,,,,,,,,,,,,,,,,,,,,,,,,,,,,,,,,,,,,,,,,,,,,,,,
"Tomlin, Josh",458708,2018,33,32,70.1,321,14.3,3.7,0.297,0.581,0.396,0.386,5,1.9,38,19,49.3,31.7,30.5,28.6,9.3,R,1136,27.9,87.9,2205,-10.2,-20.5,19,1.6,,,,,,,,4.8,83.1,1697,-14.7,-32.2,17.5,1.6,22.8,75.1,2758,10.3,-63.7,16.2,1.6,5.5,87.3,2147,-13.7,-23.9,19.1,1.8,39,85.8,2591,2.9,-27.2,11.7,1.7,,,,,,,,,,,,,,,,,,,,,,,,,,,,,,,,,,,,,,,,,,
"Coulombe, Danny",543056,2018,28,27,23.2,98,26.5,11.2,0.213,0.346,0.363,0.29,4.9,1.6,34.4,31,44.2,55.7,23,19.7,1.6,L,394,22.8,89.4,2276,4.1,-23.5,12.3,1.2,37.8,85.1,2380,-2.5,-34.1,5.7,1.5,,,,,,,,28.9,79.6,2571,-7.3,-63,19.2,1.5,10.4,89.8,2186,12.3,-25.3,15.8,1.3,,,,,,,,,,,,,,,,,,,,,,,,,,,,,,,,,,,,,,,,,,,,,,,,,
"Brebbia, John",605154,2018,28,45,50.2,209,28.7,7.7,0.197,0.354,0.278,0.265,6,3.8,28.6,29.6,46.2,33.1,30.8,25.6,10.5,R,833,51.5,94.6,2389,-9.4,-13.1,19.8,1.5,45.5,82.8,2621,8.5,-39,8.9,2.1,1.4,88.6,2167,-14.5,-24.5,18,1.7,,,,,,,,1.6,93.5,2158,-15.9,-21.2,18.8,1.3,,,,,,,,,,,,,,,,,,,,,,,,,,,,,,,,,,,,,,,,,,,,,,,,,
"Pruitt, Austin",643493,2018,28,23,69.2,291,14.4,5.5,0.263,0.406,0.307,0.31,7.8,2.6,35.5,20.4,51.2,49.6,25,22,3.4,R,1018,43.9,91.8,2285,-2.6,-18,16,1.1,25.7,87.9,2591,2.5,-33.1,5.3,1.2,9,85.7,1802,-11.4,-29.7,14.7,1.1,20.6,83,2891,4.2,-50,9.3,1.4,0.7,92,2207,-8.8,-19.9,16.4,1.5,,,,,,,,,,,,,,,,,,,,,,,,,,,,,,,,,,,,,,,,,,,,,,,,,
"Romo, Sergio",489265,2018,35,73,67.1,283,26.5,7.1,0.208,0.374,0.312,0.28,5.9,3.8,30.8,31.7,45.5,37.6,30.6,21.5,10.2,R,1129,14.5,86.4,2270,-12.3,-24.1,18.1,1.1,58,76.9,2854,15.9,-40.3,18.3,1.6,12,80.4,2042,-19,-38.7,19.7,1.2,,,,,,,,15.4,86.1,2171,-18.4,-34.8,18.7,1.2,,,,,,,,,,,,,,,,,,,,,,,,,,,,,,,,,,,,,,,,,,,,,,,,,
"Kimbrel, Craig",518886,2018,30,63,62.1,247,38.9,12.6,0.172,0.295,0.255,0.265,7.6,3.4,33.1,40,46.1,29.7,27.1,30.5,12.7,R,1110,64.7,97.1,2356,-9.3,-13.6,18.2,1.2,,,,,,,,0.1,91.3,1744,-13.6,-30.9,13.6,,35.2,86.6,2579,10.5,-45,13.4,1.2,,,,,,,,,,,,,,,,,,,,,,,,,,,,,,,,,,,,,,,,,,,,,,,,,,,,,,,,
"Holmes, Clay",605280,2018,25,11,26.1,129,16.3,17.8,0.256,0.349,0.368,0.349,1.2,0,38.6,21.2,36.9,57.8,15.7,24.1,2.4,R,499,22.6,94.5,2167,-8.9,-18.4,15.5,1.8,0.6,87.4,2368,2.5,-37.1,2.9,1.6,3.4,86.3,1427,-11.6,-32.6,12.4,1.3,13.6,81.6,2537,7.2,-54.4,14.2,1.6,48.5,94.2,2057,-15.1,-24.8,16.5,1.9,11.2,89.5,2325,0.6,-29.5,5.5,1.7,,,,,,,,,,,,,,,,,,,,,,,,,,,,,,,,,,,,,,,,,,
"Font, Wilmer",521655,2018,28,19,44,192,18.8,8.3,0.235,0.444,0.357,0.323,9.4,1.4,42.4,21.3,47.9,42.4,29.5,20.9,7.2,R,841,59.1,94.6,2262,-4.7,-12.9,18,1.9,9.3,82.2,2259,5.9,-42.4,6.9,1.6,,,,,,,,17,75.2,2445,9,-63.4,17.3,1.6,6.4,92.6,2183,-11.8,-16.2,19.3,1.7,,,,,,,,8.2,84.7,1235,-7.1,-31,10.8,1.9,,,,,,,,,,,,,,,,,,,,,,,,,,,,,,,,,,,
"Foltynewicz, Mike",592314,2018,26,31,183,743,27.2,9.2,0.202,0.33,0.265,0.274,4.3,1.9,34.5,25.1,44,43.7,24,22.9,9.4,R,3039,40.1,96.3,2349,-8.1,-13.5,18.5,1.7,27.3,86.7,2518,4.2,-34.1,6.1,2.4,6.2,87.8,1909,-14.5,-24.6,18.5,1.9,10,80,2499,4.8,-48.3,6.8,2.6,16.4,96.5,2248,-15.7,-18.5,19.4,2,,,,,,,,,,,,,,,,,,,,,,,,,,,,,,,,,,,,,,,,,,,,,,,,,
"VerHagen, Drew",572403,2018,27,41,56.1,233,22.7,8.2,0.193,0.321,0.283,0.269,7,2.5,33.5,28.5,45.4,47.5,25.9,17.7,8.9,R,911,4.6,94.4,2367,-1.1,-15.8,15.2,1.3,28.4,86,2281,7.5,-38.9,8.1,1.8,0.9,89.6,2297,-8.9,-24.1,14.5,1.4,16.8,79.6,2409,10,-60.3,18.5,1.6,49.3,94,2252,-13.2,-20.6,17,1.2,,,,,,,,,,,,,,,,,,,,,,,,,,,,,,,,,,,,,,,,,,,,,,,,,
"Farrell, Luke",608652,2018,27,20,31.1,141,27.7,11.3,0.249,0.427,0.338,0.331,9.4,0,42.4,26.4,47.1,30.6,32.9,30.6,5.9,R,593,58.3,92.4,2391,-5.9,-14,19.5,1.5,29.2,84.2,2424,2,-37.1,3.6,1.5,5.1,84.5,1610,-11.9,-31.4,14.7,1.7,7.4,78,2590,5.3,-59.9,14.1,1.8,,,,,,,,,,,,,,,,,,,,,,,,,,,,,,,,,,,,,,,,,,,,,,,,,,,,,,,,
"Drake, Oliver",543118,2018,31,44,47.2,209,24.4,8.1,0.242,0.372,0.328,0.3,2.1,2.9,31.9,28.4,47.4,48.6,17.1,27.9,6.4,R,784,45.7,92.5,2143,0,-13.4,18.3,0.9,,,,,,,,,,,,,,,7.7,79.4,2463,1,-55.7,12.8,1.5,,,,,,,,,,,,,,,46.7,83.9,1221,-4.6,-34.9,8.3,1.6,,,,,,,,,,,,,,,,,,,,,,,,,,,,,,,,,,,
"Scott, Tanner",656945,2018,23,53,53.1,240,31.7,11.7,0.235,0.36,0.338,0.308,6.7,5.2,41.5,34.8,51.6,48.9,15.6,29.6,5.9,L,957,55.3,97,2420,7.5,-15.1,16.6,1.2,44.7,88.7,2663,-4.2,-36,4.8,1.7,,,,,,,,,,,,,,,,,,,,,,,,,,,,,,,,,,,,,,,,,,,,,,,,,,,,,,,,,,,,,,,,,,,,,,
"Kuhl, Chad",641771,2018,25,16,85,373,21.7,8.8,0.282,0.509,0.345,0.369,7.5,1.6,38.8,23.2,44.5,41.2,25.9,26.7,6.3,R,1431,22.2,95.3,2187,-11.4,-14.4,19.7,1.3,19.8,88.1,2531,5.1,-34.3,6,1.5,8.4,89.7,1672,-15.3,-26,17.5,1.7,13.1,82.4,2901,10.2,-53.4,15.6,1.8,36.5,95.3,2178,-14.8,-16.9,20.1,1.3,,,,,,,,,,,,,,,,,,,,,,,,,,,,,,,,,,,,,,,,,,,,,,,,,
"Ziegler, Brad",446899,2018,38,82,73.2,305,16.4,8.2,0.257,0.371,0.304,0.305,3.1,2.2,41.7,21.6,49,71.5,10.1,16.2,2.2,R,1067,0.1,86,1934,-12.3,-26.2,17.4,,,,,,,,,8.3,76.4,1955,-6.1,-60.2,14.4,1.3,18.5,73.8,2113,11.1,-41.1,15.7,1.2,73.1,84.3,1876,-12,-49.8,16,1.2,,,,,,,,,,,,,,,,,,,,,,,,,,,,,,,,,,,,,,,,,,,,,,,,,
"Teheran, Julio",527054,2018,27,31,175.2,724,22.4,11.6,0.23,0.406,0.295,0.324,7.7,1.9,36.7,28.4,43.1,39.7,28.1,23.7,8.5,R,2797,42.3,89.9,2326,-7.5,-20.2,16,2,21.8,80.2,2582,5.5,-42.4,6.1,2.1,9.5,82.6,1615,-14.6,-33,16.5,1.8,6.7,72.5,2670,13.4,-59.1,14.5,2,19.6,89.4,2154,-15.9,-28.8,17.1,1.8,,,,,,,,,,,,,,,,,,,,,,,,,,,,,,,,,,,,,,,,,,,,,,,,,
"Fedde, Erick",607200,2018,25,11,50.1,217,21.2,10.1,0.28,0.471,0.361,0.363,9.4,4.7,46.3,22.9,41.6,54.4,19.5,24.2,2,R,944,0.8,93.3,1865,-2.6,-23,8.4,1.5,14.9,81.4,2309,8.6,-45.2,9.6,1.4,12.2,87.5,1392,-13,-33.1,13.8,1.6,5.8,76.9,2309,10.8,-56.9,14.2,1.7,53,93.7,1791,-10.4,-23,13.3,1.5,13.2,88.1,2078,3.9,-32.3,5.4,1.2,,,,,,,,,,,,,,,,,,,,,,,,,,,,,,,,,,,,,,,,,,
"Peacock, Brad",502748,2018,30,61,65,272,35.3,7.4,0.214,0.36,0.31,0.283,3.9,2.6,31.4,31.4,44.1,37.3,28.8,28.1,5.9,R,1153,26.5,93,2313,-11.8,-17,19.2,1.4,,,,,,,,0.8,83.3,1746,-14.6,-31.9,17.2,1.6,4.4,78.6,2621,12,-58.8,17.7,1.5,28,92.4,2261,-17.9,-23.9,19.9,1.3,,,,,,,,,,,,,,,,,,,,,,40.2,82.1,2685,12.3,-34.3,15,1.5,,,,,,,,,,,,,,,,,,,,,
"Graves, Brett",605255,2018,25,21,33.1,148,14.2,8.1,0.283,0.423,0.365,0.342,9.9,2.7,41.4,23.8,46.5,46.8,19.8,29.7,3.6,R,533,37,92.3,2135,-8.8,-16.8,18.2,1.6,30.2,89.1,2215,1,-26.4,8.8,1.6,,,,,,,,17.3,80.7,2658,9.6,-51.4,12.9,1.5,15.6,91.2,1930,-14.5,-25.5,16.5,1.7,,,,,,,,,,,,,,,,,,,,,,,,,,,,,,,,,,,,,,,,,,,,,,,,,
"De Los Santos, Enyel",660853,2018,22,7,19,81,18.5,9.9,0.26,0.37,0.356,0.318,3.5,3.5,28.1,22,49,50.9,19.3,26.3,3.5,R,335,60.3,94.6,2145,-11.7,-19.9,16.4,1.8,2.4,83.6,2302,2.6,-41.6,3.4,1.5,25.1,86.6,1937,-16.7,-30.8,18.1,2.2,12.2,77.8,2112,5.1,-50.8,6.8,1.8,,,,,,,,,,,,,,,,,,,,,,,,,,,,,,,,,,,,,,,,,,,,,,,,,,,,,,,,
"Anderson, Brett",474463,2018,30,17,80.1,333,14.1,3.9,0.27,0.436,0.331,0.321,5.2,3.3,38.5,16.9,47.7,57.2,14,24.4,4.4,L,1197,18,91,1997,6.7,-18.1,17,1.5,25,82,2353,-3.1,-50.4,9.6,1.5,19.5,83.5,1581,14.3,-31.2,17.1,1.6,6.4,75.7,2339,-6.5,-64.9,16.6,1.7,31.2,89.9,1829,14.1,-24.1,17.7,1.4,,,,,,,,,,,,,,,,,,,,,,,,,,,,,,,,,,,,,,,,,,,,,,,,,
"Méndez, Yohander",622795,2018,23,8,27.2,121,14.9,12.4,0.212,0.353,0.345,0.296,6.8,2.3,28.4,21.4,44.7,39.8,21.6,26.1,12.5,L,491,44,92.2,2064,7.9,-17.6,17.1,1.7,12.8,84,2116,-3.4,-33.2,7.8,1.8,23,82.8,1719,11.8,-31,15.3,2,4.9,78.4,2039,-5.6,-44.8,6.4,1.4,15.3,90.4,2067,14.9,-22.9,18.7,1.6,,,,,,,,,,,,,,,,,,,,,,,,,,,,,,,,,,,,,,,,,,,,,,,,,
"Rosario, Randy",600968,2018,24,44,46.2,200,15,11,0.278,0.419,0.317,0.339,4.1,0.7,33.8,21.7,47.2,52.7,16.2,26.4,4.7,L,731,44.2,93.5,1965,8.5,-22.2,13.6,1.3,35.7,85.9,2254,-3.9,-37.8,5,1.6,4.4,86.8,1709,14.2,-28.8,16.8,1.5,0.1,78.2,2055,-3,-42.5,5.3,,15.6,92.7,1902,15.7,-26.7,17.1,1.3,,,,,,,,,,,,,,,,,,,,,,,,,,,,,,,,,,,,,,,,,,,,,,,,,
"Rodríguez, Richard",593144,2018,28,63,69.1,279,31.5,6.8,0.193,0.311,0.262,0.253,8.4,5.4,33.7,30.7,49.8,40.1,31.1,20.4,8.4,R,1130,75.1,92.9,2375,-12.1,-16.8,19.2,1.1,24.8,80.9,2150,3.6,-46,6.2,1.2,0.1,85.6,1711,-8.7,-22.1,17.3,,,,,,,,,,,,,,,,,,,,,,,,,,,,,,,,,,,,,,,,,,,,,,,,,,,,,,,,,,,,,,,,
"Iglesias, Raisel",628452,2018,28,66,72,291,27.5,8.6,0.236,0.404,0.278,0.312,5.4,3.3,31.7,33.8,48.8,39.7,25,27.2,8.2,R,1145,18.1,95.4,2324,-9.8,-14.3,19.1,1.6,26.5,84.9,2491,8,-38.1,8.7,1.9,23.7,87.6,1841,-16.7,-31.3,17.6,1.9,,,,,,,,31.8,95.1,2353,-15.4,-19.4,19.4,1.9,,,,,,,,,,,,,,,,,,,,,,,,,,,,,,,,,,,,,,,,,,,,,,,,,
"Magill, Matt",543483,2018,28,40,56.2,249,22.5,9.2,0.26,0.489,0.349,0.36,8.4,1.8,46.1,25.9,46,35.3,31.1,25.7,7.8,R,1006,59,94.7,2215,-7.7,-14.3,17.7,1.3,19.3,86.1,2358,6.5,-34.5,8.1,2.3,3.7,87.9,1735,-14,-27.7,15.8,1.4,16.1,84.6,2532,4.1,-48.6,11.4,1.8,1.9,94.2,2232,-12.2,-18.1,17.5,1.3,,,,,,,,,,,,,,,,,,,,,,,,,,,,,,,,,,,,,,,,,,,,,,,,,
"Reid-Foley, Sean",656887,2018,22,7,33.1,150,28,14,0.213,0.375,0.346,0.314,0,4.7,34.9,29.1,44.8,36,25.6,30.2,8.1,R,636,54.4,93.7,2167,-10.8,-15.6,18.6,1.3,23.7,83.6,2109,5.6,-39.6,6.1,1.3,8,85.3,1540,-14.5,-33.2,15.2,1.7,5.2,81.4,2068,12.4,-48.2,14.5,1.4,8.6,93.8,2076,-16.8,-21.5,19,1.2,,,,,,,,,,,,,,,,,,,,,,,,,,,,,,,,,,,,,,,,,,,,,,,,,
"Soria, Joakim",465657,2018,34,66,60.2,255,29.4,6.3,0.213,0.327,0.271,0.264,4.9,4.3,29.2,29.2,52,39.5,17.9,30.2,12.3,R,1047,64.9,92.3,2255,-4.2,-16.1,16.8,1.4,11.6,78.6,2750,17.2,-45.9,17.7,2.8,15,86.8,1270,-8.4,-31.4,10.2,1.7,7.6,70,2689,11.5,-76.2,22,1.8,0.9,91.7,2131,-15,-26.1,16.6,1.5,,,,,,,,,,,,,,,,,,,,,,,,,,,,,,,,,,,,,,,,,,,,,,,,,
"Meisinger, Ryan",664682,2018,24,18,21,87,24.1,11.5,0.289,0.608,0.37,0.414,8.9,0,44.6,26.5,44.1,33.9,35.7,23.2,7.1,R,365,47.1,91,2129,-4.6,-16.6,17,1.2,49.3,82.2,2432,4.4,-41.2,5.3,1.6,3.6,82.8,1510,-13.1,-30.8,15.9,1.7,,,,,,,,,,,,,,,,,,,,,,,,,,,,,,,,,,,,,,,,,,,,,,,,,,,,,,,,,,,,,,,
"Sanchez, Aaron",592717,2018,25,20,105,474,18.1,12.2,0.263,0.436,0.337,0.35,4,2.5,39,24.6,42.8,50.5,20.4,23.5,5.6,R,1793,30.8,93.7,2321,-13.4,-16.3,20.2,1.4,,,,,,,,24.7,88.4,1930,-18.5,-29.9,19.5,1.9,12,79,2916,15.1,-58.7,20.3,1.7,32.5,93.7,2248,-17.3,-20.6,20.4,1.6,,,,,,,,,,,,,,,,,,,,,,,,,,,,,,,,,,,,,,,,,,,,,,,,,
"Tazawa, Junichi",547749,2018,32,31,28,134,20.9,11.9,0.285,0.538,0.402,0.38,12.2,2.2,48.9,16.5,47.1,27.8,32.2,31.1,8.9,R,501,57.7,91.5,2253,-8.3,-17.6,18.6,1.1,4.4,78.6,2669,6.7,-59.5,14.6,1.2,,,,,,,,21.2,74.5,2571,10.1,-67.2,17.7,1.8,,,,,,,,,,,,,,,,,,,,,,,,,,,,,,,,,,,,,,,,,,,16.8,86.3,1677,-13.8,-29.5,16.7,1.3,,,,,,,
"Flynn, Brian",543169,2018,28,48,75.2,336,14,10.4,0.285,0.444,0.344,0.353,6.8,1.2,40.6,19.3,46.1,50.6,18.7,27.9,2.8,L,1249,21.9,92.2,2320,7.2,-18.9,15.2,1.5,30.7,85.5,2376,-3.4,-36.1,4.4,1.3,0.6,83.6,1715,13.7,-31.8,15.8,1.4,,,,,,,,46.8,91.6,2285,13,-23.3,16,1.4,,,,,,,,,,,,,,,,,,,,,,,,,,,,,,,,,,,,,,,,,,,,,,,,,
"Maurer, Brandon",543506,2018,27,37,31.1,160,19.4,15.6,0.268,0.453,0.422,0.368,7.8,1,39.8,26.2,41.8,42.7,23.3,29.1,4.9,R,666,38.4,96.1,2330,-8.7,-13.4,18.8,1.8,42.5,85,2703,5.5,-45,8.5,2.6,12.5,86.7,1889,-14.4,-28,17.1,1.8,,,,,,,,6.6,94.5,2149,-15.5,-21.1,18.5,1.9,,,,,,,,,,,,,,,,,,,,,,,,,,,,,,,,,,,,,,,,,,,,,,,,,
"Ryu, Hyun Jin",547943,2018,31,15,82.1,324,27.5,4.6,0.22,0.359,0.268,0.269,4.1,4.6,28.8,27.3,46.2,47,24.2,21,7.8,L,1235,31.9,90.3,2052,8.9,-19.2,16.7,1.4,1.3,78.8,2308,-5.1,-51.3,9.8,1.9,18.6,81.1,1578,12.8,-33.9,15.1,2,18.2,73.6,2543,-12.1,-65.3,18.3,2,5.6,89.6,2037,15,-23.6,18.4,1.5,24.4,87.2,2036,-1.1,-27.4,8.8,1.4,,,,,,,,,,,,,,,,,,,,,,,,,,,,,,,,,,,,,,,,,,
"Biddle, Jesse",592145,2018,26,60,63.2,266,25.2,11.7,0.244,0.367,0.287,0.313,2.4,2.4,33.3,25.6,44.8,57,15.8,23.6,3.6,L,1013,47.8,94.5,2502,5.8,-18,14,1.2,19.2,87.3,2442,-3.7,-36.1,4.4,1.7,,,,,,,,25.6,76.9,2631,-12.5,-62.7,19.5,1.5,7.4,94.2,2473,9.7,-21.6,13.4,1.3,,,,,,,,,,,,,,,,,,,,,,,,,,,,,,,,,,,,,,,,,,,,,,,,,
"Keuchel, Dallas",572971,2018,30,34,204.2,874,17.5,6.6,0.246,0.362,0.305,0.293,4.2,3.5,33,19.7,45.3,54.9,15.6,25.4,4.1,L,3309,12.2,89.7,2166,-1.1,-20.9,13.6,1.2,18.4,78.7,2190,-10.2,-48.6,11.6,2,12.8,79.6,1544,13.7,-35.6,15.8,1.4,,,,,,,,41.1,89.1,2040,10.8,-26.7,13.6,1.3,15.5,86.4,2166,-3.6,-30.2,8.7,1.6,,,,,,,,,,,,,,,,,,,,,,,,,,,,,,,,,,,,,,,,,,
"Gohara, Luiz",627894,2018,21,9,19.2,82,22,9.8,0.224,0.431,0.311,0.315,5.4,3.6,42.9,28.5,45.4,26.8,37.5,26.8,8.9,L,302,54,94,2089,8.7,-16.2,17.7,1.4,40.4,82.5,2456,-4.5,-43.2,5.4,1.7,3,89,1973,12.5,-22.4,17.7,1.5,,,,,,,,2.6,94.1,2032,12.1,-19.1,17.4,1.5,,,,,,,,,,,,,,,,,,,,,,,,,,,,,,,,,,,,,,,,,,,,,,,,,
"Sampson, Adrian",592716,2018,26,5,23,96,15.6,4.2,0.288,0.558,0.351,0.381,8,2.7,38.7,15.5,53.4,38.7,28,26.7,6.7,R,339,,,,,,,,16.8,86.6,2291,-1.4,-34.6,4.2,1.9,22.1,86,2016,-17.1,-28.2,19.8,1.1,3.5,82.3,2554,3.8,-44.6,4.9,1.4,57.5,91.1,1983,-13.8,-21.6,18.4,1.1,,,,,,,,,,,,,,,,,,,,,,,,,,,,,,,,,,,,,,,,,,,,,,,,,
"Stewart, Kohl",640464,2018,23,8,36.2,159,15.1,11.3,0.255,0.363,0.305,0.326,3.5,7,41.2,17.9,41.9,56.1,10.5,26.3,7,R,628,21.8,93.2,2047,-3.6,-18.9,13.3,1.2,9.1,87,2459,4.4,-30.4,8.4,2.1,8.1,87.6,1821,-14.9,-32.8,15.3,1.4,11.3,78.3,2706,16.1,-48.1,16.6,2.1,49.7,92.2,2009,-13.3,-26.5,14.6,1.4,,,,,,,,,,,,,,,,,,,,,,,,,,,,,,,,,,,,,,,,,,,,,,,,,
"Edwards Jr., Carl",605218,2018,26,58,52,222,30.2,14.4,0.201,0.296,0.268,0.282,3.3,4.9,26.8,33.6,46.6,32.5,29.3,28.5,9.8,R,946,75.8,94.5,2660,1.6,-14.6,15.9,1.3,,,,,,,,0.1,89.5,1741,-10.6,-20.3,17,,24,80.2,2405,10.6,-54.7,16,1.4,0.1,92.3,1682,-6.6,-20.8,12.4,,,,,,,,,,,,,,,,,,,,,,,,,,,,,,,,,,,,,,,,,,,,,,,,,,
"Jackson, Edwin",429719,2018,34,17,92,381,17.8,9.7,0.261,0.449,0.3,0.345,5.8,3.6,33.6,20.5,46.8,37.6,23.7,27.7,10.9,R,1480,18.8,93.3,2265,-6.9,-17.1,16.2,1.8,21.1,86.2,2282,2.1,-35.7,3.6,1.6,8.1,87.2,2108,-16.3,-24.1,20.4,1.3,3.7,78.7,2514,5.8,-53.5,10.3,1.6,14.5,92.9,2096,-13.7,-20.2,18.2,1.6,33.7,91.2,2300,0,-23.9,9.5,1.7,,,,,,,,,,,,,,,,,,,,,,,,,,,,,,,,,,,,,,,,,,
"Ramírez, Neil",519166,2018,29,47,41.2,180,28.3,10,0.226,0.426,0.333,0.323,6.5,0.9,30.6,31.2,52.3,36.1,29.6,21.3,13,R,746,33.8,95.2,2431,-5.8,-12.1,19,1,42.8,85.9,2279,6,-36.8,6.4,1.2,,,,,,,,,,,,,,,23.5,95.4,2447,-8.5,-12.5,19.6,1,,,,,,,,,,,,,,,,,,,,,,,,,,,,,,,,,,,,,,,,,,,,,,,,,
"Davies, Zach",605200,2018,25,13,66,280,17.5,7.5,0.269,0.414,0.326,0.327,9.8,4.9,39.5,20.4,43.6,48.3,19,26.3,6.3,R,1122,,,,,,,,1.5,82.1,2529,5.2,-42.2,5.5,1.5,12.3,80.4,1775,-15.5,-35.5,17.5,1.4,16.3,75.5,2673,10,-63.7,17.1,1.8,56.8,89.8,2207,-17.3,-23.9,20.5,1.4,13.1,87.5,2323,-1,-24.9,11.8,1.4,,,,,,,,,,,,,,,,,,,,,,,,,,,,,,,,,,,,,,,,,,
"Godley, Zack",643327,2018,28,33,178.1,791,23.4,10.2,0.255,0.403,0.322,0.334,5.7,1.9,38.8,27.3,44.4,50.3,17.3,27.3,5.1,R,3006,0.1,89.2,2360,-7.9,-25.5,12.3,1.5,,,,,,,,5.3,81.1,1287,-8.4,-41.6,9,1.3,40.3,81.4,2178,3.5,-52.5,10.5,1.2,32.1,89.9,2234,-15.2,-29.2,16.4,1.3,22.2,88.9,2197,-1.4,-25.6,10.3,1.2,,,,,,,,,,,,,,,,,,,,,,,,,,,,,,,,,,,,,,,,,,
"Covey, Dylan",592229,2018,26,27,121.2,541,16.8,9.4,0.265,0.414,0.319,0.329,4.8,3,37.3,17.4,44.6,56.4,17.4,21.7,4.5,R,2051,0.9,94.6,2126,-3.5,-16.4,15.2,1.3,11.7,86.8,2226,4.2,-34.8,5.6,2.2,3.7,83.7,1649,-12.8,-32.2,15.1,1.8,9.3,81.2,2382,2.7,-47.6,5.8,2,60.2,94.1,2035,-13.1,-20.3,17.3,1.4,6.2,91.1,2146,2.9,-24.5,9.8,1.9,8,85.6,1162,-8.3,-35,9.2,1.4,,,,,,,,,,,,,,,,,,,,,,,,,,,,,,,,,,,
"Syndergaard, Noah",592789,2018,25,25,154.1,644,24.1,6.1,0.228,0.312,0.285,0.267,5.6,4.5,26.6,28.2,50.9,50.3,18.1,25.7,5.9,R,2410,21.2,97.6,2170,-6.9,-13.8,16.6,1.4,20.9,92,2094,2.6,-25.7,7.5,1.5,15.8,90.3,1638,-15.1,-24.6,17.6,1.2,9.8,83.1,2252,8.5,-40.9,8.8,1.4,32.3,97.3,2152,-14,-17.3,18.4,1.3,,,,,,,,,,,,,,,,,,,,,,,,,,,,,,,,,,,,,,,,,,,,,,,,,
"Hammel, Jason",434628,2018,35,39,127,582,15.8,6.7,0.299,0.508,0.368,0.365,6.7,3.1,39.5,20.6,49.1,38.2,28.3,25.9,7.6,R,2069,12.8,91.9,2093,-7.9,-16.7,17.4,1.5,37.7,85.1,2527,5.2,-37.1,5.8,1.6,4.1,84.7,1657,-13.9,-28.7,16.7,1.1,6.6,77,2346,12.2,-58.7,17,1.5,38.8,91.7,2036,-14.3,-20.9,18.4,1.2,,,,,,,,,,,,,,,,,,,,,,,,,,,,,,,,,,,,,,,,,,,,,,,,,
"López, Pablo",641154,2018,22,10,58.2,247,18.6,7.3,0.239,0.414,0.315,0.309,5.6,5,29.6,24,48.6,49.7,19.6,24.6,6.1,R,949,34.1,92.6,2028,-7.4,-18.9,14.7,1.5,,,,,,,,19.2,85.3,1951,-16.9,-34,17.4,1.5,20.3,78.5,2347,11.6,-50.2,13.3,1.7,26.3,92,2003,-15,-26.6,16.1,1.4,,,,,,,,,,,,,,,,,,,,,,,,,,,,,,,,,,,,,,,,,,,,,,,,,
"Roe, Chaz",475054,2018,31,61,50.1,203,26.1,7.9,0.213,0.347,0.28,0.293,4,4,27.4,26.4,43.5,48.4,15.9,22.2,13.5,R,769,7.2,92.4,2461,-6.2,-14.9,18.7,1.2,,,,,,,,,,,,,,,,,,,,,,40.3,92.3,2308,-14.3,-24.9,16.3,1.1,,,,,,,,,,,,,,,,,,,,,,52.5,81.6,2843,21.5,-43.7,21.8,1.5,,,,,,,,,,,,,,,,,,,,,
"Suero, Wander",593833,2018,26,40,47.2,200,23.5,7.5,0.251,0.44,0.309,0.332,4.5,4.5,32.1,24.3,49.6,35.1,26.1,27.6,11.2,R,788,4.4,92.1,2205,-8,-22,13.3,1.3,,,,,,,,4.6,88.3,2091,-8.9,-28.5,11.5,1.4,15.7,79.3,2671,11.2,-55.6,16,1.5,,,,,,,,75.3,91.8,2464,3.8,-22.1,11.3,1.5,,,,,,,,,,,,,,,,,,,,,,,,,,,,,,,,,,,,,,,,,,
"Davis, Austin",656354,2018,25,32,34.2,152,25,8.6,0.219,0.352,0.342,0.281,4,1,33.3,27,45.9,42.4,21.2,28.3,8.1,L,614,47.9,93.2,2219,7.9,-16,17.8,1.7,26.9,84.5,2268,-3,-33.1,6.8,1.7,23.8,83.6,1913,13.2,-27.9,17.7,1.6,1.5,82.7,2262,-4.2,-42.8,5,1.6,,,,,,,,,,,,,,,,,,,,,,,,,,,,,,,,,,,,,,,,,,,,,,,,,,,,,,,,
"Gonzalez, Gio",461829,2018,32,32,171,746,19.8,10.7,0.255,0.412,0.32,0.329,6.8,2.5,34.5,23.8,43.2,46.9,21.5,24,7.6,L,3016,29.3,90.1,2227,9.3,-18.6,18.3,1.5,,,,,,,,22.9,82.7,1631,13.5,-34.2,15.2,1.4,20.7,75.7,2715,-12.9,-65.4,20.3,1.5,27.1,89.3,2120,16,-25.1,18.9,1.5,,,,,,,,,,,,,,,,,,,,,,,,,,,,,,,,,,,,,,,,,,,,,,,,,
"Saupold, Warwick",599683,2018,28,31,34.1,158,10.1,8.2,0.322,0.538,0.363,0.395,6.3,3.9,40.9,14.3,43.9,43.3,20.5,32.3,3.9,R,619,42.3,91.6,2106,-13.6,-20.2,19.2,1.2,34.2,88.1,2213,0.2,-29.1,7.4,1.2,5.8,85.3,2095,-17.4,-29.7,19.8,1.3,17.6,80,2598,7.4,-60.4,17.4,1.2,,,,,,,,,,,,,,,,,,,,,,,,,,,,,,,,,,,,,,,,,,,,,,,,,,,,,,,,
"Rodriguez, Jefry",622446,2018,24,14,52,233,16.7,15.9,0.229,0.415,0.338,0.339,5.8,5.8,34.4,20.9,44.9,46.1,31.2,15.6,7.1,R,916,43.8,95.4,2375,-8,-13.9,18,1.7,,,,,,,,11.9,89.2,1707,-13.6,-25.4,16.3,1.5,22.2,80.9,2485,7.2,-46.2,8.8,1.7,22.2,95.1,2241,-14.8,-19.2,18.3,1.5,,,,,,,,,,,,,,,,,,,,,,,,,,,,,,,,,,,,,,,,,,,,,,,,,
"Lugo, Seth",607625,2018,28,54,101.1,410,25.1,6.8,0.222,0.349,0.258,0.273,2.5,3.2,30.7,23.1,46.3,47.3,24.2,23.1,5.4,R,1611,25.1,94.3,2218,-7.5,-15,17.9,1.8,11.7,87.8,2414,3.4,-29.9,7.3,1.7,7.6,87,1824,-15.5,-27.1,18.5,1.5,31.8,79.9,3174,12.2,-59.1,19.2,1.7,23.8,93.3,2258,-15.8,-20.1,19.7,1.6,,,,,,,,,,,,,,,,,,,,,,,,,,,,,,,,,,,,,,,,,,,,,,,,,
"Cashner, Andrew",488768,2018,31,28,153,681,14.5,9.5,0.285,0.469,0.366,0.358,4.7,2.5,35.8,17.2,43.6,41.6,25.5,26.8,6,R,2647,25.8,93,2188,-9.1,-15.3,20,1.8,12.9,85.7,2155,1.9,-33.1,6.8,2.6,13.1,83.7,1472,-13.5,-32.4,15.8,1.4,13.6,81,2307,6.3,-51.9,10.4,1.9,34.7,91.9,2048,-14.7,-19.6,20.5,2,,,,,,,,,,,,,,,,,,,,,,,,,,,,,,,,,,,,,,,,,,,,,,,,,
"Rogers, Taylor",573124,2018,27,72,68.1,260,28.8,6.2,0.203,0.324,0.24,0.254,5.4,3.6,32.1,26.7,45.5,45.5,19.2,27.5,7.8,L,946,1.7,92.9,2123,8.9,-18.7,16.3,1.4,12.8,83.7,2440,-9.5,-38,10.1,1.5,0.4,88.6,1837,18.3,-33.7,18.4,1.4,33.6,78.4,2793,-16.3,-49.3,16.8,1.5,51.5,93.5,2059,16.6,-23.4,18.7,1.2,,,,,,,,,,,,,,,,,,,,,,,,,,,,,,,,,,,,,,,,,,,,,,,,,
"Hughes, Jared",453172,2018,32,72,78.2,298,19.8,7.7,0.211,0.321,0.251,0.268,4.7,2.8,36.9,25.2,50.8,65.9,13.6,17.3,3.3,R,1132,8.2,92.8,2123,-12.8,-21.8,16.6,1.2,13.3,85.7,2166,2.7,-35.2,4.7,1.4,0.9,87.4,2166,-14.3,-34.5,14.6,1.3,,,,,,,,77.7,91.6,1822,-16.1,-34.6,16.4,1.2,,,,,,,,,,,,,,,,,,,,,,,,,,,,,,,,,,,,,,,,,,,,,,,,,
"Bradford, Chasen",607473,2018,28,46,53.2,231,16.5,6.1,0.27,0.482,0.326,0.352,6.3,0.6,36.8,22.1,53.3,46,27.6,21.8,4.6,R,858,28.4,91.1,2291,-2.1,-20.7,13,1.2,41.1,84.7,2549,4.3,-39.2,5,1.3,3.8,84.1,2152,-11.9,-36.2,12.6,1.5,,,,,,,,26.6,90.4,2233,-10.8,-26.4,13.5,1.3,,,,,,,,,,,,,,,,,,,,,,,,,,,,,,,,,,,,,,,,,,,,,,,,,
"Watson, Tony",453265,2018,33,72,66,261,27.6,5.4,0.222,0.365,0.257,0.271,6.3,2.9,32.2,26.7,52,46.6,23,22.4,8,L,958,,,,,,,,19.2,84,2331,-3.2,-36.7,5,1.4,30.1,85.5,2384,19.6,-30.7,21.2,1.3,,,,,,,,50.7,92.5,2302,15.9,-23.9,18.5,1.2,,,,,,,,,,,,,,,,,,,,,,,,,,,,,,,,,,,,,,,,,,,,,,,,,
"Leone, Dominic",608678,2018,26,29,24,106,24.5,7.5,0.259,0.412,0.304,0.315,9.7,1.4,43.1,29.6,53,31.9,27.8,34.7,5.6,R,389,30.1,94,2272,-5.1,-14.1,17.7,1.4,4.6,83.7,2490,5.5,-41.6,6.2,1.4,,,,,,,,,,,,,,,27,93.6,2237,-13.7,-18.7,18.7,1.3,38.3,88.9,2552,4.5,-28.7,8,1.3,,,,,,,,,,,,,,,,,,,,,,,,,,,,,,,,,,,,,,,,,,
"Bettis, Chad",518452,2018,29,27,120.1,518,15.4,9.1,0.262,0.448,0.339,0.343,4.9,3.9,38.6,21.1,43.7,51.3,20.5,24.4,3.9,R,1922,40.6,90.4,1876,-3.3,-21.7,12.8,1.9,,,,,,,,26.6,86,1377,-9.3,-34.5,9.9,1.7,12.5,75.6,2224,10.1,-54.2,11.4,2.1,1.4,91.3,1808,-8,-24.7,11.5,1.6,18.8,86.1,2051,4.3,-32.8,6.6,2.1,,,,,,,,,,,,,,,,,,,,,,,,,,,,,,,,,,,,,,,,,,
"López, Reynaldo",625643,2018,24,32,188.2,799,18.9,9.4,0.253,0.433,0.31,0.335,6.6,2.7,36.1,21.3,47.4,33.6,27.2,27.2,12.1,R,3082,60.7,95.5,2102,-9.9,-15.4,17.9,1.9,17.9,83.9,2119,3.4,-35.9,5.4,2,15.5,83.6,1541,-12.3,-30.2,15.7,2.1,5.8,75.9,2065,4.1,-53.2,6.4,2.2,0.1,93.5,2021,-14.6,-22,17.1,1.5,,,,,,,,,,,,,,,,,,,,,,,,,,,,,,,,,,,,,,,,,,,,,,,,,
"Petit, Yusmeiro",433589,2018,33,74,93,368,20.7,4.9,0.23,0.413,0.272,0.294,5.5,1.8,33.9,19.9,49.9,36.5,29.6,23.7,10.2,R,1307,46.8,89.3,2214,-5.9,-16.2,18.2,1.1,,,,,,,,18.7,81.9,1866,-9.5,-24,18.3,1.2,14.8,76.6,2198,10.8,-42.4,11.9,1.2,0.8,88.6,2111,-13.6,-20.5,19.3,1.3,18.8,85.3,2179,-0.7,-21,15.7,1.2,,,,,,,,,,,,,,,,,,,,,,,,,,,,,,,,,,,,,,,,,,
"Alcantara, Sandy",645261,2018,22,6,34,146,20.5,15.8,0.215,0.327,0.317,0.31,7.7,2.2,31.9,27,43.7,50.5,19.8,18.7,11,R,567,33.5,95.5,2276,-7.8,-15.8,16.8,1.6,17.6,86.1,2350,4.2,-35.2,5.7,1.8,12.7,89,1783,-14.7,-30.6,15.5,1.4,9.2,82.7,2381,4.9,-45.4,6.4,1.9,27,95.3,2263,-16.3,-23.7,17.9,1.8,,,,,,,,,,,,,,,,,,,,,,,,,,,,,,,,,,,,,,,,,,,,,,,,,
"Britton, Zack",502154,2018,30,41,40.2,170,20,12.9,0.228,0.334,0.281,0.31,3.6,1.8,37.8,32.1,40.9,73,9,17.1,0.9,L,656,1.7,95.1,2173,5.4,-18.1,14.1,1.5,6.4,81.4,2599,-10.6,-49.6,12.5,1.5,,,,,,,,,,,,,,,91.9,94.8,2036,11,-24.7,12.9,1.2,,,,,,,,,,,,,,,,,,,,,,,,,,,,,,,,,,,,,,,,,,,,,,,,,
"Stock, Robert",476594,2018,28,32,39.2,166,22.9,7.8,0.212,0.286,0.276,0.258,2.7,6.2,33.6,25.7,42.9,51.3,22.1,17.7,8.8,R,609,51.4,97.5,2195,-11.3,-17.2,16.5,1.4,37.6,82.7,2659,12.4,-41.3,12.9,1.4,3.4,82.7,1667,-14.9,-32.5,17.1,1.8,,,,,,,,7.6,97.6,2213,-14.5,-21.4,16.3,1.3,,,,,,,,,,,,,,,,,,,,,,,,,,,,,,,,,,,,,,,,,,,,,,,,,
"Wright, Steven",453214,2018,33,20,53.2,223,18.8,11.7,0.225,0.368,0.287,0.308,3.3,3.3,26.8,22.8,44.2,54.2,19,17.6,9.2,R,824,3.3,85.1,1968,-7.2,-21.2,18.8,1.8,,,,,,,,,,,,,,,5.2,67.3,1799,0.7,-62.1,10.9,1.8,4.2,82.5,1828,-13.4,-31,16.9,1.7,,,,,,,,,,,,,,,87.3,75.9,1441,-0.5,-48.4,7.8,2.2,,,,,,,,,,,,,,,,,,,,,,,,,,,,
"Gsellman, Robert",607229,2018,24,68,80,345,20.3,8.1,0.229,0.358,0.3,0.291,6.2,4.1,34.6,22.2,48.7,52.5,23.6,18.6,5.4,R,1281,1.2,93.8,2142,-10.5,-15.9,19.2,1.6,16.6,89.7,2310,-0.6,-28.4,6.9,1.7,8.8,86.6,1740,-15.8,-28.8,17.9,1.2,11.9,81.8,2699,8.8,-53,13.8,1.6,61.4,94.1,2148,-17.1,-21.7,19.9,1.5,,,,,,,,,,,,,,,,,,,,,,,,,,,,,,,,,,,,,,,,,,,,,,,,,
"Chirinos, Yonny",630023,2018,24,18,89.2,370,20.3,6.8,0.27,0.424,0.297,0.328,4.5,3.4,37.7,24,50.8,44.9,20.4,29.4,5.3,R,1311,6.5,94.1,2305,-7.6,-14.6,18.6,1.7,23,87.6,2271,1.9,-29.3,7.6,2,,,,,,,,,,,,,,,56.7,93.6,2241,-16.5,-20.8,19.8,1.4,,,,,,,,13.8,85.3,1245,-7,-36,7.9,1.6,,,,,,,,,,,,,,,,,,,,,,,,,,,,,,,,,,,
"Doolittle, Sean",448281,2018,31,43,45,163,36.8,3.7,0.162,0.26,0.172,0.204,4.2,7.4,24.2,33.5,56.3,32.6,25.3,22.1,20,L,618,88.8,93.8,2210,3.3,-11.4,20.2,1.3,4,81.7,2400,-8,-39.4,8.7,1.6,,,,,,,,,,,,,,,,,,,,,,,,,,,,,7.1,85,2114,13.8,-22.4,20.9,1.2,,,,,,,,,,,,,,,,,,,,,,,,,,,,,,,,,,,
"Fulmer, Michael",605242,2018,25,24,132.1,558,19.7,8.2,0.262,0.433,0.327,0.333,6.5,2.5,38.2,23.2,50.2,46.9,22.7,24.4,6,R,2146,25.4,95.9,2264,-3.3,-13.5,16.5,1.4,22.5,85.7,2521,8.3,-37.2,8.8,1.6,14.4,88,1716,-12.7,-31.7,13.4,1.6,,,,,,,,35.4,95.7,2113,-14.2,-18.1,18.5,1.5,2.3,89.6,2516,4.5,-28.2,8.3,1.2,,,,,,,,,,,,,,,,,,,,,,,,,,,,,,,,,,,,,,,,,,
"Colon, Bartolo",112526,2018,45,28,146.1,628,12.9,4,0.3,0.525,0.362,0.363,8.7,3.7,40.8,12.5,46.2,43.2,24.9,26.4,5.6,R,2228,16.4,89.3,2280,-8.2,-19.6,18.4,2,7.4,80.5,2388,4.3,-42.8,5.7,1.9,11.1,80.8,1657,-13.8,-36.1,16.1,1.4,,,,,,,,62.3,86.9,2136,-16.9,-30.1,18.9,1.6,2.8,85.5,2312,-0.6,-25.7,13.5,1.9,,,,,,,,,,,,,,,,,,,,,,,,,,,,,,,,,,,,,,,,,,
"Dyson, Sam",473879,2018,30,74,70.1,273,20.5,7.3,0.228,0.354,0.284,0.287,4.1,4.6,35.8,24.3,48.7,62.4,18,14.4,5.2,R,986,7.3,93.4,2358,-6.3,-20.5,13.6,1.8,5.6,82.2,3112,15.6,-49.5,17.4,1.9,14,86.7,1943,-16.8,-36.7,17,1.5,,,,,,,,58.6,93.5,2240,-17.4,-28.2,18,1.4,14.5,88.9,2587,2.9,-30,7.8,2.4,,,,,,,,,,,,,,,,,,,,,,,,,,,,,,,,,,,,,,,,,,
"Buchter, Ryan",488748,2018,31,54,39.1,163,25.2,9.2,0.213,0.36,0.282,0.288,10.3,1.9,37.4,25.5,48,28,28,23.4,20.6,L,678,66.1,92.4,2296,7.4,-13.4,20.1,1.3,,,,,,,,,,,,,,,17.3,79.5,2110,-13.7,-43.9,14.1,1.9,,,,,,,,16.7,89.6,2261,0.6,-21.3,12.7,1.6,,,,,,,,,,,,,,,,,,,,,,,,,,,,,,,,,,,,,,,,,,
"Hess, David",605276,2018,24,21,103.1,454,16.3,8.1,0.242,0.446,0.349,0.329,4.5,2.7,34.6,19.1,47.5,35.2,29.6,24.5,10.7,R,1750,58.5,91.9,2171,-2.9,-15.8,17.9,1.5,24.8,80,2290,7.5,-42.3,8.4,1.6,9,83.6,1603,-10.3,-31.3,13.9,1.8,7.4,72.2,2325,12.2,-64.5,15.4,1.8,0.3,93,2095,-12.7,-17.8,19.6,1.4,,,,,,,,,,,,,,,,,,,,,,,,,,,,,,,,,,,,,,,,,,,,,,,,,
"Avilán, Luis",501593,2018,28,70,45.1,197,25.9,9.1,0.231,0.318,0.3,0.278,3.2,4,24,24.8,44.4,37.3,23,27,12.7,L,824,0.4,90.4,2168,8.8,-19.3,17.6,1.4,,,,,,,,47.7,81.9,2182,11.3,-36.1,12.7,1.7,18,70.9,2269,-12.7,-66.9,15.7,2.8,34,90.5,2132,14.9,-22.8,18.9,1.4,,,,,,,,,,,,,,,,,,,,,,,,,,,,,,,,,,,,,,,,,,,,,,,,,
"Alcántara, Victor",622505,2018,25,27,30,119,17.6,5,0.244,0.393,0.29,0.294,3.3,3.3,38,20.9,52.3,51.1,17.4,22.8,8.7,R,440,0.2,93.9,2098,-12.2,-14.7,21.2,,8.9,90,2102,-4.3,-27.1,9.1,1.4,18.9,88.1,1744,-15.8,-28.3,17.7,1.4,,,,,,,,72,93.8,2066,-16.7,-24.5,18.5,1.1,,,,,,,,,,,,,,,,,,,,,,,,,,,,,,,,,,,,,,,,,,,,,,,,,
"Graveman, Kendall",608665,2018,27,7,34.1,158,17.1,8.2,0.3,0.545,0.388,0.39,4.3,4.3,36.2,19.4,40.8,57.3,17.9,19.7,5.1,R,624,1.8,94.1,2464,-7.4,-14.3,18.2,1.4,13,81,2742,10.2,-47,11.7,1.5,15.1,86.2,1818,-14.7,-32.3,15.5,1.4,,,,,,,,55.8,93.6,2329,-16.9,-19.3,20.8,1.3,14.4,90.3,2569,-2.2,-23,11.2,1.6,,,,,,,,,,,,,,,,,,,,,,,,,,,,,,,,,,,,,,,,,,
"Greene, Shane",572888,2018,29,66,63.1,279,23.3,6.8,0.234,0.416,0.335,0.309,8.9,3.1,35.1,21.7,45.4,42.2,25,25,7.8,R,1071,5.1,95.3,2383,-6.4,-14.5,17.8,1.4,,,,,,,,,,,,,,,,,,,,,,45.7,94.2,2215,-15.6,-20.9,19.1,1.3,23.7,88.3,2585,7.4,-30.5,10.1,1.6,,,,,,,,,,,,,,,25.5,81.2,2590,15.9,-41.7,16.4,1.6,,,,,,,,,,,,,,,,,,,,,
"Allen, Cody",592102,2018,29,70,67,289,27.7,11.4,0.201,0.395,0.323,0.307,9.3,1.7,36.4,30.7,45.3,30.2,34.9,25.6,9.3,R,1133,60.3,93.6,2445,-9.8,-13,20.8,0.9,,,,,,,,,,,,,,,39.7,83.5,2575,9.3,-47.7,12.4,1.1,,,,,,,,,,,,,,,,,,,,,,,,,,,,,,,,,,,,,,,,,,,,,,,,,,,,,,,,
"Barnes, Danny",592130,2018,28,47,41,190,20,11.6,0.225,0.383,0.371,0.308,10.9,0,36.4,23.4,45.4,35.7,28.7,23.3,12.4,R,790,65.1,91.7,2243,-12.7,-16.9,21.1,1.4,10.8,82.1,2404,3.8,-37,7,1.3,23.7,79.6,1368,-12.6,-42.2,13.1,1.5,,,,,,,,0.5,92.1,2222,-15.9,-21.6,19.8,1.4,,,,,,,,,,,,,,,,,,,,,,,,,,,,,,,,,,,,,,,,,,,,,,,,,
"Ponce de Leon, Daniel",594965,2018,26,11,33,132,23.5,9.8,0.228,0.368,0.267,0.301,5.7,5.7,26.4,27.8,52,35.6,28.7,28.7,6.9,R,581,63.2,93.2,2217,-10.5,-15.8,19.4,1.7,,,,,,,,16.5,83.1,2047,-16.8,-30.9,19.6,1.9,3.1,77,2621,7.9,-65.4,18.8,1.6,1.2,91.2,2292,-12.1,-25.1,14.6,1.6,16,89.3,2357,0.1,-26.7,8.7,1.6,,,,,,,,,,,,,,,,,,,,,,,,,,,,,,,,,,,,,,,,,,
"Woodruff, Brandon",605540,2018,25,19,42.1,176,26.7,8,0.23,0.362,0.284,0.297,3.5,4.4,35.4,25.4,45.6,54,21.2,20.4,4.4,R,746,55.4,95.1,2139,-9.1,-16.1,17,1.8,23.9,86.8,2228,3.3,-36.1,4.3,2.1,11.4,84.7,1652,-15.1,-30.8,16.9,1.8,0.8,79.3,2243,2.2,-44.7,3.2,1.5,8.6,96.2,2082,-13.6,-18.5,17.7,1.3,,,,,,,,,,,,,,,,,,,,,,,,,,,,,,,,,,,,,,,,,,,,,,,,,
"Beck, Chris",571476,2018,27,20,34,148,14.2,13.5,0.254,0.46,0.382,0.357,7.5,3.8,34.9,24.4,45.7,44.3,24.5,23.6,7.5,R,564,46.1,95.2,2099,-6.7,-14.3,17.3,1.2,33.7,86.4,2419,5.4,-35.6,6,1.8,18.3,88.5,1686,-13.2,-26,16.3,1.8,,,,,,,,2,94.5,1870,-14.3,-21.4,17,1.5,,,,,,,,,,,,,,,,,,,,,,,,,,,,,,,,,,,,,,,,,,,,,,,,,
"Oberg, Scott",623184,2018,28,56,58.2,228,25,5.3,0.252,0.353,0.252,0.291,5.1,2.6,36.5,27.6,53.1,57.7,12.8,25.6,3.8,R,907,48.6,95.4,2252,-1.5,-16.6,13.3,1.3,37.4,86.7,2585,5.8,-37.8,6.3,1.5,7.6,88.6,1916,-12.1,-29.5,13.5,1.2,0.1,76.3,2977,13.5,-60.5,18,,6.3,94.1,2207,-10.1,-23,13.1,1.2,,,,,,,,,,,,,,,,,,,,,,,,,,,,,,,,,,,,,,,,,,,,,,,,,
"Kelly, Casey",543391,2018,28,7,23.2,104,15.4,4.8,0.264,0.438,0.338,0.315,4.9,1.2,37.8,22.2,52.3,50,23.2,19.5,7.3,R,353,37.4,91.5,2229,-4.8,-19.3,15.2,1.5,10.8,86.5,2180,2.5,-34.1,5.2,1.4,10.8,86.2,1546,-15.3,-28.3,18.4,1.4,24.9,81.6,2189,6.7,-50.4,10.1,1.5,16.1,91.1,2092,-12.7,-22.8,17,1.4,,,,,,,,,,,,,,,,,,,,,,,,,,,,,,,,,,,,,,,,,,,,,,,,,
"Báez, Pedro",520980,2018,30,55,56.1,237,26.2,9.7,0.206,0.318,0.283,0.27,4,4,25,30.7,51.6,37.7,25.2,23.8,13.2,R,939,39.5,96.1,2284,-6.5,-11.9,19.1,1.2,22.3,88,1741,1.9,-29.9,6.5,1.5,14.9,86.7,1857,-12.2,-24.4,17.2,1.3,,,,,,,,23.3,95.7,2155,-11.6,-14.9,19.1,1.2,,,,,,,,,,,,,,,,,,,,,,,,,,,,,,,,,,,,,,,,,,,,,,,,,
"Cimber, Adam",643256,2018,27,70,68.1,284,20.4,6,0.213,0.298,0.309,0.247,3.9,6.4,30.3,20.3,53.6,58.1,13.3,22.7,5.9,R,945,28.3,87.2,2175,-16.1,-33.7,16.5,1.5,25,78.5,2176,-2,-40.4,5.1,1.6,,,,,,,,,,,,,,,46.8,86.1,2184,-15.1,-43.9,16.7,1.5,,,,,,,,,,,,,,,,,,,,,,,,,,,,,,,,,,,,,,,,,,,,,,,,,
"Peters, Dillon",596071,2018,25,7,27.2,129,13.2,11.6,0.29,0.454,0.376,0.364,6.3,2.1,47.9,17.8,42.3,44.8,18.8,29.2,7.3,L,497,52.3,90.8,2317,1.2,-19.6,14.7,1.3,0.8,86.5,2104,-2.5,-30.7,7.4,1.4,12.3,83.6,1550,7.8,-28.4,14.6,1.2,34.4,75.9,2861,-8.6,-67.7,19.3,1.5,0.2,89.4,2154,6.1,-26.9,10.5,,,,,,,,,,,,,,,,,,,,,,,,,,,,,,,,,,,,,,,,,,,,,,,,,,
"Giolito, Lucas",608337,2018,23,32,173.1,775,16.1,11.6,0.255,0.432,0.345,0.348,4.8,2.2,37.1,21.4,43.4,45.1,24.8,22.4,7.7,R,3005,39,92.4,2099,-8.1,-16.5,17.8,1.6,14.8,83.9,2015,2.8,-36.9,4.9,1.6,15.7,81.7,1651,-10.9,-32,14.4,1.5,10.1,78.6,2359,8.3,-59.2,16.3,1.6,20.5,92.4,2003,-14.7,-20.7,18.7,1.5,,,,,,,,,,,,,,,,,,,,,,,,,,,,,,,,,,,,,,,,,,,,,,,,,
"Clevinger, Mike",605182,2018,27,32,200,809,25.6,8.3,0.214,0.354,0.288,0.283,8.7,3,31.8,27.8,46.4,41.2,23.7,26.2,8.9,R,3262,52.9,93.6,2298,-7.8,-14.8,18,1.7,21.1,79.5,2386,16.5,-41.9,16.9,1.5,14.1,87.6,1500,-14,-26.9,16.4,1.7,11.8,75.4,2195,11.7,-59.5,16.1,1.6,,,,,,,,,,,,,,,,,,,,,,,,,,,,,,,,,,,,,,,,,,,,,,,,,,,,,,,,
"Hendricks, Kyle",543294,2018,28,33,199,812,19.8,5.4,0.243,0.388,0.295,0.3,5.5,5.5,30.8,21.7,44.7,48.8,19.2,25.9,6,R,3046,17.4,87.3,2074,-4.1,-19.8,17.5,1.2,,,,,,,,30.6,78.6,2090,-11.2,-33.4,16.7,1,7.6,71.8,2795,14.9,-67.7,19.3,1.3,44.4,86.6,1947,-12.4,-26.9,16.2,1.1,,,,,,,,,,,,,,,,,,,,,,,,,,,,,,,,,,,,,,,,,,,,,,,,,
"Blevins, Jerry",460283,2018,34,64,42.2,188,21.8,11.7,0.211,0.388,0.321,0.316,9.2,3.3,30.8,24.6,39.2,22.5,35,27.5,15,L,779,51.7,88.7,2155,8.3,-19.2,17.6,1.1,,,,,,,,8.5,83.1,1864,13.3,-29.8,16.7,1.2,39.8,72.1,2406,-14.4,-61.4,16.4,1.3,,,,,,,,,,,,,,,,,,,,,,,,,,,,,,,,,,,,,,,,,,,,,,,,,,,,,,,,
"Erlin, Robbie",572362,2018,27,39,109,439,20,2.7,0.252,0.412,0.297,0.296,2.7,2.9,35.3,20.7,49.4,47.8,22.7,24.8,4.7,L,1564,30.2,90.4,2276,5.9,-16.4,18.6,1,5.2,87.2,2371,-2.4,-28.4,9.2,2,17.5,84.3,1590,8.2,-28.1,14.4,1.5,18.6,76.4,2481,-2.7,-63.9,15.7,1.7,28.5,90.2,2183,13.2,-20.8,18.9,1.3,,,,,,,,,,,,,,,,,,,,,,,,,,,,,,,,,,,,,,,,,,,,,,,,,
"Zimmermann, Jordan",519455,2018,32,25,131.1,556,20,4.7,0.257,0.467,0.338,0.327,7.7,3.8,38.4,20.5,48.5,36.9,27.1,27.3,8.6,R,2073,43,91.2,2303,-7.4,-17.2,17.8,0.9,33.2,86.7,2357,3.1,-28.8,8.8,1.1,5.6,86.6,1881,-14.2,-30.4,15.9,1.4,16,80.4,2387,5.2,-49.3,8.2,1.4,2.2,90.8,2166,-14.6,-24.6,17.4,1.2,,,,,,,,,,,,,,,,,,,,,,,,,,,,,,,,,,,,,,,,,,,,,,,,,
"Diekman, Jake",518617,2018,31,71,53.1,243,27.2,12.8,0.22,0.338,0.319,0.306,7.1,2.9,34.3,28.4,42.4,50.7,20,20.7,8.6,L,1012,46,95.1,2170,13.9,-18.5,18.6,1.4,36.1,82.8,2743,-7,-44.3,8,2,,,,,,,,,,,,,,,17.9,94.6,2068,17.8,-23.6,19.4,1.6,,,,,,,,,,,,,,,,,,,,,,,,,,,,,,,,,,,,,,,,,,,,,,,,,
"Roark, Tanner",543699,2018,31,31,180.1,760,19.2,6.6,0.255,0.418,0.319,0.318,7,3.1,33.6,20.1,45.8,42.6,24.2,24,9.2,R,2954,19.9,91.5,2103,-7,-16.4,18.5,1.4,12.7,85,2286,3.7,-32.3,7.8,1.5,11.9,83.4,1731,-14,-29.6,17.9,1.2,14,74.7,2744,13.5,-66.5,20.2,1.3,39.4,91.4,2048,-14.1,-20.1,19.6,1.4,2,89.3,2145,0.2,-21.7,13.6,1.6,,,,,,,,,,,,,,,,,,,,,,,,,,,,,,,,,,,,,,,,,,
"DeSclafani, Anthony",543101,2018,28,21,115,484,22.3,6.2,0.248,0.428,0.336,0.315,7,1.5,33.1,22.7,47.1,43.3,23.8,27.9,4.9,R,1788,31.6,93.5,2199,-8.3,-15.3,17.9,1.2,35,86.8,2231,4.4,-33.9,5.4,1.6,3.6,88.4,1651,-13.9,-28.3,15.5,1.4,3.6,80.4,1684,6,-48.6,8.9,1.8,26.2,93.6,2035,-14.4,-20.5,17.8,1.2,,,,,,,,,,,,,,,,,,,,,,,,,,,,,,,,,,,,,,,,,,,,,,,,,
"McCullers Jr., Lance",621121,2018,24,25,128.1,527,26.9,9.5,0.22,0.362,0.289,0.299,5.5,2.4,35.1,31.3,45.5,55.5,17.4,24.4,2.7,R,2106,0.9,93.8,2357,-5.6,-17.1,15.8,1.6,,,,,,,,16.1,87.3,1886,-17.4,-34.4,18,1.6,46.6,85.8,2790,7.4,-45.6,10.6,2.2,36.4,94.2,2259,-15.6,-22.5,18.2,1.5,,,,,,,,,,,,,,,,,,,,,,,,,,,,,,,,,,,,,,,,,,,,,,,,,
"Kelley, Shawn",518875,2018,34,54,49,190,26.3,5.8,0.181,0.331,0.257,0.244,6.3,6.3,32,25.2,48.9,31.3,31.3,22.7,14.8,R,726,52.2,91.1,2291,-2.4,-15.7,17.5,1.5,47.8,81,2365,5.8,-41.2,6.4,1.8,,,,,,,,,,,,,,,,,,,,,,,,,,,,,,,,,,,,,,,,,,,,,,,,,,,,,,,,,,,,,,,,,,,,,,
"Lester, Jon",452657,2018,34,32,181.2,761,19.6,8.4,0.268,0.449,0.319,0.342,7.2,2.2,35.4,20.3,44.3,40,23.2,30.3,6.5,L,3108,45.5,91,2230,7.7,-17.5,17.5,1.2,,,,,,,,9.2,84.9,1805,14,-32.4,15.2,1.3,15.7,74.8,2571,-11.9,-56,13.2,1.9,4.9,90.2,2073,13.7,-26.6,15.4,1.3,24.7,88.1,2381,-1.8,-25.1,10.8,1.5,,,,,,,,,,,,,,,,,,,,,,,,,,,,,,,,,,,,,,,,,,
"Rodríguez, Dereck",605446,2018,26,21,118.1,487,18.3,7.4,0.238,0.367,0.289,0.297,7.6,3.1,36.1,21.7,45.7,40.6,20.3,30.7,8.5,R,1862,37,91.6,2029,-4.6,-16.8,16.6,1.8,,,,,,,,16.5,84.3,1931,-15.2,-28,18.4,1.6,18.8,75.4,2574,12.3,-60.1,16.9,1.5,16,90.8,1989,-12.5,-19.5,18.6,1.8,11.8,86,2126,3,-29.9,8.1,1.7,,,,,,,,,,,,,,,,,,,,,,,,,,,,,,,,,,,,,,,,,,
"Hembree, Heath",592390,2018,29,67,60,260,29.2,10.4,0.191,0.359,0.315,0.282,7.7,2.6,31,31.3,49.5,40.4,30.8,23.1,5.8,R,1102,55.2,94.5,2413,-6.2,-13.5,18.4,1.4,33.6,88.8,2591,4.5,-30.2,7.3,1.7,0.1,87.6,2469,-9,-26,12.8,,11.2,81.9,2704,9.5,-48.7,12.3,2.5,,,,,,,,,,,,,,,,,,,,,,,,,,,,,,,,,,,,,,,,,,,,,,,,,,,,,,,,
"De La Rosa, Jorge",407822,2018,37,59,56,243,19.3,11.1,0.255,0.388,0.307,0.324,3,3,39.9,24.9,49.5,53,19.6,19.6,7.7,L,996,43.3,92.3,2092,13.2,-20.4,18.5,1.1,,,,,,,,,,,,,,,4.3,75.2,2650,-11.4,-62.6,16.4,1.7,,,,,,,,12.1,85.9,2046,0.4,-31.4,7.8,1.6,40.3,83.6,1429,12,-37.4,12.9,1.2,,,,,,,,,,,,,,,,,,,,,,,,,,,,,,,,,,,
"Richards, Trevor",670950,2018,25,25,126.1,547,23.8,9.9,0.244,0.405,0.324,0.319,6.1,4.2,36.3,25.7,45.7,37.7,24.6,30.2,7.5,R,2232,54.8,90.7,2087,-8.3,-16.2,19.1,1,13,80.5,2038,1.8,-46.1,4.6,1.6,32.2,82.9,2243,-14.9,-33.7,16.2,1,,,,,,,,,,,,,,,,,,,,,,,,,,,,,,,,,,,,,,,,,,,,,,,,,,,,,,,,,,,,,,,
"Gossett, Daniel",605254,2018,25,5,24.1,102,11.8,7.8,0.258,0.496,0.355,0.354,3.7,1.2,44.4,18.3,48.6,42,33.3,24.7,0,R,389,42.9,93.1,2364,-2,-15.5,16.5,1.1,29.8,87,2414,5.5,-34.8,6.6,1.4,9.8,85.3,1678,-10.1,-28.5,13.6,1.4,9,80.6,2403,6.2,-51.4,10.6,1.4,8.5,92.9,2366,-13.5,-17.2,19.9,1.2,,,,,,,,,,,,,,,,,,,,,,,,,,,,,,,,,,,,,,,,,,,,,,,,,
"Rumbelow, Nick",592705,2018,26,13,17.2,77,20.8,7.8,0.232,0.471,0.38,0.328,7.4,0,38.9,22.4,50.3,33.3,40.7,18.5,7.4,R,291,50.9,93.2,1970,-5.7,-14,18.2,1.3,26.1,82.8,2096,1.1,-41.2,2.9,1.5,23,87,1318,-11.9,-28.7,14,1.7,,,,,,,,,,,,,,,,,,,,,,,,,,,,,,,,,,,,,,,,,,,,,,,,,,,,,,,,,,,,,,,
"Duffey, Tyler",608648,2018,27,19,25,107,17.8,3.7,0.29,0.563,0.345,0.384,9.6,2.4,48.8,23.2,48.4,34.9,28.9,28.9,7.2,R,413,37,93.1,2271,-5.5,-16.8,16,1.5,,,,,,,,5.1,84.5,1824,-14.1,-31.6,15.8,2.4,33.2,80.3,2513,9.3,-56.7,16.5,3.2,24.7,92.8,2422,-14,-23.9,16.3,1.4,,,,,,,,,,,,,,,,,,,,,,,,,,,,,,,,,,,,,,,,,,,,,,,,,
"Ferguson, Caleb",657571,2018,21,29,49,202,29.2,5.9,0.233,0.369,0.297,0.289,3.1,3.1,38.3,26.1,48,46.9,21.1,28.1,3.9,L,829,71.8,93.8,2289,9.5,-15,19.1,1.6,,,,,,,,3.3,85,1763,8.5,-24.3,16.7,1.8,24.8,75.6,2824,-7.5,-67.5,19.4,2,,,,,,,,0.1,81.9,2392,-5.5,-41.3,5.5,,,,,,,,,,,,,,,,,,,,,,,,,,,,,,,,,,,,,,,,,,,
"Boyer, Blaine",430641,2018,36,21,21.2,109,8.3,11.9,0.328,0.559,0.444,0.407,4.6,1.1,36.8,14.2,47,50.6,16.1,28.7,4.6,R,434,31.3,92.5,2317,-6.8,-18.2,16.2,1.2,41,87.3,2491,4,-29.6,8.5,1.7,0.2,85,1595,-12.7,-31.5,14.6,,9,76.3,2464,7.8,-58.5,12.3,1.8,18.4,92.7,2303,-14.3,-23.5,17.1,1.4,,,,,,,,,,,,,,,,,,,,,,,,,,,,,,,,,,,,,,,,,,,,,,,,,
"Gausman, Kevin",592332,2018,27,31,183.2,776,19.1,6.4,0.269,0.446,0.324,0.333,6.3,3.3,40.8,24.7,49.3,46.6,23.3,24.3,5.8,R,3003,58.5,93.6,2168,-11.3,-16.1,19.4,2.1,14.4,81.4,2210,1.9,-40.4,3.5,2.5,3.1,82,1701,-13.2,-29.2,17.9,1.8,,,,,,,,,,,,,,,,,,,,,,24,82.7,1449,-13.9,-36.8,14.7,1.8,,,,,,,,,,,,,,,,,,,,,,,,,,,,,,,,,,,
"Odorizzi, Jake",543606,2018,28,32,164.1,711,22.8,9.8,0.245,0.425,0.322,0.332,8.7,2.5,39,24.7,47.4,30.6,29.7,27,12.7,R,2979,54.1,91.1,2255,-10,-17,19.9,1.2,21,83.3,2202,6.7,-33.7,9.8,2,,,,,,,,4.9,72.6,2290,9.1,-67.3,15.6,1.6,,,,,,,,2.4,86.4,2221,2.1,-24.5,13.3,1.7,17.7,84.2,1605,-11.9,-31.6,14.6,1.3,,,,,,,,,,,,,,,,,,,,,,,,,,,,,,,,,,,
"Mitchell, Bryan",571951,2018,27,16,73,337,11.3,12.8,0.284,0.453,0.375,0.369,5.5,1.6,38.8,15.1,43.7,49.2,19.3,26,5.5,R,1169,60.9,94,2246,-12.2,-16.9,19,1.2,,,,,,,,6.2,87.7,2040,-15.4,-25.3,18.6,1.3,18.1,79.8,2699,11.1,-54.9,15.5,2.1,0.5,94.7,2193,-18.1,-21.6,20.2,1.4,14.3,90,2475,-0.7,-24.6,9.5,1.4,,,,,,,,,,,,,,,,,,,,,,,,,,,,,,,,,,,,,,,,,,
"Darvish, Yu",506433,2018,31,8,40,180,27.2,11.7,0.227,0.411,0.335,0.332,3.8,3.8,32.1,25.5,44.5,41.5,27.4,21.7,9.4,R,740,37.3,94.1,2540,-5.3,-14.7,17.1,1.7,6.4,86.7,2731,6.2,-38.5,7.2,1.8,5.4,89.6,1576,-7.3,-28.6,10,1.6,3.4,75.1,2658,12.2,-63.4,18,2.6,17.3,93.5,2419,-14.1,-22.4,16.9,1.6,12.6,89.2,2689,4,-26.1,9.7,1.9,0.1,88.7,2229,-1.9,-17.6,16.7,,,,,,,,,17.6,83.9,2724,13.8,-36.8,14.6,1.8,,,,,,,,,,,,,,,,,,,,,
"Busenitz, Alan",641427,2018,27,23,25.1,126,20.6,11.1,0.272,0.54,0.44,0.389,4.8,4.8,46.2,26.9,44.6,35.7,28.6,31,4.8,R,473,61.3,95.3,2488,-7.1,-15.4,17.1,1.3,,,,,,,,1.5,89.7,1973,-14.5,-31.6,15,1.5,34.7,82.7,2778,8.6,-54.2,15.3,1.7,2.5,95.2,2524,-12.3,-16.8,18.8,1.4,,,,,,,,,,,,,,,,,,,,,,,,,,,,,,,,,,,,,,,,,,,,,,,,,
"Gómez, Jeanmar",491646,2018,30,26,25,114,23.7,8.8,0.27,0.437,0.343,0.343,6.6,2.6,36.8,29.2,47.2,39.5,23.7,28.9,7.9,R,449,3.8,91.6,2145,-9.1,-18.5,16.8,1.6,21.4,85.1,2160,3.6,-33.6,6,2,22.5,84.6,1784,-16.2,-33.9,16.7,1.5,12.7,77.1,2350,8.5,-51.1,10.1,1.7,39.6,91.9,2052,-16.4,-23.7,18.5,1.2,,,,,,,,,,,,,,,,,,,,,,,,,,,,,,,,,,,,,,,,,,,,,,,,,
"Rondón, Héctor",444468,2018,30,63,59,250,26.8,8,0.228,0.345,0.301,0.28,5.5,3.7,36.9,30.4,47.8,47.9,22.1,26.4,3.7,R,986,56.2,97.2,2049,-8.3,-14.3,17.2,1.1,34.1,86.7,2355,6,-37.6,6.7,1.6,4.3,91.5,1919,-16.6,-28,17.4,1.4,,,,,,,,5.5,97,2035,-15.5,-18.9,18.8,1.3,,,,,,,,,,,,,,,,,,,,,,,,,,,,,,,,,,,,,,,,,,,,,,,,,
"Nola, Aaron",605400,2018,25,33,212.1,831,27,7,0.202,0.314,0.251,0.258,4.4,3.7,31.2,27.5,47.6,52.4,17.7,22.9,7,R,3212,36.5,92.7,2116,-12.6,-18.9,17.8,1.4,,,,,,,,19.8,84.8,1478,-14.7,-36.1,14.9,1.6,30.9,78,2545,16.4,-56.1,19.5,1.5,12.9,91.4,2057,-17,-25.2,18.5,1.5,,,,,,,,,,,,,,,,,,,,,,,,,,,,,,,,,,,,,,,,,,,,,,,,,
"Poyner, Bobby",596074,2018,25,20,22.1,93,25.8,3.2,0.234,0.405,0.326,0.292,4.7,9.4,29.7,25.2,55.1,34.4,28.1,23.4,14.1,L,374,59.9,90,2231,8.7,-17,19.9,1,6.4,83.2,2294,-2.2,-37.6,4.5,1.6,28.6,81.7,2315,18,-29.5,22.4,1.4,5.1,74.4,2318,-4.9,-63.3,12.5,1.4,,,,,,,,,,,,,,,,,,,,,,,,,,,,,,,,,,,,,,,,,,,,,,,,,,,,,,,,
"Gaviglio, Sam",543208,2018,28,26,123.2,548,19.2,6.9,0.265,0.435,0.344,0.33,6.5,4,40.4,20.9,43.8,50.1,20,24.9,5,R,2039,,,,,,,,28.4,83,2137,2.4,-36.7,5.1,1.5,11.2,82.8,1473,-13.3,-34.5,14.8,1.6,5.7,77.9,2122,7,-50,8.5,1.5,54.7,88,2040,-13.5,-26.7,16.1,1.5,,,,,,,,,,,,,,,,,,,,,,,,,,,,,,,,,,,,,,,,,,,,,,,,,
"Moya, Gabriel",622382,2018,23,35,36.1,159,19.5,8.2,0.23,0.329,0.314,0.28,0.9,3.5,31.3,21.9,48.8,39.5,25.4,23.7,11.4,L,627,36.5,89.7,2098,7.7,-18.4,17.7,1.2,19.3,80.8,2091,-3.3,-43.2,6,1.9,38.4,81.3,1365,10.5,-34.3,13.2,1.9,0.2,74.5,1818,-7.5,-60.5,12.3,,5.6,89.2,2030,15.1,-24.9,18,1.6,,,,,,,,,,,,,,,,,,,,,,,,,,,,,,,,,,,,,,,,,,,,,,,,,
"Tropeano, Nick",607374,2018,27,14,76,316,20.3,9.8,0.256,0.467,0.342,0.344,10,2.3,38.8,27.2,44.4,37.9,27.9,25.6,8.7,R,1179,27.7,90.6,2274,-13.6,-18.7,21.2,1.3,24.3,79.7,2182,1.6,-44.1,2.8,1.4,13.8,82.3,1981,-16.2,-30.1,20.4,1.2,,,,,,,,19.7,89.9,2212,-17.9,-24,21.2,1.4,,,,,,,,14.5,82.4,1093,-10.3,-41.6,10.9,1.4,,,,,,,,,,,,,,,,,,,,,,,,,,,,,,,,,,,
"Lauer, Eric",641778,2018,23,23,112,504,19.8,9.1,0.26,0.413,0.347,0.333,4.8,4.8,35.2,19.9,46.9,38.6,23.6,29.3,8.5,L,1921,57.6,91.2,2190,8.5,-16.4,19.2,1.7,7.1,82.1,2258,-2.7,-43,4.6,2.2,3.7,84.7,1710,11.1,-25.5,17.2,1.6,11.5,74.6,2233,-5.7,-60.8,11.1,1.8,,,,,,,,20,88,2259,-1.1,-25.9,10.7,2.2,,,,,,,,,,,,,,,,,,,,,,,,,,,,,,,,,,,,,,,,,,
"Borucki, Ryan",621366,2018,24,17,97.2,415,16.1,8,0.257,0.406,0.305,0.317,4.5,3.8,33.2,19.2,45.5,48.6,24.3,21.7,5.4,L,1581,,,,,,,,9.6,82.2,2149,-2.9,-39.3,4.2,1.8,23.3,83.3,2051,14.4,-27.2,19,1.3,8.4,77.1,2236,-6,-53.8,9.3,1.7,58.7,91.5,2220,17.4,-23.5,19.9,1.2,,,,,,,,,,,,,,,,,,,,,,,,,,,,,,,,,,,,,,,,,,,,,,,,,
"Despaigne, Odrisamer",628333,2018,31,19,39,188,18.6,10.1,0.302,0.457,0.369,0.361,6.8,2.3,42.7,25.6,46.5,42.4,20.5,34.8,2.3,R,765,23.3,92.7,2156,-7,-18.4,15.9,1.6,12.7,81.6,2780,9.3,-48.1,11.5,1.8,11,79.4,1490,-8.4,-31.7,15,1.5,4.7,72.7,2766,10.3,-72,20.2,2,28.5,92.4,2146,-15.7,-22.7,18.8,1.6,19.9,85.7,2580,2.7,-34.7,5.2,2.2,,,,,,,,,,,,,,,,,,,,,,,,,,,,,,,,,,,,,,,,,,
"Taillon, Jameson",592791,2018,26,32,191,785,22.8,5.9,0.237,0.373,0.294,0.289,5.4,2.9,31.9,23.8,49.3,47.7,20.9,25.3,6.1,R,2947,35.5,95.2,2350,-4,-14.8,16.1,1.1,18.4,89.8,2393,4.7,-28,8.3,1.7,4.5,87.9,1709,-9.2,-26.5,13.6,1.6,19.7,82.2,2649,10.7,-55,17.2,1.4,21.9,95.2,2223,-13.3,-19.6,17.2,1,,,,,,,,,,,,,,,,,,,,,,,,,,,,,,,,,,,,,,,,,,,,,,,,,
"Wheeler, Zack",554430,2018,28,29,182.1,744,24.1,7.4,0.219,0.334,0.272,0.278,4.2,4.8,27.1,24.5,49.2,46.1,21.6,24,8.4,R,2881,43.6,95.8,2307,-9.5,-13.2,18.7,1.8,,,,,,,,5.7,88.1,1788,-12.5,-23.7,16.9,1.8,10.5,79.3,2556,8,-54.9,13.8,1.5,14.6,96.1,2240,-13.3,-15.6,19,1.4,19.1,90.9,2339,1.7,-25.9,7.3,1.7,6.5,89.7,1444,-12.1,-26.2,14.5,1.7,,,,,,,,,,,,,,,,,,,,,,,,,,,,,,,,,,,
"De Jong, Chase",608328,2018,24,4,17.2,74,17.6,8.1,0.241,0.407,0.346,0.311,7.3,0,33.3,20.5,45.5,30.9,29.1,27.3,12.7,R,274,53.6,89.2,2217,-5.1,-18.1,18.3,1.5,20.8,80.6,2241,4.8,-47.7,6.6,1.4,21.5,82.2,1710,-15,-33,17.4,1.4,4,75.9,2254,5.5,-60.2,11.5,1.5,,,,,,,,,,,,,,,,,,,,,,,,,,,,,,,,,,,,,,,,,,,,,,,,,,,,,,,,
"Otero, Dan",519096,2018,33,61,58.2,247,17.4,2,0.272,0.446,0.347,0.317,5.1,2.6,39.6,18.5,50.3,60.7,13.8,23,2.6,R,898,12.4,90,2137,-9.3,-19.5,16.9,1,7.6,81.5,1975,3.4,-41.1,4.3,1.5,12.7,82.6,1337,-13,-38.7,13.2,1,,,,,,,,67.4,89.9,2011,-17,-27.4,18.3,1,,,,,,,,,,,,,,,,,,,,,,,,,,,,,,,,,,,,,,,,,,,,,,,,,
"Gallardo, Yovani",451596,2018,32,21,94.1,421,13.8,11.2,0.285,0.471,0.371,0.367,7.3,2.9,40.8,17.5,40.4,45.2,21.7,27.4,5.7,R,1666,30.2,91.5,2092,-5.4,-15.5,18.6,1.4,21.3,89,2218,3.2,-26.3,9.7,1.5,12.7,85.9,1895,-14.6,-26.9,18.3,1.4,12.3,79.5,2368,5.6,-50.5,8.4,1.4,23.5,91.6,2043,-11.1,-18.9,18.1,1.4,,,,,,,,,,,,,,,,,,,,,,,,,,,,,,,,,,,,,,,,,,,,,,,,,
"Stammen, Craig",489334,2018,34,73,79,317,27.8,5.4,0.213,0.319,0.253,0.256,5.7,0.5,34.2,29.8,49.2,50.7,23,23,3.3,R,1120,0.1,90.2,2219,-4.6,-18.1,15.7,,,,,,,,,,,,,,,,11.1,80.8,2327,7.7,-53.8,14.1,1.5,68.2,91.6,2060,-14.5,-22.5,17.7,1.2,20.6,86.8,2292,2,-30.9,6.2,1.6,,,,,,,,,,,,,,,,,,,,,,,,,,,,,,,,,,,,,,,,,,
"Lynn, Lance",458681,2018,31,31,156.2,700,23,10.9,0.24,0.364,0.327,0.31,6.6,6.3,37.1,23.4,46.6,49.9,18.2,25.6,6.3,R,2934,44.9,93.7,2385,-5.4,-17.2,15.2,1.6,,,,,,,,1.9,85.3,1611,-12.1,-32.6,13.6,1.6,9.1,80,2221,8.5,-54.6,13.9,1.6,32.5,92.3,2218,-12.3,-26,13.8,1.6,11.6,87.4,2505,4.4,-32.5,6.8,1.8,,,,,,,,,,,,,,,,,,,,,,,,,,,,,,,,,,,,,,,,,,
"Miley, Wade",489119,2018,31,16,80.2,338,14.8,8,0.257,0.354,0.283,0.306,2,3.5,28.5,22.1,44.5,54.3,12.9,26.2,6.6,L,1287,11,91.2,2220,4,-16.8,17.2,1.6,2.6,81.9,2417,-4.2,-45.1,5.6,2,16.6,82.4,1866,14.9,-31,18.1,1.3,18.6,75.6,2486,-7.5,-63.8,15.5,2.5,9.9,90.1,2041,11.5,-20,18.5,1.9,41.3,87.6,2261,-2.4,-28.5,8.8,1.6,,,,,,,,,,,,,,,,,,,,,,,,,,,,,,,,,,,,,,,,,,
"McAllister, Zach",502083,2018,30,44,45,198,19.7,5.1,0.287,0.478,0.372,0.345,6.8,4.1,42.1,21.9,51.3,42.6,20.9,29.1,7.4,R,772,67.2,95.1,2277,-13.5,-17.6,18.1,1.3,,,,,,,,1.4,88.4,1486,-13.3,-31.1,14.1,1.7,22.5,81.6,2294,7.7,-43.9,8.7,1.4,8.8,95.3,2328,-18.2,-22.5,19.6,1.4,,,,,,,,,,,,,,,,,,,,,,,,,,,,,,,,,,,,,,,,,,,,,,,,,
"Boyd, Matthew",571510,2018,27,31,170.1,709,22.4,7.2,0.209,0.37,0.305,0.287,8.6,2.9,32.3,23.4,46.5,30.5,32.2,24,13.3,L,2854,34.2,90.5,2282,9,-18.2,18.3,2.1,30.9,80.5,2322,-2.4,-41.3,4.5,1.8,8,78.6,1760,10.3,-34.6,14.8,2.1,12.3,72.1,2276,-14.5,-58.3,15.4,1.6,14.6,90.1,2281,14.3,-22.4,18.7,2.3,,,,,,,,,,,,,,,,,,,,,,,,,,,,,,,,,,,,,,,,,,,,,,,,,
"Hernandez, David",456696,2018,33,57,64,254,25.6,6.7,0.211,0.349,0.276,0.279,10.2,2.4,36.5,24.3,50.2,34.1,29.3,23.4,13.2,R,974,13,93.4,2346,-10.5,-15.6,19.4,1.2,,,,,,,,3.9,87.3,1982,-9.9,-27.2,13.4,1.4,19.4,80.8,2168,11.1,-43,11.4,1.4,45,92.9,2184,-14.3,-19.2,19.4,1.2,18.7,85.7,2313,2.8,-33.7,6.2,1.7,,,,,,,,,,,,,,,,,,,,,,,,,,,,,,,,,,,,,,,,,,
"Nix, Jacob",656798,2018,22,9,42.1,190,11.1,6.8,0.337,0.591,0.384,0.419,5.9,2,42.8,15.1,44.5,42.1,30.9,21.7,5.3,R,656,62.5,92.9,2231,-10.3,-16.9,18.4,1.1,3.7,81.1,2319,4.5,-44.3,5.8,1.6,14.2,80.5,2340,-17.8,-40.9,18,1.5,19.7,76.7,2079,8.1,-62.4,16.8,1.4,,,,,,,,,,,,,,,,,,,,,,,,,,,,,,,,,,,,,,,,,,,,,,,,,,,,,,,,
"Smith, Joe",501925,2018,34,56,45.2,180,25.6,6.7,0.224,0.37,0.279,0.294,5.8,8.3,29.2,22.2,50.5,45,25,20.8,9.2,R,687,33.5,88,2143,-17.7,-29.8,18.7,1,34.6,78.6,2340,15,-35.8,17.6,1.2,0.3,79.1,1695,-15.8,-46,16.1,1.4,,,,,,,,31.6,87.4,1969,-18,-39.6,18.6,1,,,,,,,,,,,,,,,,,,,,,,,,,,,,,,,,,,,,,,,,,,,,,,,,,
"Sipp, Tony",448609,2018,34,54,38.2,151,27.8,8.6,0.205,0.288,0.258,0.26,6.3,1.1,22.3,31.8,46.1,42.1,29.5,22.1,6.3,L,626,52.1,91.8,2141,7.8,-15.5,19.3,1.2,29.9,82.9,2012,-0.3,-38.8,2.8,1.2,,,,,,,,,,,,,,,0.6,90.6,2055,12.1,-18.6,19.4,1.5,,,,,,,,17.4,79,978,8.5,-45.9,10.7,1.2,,,,,,,,,,,,,,,,,,,,,,,,,,,,,,,,,,,
"Lorenzen, Michael",547179,2018,26,45,81,344,15.7,9.9,0.256,0.378,0.31,0.319,4,5.1,33.2,16.4,45.7,51.8,17,25.3,5.9,R,1291,11.9,95.4,2381,-9.7,-14.9,19,1.6,10.5,86.6,2529,3.4,-37.6,4.9,1.5,7.4,87.4,1888,-13.3,-26.6,16.9,1.3,5,81.7,2504,5.2,-56.2,14.8,1.6,39.8,95,2239,-14.5,-19.2,19,1.4,25.4,90.9,2575,2.4,-27.2,7.7,1.5,,,,,,,,,,,,,,,,,,,,,,,,,,,,,,,,,,,,,,,,,,
"Santana, Ervin",429722,2018,35,5,24.2,114,14,7.9,0.29,0.642,0.426,0.419,8,3.4,36.8,10.7,45.7,23,36.8,29.9,10.3,R,428,30.1,89.2,2092,-4.3,-21.1,14.2,1.2,31.5,81.4,2248,4.9,-39.1,6.6,1.8,20.3,82.8,1589,-8.6,-26.8,16,1.6,,,,,,,,18,88.5,2044,-9.2,-22.7,15.6,1.5,,,,,,,,,,,,,,,,,,,,,,,,,,,,,,,,,,,,,,,,,,,,,,,,,
"Hutchison, Drew",571800,2018,27,16,42.2,199,15.6,13.1,0.268,0.472,0.393,0.368,6.4,2.1,34.3,19.8,43.7,42.1,25.7,25.7,6.4,R,751,53.3,90.2,2167,-3.7,-20.6,14.6,1.4,31,82.3,2655,5,-46.7,7.1,1.8,11.5,83.1,1709,-12.1,-32.8,14.7,2,,,,,,,,4.3,90.1,2210,-12.6,-22.4,17.7,1.4,,,,,,,,,,,,,,,,,,,,,,,,,,,,,,,,,,,,,,,,,,,,,,,,,
"Gilmartin, Sean",543219,2018,28,12,27,113,13.3,9.7,0.278,0.463,0.319,0.359,7.1,1.2,34.1,19.3,41.1,45.9,22.4,23.5,8.2,L,455,28.1,88.5,1990,9.7,-18.5,19.9,1.2,29.7,78.9,2502,-15.2,-47.1,15.5,1.3,25.7,78.5,1423,8.9,-31.5,16.2,1.4,7.7,72,2355,-13,-64.3,15.9,1.7,8.8,88.4,1908,13.6,-22,19.3,1.2,,,,,,,,,,,,,,,,,,,,,,,,,,,,,,,,,,,,,,,,,,,,,,,,,
"Corbin, Patrick",571578,2018,28,33,200,800,30.8,6,0.232,0.361,0.265,0.283,6.2,2.6,35.6,34.3,47.6,49.3,20.6,26.7,3.4,L,3138,20,90.8,2267,7.7,-17.9,17.4,1.8,41,81.7,2389,-3.3,-42.8,4.1,1.5,1.1,81,1710,11.3,-31.1,16.1,1.7,9.3,72.5,2089,-2.4,-53.7,3.2,2.5,28.5,90.8,2215,14.5,-22.2,18.5,1.8,,,,,,,,,,,,,,,,,,,,,,,,,,,,,,,,,,,,,,,,,,,,,,,,,
"Morrow, Brandon",453344,2018,33,35,30.2,122,25.4,7.4,0.259,0.385,0.252,0.312,2.5,0,44.4,28.9,49,53.1,17.3,23.5,6.2,R,488,72.7,97.5,2413,-11,-13.4,19.2,1.4,12.3,88,2383,3.5,-40.9,6.6,1.6,,,,,,,,,,,,,,,,,,,,,,15,91.9,2367,4.9,-26.9,7.9,1.5,,,,,,,,,,,,,,,,,,,,,,,,,,,,,,,,,,,,,,,,,,
"Neshek, Pat",450212,2018,37,30,24.1,101,14.9,5,0.222,0.368,0.281,0.268,6.2,4.9,28.4,22.6,50.3,40.7,24.7,24.7,9.9,R,370,,,,,,,,59.7,81.1,2169,3.9,-39.4,5.4,1.5,0.8,63,1003,-7.4,-64.3,10.8,1.6,,,,,,,,39.5,89.1,2064,-15,-25.8,17.8,1.3,,,,,,,,,,,,,,,,,,,,,,,,,,,,,,,,,,,,,,,,,,,,,,,,,
"Domínguez, Seranthony",622554,2018,23,53,58,231,32,9.5,0.183,0.283,0.227,0.254,3.1,2.3,29.8,34.8,46.9,55.7,21.4,17.6,5.3,R,931,59.8,98,2338,-1,-16.1,12.7,1,27,88.9,2449,5.5,-34.6,6.2,1.8,6.4,91.1,1745,-15.3,-26.5,16.7,1.3,,,,,,,,6.8,98.1,2374,-13,-19.8,15.9,1.3,,,,,,,,,,,,,,,,,,,,,,,,,,,,,,,,,,,,,,,,,,,,,,,,,
"Hudson, Dakota",641712,2018,23,26,27.1,118,16.1,15.3,0.212,0.275,0.265,0.294,5,6.3,20,22.8,43.6,63.7,12.5,18.8,5,R,433,3,96.7,2160,-4,-16.4,13.3,1.5,27.7,91.3,2467,2.8,-29,5.5,1.3,,,,,,,,11.1,86.4,2426,7,-38.4,7.7,1.3,58.2,95.9,2191,-13,-22.3,14.9,1.1,,,,,,,,,,,,,,,,,,,,,,,,,,,,,,,,,,,,,,,,,,,,,,,,,
"Bieber, Shane",669456,2018,23,20,114.2,485,24.3,4.7,0.256,0.426,0.335,0.314,6.4,2,38.3,26.1,46.9,46.5,23.7,26.3,3.5,R,1802,57.4,93,2268,-11,-16,19.1,1.2,22.7,83.7,2238,2.2,-40.3,3.2,1.5,3.8,87.8,1623,-11.2,-23.6,16.4,1.3,16,80,2069,7.1,-57,15.5,1.3,,,,,,,,,,,,,,,,,,,,,,,,,,,,,,,,,,,,,,,,,,,,,,,,,,,,,,,,
"Newcomb, Sean",656794,2018,25,31,164,696,23,11.6,0.221,0.348,0.3,0.297,6.6,1.8,31.9,24.7,44.6,44.1,24.4,24,7.5,L,2918,62.3,93,2179,6.7,-15.7,18.3,1.7,4.3,80.5,2583,-11,-47.9,12.4,2.1,19.2,86.3,1619,11.9,-28.1,15.4,1.7,14.3,76.8,2713,-9.2,-67.4,20.2,1.8,,,,,,,,,,,,,,,,,,,,,,,,,,,,,,,,,,,,,,,,,,,,,,,,,,,,,,,,
"Volstad, Chris",458690,2018,31,33,47.1,216,13.4,6,0.287,0.485,0.392,0.357,3.5,1.2,39.8,12.7,43.4,55.6,15.8,23.4,5.3,R,831,4.5,91.3,2182,-10.6,-19.4,18.1,1.2,0.6,86.6,2284,-0.6,-28.5,9.1,1.5,7.6,83.6,1912,-15.7,-30.3,18.8,1.4,25.9,81.2,2339,8.4,-51.5,12,1.5,61.5,91.8,2171,-16.5,-24.5,18.9,1.2,,,,,,,,,,,,,,,,,,,,,,,,,,,,,,,,,,,,,,,,,,,,,,,,,
"Castro, Miguel",612434,2018,23,63,86.1,376,15.2,13.3,0.258,0.426,0.312,0.345,6.1,3.8,34.5,23.5,44.3,48.9,20.1,20.8,10.2,R,1458,0.1,96.4,2282,-13.1,-13.1,21.5,1.5,26.2,84.3,2877,6.7,-39,7.4,2,15.2,87.6,2118,-17.5,-28.8,19.1,1.9,,,,,,,,58.4,95.4,2261,-16.8,-21.3,19.2,2.1,,,,,,,,,,,,,,,,,,,,,,,,,,,,,,,,,,,,,,,,,,,,,,,,,
"Beeks, Jalen",656222,2018,24,14,50.2,223,18.8,10.8,0.253,0.391,0.346,0.326,6.5,2.6,29.2,26,48.1,48.1,22.7,23.4,5.8,L,880,42.3,91.8,2017,8,-15.8,18.9,1.4,,,,,,,,18.4,86.8,1960,16.5,-30.3,17.9,1.4,18.8,76.8,2670,-12.3,-60.1,17.3,1.5,0.6,93,2027,14.2,-17.6,20.2,1.4,20,87.3,2136,-1.1,-26.6,10.1,1.4,,,,,,,,,,,,,,,,,,,,,,,,,,,,,,,,,,,,,,,,,,
"Holder, Jonathan",656547,2018,25,60,66,272,22.1,7,0.223,0.394,0.255,0.292,5.2,1.6,28.6,23.8,48,30.7,33.3,24,12,R,1031,55.4,92.7,2326,-2.5,-15.7,16.6,1.2,14,80.8,2685,11.2,-47.3,12.2,1.4,16.6,85.4,1845,-14.9,-31.2,16.3,1.1,1.8,76,2858,12.1,-63.7,18.7,1.3,,,,,,,,12.2,85.1,2494,6.3,-36.9,7,1.6,,,,,,,,,,,,,,,,,,,,,,,,,,,,,,,,,,,,,,,,,,
"Collins, Tim",525768,2018,28,38,22.2,99,21.2,12.1,0.231,0.397,0.357,0.321,3,4.5,31.8,26.3,47.2,40.9,28.8,21.2,9.1,L,371,53.1,92.4,2246,3.5,-14,19.2,1,18.3,88.7,2337,-5,-25.6,12,1.9,11.6,84,1893,7.8,-21.2,20.4,1.3,17,74.8,2769,-10.6,-69.7,20.7,1.2,,,,,,,,,,,,,,,,,,,,,,,,,,,,,,,,,,,,,,,,,,,,,,,,,,,,,,,,
"Skoglund, Eric",607215,2018,25,14,70,293,16.7,6.5,0.275,0.481,0.334,0.355,8.2,1.8,45.4,16.9,47.2,44.3,24.7,23.7,7.3,L,1086,31.7,91.3,2232,10.1,-16.7,19.2,1.5,,,,,,,,13.5,85.5,1422,11.5,-27.5,15.5,1.6,26.2,81.1,2340,-4.5,-45.9,6.6,1.7,28.5,91.3,2096,15.2,-22.2,18.7,1.4,,,,,,,,,,,,,,,,,,,,,,,,,,,,,,,,,,,,,,,,,,,,,,,,,
"Kahnle, Tommy",592454,2018,28,24,23.1,107,28,14,0.245,0.415,0.349,0.338,3.2,1.6,27.4,34.7,43.9,38.7,30.6,25.8,4.8,R,485,54.4,95.1,2223,-3.9,-13.2,17.3,1.3,4.7,83.5,2280,7.9,-37.2,9.4,1.6,40.2,88.4,1391,-13.4,-27.2,15.5,1.4,0.6,78.6,2143,8.4,-49.1,9.4,1.5,,,,,,,,,,,,,,,,,,,,,,,,,,,,,,,,,,,,,,,,,,,,,,,,,,,,,,,,
"Lucchesi, Joey",664192,2018,25,26,130,548,26.5,7.8,0.243,0.431,0.328,0.321,5.6,3.4,40.5,25.5,44.2,46.8,21.7,26.5,5.1,L,2056,,,,,,,,,,,,,,,,,,,,,,35.8,79.2,2055,-1.9,-45.4,3.4,1.6,63.6,90.4,2235,11.4,-21.4,16.7,1.3,0.6,89.9,2251,3.3,-20.8,13.1,1.4,,,,,,,,,,,,,,,,,,,,,,,,,,,,,,,,,,,,,,,,,,
"Mayza, Tim",641835,2018,26,37,35.2,151,26.5,9.3,0.198,0.322,0.298,0.262,4.2,4.2,27.4,30.2,50.1,46.3,22.1,25.3,6.3,L,609,48.4,93.9,2100,8.9,-15.1,18.5,1.3,44,86.1,2080,-1.7,-34.7,3.7,1.7,,,,,,,,,,,,,,,7.6,93.6,2062,13,-18.6,18.3,1.5,,,,,,,,,,,,,,,,,,,,,,,,,,,,,,,,,,,,,,,,,,,,,,,,,
"Moylan, Peter",493247,2018,39,39,28.1,129,17.8,14,0.275,0.384,0.371,0.343,8.1,2.3,38.8,25.4,45.7,55.8,18.6,25.6,0,R,514,,,,,,,,36.8,77.4,2396,11.2,-48.9,11.5,1.2,5.4,84.9,1833,-14.6,-40,15.4,1.4,,,,,,,,57.6,89.4,2052,-17.6,-39.9,18.2,1.2,,,,,,,,0.2,76.8,2372,12.3,-51.6,12.6,,,,,,,,,,,,,,,,,,,,,,,,,,,,,,,,,,,,
"Wood, Hunter",621056,2018,24,29,41,179,23.5,10.1,0.236,0.348,0.317,0.297,7.6,1.7,26.9,30.4,47.3,43.7,21.8,28.6,5.9,R,695,52.8,94.3,2470,-1.3,-11.3,20.3,1.4,22.4,87.3,2497,6,-30.8,8.9,1.7,6.9,86.4,1679,-9.4,-23,17.3,1.3,17.8,75.4,2260,5.6,-67.9,18.8,2,,,,,,,,,,,,,,,,,,,,,,,,,,,,,,,,,,,,,,,,,,,,,,,,,,,,,,,,
"Rondón, Bruce",541652,2018,27,35,29.2,154,26,17.5,0.244,0.348,0.371,0.333,3.5,1.2,38.4,33,45.1,38.4,20.9,36,4.7,R,610,40.2,96.5,2199,-6.2,-12.6,17.7,1.6,39.2,86.3,2271,3.3,-37.9,4.2,1.4,6.9,90.2,1948,-15.8,-23.5,18.9,1.4,,,,,,,,13.8,95.7,2216,-13.8,-16,19.5,1.5,,,,,,,,,,,,,,,,,,,,,,,,,,,,,,,,,,,,,,,,,,,,,,,,,
"Gomber, Austin",596295,2018,24,29,75,334,20.1,9.6,0.279,0.477,0.338,0.358,6.5,3.5,34.6,21.7,45.9,40.7,22.1,29.9,7.4,L,1226,48.7,92.5,2087,8.2,-15.1,18.4,1.6,20.6,88.7,2310,-2.7,-24.8,10.4,1.7,8.8,83.9,1785,7.9,-24,16.2,2.1,21.9,77.9,2498,-5.7,-58.1,14,2,,,,,,,,,,,,,,,,,,,,,,,,,,,,,,,,,,,,,,,,,,,,,,,,,,,,,,,,
"Farmer, Buck",571656,2018,27,66,69.1,308,18.5,13.3,0.239,0.359,0.332,0.314,6.2,1.9,35.9,26.8,44.9,41.1,23.9,26.8,8.1,R,1252,57.4,94.4,2344,-12.9,-16.8,19.4,1.1,17.3,80.8,2648,1.8,-40.9,3.5,1.6,25.3,86.8,1924,-16.7,-37.4,16.9,1.4,,,,,,,,,,,,,,,,,,,,,,,,,,,,,,,,,,,,,,,,,,,,,,,,,,,,,,,,,,,,,,,
"Thornburg, Tyler",592804,2018,29,25,24,107,19.6,9.3,0.283,0.457,0.382,0.353,2.7,1.3,37.3,20.9,45.6,37.3,25.3,25.3,12,R,430,55.6,92.9,2453,-6.6,-12.9,20.6,1,,,,,,,,15.1,84.8,1515,-11.3,-27.6,15.6,1.3,29.3,77.9,2677,10.5,-59.7,16.8,1.4,,,,,,,,,,,,,,,,,,,,,,,,,,,,,,,,,,,,,,,,,,,,,,,,,,,,,,,,
"Wood, Alex",622072,2018,27,33,151.2,637,21.2,6.3,0.24,0.366,0.288,0.29,4.6,3.5,33.7,23.7,49,50,20.5,25.1,4.4,L,2443,0,90.4,1851,3.7,-16.3,17,,,,,,,,,26.3,83.7,1668,14.5,-34.1,15.6,1,30.7,82.4,2049,-2.3,-42.8,3.6,1.1,42.9,89.9,1921,11.5,-20.4,18,1,,,,,,,,,,,,,,,,,,,,,,,,,,,,,,,,,,,,,,,,,,,,,,,,,
"Colomé, Alex",517008,2018,29,70,68,282,25.5,7.4,0.232,0.377,0.282,0.295,7,1.1,37.6,29.9,50.8,46.8,21.5,28.5,3.2,R,1085,44.8,95.1,2104,-4.3,-13,18.4,1.1,,,,,,,,,,,,,,,,,,,,,,,,,,,,,55.2,90.4,2144,1.3,-26.6,8.3,1.6,,,,,,,,,,,,,,,,,,,,,,,,,,,,,,,,,,,,,,,,,,
"Rodón, Carlos",607074,2018,25,20,120.2,510,17.6,10.8,0.225,0.371,0.309,0.313,5.4,3.4,34.3,21.2,45.6,41.6,28.9,20.7,8.8,L,1966,47.3,92.9,2261,7.3,-17.1,17.2,2,26.2,85.4,2495,-7.5,-39.7,8.5,2.4,14.3,85.1,1767,15.2,-32.8,16.6,1.7,,,,,,,,12.1,93.3,2149,13.9,-21,17.9,1.9,,,,,,,,,,,,,,,,,,,,,,,,,,,,,,,,,,,,,,,,,,,,,,,,,
"Axford, John",446099,2018,35,50,54.2,233,23.2,9.4,0.22,0.333,0.318,0.286,7.1,6.5,34.4,21.6,42.4,55.2,19.5,21.4,3.9,R,915,12.6,95.7,2083,-3.7,-14.3,15.9,1.2,10.2,91.7,2272,4.6,-26.4,8,1.5,,,,,,,,14.9,79.7,2072,7.1,-57.8,15.5,1.2,62.4,95.4,2030,-13.3,-17.5,18.3,1.2,,,,,,,,,,,,,,,,,,,,,,,,,,,,,,,,,,,,,,,,,,,,,,,,,
"Scherzer, Max",453286,2018,33,33,220.2,866,34.6,5.9,0.185,0.316,0.252,0.248,6.4,3.4,31.7,33,52.4,35.2,25.8,23.1,15.9,R,3480,50.1,94.4,2487,-10.8,-17.3,17.9,1.4,16.6,85.2,2386,3.2,-37.3,4.2,1.4,15.7,83.9,1457,-15.1,-37.7,15.4,1.4,7.9,78.4,2512,8,-52,10.4,1.7,,,,,,,,9.7,88.7,2425,1.5,-28.2,7.6,1.1,,,,,,,,,,,,,,,,,,,,,,,,,,,,,,,,,,,,,,,,,,
"Bedrosian, Cam",592135,2018,26,71,64,270,21.1,9.6,0.266,0.417,0.324,0.335,5.9,1.6,43.8,21.7,40,49.7,19.5,24.3,6.5,R,1034,55.5,93.1,2342,-2.1,-14.7,17.3,1.5,44.5,83,2653,7.9,-47.6,10.9,1.6,,,,,,,,,,,,,,,,,,,,,,,,,,,,,,,,,,,,,,,,,,,,,,,,,,,,,,,,,,,,,,,,,,,,,,
"Strop, Pedro",467008,2018,33,60,59.2,240,23.8,8.8,0.215,0.351,0.241,0.288,7,5.7,28.7,34.3,49.8,48.4,24.2,18.5,8.9,R,869,14.2,95,2352,-4.8,-14.6,16.7,1.2,29.5,83.8,2362,4.1,-41.3,4.9,1.3,,,,,,,,,,,,,,,24.2,95.1,2301,-13.9,-19.3,18,1,30.4,88.6,2254,2.4,-30.2,5.9,1.4,1.8,89.9,1377,-9.9,-30.3,10.9,1.6,,,,,,,,,,,,,,,,,,,,,,,,,,,,,,,,,,,
"Richards, Garrett",572070,2018,30,16,76.1,323,26.9,10.2,0.224,0.389,0.302,0.307,5.9,2,41.1,28.4,43.2,50.5,15.8,25.2,8.4,R,1313,31.2,95.8,2602,1.6,-19.8,11,1.2,39,89.2,2897,2.4,-39.9,5.2,1.4,0.1,90.9,2794,-22,-36.1,22,,10.6,81,3252,8.6,-65,22.8,1.7,19.1,95.9,2544,-8.5,-20,13.7,1.2,,,,,,,,,,,,,,,,,,,,,,,,,,,,,,,,,,,,,,,,,,,,,,,,,
"Trivino, Lou",642152,2018,26,69,74,299,27.4,10.4,0.226,0.349,0.266,0.291,3.8,2.7,30.4,29.6,50.7,46.7,20.1,26.1,7.1,R,1121,32.8,97.4,2148,-8.4,-14.4,16.9,1.1,,,,,,,,1,88.2,1647,-15.9,-32.4,16.5,1.3,6.6,80.9,2585,13.1,-53.1,16.9,1.1,20.7,97.7,2170,-16,-19.7,18.5,1.1,38.9,92.4,2495,3,-25,8.6,1.4,,,,,,,,,,,,,,,,,,,,,,,,,,,,,,,,,,,,,,,,,,
"Rodney, Fernando",407845,2018,41,68,64.1,285,24.6,11.2,0.236,0.363,0.312,0.31,3.9,6.1,31.4,26.8,43.4,45,21.1,25.6,8.3,R,1165,22.7,94.7,2154,-6.4,-13.5,18.9,1.9,0.3,86.5,2182,3,-30.5,7.8,1.5,29.2,82.8,1735,-15.1,-32.7,17.3,2.7,,,,,,,,47.8,93.8,2026,-13.3,-18.4,18.8,1.9,,,,,,,,,,,,,,,,,,,,,,,,,,,,,,,,,,,,,,,,,,,,,,,,,
"Barnes, Jacob",606930,2018,28,49,48.2,217,21.7,10.6,0.246,0.369,0.316,0.307,2,2,34.7,30,48.3,51,15.6,25.2,8.2,R,840,49.8,95.3,2397,-0.4,-15.8,14.3,1.3,0.2,85,2204,4.5,-39.5,5,1.5,,,,,,,,,,,,,,,,,,,,,,50,90.2,2321,4.1,-27.8,7.4,1.4,,,,,,,,,,,,,,,,,,,,,,,,,,,,,,,,,,,,,,,,,,
"Littell, Zack",641793,2018,22,8,20.1,101,13.9,10.9,0.275,0.442,0.396,0.365,4.2,4.2,39.4,17.4,47.1,44.4,16.7,30.6,8.3,R,426,47.9,92,2035,-7.1,-16.6,17.1,1.7,16.9,86.5,2036,3.2,-30.1,7.4,1.6,11.3,85.4,1812,-15.3,-30.7,16.9,1.3,13.1,74.7,1939,8.6,-63,16.1,1.5,10.8,91.1,1951,-13.8,-20.5,18.6,1.5,,,,,,,,,,,,,,,,,,,,,,,,,,,,,,,,,,,,,,,,,,,,,,,,,
"Mayers, Mike",594577,2018,26,50,51.2,226,21.7,6.6,0.256,0.415,0.348,0.313,3.1,4.3,34.8,23,46.5,43.5,18.6,29.2,8.7,R,906,59.9,96.1,2353,-9.2,-13.5,19.1,1.5,38,86.8,2186,3,-37.1,3.7,1.9,1.2,89.4,1472,-11.8,-26,14.6,1.4,0.4,79.9,2569,6.9,-55.1,12.4,1.5,0.4,94.6,2204,-13.6,-18.4,18.5,1.4,,,,,,,,,,,,,,,,,,,,,,,,,,,,,,,,,,,,,,,,,,,,,,,,,
"Coleman, Louis",488786,2018,32,51,51.1,217,18.9,11.1,0.218,0.327,0.312,0.296,7.5,3.4,24.7,27.4,44.6,44.5,18.5,24,13,R,835,40.2,89.6,2293,-9.1,-21.4,15.4,1.1,44.9,82.9,2341,4.7,-38.7,5.4,1.3,0.7,84.5,2070,-12.5,-34.4,14,1.4,0.1,73.6,2305,9.3,-52.6,9.4,,14,87.8,2142,-13.6,-34.1,13.8,1.1,,,,,,,,,,,,,,,,,,,,,,,,,,,,,,,,,,,,,,,,,,,,,,,,,
"Workman, Brandon",519443,2018,29,43,41.1,167,22.2,9.6,0.22,0.399,0.304,0.306,4.4,0,35.1,27,40.6,45.6,26.3,20.2,7.9,R,648,38.9,91.2,2003,-3.8,-15.7,16.9,1.5,,,,,,,,,,,,,,,36.7,80.5,2593,5.7,-59.2,17.9,1.5,,,,,,,,24.4,86.6,2131,4.2,-32,6.2,1.3,,,,,,,,,,,,,,,,,,,,,,,,,,,,,,,,,,,,,,,,,,
"Hughes, Phil",461833,2018,32,23,32.2,152,21.1,6.6,0.321,0.668,0.403,0.434,7.3,1.8,45,21.8,50.7,28.4,39.4,27.5,4.6,R,562,55.5,90.6,2076,-9.3,-19.3,17.5,1.4,,,,,,,,0.5,80.7,1933,-15.8,-31.9,18.8,1.4,17.6,78.4,2385,8.7,-55.1,13.1,1.5,10.1,89.8,2045,-17.5,-25.5,19.8,1.4,16.2,87.2,2084,-1.4,-25.1,11.7,1.7,,,,,,,,,,,,,,,,,,,,,,,,,,,,,,,,,,,,,,,,,,
"Shreve, Chasen",592741,2018,27,60,52.2,235,26.4,11.5,0.241,0.446,0.355,0.335,5.5,2.1,37.2,32.6,46.6,41.4,33.1,19.3,6.2,L,1006,53.8,92.1,2448,11.2,-15.1,20.9,0.9,9.3,85.6,2360,-0.7,-34.8,3.9,1.4,,,,,,,,,,,,,,,,,,,,,,,,,,,,,36.9,84.3,1249,12.9,-33.6,14.7,1.4,,,,,,,,,,,,,,,,,,,,,,,,,,,,,,,,,,,
"Vázquez, Felipe",553878,2018,26,70,70,296,30.1,8.1,0.206,0.311,0.273,0.26,5.5,1.6,39.6,30,52.7,44,22.5,26.4,7.1,L,1201,65.4,98,2554,9.4,-15.5,16.7,1.8,7.6,87,2755,-11.7,-32.5,13.5,1.8,19,88.4,1976,13.3,-35.1,13.6,1.5,7.8,81.8,2757,-12.8,-49.5,14.6,2,0.2,97.7,2526,17.3,-22.7,18.7,1.7,,,,,,,,,,,,,,,,,,,,,,,,,,,,,,,,,,,,,,,,,,,,,,,,,
"Venters, Jonny",458924,2018,33,50,34.1,145,18.6,11,0.222,0.32,0.256,0.288,5,1,40.6,24.4,41.1,71.3,7.9,19.8,1,L,528,3.4,92.9,2218,8.9,-18.9,16.8,1.4,22.5,84.6,2160,-5.5,-44.3,7.4,1.3,2.3,86.5,1833,18.3,-37.5,18.7,1.6,0.2,70.7,2007,-9.5,-59.6,9.8,,71.6,93.1,2130,16.8,-27.7,17.8,1.1,,,,,,,,,,,,,,,,,,,,,,,,,,,,,,,,,,,,,,,,,,,,,,,,,
"Crick, Kyle",605195,2018,25,64,60.1,255,25.5,9,0.211,0.306,0.257,0.278,2.5,1.9,24.5,27.2,46.4,42.5,19.4,29.4,8.8,R,1046,57,95.8,2289,-4.6,-15.9,15.1,1.1,25.8,81.5,3196,18.2,-45.3,18.7,1.4,1.3,88.5,1843,-13.5,-31.8,14.2,1.4,,,,,,,,15.9,96.2,2160,-15,-21.7,17.3,1.1,,,,,,,,,,,,,,,,,,,,,,,,,,,,,,,,,,,,,,,,,,,,,,,,,
"Montgomery, Mike",543557,2018,28,38,124,534,16.1,7.3,0.273,0.406,0.315,0.325,7.7,4.5,38.7,21.3,46.4,53,16.2,26.1,4.7,L,1944,18.7,91.3,1943,9.3,-20.9,15.6,1.3,,,,,,,,19.9,83.1,1790,15.8,-33.9,17.3,1.4,21.8,77.2,2302,-7.9,-55.2,11.7,1.2,32.2,91.5,1874,14.2,-23.7,17.1,1.3,7.5,87.5,1972,3.6,-29.5,8.1,2,,,,,,,,,,,,,,,,,,,,,,,,,,,,,,,,,,,,,,,,,,
"Olson, Tyler",621397,2018,28,43,27.1,118,33.9,10.2,0.197,0.336,0.322,0.268,3,1.5,35.4,33,46.4,42.4,22.7,25.8,9.1,L,450,38.7,88.6,2275,-0.6,-27.8,8.5,1.1,,,,,,,,14.7,84.4,1628,9.8,-39.5,10.4,1.4,38,74.2,2722,-20.5,-58,21.3,1.2,8.7,88.8,2222,9.6,-30.4,12,1.5,,,,,,,,,,,,,,,,,,,,,,,,,,,,,,,,,,,,,,,,,,,,,,,,,
"Rusin, Chris",543734,2018,31,49,54.2,241,19.5,10.8,0.236,0.37,0.339,0.308,5.4,2.4,32.5,20.8,48,56.6,16.9,22.3,4.2,L,873,8.4,90.8,2289,6.8,-21.4,14.6,1.1,2.2,83.1,2697,-2.4,-40.9,3.3,1.3,17.2,83.8,1877,13.2,-34.9,14.7,1.2,2.9,80.5,2744,-4.7,-47.7,6.3,1.4,42.8,90,2270,14.6,-28.8,16,1.1,26.6,87.6,2363,-0.7,-30.3,6.9,1.2,,,,,,,,,,,,,,,,,,,,,,,,,,,,,,,,,,,,,,,,,,
"Carrasco, Carlos",471911,2018,31,32,192,784,29.5,5.5,0.228,0.371,0.288,0.283,6.7,3,39.1,33,49.7,48,24.2,22.8,5,R,2870,31.3,93.7,2353,-11.6,-17.4,18.2,1.4,31.7,83.9,2645,3,-41.7,4.5,1.8,16.3,88,1507,-10.7,-35.7,11.1,1.6,7.3,81.6,2825,10.9,-48.6,13.2,1.5,13.3,93,2205,-17.1,-25.1,18.4,1.4,,,,,,,,,,,,,,,,,,,,,,,,,,,,,,,,,,,,,,,,,,,,,,,,,
"Peralta, Freddy",642547,2018,22,16,78.1,321,29.9,12.5,0.19,0.346,0.278,0.294,8.3,3.3,36.5,26.7,45.3,32.6,34.8,23.2,9.4,R,1381,77.7,90.7,2389,-3.3,-15.5,17.2,2,,,,,,,,2.8,86,1704,-9.6,-26.7,13.1,1.5,19.6,76.4,2322,6.7,-56.6,12.5,1.8,,,,,,,,,,,,,,,,,,,,,,,,,,,,,,,,,,,,,,,,,,,,,,,,,,,,,,,,
"Hill, Rich",448179,2018,38,25,132.2,547,27.4,7.5,0.226,0.402,0.297,0.304,6.9,2.6,36.2,24.6,47.1,40.2,24.7,24.4,10.6,L,2102,55.3,89.4,2473,10,-16.6,20.5,1.2,0.2,78.7,2522,-6.4,-49.7,8.2,1.5,0.8,83.9,1857,14.6,-29.5,18.3,1.5,35.8,74.6,2886,-17.9,-64.6,22.5,1.2,3.7,86.8,2415,16.6,-28.9,18.5,1.3,0.4,84.3,2530,-1.6,-29.3,10.4,1.5,,,,,,,,,,,,,,,3.8,72.3,2785,-21.7,-53.7,21.9,1.4,,,,,,,,,,,,,,,,,,,,,
"Hart, Donnie",643354,2018,27,20,19.1,99,13.1,12.1,0.298,0.458,0.401,0.367,6.8,4.1,38.4,20.6,44.5,45.9,21.6,25.7,6.8,L,379,,,,,,,,32.7,76.1,2572,-10.8,-49.6,11.2,1.2,11.1,80.6,2033,16.9,-48,17.9,1.4,,,,,,,,56.2,87.7,1953,17.8,-37.5,17.9,1.2,,,,,,,,,,,,,,,,,,,,,,,,,,,,,,,,,,,,,,,,,,,,,,,,,
"Kennedy, Ian",453178,2018,33,22,119.2,518,20.3,7.7,0.26,0.483,0.334,0.342,8.9,2.4,37.1,19.1,47.1,30.9,29,31.2,8.9,R,2054,57.4,91.9,2373,-8.6,-15.2,19.4,1.3,1.5,87.1,2078,0.4,-29.3,7.5,1.6,10.3,85,1951,-12.8,-26.2,17.7,1.2,19.4,78.2,2616,9.7,-59.7,17.2,1.2,1.2,91.6,2320,-14.2,-19.4,19.6,1.5,10.3,87.7,2118,1.5,-28.1,8,1.4,,,,,,,,,,,,,,,,,,,,,,,,,,,,,,,,,,,,,,,,,,
"Gray, Sonny",543243,2018,28,30,130.1,582,21.1,9.8,0.249,0.385,0.336,0.322,5.8,2.5,39.5,25.1,43,52,19.5,24.1,4.3,R,2246,26.9,93.3,2447,-1,-17.5,14.1,1.3,3.7,84.6,2694,6,-44.6,9.3,1.6,2.5,88.5,2014,-14.5,-25.2,17.8,1.5,23,82,2860,16.1,-54,20.2,1.8,30.3,93,2312,-12.2,-22,15.8,1.6,0.5,89.2,2418,2.4,-27.3,8.6,1.5,,,,,,,,,,,,,,,13.1,85,2716,14.4,-42.1,15.3,1.4,,,,,,,,,,,,,,,,,,,,,
"Chafin, Andrew",605177,2018,28,77,49.1,211,25.1,11.8,0.226,0.323,0.28,0.295,4.6,4.6,35.1,32.2,45.7,51.1,14.5,28.2,6.1,L,878,24,93.5,2153,9.3,-16.1,17.9,1.2,42.5,82.9,2313,-1.1,-40.6,2.3,1.3,0.9,85.8,1777,11.4,-23.9,17.4,1.4,,,,,,,,32.6,93.4,2122,14.3,-19.2,18.8,1.3,,,,,,,,,,,,,,,,,,,,,,,,,,,,,,,,,,,,,,,,,,,,,,,,,
"Jansen, Kenley",445276,2018,30,69,71.2,289,28.4,5.9,0.202,0.348,0.273,0.264,4.8,6.4,24.6,28,52,36.2,27.1,23.4,13.3,R,1140,,,,,,,,5.8,82.7,2479,6.1,-43.4,7.6,1.7,,,,,,,,,,,,,,,10.3,93.7,2361,-8.7,-13.1,19.1,1.4,83.9,92.1,2601,6.9,-16.8,16.4,1.5,,,,,,,,,,,,,,,,,,,,,,,,,,,,,,,,,,,,,,,,,,
"Johnson, Jim",462382,2018,35,62,63.1,268,16.8,8.2,0.249,0.386,0.32,0.307,6,3.5,41.5,17.5,45,50.5,21.5,25,3,R,1015,9,92.3,2206,-5.9,-16.3,17.7,1.4,,,,,,,,4.3,87.8,1685,-15.4,-27.9,17.5,1.4,27.4,79.1,2182,2.2,-56.3,11.4,1.3,59.3,92.9,2172,-15.1,-19.8,19.8,1.3,,,,,,,,,,,,,,,,,,,,,,,,,,,,,,,,,,,,,,,,,,,,,,,,,
"Hirano, Yoshihisa",673633,2018,34,75,66.1,262,22.5,8.8,0.238,0.396,0.267,0.312,9,1.7,36.2,27.9,48.2,51.1,28.1,16.9,3.9,R,1098,53.6,91.4,2214,-8.8,-15.9,19.5,1.4,0.9,82.5,881,-0.8,-35,6.3,1.6,,,,,,,,,,,,,,,,,,,,,,,,,,,,,45.4,83.3,1172,-7.9,-38.4,8.5,1.5,,,,,,,,,,,,,,,,,,,,,,,,,,,,,,,,,,,
"Giles, Ken",571704,2018,27,55,50.1,212,25,3.3,0.251,0.406,0.31,0.299,2.6,4,36,31.3,54.1,43,23.8,25.8,7.3,R,763,58.8,97.3,2373,-9.6,-12.9,19.8,1.2,40.9,86.7,2245,-0.4,-36,3.6,1.3,,,,,,,,,,,,,,,0.3,97.4,2315,-14.1,-16.9,19.2,1.5,,,,,,,,,,,,,,,,,,,,,,,,,,,,,,,,,,,,,,,,,,,,,,,,,
"Cecil, Brett",446399,2018,31,40,32.2,157,12.1,15.9,0.275,0.481,0.378,0.378,6.2,7.1,38.9,19.3,46.4,40.7,27.4,24.8,7.1,L,569,17.9,89.9,2089,4.4,-19.2,16.3,1.5,,,,,,,,9.3,82.9,1381,10.7,-32.6,14.3,1.9,36.7,81.3,2352,-1.8,-49.2,6.8,1.5,19.7,89.7,2027,13.2,-23.3,17.7,1.4,16.3,85.9,2204,-1.5,-30.3,8.3,1.7,,,,,,,,,,,,,,,,,,,,,,,,,,,,,,,,,,,,,,,,,,
"Solís, Sammy",519301,2018,29,56,39.1,177,24.9,10.2,0.242,0.425,0.368,0.332,2.7,1.8,30.6,27.9,49.4,49.5,18.9,24.3,7.2,L,727,,,,,,,,,,,,,,,16.2,85.3,1481,13.4,-31.1,14.8,1.4,19.8,78.1,2541,-8.2,-54.6,12.7,1.3,64,93.3,2245,13.5,-16.5,20.1,1.3,,,,,,,,,,,,,,,,,,,,,,,,,,,,,,,,,,,,,,,,,,,,,,,,,
"Hildenberger, Trevor",657610,2018,27,73,73,319,21.9,8.2,0.25,0.41,0.332,0.309,6.3,4.1,35.2,28,48.8,47.5,21.3,26.2,5,R,1117,7.2,92.5,2063,-13.3,-21.2,17.7,1.4,23,78.4,2288,6.1,-50.2,7.6,1.4,32.9,78.1,1549,-12.8,-47.5,13.2,1.5,,,,,,,,37,89,1959,-16.8,-36.4,17,1.5,,,,,,,,,,,,,,,,,,,,,,,,,,,,,,,,,,,,,,,,,,,,,,,,,
"Archer, Chris",502042,2018,29,27,148.1,638,25.4,7.7,0.249,0.413,0.33,0.317,9.5,1.9,38.7,28.6,48.5,46.3,22.3,24.9,6.4,R,2503,36.4,94.6,2209,-6.1,-13.1,19.1,1.3,41.7,87.9,2555,4.9,-36.8,5.6,1.6,9.9,87.6,1724,-12.6,-27.1,15.6,1.5,1.5,81.9,2614,5.1,-50.9,10.5,1.6,10.5,94.8,2210,-11.9,-16.1,18.9,1.3,,,,,,,,,,,,,,,,,,,,,,,,,,,,,,,,,,,,,,,,,,,,,,,,,
"Clippard, Tyler",461325,2018,33,73,68.2,285,29.8,8.1,0.197,0.373,0.309,0.28,10.3,2.9,29.3,31.5,50.2,21.7,39.4,23.4,15.4,R,1147,43,90.9,2261,-5.2,-14.9,19.7,1.2,8.6,83.1,1946,4.5,-37.7,6.8,1.6,31.5,78.5,2060,-11.8,-28.8,20.5,1.5,1,74.9,1790,8.2,-56.3,10.6,1.6,,,,,,,,,,,,,,,16,82.4,1322,-4.1,-39.3,7,1.5,,,,,,,,,,,,,,,,,,,,,,,,,,,,,,,,,,,
"Fiers, Mike",571666,2018,33,31,172,714,19.5,5.2,0.254,0.48,0.319,0.336,5.7,1.5,37.4,19.8,46.6,40.2,28.9,22.6,8.3,R,2667,38.3,89.4,2308,-8.2,-15.8,20.8,1.9,17.4,85.2,2390,1.2,-27.1,11.5,2.9,18.3,83.3,1894,-15.7,-33.6,17.5,1.9,15.8,72.4,2771,11.2,-73.2,21.5,2.4,10.2,89.2,2239,-14.2,-20.7,20.3,1.8,,,,,,,,,,,,,,,,,,,,,,,,,,,,,,,,,,,,,,,,,,,,,,,,,
"Strasburg, Stephen",544931,2018,29,22,130,544,28.7,7,0.23,0.398,0.306,0.306,7.3,3.5,38.9,27.7,46.8,45,24.3,25.1,5.6,R,2156,45.4,94.6,2122,-8.9,-15.1,17.7,1.6,8.7,87.6,2275,4.7,-30.5,7.3,1.7,19.9,88,1689,-15.6,-30.5,16.4,1.5,19.5,81.6,2729,12.5,-50.7,15.8,1.8,6.5,93.9,2038,-15.9,-19.9,19.2,1.5,,,,,,,,,,,,,,,,,,,,,,,,,,,,,,,,,,,,,,,,,,,,,,,,,
"Robertson, David",502085,2018,33,69,69.2,283,32.2,9.2,0.197,0.352,0.26,0.279,4.8,1.8,44,32.5,44.2,47,26.5,21.1,5.4,R,1184,0.1,93.6,2661,-4.6,-16.2,15.4,,22.2,84.8,2655,9.6,-38,10.1,2.5,0.3,88.2,2271,-16.6,-25.3,19.5,1.5,35.1,84.1,2772,9.7,-51.7,15.9,1.6,0.9,93.7,2406,-14.4,-17.6,19.6,1.5,41.5,92.2,2566,2.1,-15.7,16.5,1.2,,,,,,,,,,,,,,,,,,,,,,,,,,,,,,,,,,,,,,,,,,
"Lyles, Jordan",543475,2018,27,35,87.2,371,22.6,7.5,0.219,0.374,0.308,0.292,6.3,2,33.6,23.2,47.4,46.5,25.8,18.8,9,R,1400,34.4,93.8,2105,-8.7,-15.1,17.9,1.5,9.6,89,2221,3,-28.4,6.9,1.8,13.2,85.9,1602,-15,-32.5,15.7,1.6,28.8,83.5,2301,4.3,-51.7,13.4,1.6,14.1,93.1,1993,-14.8,-20.5,18.3,1.4,,,,,,,,,,,,,,,,,,,,,,,,,,,,,,,,,,,,,,,,,,,,,,,,,
"Araújo, Pedro",606478,2018,24,20,28,130,22.3,13.8,0.21,0.436,0.405,0.338,4.9,2.5,37.5,33.9,43.6,35.8,33.3,22.2,8.6,R,526,41.8,92.1,2380,-2.8,-15,18.1,1.4,20.7,82,2173,10.4,-38.6,11.9,2,30.6,87,1853,-13.8,-29.3,15.7,1.5,,,,,,,,6.8,92.6,2198,-12.9,-20,18,1.3,,,,,,,,,,,,,,,,,,,,,,,,,,,,,,,,,,,,,,,,,,,,,,,,,
"Butler, Eddie",572750,2018,27,30,49.2,228,12.7,8.3,0.277,0.447,0.361,0.345,4.5,1.1,36.5,14.6,48.8,52.8,23,20.8,3.4,R,841,34.1,93.6,2072,-9,-15.5,19.3,1.7,,,,,,,,12.4,88.4,1747,-16.5,-28.5,18.5,1.4,11.5,84,2498,3.3,-43.8,5.3,1.6,29.6,93.5,1991,-15.6,-19.7,20.3,1.7,12.4,89.5,2239,0.4,-29.5,6.5,2,,,,,,,,,,,,,,,,,,,,,,,,,,,,,,,,,,,,,,,,,,
"Musgrove, Joe",605397,2018,25,19,115.1,486,20.6,4.7,0.231,0.365,0.295,0.283,5.4,4.5,34.1,23.2,53.7,47.9,22.5,22.3,7.3,R,1627,32,93.5,2350,-4.5,-18.4,14,1.3,18.7,84,2415,6.3,-41.3,7.1,1.4,14,85.4,1974,-9.7,-32.7,11.3,1.3,2.2,82.3,2474,5.6,-51,11.5,1.6,17.8,92,2216,-10.5,-26.3,12.3,1.2,15.4,89.4,2459,3.2,-27.3,8.1,1.4,,,,,,,,,,,,,,,,,,,,,,,,,,,,,,,,,,,,,,,,,,
"Claudio, Alex",592222,2018,26,66,68.1,299,13.7,4.3,0.282,0.407,0.352,0.319,4.1,6.6,36,24.3,50.3,63.6,11.6,21.9,2.9,L,1063,,,,,,,,11.7,75.7,2217,-7.9,-47.7,8.8,1.4,36.5,70.9,2198,19.2,-58,19.4,2.2,,,,,,,,51.8,86,1984,17.5,-43.2,18.3,1.2,,,,,,,,,,,,,,,,,,,,,,,,,,,,,,,,,,,,,,,,,,,,,,,,,
"Tuivailala, Sam",592815,2018,25,36,37,165,18.2,7.3,0.259,0.394,0.32,0.31,6.6,3.3,33.1,22.4,49.1,50.4,21.5,25.6,2.5,R,635,23.3,94.9,2333,-9.8,-15.5,18.2,1.9,25.4,88.8,2031,2.4,-29.6,6.4,2.2,,,,,,,,15.4,79.3,2399,13.2,-54.8,16.6,1.7,35.9,95.3,2240,-16.1,-19.7,19.5,1.4,,,,,,,,,,,,,,,,,,,,,,,,,,,,,,,,,,,,,,,,,,,,,,,,,
"Chavez, Jesse",445926,2018,34,62,95.1,377,24.4,4.5,0.232,0.389,0.277,0.283,5.2,2.6,31.3,23.7,49.4,44.4,26.1,22.4,7.1,R,1477,15.8,92.7,2350,-10.2,-16.1,19.3,1.3,12.3,85.1,2376,4.1,-37.8,5.9,1.5,6.5,86.7,1940,-16.3,-32.9,17,1.6,2.2,77.3,2671,14.3,-59.3,18.7,1.4,26.4,93.1,2189,-16.8,-22.3,19.5,1.1,36.7,91.4,2382,-2.7,-18.7,14.9,1.1,,,,,,,,,,,,,,,,,,,,,,,,,,,,,,,,,,,,,,,,,,
"Pagán, Emilio",641941,2018,27,55,62,262,24,7.3,0.203,0.402,0.325,0.29,6.2,2.8,31.1,29.6,52.4,25.4,35,22,17.5,R,1038,64.7,93.8,2489,-4.3,-12.6,18.9,1.2,,,,,,,,4.1,87,1698,-12.4,-23.8,17.6,1.7,,,,,,,,1.6,93.1,2412,-13.2,-16.7,19.7,1.5,29.5,85,2431,4.2,-36.5,5,1.4,,,,,,,,,,,,,,,,,,,,,,,,,,,,,,,,,,,,,,,,,,
"Cahill, Trevor",502239,2018,30,21,110,449,22.3,9.1,0.237,0.376,0.289,0.308,4.6,3.3,37.6,27.7,43.6,54.1,18.8,23.1,4,R,1788,3,92.2,2297,-10,-17.4,18.1,1.3,,,,,,,,24.6,83.9,1531,-13.6,-39.8,13.9,1.5,15.7,80.3,2933,8.6,-55.1,14.5,1.9,38,91.7,2268,-17.4,-25.8,19,1.5,18.7,87.8,2157,-1.3,-29,7.2,1.5,,,,,,,,,,,,,,,,,,,,,,,,,,,,,,,,,,,,,,,,,,
"García, Luis",472610,2018,31,59,46,204,25,8.8,0.245,0.37,0.335,0.311,6.1,3.8,39.2,33.1,46.3,49.6,15.3,26.7,8.4,R,762,15.5,97.1,2124,-9,-16.2,15.6,1.4,39.4,84.8,2400,8.6,-38.3,9,1.6,,,,,,,,,,,,,,,32.9,97.2,2107,-14.3,-19.3,17.3,1.4,,,,,,,,12.2,86.9,1032,-7,-33.5,8.7,1.7,,,,,,,,,,,,,,,,,,,,,,,,,,,,,,,,,,,
"Cueto, Johnny",456501,2018,32,9,53,214,17.8,6.1,0.232,0.436,0.307,0.32,3.8,3.2,30.4,21.6,46,44.9,22.8,23.4,8.9,R,793,26.1,89.8,2227,-9.8,-19,19.1,1.9,26,82.8,2282,2.8,-36.7,6.4,2.4,25.6,81.7,1433,-12.2,-39,13.1,2.2,2,79.3,2426,4.5,-49.3,5.9,1.6,20.3,89.1,2130,-16.1,-26.4,18.7,1.9,,,,,,,,,,,,,,,,,,,,,,,,,,,,,,,,,,,,,,,,,,,,,,,,,
"Kingham, Nick",592468,2018,26,18,76,342,20.2,7.6,0.248,0.478,0.353,0.339,6.2,2.1,41.7,24.7,47.8,40.5,29.8,22.7,7,R,1304,39.7,92.3,2287,-4.8,-17.2,16.7,1.3,11.6,83.6,2356,2.3,-39.8,3.4,1.6,15.4,84.5,2030,-16.5,-32.1,18.3,1.2,8.1,79.5,2266,7.1,-54.9,12.3,1.7,16,92.1,2114,-14.2,-22.8,17.8,1.3,9.1,88.2,2249,2.1,-28.8,8.2,1.3,,,,,,,,,,,,,,,,,,,,,,,,,,,,,,,,,,,,,,,,,,
"Guerra, Javy",457915,2018,32,32,35.2,162,18.5,7.4,0.271,0.415,0.355,0.327,8.5,3.4,40.2,19.5,50.8,45.3,23.9,26.5,4.3,R,586,51.4,93.3,2123,-4.3,-13.3,19.4,1.4,27.1,88,2055,4.1,-28.4,9.1,2.2,5.5,85.2,1705,-9.3,-24.3,17.2,1.3,16,79.5,2391,4,-53,9.7,1.5,,,,,,,,,,,,,,,,,,,,,,,,,,,,,,,,,,,,,,,,,,,,,,,,,,,,,,,,
"Koch, Matt",571863,2018,27,19,86.2,360,13.9,6.1,0.306,0.593,0.348,0.407,6.4,2.1,42.2,15.8,47.5,45,23.4,25.9,5.7,R,1295,43.1,91.3,2186,-11.1,-18.8,18.4,1.3,,,,,,,,16.1,85.3,1680,-12,-29.2,15.3,1.3,15.7,79.8,2449,9.6,-48.2,11,1.6,,,,,,,,25.1,89.6,2164,-0.2,-25.3,9.2,1.3,,,,,,,,,,,,,,,,,,,,,,,,,,,,,,,,,,,,,,,,,,
"Barraclough, Kyle",607457,2018,28,61,55.2,245,24.5,13.9,0.203,0.313,0.3,0.295,1.4,2.7,30.8,29.7,40.2,47.9,26,17.1,8.9,R,1012,59.8,93.6,2426,-4.7,-15.3,17.2,1,28.8,78.9,2394,12.8,-51.3,14.3,1.3,11.5,86.8,1422,-12.6,-30,14.5,1.2,,,,,,,,,,,,,,,,,,,,,,,,,,,,,,,,,,,,,,,,,,,,,,,,,,,,,,,,,,,,,,,
"Lewicki, Artie",592499,2018,26,13,38.2,170,17.6,8.2,0.313,0.506,0.358,0.378,5.6,2.4,44,18.6,49.3,42.4,20,28,9.6,R,654,53.4,92.2,2094,-5.2,-16.1,17.6,1.3,24,85.5,2237,6.2,-32.8,8.9,2.1,7,85,1514,-9.5,-25.2,16.4,2.1,15.6,77.1,2263,4.6,-60.9,14.3,1.9,,,,,,,,,,,,,,,,,,,,,,,,,,,,,,,,,,,,,,,,,,,,,,,,,,,,,,,,
"Adam, Jason",592094,2018,26,31,32.1,142,26.1,10.6,0.23,0.486,0.365,0.35,6.9,4.6,35.6,26.4,49,28.7,29.9,21.8,19.5,R,571,61.1,94.1,2580,-7.2,-15.1,17.2,1.3,,,,,,,,7.9,89.1,1872,-14.8,-30.3,15.6,1.4,31,77.4,2516,14.6,-55.8,17.3,1.3,,,,,,,,,,,,,,,,,,,,,,,,,,,,,,,,,,,,,,,,,,,,,,,,,,,,,,,,
"Burnes, Corbin",669203,2018,23,30,38,152,23,7.2,0.241,0.387,0.259,0.303,3.9,1,31.1,31.9,49.4,49.5,22.3,24.3,3.9,R,571,58.5,95.2,2560,-1.4,-17.4,13.1,1.3,34.2,86.6,2679,5.8,-36.7,6.4,1.8,,,,,,,,6.8,79.9,2776,11.2,-52.8,14.6,1.5,0.2,96,2360,-15.1,-20.5,17.9,,0.4,92,2715,4.3,-29.2,5.7,1.5,,,,,,,,,,,,,,,,,,,,,,,,,,,,,,,,,,,,,,,,,,
"Arrieta, Jake",453562,2018,32,31,172.2,722,19.1,7.9,0.249,0.392,0.315,0.312,4.8,1.9,31.7,19.1,46.1,51.9,18.5,24.2,5.4,R,2759,1.7,92.4,2310,-8.2,-17.4,17.3,1.3,23.6,89.4,2466,5.3,-29.1,8.2,1.4,10.6,88,1650,-14.7,-33.1,15.7,1.4,10.3,80.7,2771,13.5,-55.7,18.1,1.8,53.8,93,2241,-15.6,-22.2,18.6,1.2,,,,,,,,,,,,,,,,,,,,,,,,,,,,,,,,,,,,,,,,,,,,,,,,,
"Bashlor, Tyler",641341,2018,25,24,32,135,18.5,8.9,0.206,0.408,0.317,0.309,10.5,4.2,35.8,24.1,49.9,31.6,36.8,16.8,14.7,R,565,68.8,96.2,2651,-8.9,-11.7,20.3,1.5,27.3,83.4,2499,4.6,-47.7,9.1,1.3,3.9,88.7,1700,-13,-26.2,15.8,1.5,,,,,,,,,,,,,,,,,,,,,,,,,,,,,,,,,,,,,,,,,,,,,,,,,,,,,,,,,,,,,,,
"Gant, John",607231,2018,25,26,114,487,19.5,11.7,0.24,0.363,0.286,0.311,7.2,3.6,36.9,26.1,46.8,46.5,20.1,27,6.3,R,1873,16.8,93.2,2442,-11.6,-15.4,20.1,1.5,5.1,83.4,2511,3.2,-40.1,5.2,1.8,27.5,81.5,1546,-11.9,-35.1,13.8,1.3,12,76.1,2575,8.6,-62.3,16.6,1.5,38.6,93.2,2423,-15,-18.4,20.2,1.5,,,,,,,,,,,,,,,,,,,,,,,,,,,,,,,,,,,,,,,,,,,,,,,,,
"Gray, Jon",592351,2018,26,31,172.1,742,24.7,7,0.246,0.391,0.332,0.307,6,2.2,37.9,28.8,45.9,49.3,20,24.6,6.2,R,2793,49.6,94.7,2015,-8.5,-17.1,15.9,1.4,34,87.8,2182,2.3,-28.9,7.2,1.8,1.6,86.3,1557,-8.9,-24.7,14.5,1.6,14.7,79.6,2457,6,-49.2,8.9,1.9,0.1,95,1883,-10.1,-24.1,11.5,1.4,,,,,,,,,,,,,,,,,,,,,,,,,,,,,,,,,,,,,,,,,,,,,,,,,
"Robles, Hansel",570663,2018,27,53,56,242,24.4,10.3,0.235,0.398,0.332,0.316,7.7,1.3,34,26.5,46,35.9,30.8,26.9,6.4,R,969,60.5,95.9,2447,-13,-13.9,21,1.9,28.3,88,2452,0.5,-31.2,5.6,2.1,2.6,89.9,1718,-15.3,-25.4,18.1,1.3,,,,,,,,8.7,95.6,2351,-16.5,-19.1,20.2,2,,,,,,,,,,,,,,,,,,,,,,,,,,,,,,,,,,,,,,,,,,,,,,,,,
"Mejía, Adalberto",606167,2018,25,5,22.1,92,14.1,9.8,0.249,0.391,0.261,0.329,4.4,5.9,30.9,20,47.6,39.7,23.5,26.5,10.3,L,357,45.7,92.7,2526,6.6,-17.1,17.2,1.5,23.5,85.2,2474,-3.4,-36.7,4.8,2.2,17.4,81.6,1948,14.1,-34.9,15.7,1.7,,,,,,,,13.4,91.4,2394,14.2,-25,16.9,1.4,,,,,,,,,,,,,,,,,,,,,,,,,,,,,,,,,,,,,,,,,,,,,,,,,
"Gearrin, Cory",518715,2018,32,62,57.1,248,21.4,8.5,0.254,0.412,0.324,0.329,6.5,2.4,33.9,26.7,43.9,42.3,20.8,27.4,9.5,R,946,9,91.9,2274,-14.9,-24.8,17.2,1.3,36.6,84,2839,5.9,-35.7,8,1.4,13.2,85.3,2163,-17.8,-39.7,18.1,1.2,,,,,,,,41.2,91.7,2284,-19.6,-31.5,19.8,1.2,,,,,,,,,,,,,,,,,,,,,,,,,,,,,,,,,,,,,,,,,,,,,,,,,
"Wacha, Michael",608379,2018,26,15,84.1,355,20,10.1,0.275,0.444,0.286,0.348,6.1,4.5,37,22.8,45.7,46.7,20.3,28.5,4.5,R,1413,42.5,93.6,2071,-7.3,-13.3,19.1,1.6,,,,,,,,22.6,86,1589,-11,-25.9,15.7,1.6,14.9,75.8,2235,7.7,-62.2,16,1.6,,,,,,,,20,89.4,2129,2.7,-23,11.3,1.6,,,,,,,,,,,,,,,,,,,,,,,,,,,,,,,,,,,,,,,,,,
"Guerrero, Tayron",594027,2018,27,60,58,267,25.5,11.2,0.24,0.4,0.347,0.325,5.4,4.2,37.3,26.5,46.4,44.6,24.1,24.1,7.2,R,1118,76.2,98.8,2148,-10,-12.7,18.4,1.8,19.2,86,2010,3.8,-36.7,4.2,1.8,1.8,93.6,1445,-12.6,-21.7,15.9,1.4,,,,,,,,2.8,98.7,2107,-13.9,-16.3,18.2,1.7,,,,,,,,,,,,,,,,,,,,,,,,,,,,,,,,,,,,,,,,,,,,,,,,,
"Betances, Dellin",476454,2018,30,66,66.2,272,42.3,9.6,0.167,0.253,0.259,0.237,4.8,5.6,27.8,37.3,43,46,19,28.6,6.3,R,1134,47.8,97.7,2362,-5.9,-12.5,17.3,1.3,,,,,,,,0.1,90.1,1702,-9.5,-23.2,14,,34.7,84.2,2555,9.9,-40.1,10.4,1.5,,,,,,,,,,,,,,,,,,,,,,,,,,,,,,,,,,,,17.4,86.9,2505,7.5,-46.9,12.8,1.3,,,,,,,,,,,,,,
"Duke, Zach",435043,2018,35,72,52,240,21.3,8.8,0.22,0.29,0.308,0.27,3.7,4.3,34,23.5,45.9,60.5,14.2,21,4.3,L,913,2.7,87.1,2083,3.1,-27.4,10.3,1.5,15.4,78.3,2367,-12.4,-46.4,12.8,1.1,12.6,83.2,1447,12,-39.8,12.7,1.3,22.9,73.3,2235,-15.1,-60.8,17.3,1.2,46.3,88.5,1912,13.2,-34.1,13.8,1.2,,,,,,,,,,,,,,,,,,,,,,,,,,,,,,,,,,,,,,,,,,,,,,,,,
"Wisler, Matt",605538,2018,25,18,40,166,19.3,4.2,0.277,0.507,0.328,0.344,7.9,2.4,39.4,22.6,47.4,32.3,24.4,30.7,12.6,R,606,28.2,92.2,1960,-5.7,-17.5,16.6,1.3,47,81.8,2401,8.2,-42.6,8.9,1.5,0.5,86.5,2246,-14.9,-21.9,21.9,1.4,2.8,76.3,2602,6.5,-56.8,10.1,1.5,21.5,92.3,2040,-10.6,-18.4,18.2,1.3,,,,,,,,,,,,,,,,,,,,,,,,,,,,,,,,,,,,,,,,,,,,,,,,,
"Fry, Jace",605240,2018,24,59,51.1,214,32.7,9.3,0.203,0.323,0.256,0.272,5.7,3.3,30.1,34.3,44.4,47.2,17.9,27.6,7.3,L,890,14.6,93.6,2438,7.2,-16.3,17.8,1.6,,,,,,,,10.8,84.9,1552,12.4,-33.5,14.1,1.8,23.6,77,2383,-8.6,-61.9,16.2,1.8,19.2,92.4,2408,14.9,-26.5,16.5,1.6,31.8,88.3,2647,-1.7,-36,3.1,1.8,,,,,,,,,,,,,,,,,,,,,,,,,,,,,,,,,,,,,,,,,,
"Buchholz, Clay",453329,2018,33,16,98.1,393,20.6,5.6,0.248,0.401,0.269,0.303,5.6,1.7,36.7,21.5,48.6,43.4,22.4,26.6,7.7,R,1418,23.8,90.2,2129,-9.6,-18.6,18,1.3,,,,,,,,16.9,77.3,1536,-9.2,-39.3,11.4,1.4,17.2,75.8,2730,13.3,-60.7,17.8,1.4,17.3,90,2110,-14.3,-23.3,17.9,1.2,24.7,85.8,2293,2.3,-28.7,9.2,1.2,,,,,,,,,,,,,,,,,,,,,,,,,,,,,,,,,,,,,,,,,,
"Alvarado, José",621237,2018,23,70,64,263,30.4,11,0.201,0.282,0.235,0.26,3.3,3.3,34.6,31.8,43.1,56.9,21.6,17.6,3.9,L,1036,1.4,96.4,1996,0.2,-14.4,14.9,1.5,,,,,,,,,,,,,,,19,84.8,2473,-2.7,-45.5,7.9,2.3,69.2,97.3,2078,11.6,-16.1,17.6,1.3,10.4,88.9,2241,-2.4,-34.2,3.8,1.6,,,,,,,,,,,,,,,,,,,,,,,,,,,,,,,,,,,,,,,,,,
"Hatcher, Chris",501822,2018,33,34,36.1,167,18,10.2,0.27,0.404,0.358,0.331,2.5,5,31.1,20.5,41.4,43.7,23.5,25.2,7.6,R,648,29.2,93.8,2403,-4.5,-13.6,19,1.2,10.5,85.4,2317,3.5,-34.8,6.1,1.5,,,,,,,,,,,,,,,20.1,93.1,2284,-14.2,-18,20.3,1.2,26.7,90.6,2477,3,-22.1,12.7,1.4,13.6,87.2,1674,-12.2,-29.2,14.9,1.1,,,,,,,,,,,,,,,,,,,,,,,,,,,,,,,,,,,
"Cole, Taylor",518566,2018,28,18,36,135,28.9,8.9,0.199,0.284,0.246,0.263,4.9,2.5,23.5,34.2,46.6,51.9,12.3,25.9,9.9,R,571,39.1,92.9,2298,-11.5,-16,19.4,1.4,35.9,86.4,2370,1.6,-30.3,6.6,2,25,86.9,1981,-13.2,-30.3,14.7,2,,,,,,,,,,,,,,,,,,,,,,,,,,,,,,,,,,,,,,,,,,,,,,,,,,,,,,,,,,,,,,,
"Fry, Paul",643316,2018,25,35,37.2,159,22.6,9.4,0.242,0.316,0.282,0.298,1.9,3.8,24,25.3,42.9,57.7,16.3,24,1.9,L,636,56.3,91.3,2314,3.2,-20.3,13,1.3,43.4,83.7,2631,-15.5,-44.3,16.2,1.2,0.3,89,2094,11.2,-21.7,17.2,1.5,,,,,,,,,,,,,,,,,,,,,,,,,,,,,,,,,,,,,,,,,,,,,,,,,,,,,,,,,,,,,,,
"Milone, Tommy",543548,2018,31,5,26.1,118,19.5,0.8,0.279,0.515,0.384,0.338,7.5,3.2,29,23.1,50.7,30.1,36.6,24.7,8.6,L,418,58.6,86.9,2177,6.9,-19.1,18.9,1.3,12,78.3,2265,-4.1,-45.1,5.6,1.3,25.4,78.7,1574,13,-34.9,16.4,1.2,4.1,73.7,2511,-5.7,-57.9,8.2,1.4,,,,,,,,,,,,,,,,,,,,,,,,,,,,,,,,,,,,,,,,,,,,,,,,,,,,,,,,
"Cole, A.J.",595918,2018,26,32,48.1,221,26.7,10,0.243,0.448,0.389,0.333,9.3,1.4,36.2,32.9,45.7,34.3,35.7,22.9,7.1,R,871,20.9,94,2236,-7.6,-14.8,18.2,1.3,43.4,84.4,2262,1,-33.1,6.2,1.5,2.6,86.5,1922,-16.5,-28.6,18.5,1.4,20.2,79.5,2288,3.5,-44.2,4.1,1.4,12.9,92.4,2059,-13.7,-19.1,19,1.3,,,,,,,,,,,,,,,,,,,,,,,,,,,,,,,,,,,,,,,,,,,,,,,,,
"Flaherty, Jack",656427,2018,22,28,151,615,29.6,9.6,0.203,0.325,0.281,0.279,4.1,4.7,34.7,31.2,46.5,43.3,23.4,23.7,9.6,R,2586,40,93.2,2200,-4.7,-16.7,14.9,1.8,29.9,83.6,2234,5.4,-34.7,7.2,1.6,3,85.3,1677,-12.5,-30,14.4,1.7,11.2,77.2,2410,13.3,-57.4,17.6,1.6,15.9,91.1,1989,-12.1,-24.2,14.5,1.7,,,,,,,,,,,,,,,,,,,,,,,,,,,,,,,,,,,,,,,,,,,,,,,,,
"Tanaka, Masahiro",547888,2018,29,27,156,635,25,5.5,0.242,0.408,0.307,0.305,6.7,3,38.1,29.4,50.4,49.3,23.3,22.1,5.3,R,2396,22.6,91.8,2182,-8.8,-16.3,19.2,1.4,33.2,83.4,2405,6.9,-39.4,7.9,1.5,,,,,,,,3.9,76.9,2429,7.5,-55.9,11,1.7,5.4,90.6,1956,-15.4,-24.9,18.1,1.2,4,89,2305,-1.4,-23,12.5,1.3,30.8,86.8,1468,-10.4,-34,11.3,1.4,,,,,,,,,,,,,,,,,,,,,,,,,,,,,,,,,,,
"Rhame, Jacob",642008,2018,25,30,32.1,140,20,5.7,0.222,0.413,0.375,0.291,7.8,1,33,28.4,54,30.1,33,20.4,16.5,R,514,66.9,96,2531,-11.3,-12.2,21.7,1,18.1,87.8,2468,4.9,-33.4,6.6,1.4,,,,,,,,0.4,76.2,2899,11.2,-67.7,21.3,1.4,1.4,96.5,2577,-15.3,-15.1,21.7,1.4,,,,,,,,13.2,86.7,2259,-17.3,-27,20.3,1.2,,,,,,,,,,,,,,,,,,,,,,,,,,,,,,,,,,,
"Porcello, Rick",519144,2018,29,33,191.1,808,23.5,5.9,0.243,0.403,0.303,0.311,5.6,3.4,35.7,20.5,47.1,44.9,23.8,24.7,6.5,R,3095,20.1,91.3,2433,-8.4,-17.1,18.2,1.4,24.4,86,2555,2.7,-31.6,7.2,1.7,11.7,81.4,1760,-15.8,-35.9,17.1,1.3,14,74.8,2824,15.8,-61.7,18.9,1.9,29.7,89.8,2352,-16.2,-24.9,19,1.4,,,,,,,,,,,,,,,,,,,,,,,,,,,,,,,,,,,,,,,,,,,,,,,,,
"McFarland, T.J.",519008,2018,29,47,72,292,14.4,7.5,0.254,0.369,0.275,0.298,3.5,1.8,37.7,19.7,44.5,68.4,11.4,17.5,2.6,L,1068,0.1,90.1,2030,9.4,-24.1,13.8,,13.9,80.1,2326,-6.8,-47.9,7.8,1,13.4,83.3,1739,16.2,-38.6,16.6,1.1,,,,,,,,72.7,90.6,1986,17.9,-32.4,18.2,1,,,,,,,,,,,,,,,,,,,,,,,,,,,,,,,,,,,,,,,,,,,,,,,,,
"Webb, Tyler",643778,2018,27,22,20.1,90,16.7,10,0.265,0.474,0.351,0.349,6.2,3.1,44.6,22.9,48,33.8,20,30.8,15.4,L,354,58.8,89.8,2183,2.8,-16.3,17.9,1.3,,,,,,,,15.8,78.4,1697,6.8,-27.4,18.2,1.3,24.3,79.6,2045,-4.5,-45.4,5.3,1.9,1.1,90.3,2171,9.3,-17.3,18.8,1.5,,,,,,,,,,,,,,,,,,,,,,,,,,,,,,,,,,,,,,,,,,,,,,,,,
"Ureña, José",570632,2018,26,31,174,712,18.3,7.2,0.249,0.393,0.298,0.311,6.2,2.3,36.2,20.2,47.5,50.7,22.4,21.6,5.4,R,2770,2.1,95.6,2148,-10.9,-14.8,19.2,1.5,21.6,86.4,2242,0.1,-29,9.2,2.1,19,89.9,1813,-15.1,-23.3,18.9,1.6,1.8,84.8,2278,5.3,-37.1,6,1.8,55.6,95.8,2124,-15.6,-19.1,19.3,1.2,,,,,,,,,,,,,,,,,,,,,,,,,,,,,,,,,,,,,,,,,,,,,,,,,
"Jeffress, Jeremy",502026,2018,30,73,76.2,299,29.8,9,0.203,0.31,0.234,0.26,5.5,3.8,40.1,31,47.5,58.2,17,20.9,3.8,R,1211,24.8,95.5,2258,-6.5,-14.7,16.7,1.6,,,,,,,,,,,,,,,30.8,81.2,2464,9.7,-51,13.3,1.5,28.6,95.1,2059,-17.2,-22.3,19.1,1.8,,,,,,,,15.9,90.6,1547,-11.4,-31.6,11.7,1.5,,,,,,,,,,,,,,,,,,,,,,,,,,,,,,,,,,,
"Madson, Ryan",425492,2018,37,58,52.2,231,23.4,6.9,0.247,0.37,0.329,0.299,8.9,2.5,37.6,28.3,52,44.6,19.1,26.1,10.2,R,833,40.8,95.9,2251,-12.9,-15.6,19.4,1.2,,,,,,,,21.8,84.8,1935,-14.2,-27.9,17.9,1.4,12.6,83,2291,4.2,-52.6,12.9,1.7,21.5,95.5,2076,-16.5,-21,19,1.2,3.2,93.5,2211,-2.2,-22.3,9.5,1.5,,,,,,,,,,,,,,,,,,,,,,,,,,,,,,,,,,,,,,,,,,
"Gonsalves, Stephen",624427,2018,23,7,24.2,122,13.1,18,0.322,0.481,0.369,0.411,7.2,0,38.6,16.8,42,39.8,24.1,31.3,4.8,L,510,59.4,89.8,2182,2.2,-16.3,17.3,1.6,15.7,84.3,2144,-5.3,-33.9,7.5,2,17.1,81.7,1643,8.1,-26,16.4,1.2,7.8,72,2339,-11,-68.5,18.7,1.4,,,,,,,,,,,,,,,,,,,,,,,,,,,,,,,,,,,,,,,,,,,,,,,,,,,,,,,,
"Cordero, Jimmy",622772,2018,26,22,19,94,12.8,12.8,0.264,0.381,0.348,0.334,2.9,1.5,32.4,24.6,50.3,57.4,22.1,17.6,2.9,R,332,40.7,97.8,2160,-3.6,-14.8,13.8,1.6,20.5,85,2327,2.9,-44.6,8.1,1.5,9,90.3,1748,-11.3,-24.3,14.3,1.4,,,,,,,,21.1,96.9,2147,-13.4,-19.2,16.5,1.6,8.7,89.7,2149,0.8,-29.6,4.2,1.5,,,,,,,,,,,,,,,,,,,,,,,,,,,,,,,,,,,,,,,,,,
"Cishek, Steve",518553,2018,32,80,70.1,288,27.1,9.7,0.186,0.3,0.263,0.265,5.8,4,32.9,29,41.4,49.1,22,22,6.9,R,1157,13.1,90.3,2396,-9.4,-21.8,14.1,1.2,37.4,77.5,2387,14.7,-46,14.9,1.5,0.4,84.4,2078,-13,-30.5,15.4,1.5,,,,,,,,49.1,90.3,2347,-16.2,-28.9,16.8,1.3,,,,,,,,,,,,,,,,,,,,,,,,,,,,,,,,,,,,,,,,,,,,,,,,,
"Chatwood, Tyler",543022,2018,28,24,103.2,486,17.5,19.5,0.254,0.395,0.351,0.367,4.3,2,33.1,21.7,39.5,54.5,16.1,23.7,5.7,R,1946,32.6,93.4,2440,-2.7,-16.6,15.6,1.5,,,,,,,,6.7,86.4,1672,-10.8,-26.6,15.1,1.5,8.6,78.2,2826,9,-61.6,17.8,2.1,26.4,92.7,2371,-13.5,-20,18.3,1.4,25.7,88.8,2594,1.6,-28.2,8,1.8,,,,,,,,,,,,,,,,,,,,,,,,,,,,,,,,,,,,,,,,,,
"Sparkman, Glenn",642098,2018,26,15,38.1,176,15.3,8.5,0.266,0.384,0.342,0.312,6,2.3,36.8,22,48.1,47.4,22.6,27.1,3,R,670,56.4,93.9,2258,-10.2,-16.8,17.8,1.3,25.4,86.4,2288,0.1,-31.4,6,1.5,9.9,85.2,2083,-15.1,-27.3,18.5,1.4,8.4,80,2448,6.7,-57.2,15.1,1.5,,,,,,,,,,,,,,,,,,,,,,,,,,,,,,,,,,,,,,,,,,,,,,,,,,,,,,,,
"Winkler, Dan",595465,2018,28,69,60.1,256,27,8.2,0.231,0.352,0.286,0.293,3.7,3.1,31.7,28.3,48.9,40.4,26.1,28.6,5,R,1030,31.5,93.2,2522,-5.8,-16.7,16.4,1.3,,,,,,,,0.6,90.2,2108,-11.2,-31.6,12,1.4,14.8,82.3,2595,9,-44.3,9.7,1.6,2.8,93.1,2430,-14.1,-21,18.1,1.2,50.4,90.2,2562,3.4,-23.9,10.8,1.4,,,,,,,,,,,,,,,,,,,,,,,,,,,,,,,,,,,,,,,,,,
"Hellickson, Jeremy",476451,2018,31,19,91.1,370,17.6,5.4,0.248,0.425,0.294,0.319,5.1,2.5,31,19.1,47.1,46.9,19.1,25.3,8.7,R,1380,6.8,89.6,2088,-10.6,-19.3,19.1,1.2,,,,,,,,25.5,81.2,1836,-11.2,-32.2,15.2,1.8,23.3,76.5,2831,8.5,-63,16.2,2.5,34.3,89.9,2064,-14.6,-22.4,19.3,1.3,10.1,87,2397,-2.3,-22.3,15.2,1.5,,,,,,,,,,,,,,,,,,,,,,,,,,,,,,,,,,,,,,,,,,
"Stripling, Ross",548389,2018,28,33,122,503,27,4.4,0.221,0.361,0.309,0.27,5.5,2.6,31.7,25.3,48.3,47.1,22.4,24.4,6.1,R,1930,39.3,91.8,2293,-3.1,-15.2,18.1,1.4,25.2,87,2362,4.6,-30.6,8.1,1.4,11,84.4,1602,-11.4,-30.1,14.6,1.4,21.7,80.4,2652,5.4,-59.4,16.5,1.4,,,,,,,,2.8,89.6,2323,1.3,-21.4,13.3,1.2,,,,,,,,,,,,,,,,,,,,,,,,,,,,,,,,,,,,,,,,,,
"Sewald, Paul",623149,2018,28,46,56.1,253,22.9,9.1,0.24,0.387,0.348,0.302,5.8,2.3,29.2,21.4,48.2,32.2,32.7,27.5,7.6,R,1057,59.2,90.3,2297,-12.5,-20.4,18.5,1.3,30.3,81.3,2183,8.3,-39.7,9.5,1.5,6.1,83,1484,-15.2,-35.4,16.4,1.7,,,,,,,,4.4,89.6,2106,-17.5,-31.5,17.8,1.2,,,,,,,,,,,,,,,,,,,,,,,,,,,,,,,,,,,,,,,,,,,,,,,,,
"Sobotka, Chad",656977,2018,24,14,14.1,58,36.2,15.5,0.2,0.408,0.216,0.31,3.6,0,42.9,30.7,44.3,32.1,28.6,32.1,7.1,R,228,63.6,96.6,2391,-5.5,-12.4,18,1.2,36.4,85.9,2802,12.2,-40.8,12.8,1.7,,,,,,,,,,,,,,,,,,,,,,,,,,,,,,,,,,,,,,,,,,,,,,,,,,,,,,,,,,,,,,,,,,,,,,
"Bard, Luke",572703,2018,27,8,11.2,53,24.5,9.4,0.248,0.566,0.352,0.392,3.1,0,40.6,20.4,48.4,31.3,37.5,18.8,12.5,R,213,54.5,92.2,2771,-6.7,-15.7,18.2,1.2,38,84.5,2984,7.8,-39.5,8.1,1.4,6.6,85.9,2115,-17.2,-34.1,17.6,1.4,,,,,,,,0.9,92.6,2818,-12.5,-18.2,18.7,1.4,,,,,,,,,,,,,,,,,,,,,,,,,,,,,,,,,,,,,,,,,,,,,,,,,
"Liberatore, Adam",571893,2018,31,17,13,54,22.2,14.8,0.245,0.351,0.325,0.339,0,0,40,24,46.3,63.6,12.1,21.2,3,L,181,59.7,90.9,2175,10,-19,18.4,1.3,18.8,83.3,2086,1.2,-37,4.9,2,21.5,82.9,1264,12.4,-38.4,13.1,1.4,,,,,,,,,,,,,,,,,,,,,,,,,,,,,,,,,,,,,,,,,,,,,,,,,,,,,,,,,,,,,,,
"Logan, Boone",457429,2018,33,16,10.2,58,24.1,17.2,0.239,0.502,0.438,0.369,0,3,30.3,34.6,46.4,45.5,21.2,18.2,15.2,L,224,35.7,94,2332,11.1,-16.5,19.4,1.2,44.6,85.2,2497,0.4,-36.8,3.1,1.1,,,,,,,,,,,,,,,19.6,93.8,2229,17.5,-22.2,20.3,1.4,,,,,,,,,,,,,,,,,,,,,,,,,,,,,,,,,,,,,,,,,,,,,,,,,
"Hu, Chih-Wei",629496,2018,24,5,13,50,24,6,0.225,0.406,0.218,0.291,14.3,0,37.1,22.1,48.7,22.9,34.3,31.4,11.4,R,194,42.8,92.6,2375,-4.7,-17.2,16.9,1.5,18.6,87.5,2191,2.3,-29,8.9,1.4,25.3,87.3,1643,-13.7,-34.5,14.6,1.7,7.2,79.9,2147,2.5,-49.4,5.4,1.5,6.2,93,2256,-15.6,-20.1,20.6,1.3,,,,,,,,,,,,,,,,,,,,,,,,,,,,,,,,,,,,,,,,,,,,,,,,,
"Lamb, John",543424,2018,27,3,10,50,22,8,0.293,0.548,0.45,0.375,5.7,5.7,45.7,19.8,47.5,37.1,22.9,31.4,8.6,L,202,40.1,89.1,2123,8,-19.3,17.1,1.4,,,,,,,,15.3,74.4,1606,6,-36.4,13.1,1.6,7.9,67.4,2266,-14.8,-69,17,1.6,1.5,88.6,2133,15.7,-23.3,19.6,1.5,35.1,85.2,2224,-2.1,-28.9,9.2,1.6,,,,,,,,,,,,,,,,,,,,,,,,,,,,,,,,,,,,,,,,,,
"Kinley, Tyler",641755,2018,27,13,11,57,22.8,14,0.254,0.445,0.397,0.352,11.4,2.9,46.9,29.7,48.1,57.1,22.9,11.4,8.6,R,210,59,96.7,2248,-3,-12.9,18,1.3,38.6,88.8,2520,4.2,-38.7,5.6,1.6,0.5,88.8,1778,-12.6,-26.4,15.8,,,,,,,,,1.4,96.8,2205,-11.1,-14.9,19.3,1.5,0.5,92.6,2657,3.6,-29.7,5.1,,,,,,,,,,,,,,,,,,,,,,,,,,,,,,,,,,,,,,,,,,,
"Armstrong, Shawn",542888,2018,27,14,14.2,57,26.3,5.3,0.209,0.343,0.245,0.278,11.1,2.8,41.7,24.3,52.5,44.4,27.8,22.2,5.6,R,204,39.7,93.7,2627,-5.9,-14,18.3,1.2,21.6,85.2,2914,10.5,-37.7,10.9,1.3,,,,,,,,,,,,,,,0.5,92.3,2575,-10.1,-18.8,16.7,,38.2,90.4,2649,1.9,-24.4,9.9,1.2,,,,,,,,,,,,,,,,,,,,,,,,,,,,,,,,,,,,,,,,,,
"Rzepczynski, Marc",519240,2018,32,23,10.1,57,19.3,17.5,0.298,0.466,0.431,0.382,5.6,0,41.7,30.9,44.1,61.1,11.1,27.8,0,L,213,,,,,,,,37.1,84.1,2373,-2.9,-43.1,5.6,1.6,8.9,86.2,1678,16.5,-33.9,17.2,1.3,,,,,,,,54,91.9,2058,18.6,-26.6,20,1.1,,,,,,,,,,,,,,,,,,,,,,,,,,,,,,,,,,,,,,,,,,,,,,,,,
"Voth, Austin",608723,2018,26,4,12.1,55,20,10.9,0.224,0.355,0.336,0.298,2.6,2.6,28.9,22,42.1,44.7,26.3,23.7,5.3,R,216,61.6,91.3,2252,-0.5,-17.3,15.7,1.3,8.8,86.1,2448,5.6,-29.2,10.3,1.4,11.6,85.7,2011,-2.3,-27.5,10.6,1.4,18.1,78.3,2801,14.8,-55.3,17.7,1.3,,,,,,,,,,,,,,,,,,,,,,,,,,,,,,,,,,,,,,,,,,,,,,,,,,,,,,,,
"Gregerson, Luke",502381,2018,34,17,12.2,57,21.1,10.5,0.257,0.353,0.361,0.31,10.3,2.6,41,30,43.5,56.4,12.8,28.2,2.6,R,207,16.9,87.6,2348,-0.8,-25.7,10.8,1.2,32.9,80.6,2589,8.7,-45.1,9.1,1.1,2.4,78.3,2021,-7,-43.1,8.6,1.5,,,,,,,,47.8,87.8,2320,-9.8,-30.8,11.6,1.1,,,,,,,,,,,,,,,,,,,,,,,,,,,,,,,,,,,,,,,,,,,,,,,,,
"Norwood, James",656803,2018,24,11,11,54,18.5,9.3,0.251,0.378,0.312,0.298,5.1,0,30.8,17.8,47.1,30.8,35.9,28.2,5.1,R,227,70.9,97.6,2203,-10.2,-13.8,18.4,1.3,13.7,84.8,1840,2.9,-39.6,4.1,1.7,,,,,,,,,,,,,,,,,,,,,,,,,,,,,15.4,88.9,1200,-6.7,-31.1,8.7,1.3,,,,,,,,,,,,,,,,,,,,,,,,,,,,,,,,,,,
"Sherfy, James",642073,2018,26,15,16.1,69,24.6,14.5,0.171,0.244,0.233,0.271,5,2.5,25,24.8,40.9,40,25,25,10,R,285,45.6,93.4,2170,-6.7,-16.2,17.1,1.6,44.9,78.1,2614,10.5,-50.5,11.6,1.9,6,83.4,1519,-10.7,-31.3,14.5,2.6,3.5,69.7,2294,11.4,-61.5,12.3,1.6,,,,,,,,,,,,,,,,,,,,,,,,,,,,,,,,,,,,,,,,,,,,,,,,,,,,,,,,
"Newberry, Jake",623470,2018,23,14,13.1,60,18.3,15,0.299,0.505,0.37,0.395,10,0,50,26.3,39.3,32.5,27.5,30,10,R,252,54.8,93.8,2358,-4.9,-15.4,17.6,1.1,41.3,83.4,2457,4.9,-41.9,5.3,1.5,4,85.7,1537,-5.5,-29.8,10.4,1.5,,,,,,,,,,,,,,,,,,,,,,,,,,,,,,,,,,,,,,,,,,,,,,,,,,,,,,,,,,,,,,,
"Guilmet, Preston",543258,2018,30,8,10,52,15.4,7.7,0.392,0.764,0.555,0.491,12.5,2.5,40,21,51.5,25,30,37.5,7.5,R,194,40.2,90.9,2098,-7.1,-16.3,19.7,1,58.2,83,1601,-2.2,-39.4,4.7,1.1,,,,,,,,,,,,,,,0.5,90.4,2102,-16.7,-23.8,20.1,,,,,,,,,1,82.8,1005,-3.1,-28,14.8,1.4,,,,,,,,,,,,,,,,,,,,,,,,,,,,,,,,,,,
"Goody, Nick",580792,2018,26,12,11.2,58,20.7,8.6,0.303,0.616,0.418,0.418,10,0,44.7,28.2,52,30,35,22.5,12.5,R,188,54.8,91.1,2197,-6.8,-15,19.2,1.1,45.2,81.9,2357,6,-40.1,6.7,1.2,,,,,,,,,,,,,,,,,,,,,,,,,,,,,,,,,,,,,,,,,,,,,,,,,,,,,,,,,,,,,,,,,,,,,,
"Stephenson, Robert",596112,2018,25,4,11.2,63,17.5,19,0.29,0.512,0.428,0.387,2.5,5,32.5,25.2,44.9,32.5,25,37.5,5,R,247,36.4,93.2,2312,-11.8,-16.8,19.3,1.1,38.9,83.8,2615,1.2,-37.5,3.3,1.6,,,,,,,,6.9,78.6,2665,8.2,-51.3,10.4,1.8,,,,,,,,,,,,,,,17.8,84.6,1391,-8.5,-29,13.4,1.3,,,,,,,,,,,,,,,,,,,,,,,,,,,,,,,,,,,
"Delgado, Randall",517414,2018,28,10,11.1,51,9.8,11.8,0.232,0.4,0.332,0.306,7.5,10,32.5,23.2,47,35,35,17.5,12.5,R,202,28.2,92.1,2287,-6.8,-16.7,17.2,1.3,1.5,84.5,1981,-0.6,-28.9,10.4,1.6,35.1,85.7,1951,-13,-27.1,16.7,1.4,9.9,81,2171,5.2,-44.8,6.4,1.4,25.2,91.7,2252,-12.2,-18.9,18.5,1.5,,,,,,,,,,,,,,,,,,,,,,,,,,,,,,,,,,,,,,,,,,,,,,,,,
"Phillips, Evan",623465,2018,23,9,11.2,59,13.6,16.9,0.243,0.51,0.445,0.387,7.5,2.5,47.5,21.1,43.4,40,37.5,17.5,5,R,219,59.8,94,2262,-8.9,-15.8,18.2,1.2,18.3,86.7,2407,4,-36.7,5.3,1.8,17.8,87.9,1686,-11.2,-26.2,15.3,1.5,,,,,,,,4.1,94.4,2315,-14.1,-16.6,20.8,1.3,,,,,,,,,,,,,,,,,,,,,,,,,,,,,,,,,,,,,,,,,,,,,,,,,
"Smith, Carson",605476,2018,28,18,14.1,64,28.1,9.4,0.224,0.352,0.321,0.29,2.5,2.5,47.5,29.6,41.1,55,20,20,5,R,263,2.7,91.4,2154,-14.7,-23.8,18,1.6,43.7,85.1,2788,11,-40.5,11.4,1.3,6.5,88.9,1633,-14,-39.3,14.8,1.3,,,,,,,,47.1,91.9,2217,-15.3,-32,15.7,1.3,,,,,,,,,,,,,,,,,,,,,,,,,,,,,,,,,,,,,,,,,,,,,,,,,
"Anderson, Tanner",664196,2018,25,6,11.1,56,10.7,14.3,0.285,0.401,0.39,0.353,4.9,2.4,29.3,21.5,46.2,58.5,4.9,31.7,4.9,R,171,11.1,93.3,2211,-7.6,-17.5,16.1,1.3,35.7,85,2425,2.4,-38.5,3.2,1.4,4.1,89.1,1772,-15.6,-31,16.5,1.4,,,,,,,,49.1,93.5,2250,-12.1,-25.9,13.5,1.1,,,,,,,,,,,,,,,,,,,,,,,,,,,,,,,,,,,,,,,,,,,,,,,,,
"Curtis, Zac",657205,2018,25,15,16.1,79,22.8,24.1,0.214,0.309,0.328,0.337,0,9.8,31.7,29,41.3,34.1,31.7,26.8,7.3,L,317,59.3,92.1,2304,15,-19.4,20.6,1,28.4,87,2380,-0.9,-34.6,4.8,1.3,10.4,88.9,1439,14.1,-30.3,15.2,1.2,,,,,,,,1.9,90.8,1450,14.4,-29.6,14.9,1.4,,,,,,,,,,,,,,,,,,,,,,,,,,,,,,,,,,,,,,,,,,,,,,,,,
"Mills, Alec",621219,2018,26,7,18,71,32.4,9.9,0.168,0.284,0.246,0.242,12.2,0,46.3,27.6,43.5,51.2,31.7,12.2,4.9,R,292,34.6,90.6,2232,-9.7,-18.9,17.6,1.3,13.7,78.4,2610,15.3,-47.9,15.7,1.3,19.5,81.1,1631,-15.2,-38.1,16,1.5,7.9,72,2590,13.3,-66.3,17.7,1.5,24.3,90.5,2191,-16.4,-25.7,18.3,1.4,,,,,,,,,,,,,,,,,,,,,,,,,,,,,,,,,,,,,,,,,,,,,,,,,
"Walden, Marcus",519393,2018,29,8,14.2,59,23.7,5.1,0.262,0.381,0.293,0.307,4.9,2.4,39,27.3,46.5,58.5,9.8,26.8,4.9,R,213,0.9,95,2238,-2.6,-17.5,13.1,1.5,13.6,84.9,2295,12.8,-36.2,13.4,1.4,,,,,,,,,,,,,,,44.6,93.9,2102,-12,-24.4,13.7,1.2,40.8,90.2,2280,3.4,-28.2,6.4,1.7,,,,,,,,,,,,,,,,,,,,,,,,,,,,,,,,,,,,,,,,,,
"Gagnon, Drew",543193,2018,28,5,12,56,14.3,8.9,0.307,0.483,0.377,0.385,2.4,7.3,43.9,19.2,47.1,41.5,17.1,29.3,12.2,R,210,56.2,91.6,1921,-13.3,-20.6,18.2,1.1,10.5,85,2280,1.3,-36.7,2.9,1.4,25.2,82.2,1891,-15.7,-32.6,17.7,1.4,8.1,77.4,2547,11.1,-61.2,18.5,1.3,,,,,,,,,,,,,,,,,,,,,,,,,,,,,,,,,,,,,,,,,,,,,,,,,,,,,,,,
"Walker, Taijuan",592836,2018,25,3,13,56,16.1,8.9,0.307,0.528,0.331,0.385,7.1,2.4,42.9,18.4,38.8,45.2,23.8,31,0,R,224,65.2,93.9,2192,-8.6,-13.7,19.7,1.4,,,,,,,,,,,,,,,8.5,76.6,2396,11.6,-59,16.4,1.6,0.4,95.1,2216,-14.4,-16.1,20.1,,8,88.1,2378,3.7,-25.4,11.5,1.6,17.9,89.1,1829,-13,-24.5,17.2,1.6,,,,,,,,,,,,,,,,,,,,,,,,,,,,,,,,,,,
"Almonte, Yency",622075,2018,24,14,14.2,60,23.3,6.7,0.232,0.381,0.316,0.287,4.8,4.8,35.7,26,52.2,47.6,14.3,33.3,4.8,R,251,62.9,95.4,2228,-7.5,-17.1,14.9,1.3,34.7,87.2,2323,4.6,-34.1,5.4,1.6,2.4,87.9,1733,-10.7,-29.4,12.7,1.6,,,,,,,,,,,,,,,,,,,,,,,,,,,,,,,,,,,,,,,,,,,,,,,,,,,,,,,,,,,,,,,
"Wingenter, Trey",622259,2018,24,22,19,81,33.3,13.6,0.213,0.387,0.291,0.317,4.8,2.4,45.2,36,50.9,40.5,31,23.8,4.8,R,322,68.6,97.4,2168,-11.2,-14,18.4,1.1,31.1,86.2,2256,1.8,-39.8,3.7,1.3,0.3,89.7,1977,-12.9,-18.5,20.3,,,,,,,,,,,,,,,,,,,,,,,,,,,,,,,,,,,,,,,,,,,,,,,,,,,,,,,,,,,,,,,,
"Lucas, Josh",572998,2018,27,8,14.1,66,21.2,13.6,0.233,0.341,0.363,0.319,2.4,4.8,31,24.3,46.4,52.4,21.4,19,7.1,R,248,23.8,90.6,2189,-14.8,-21.6,19.8,1.3,49.2,82.9,2558,2.7,-44.7,5.2,1.5,,,,,,,,0.4,77.1,2344,3.5,-55.3,8.9,,26.6,91.4,2134,-18.4,-28,19.4,1.2,,,,,,,,,,,,,,,,,,,,,,,,,,,,,,,,,,,,,,,,,,,,,,,,,
"Osich, Josh",592612,2018,29,12,12,61,16.4,11.5,0.3,0.476,0.453,0.388,7.1,4.8,33.3,27.1,52,45.2,14.3,31,9.5,L,227,48.5,94.8,2300,5.9,-16.8,15.6,1.6,7.5,82.8,2297,-2.1,-41.6,4.9,1.6,26.4,83.5,1741,12.1,-26.1,18.5,1.6,,,,,,,,,,,,,,,17.6,89.7,2197,-3.1,-27.3,8.3,1.5,,,,,,,,,,,,,,,,,,,,,,,,,,,,,,,,,,,,,,,,,,
"Banda, Anthony",607455,2018,24,3,14.2,56,17.9,5.4,0.261,0.41,0.283,0.307,9.3,2.3,44.2,20,52.6,48.8,16.3,23.3,11.6,L,190,77.9,94.5,2153,11.1,-14.8,20,1.2,,,,,,,,16.3,87.2,1806,15.3,-28.9,17.3,1.5,,,,,,,,,,,,,,,5.8,83.9,1928,-3.9,-39.7,6.7,2.1,,,,,,,,,,,,,,,,,,,,,,,,,,,,,,,,,,,,,,,,,,
"Venditte, Pat",519381,2018,33,15,14,57,15.8,5.3,0.212,0.296,0.263,0.255,2.3,2.3,16.3,24.1,48.2,39.5,25.6,20.9,14,L,117,,,,,,,,59.8,73,2767,-12.1,-45.6,16,1.6,0.9,80.6,2621,2.6,-37.2,6.8,,,,,,,,,39.3,83.1,2597,4.8,-29.4,12.3,1.1,,,,,,,,,,,,,,,,,,,,,,,,,,,,,,,,,,,,,,,,,,,,,,,,,
"Venditte, Pat",519381,2018,33,15,14,57,15.8,5.3,0.212,0.296,0.263,0.255,2.3,2.3,16.3,24.1,48.2,39.5,25.6,20.9,14,R,107,,,,,,,,53.3,73.7,3158,21.3,-48.3,21.7,1.2,6.5,80.7,1545,-10.8,-35.7,12.1,1.5,,,,,,,,40.2,88.2,2443,-9.1,-24.7,14.5,1.5,,,,,,,,,,,,,,,,,,,,,,,,,,,,,,,,,,,,,,,,,,,,,,,,,
"Cook, Ryan",475857,2018,31,19,17,76,30.3,9.2,0.213,0.432,0.336,0.323,2.3,9.3,37.2,21.3,48.1,55.8,11.6,23.3,9.3,R,312,58,94.3,2136,-8.5,-17.2,16.8,1.3,27.2,84.7,2948,6.8,-45,9.1,1.2,5.4,88.7,1505,-13.5,-29.3,15.8,1.4,,,,,,,,9.3,94.5,2071,-16.8,-25.1,18.1,1.2,,,,,,,,,,,,,,,,,,,,,,,,,,,,,,,,,,,,,,,,,,,,,,,,,
"Venditte, Pat",519381,2018,33,15,14,57,15.8,5.3,0.212,0.296,0.263,0.255,2.3,2.3,16.3,24.1,48.2,39.5,25.6,20.9,14,L,117,,,,,,,,59.8,73,2767,-12.1,-45.6,16,1.6,0.9,80.6,2621,2.6,-37.2,6.8,,,,,,,,,39.3,83.1,2597,4.8,-29.4,12.3,1.1,,,,,,,,,,,,,,,,,,,,,,,,,,,,,,,,,,,,,,,,,,,,,,,,,
"Venditte, Pat",519381,2018,33,15,14,57,15.8,5.3,0.212,0.296,0.263,0.255,2.3,2.3,16.3,24.1,48.2,39.5,25.6,20.9,14,R,107,,,,,,,,53.3,73.7,3158,21.3,-48.3,21.7,1.2,6.5,80.7,1545,-10.8,-35.7,12.1,1.5,,,,,,,,40.2,88.2,2443,-9.1,-24.7,14.5,1.5,,,,,,,,,,,,,,,,,,,,,,,,,,,,,,,,,,,,,,,,,,,,,,,,,
"Wendelken, J.B.",605525,2018,25,13,16.2,62,22.6,8.1,0.186,0.275,0.2,0.238,11.6,4.7,32.6,26.8,52.3,39.5,27.9,16.3,16.3,R,243,60.9,94.6,2460,-6.8,-15.1,17.4,1.5,,,,,,,,13.6,84.7,1638,-15.2,-33.8,16.1,1.3,25.5,80.3,2538,10.3,-58.3,17.7,1.4,,,,,,,,,,,,,,,,,,,,,,,,,,,,,,,,,,,,,,,,,,,,,,,,,,,,,,,,
"Houser, Adrian",605288,2018,25,7,13.2,59,13.6,11.9,0.244,0.352,0.325,0.316,7,0,27.9,23.6,46.9,39.5,23.3,25.6,11.6,R,226,61.1,94.2,2196,-4.6,-16.2,15.4,1.2,,,,,,,,14.2,84.7,1569,-13.7,-34.1,14.6,1.4,19.5,80.8,1928,5.1,-55.9,14.5,1.3,5.3,94,2141,-15.7,-21.2,18.6,1.4,,,,,,,,,,,,,,,,,,,,,,,,,,,,,,,,,,,,,,,,,,,,,,,,,
"Díaz, Miguel",622766,2018,23,11,18.2,85,35.3,14.1,0.177,0.307,0.311,0.267,9.3,2.3,39.5,36,49.6,34.9,34.9,23.3,7,R,347,53.3,95.6,2285,-10.5,-14.9,19.2,1.4,19.9,85.1,2401,5.8,-38.8,6.6,1.7,20.7,87.4,1719,-13.8,-30.7,15.5,1.7,4,82,2635,12.4,-42.8,12.7,1.4,2,94.7,2209,-15,-21.4,18,1.4,,,,,,,,,,,,,,,,,,,,,,,,,,,,,,,,,,,,,,,,,,,,,,,,,
"Anderson, Drew",623454,2018,24,5,12.2,59,18.6,3.4,0.262,0.451,0.345,0.333,6.8,2.3,31.8,21.7,48,43.2,25,22.7,9.1,R,221,43,93,2309,-5.5,-14.5,18.4,1.3,18.6,83.6,2402,4.5,-37.8,5.7,1.7,9,84.3,1888,-10.9,-25.7,17.3,1.4,12.2,73.4,2737,9.8,-69.5,19.8,1.6,17.2,92.4,2117,-12.5,-18.5,18.6,1.3,,,,,,,,,,,,,,,,,,,,,,,,,,,,,,,,,,,,,,,,,,,,,,,,,
"Romero, Enny",544836,2018,27,8,10,61,16.4,9.8,0.333,0.566,0.514,0.398,4.5,0,47.7,22.9,50.5,36.4,29.5,29.5,4.5,L,208,68.8,95.1,2263,7.9,-14.3,18.8,1.5,24,85.6,2285,1.1,-35,5.2,1.8,,,,,,,,7.2,81.9,2327,-2.6,-42.4,3.3,1.3,,,,,,,,,,,,,,,,,,,,,,,,,,,,,,,,,,,,,,,,,,,,,,,,,,,,,,,,
"Altavilla, Dan",656186,2018,25,22,20.2,85,27.1,17.6,0.187,0.317,0.288,0.312,11.1,4.4,33.3,31,43.9,40,31.1,15.6,13.3,R,356,52.5,96,2367,-9.9,-14.2,19.3,1.7,47.2,87.5,2790,7.4,-33.2,9,1.6,0.3,89.5,2162,-13.1,-23.4,18.1,,,,,,,,,,,,,,,,,,,,,,,,,,,,,,,,,,,,,,,,,,,,,,,,,,,,,,,,,,,,,,,,
"Law, Derek",571882,2018,27,7,13.1,66,18.2,12.1,0.208,0.329,0.37,0.29,2.2,2.2,26.7,28.4,39.8,42.2,17.8,31.1,8.9,R,256,51.6,93.7,2152,-3.6,-17.3,14.4,1.4,29.7,84.6,2237,4.3,-41.1,5.8,1.6,5.5,83.8,1950,-15.2,-30.6,17.5,1.5,13.3,76.6,2063,3.6,-57,10.5,1.5,,,,,,,,,,,,,,,,,,,,,,,,,,,,,,,,,,,,,,,,,,,,,,,,,,,,,,,,
"Bass, Anthony",542914,2018,30,16,15.1,62,22.6,4.8,0.292,0.379,0.319,0.313,2.2,0,28.9,20.8,41.4,53.3,15.6,28.9,2.2,R,244,36.1,93.9,1906,-4.1,-17.5,14.4,1.2,28.7,87,2197,4.9,-36,5.4,1.7,,,,,,,,,,,,,,,32.4,94.3,1980,-12.3,-18.6,17.4,1.2,,,,,,,,2.9,84,1176,-6.3,-30.8,11,1.5,,,,,,,,,,,,,,,,,,,,,,,,,,,,,,,,,,,
"Rogers, Josh",642028,2018,23,3,11.2,56,10.7,8.9,0.306,0.533,0.401,0.384,0,2.2,35.6,12.1,50.5,40,28.9,24.4,6.7,L,212,56.1,89.4,2099,12,-18.9,20,1.5,32.5,80.5,2041,-3.6,-41.7,4.5,2,9.9,80.6,1423,12.7,-34.6,15.1,1.4,1.4,76.7,2069,-4.6,-51.3,5.6,1.5,,,,,,,,,,,,,,,,,,,,,,,,,,,,,,,,,,,,,,,,,,,,,,,,,,,,,,,,
"Buttrey, Ty",621142,2018,25,16,16.1,70,28.6,7.1,0.28,0.395,0.262,0.322,2.2,4.4,28.9,29.7,48.3,57.8,8.9,28.9,4.4,R,300,58,95.9,2244,-12.8,-15.5,19.7,1.5,25.3,82.1,1801,-0.3,-43.9,3.3,1.6,16.7,86,1835,-18.1,-34.3,18.6,1.5,,,,,,,,,,,,,,,,,,,,,,,,,,,,,,,,,,,,,,,,,,,,,,,,,,,,,,,,,,,,,,,
"Middleton, Keynan",641871,2018,24,16,17.2,71,22.5,12.7,0.233,0.376,0.302,0.313,4.4,0,33.3,24.5,44.7,33.3,33.3,26.7,6.7,R,311,64.6,96,2430,-9.6,-13.6,19.4,1.7,26,86.4,2393,2,-33.8,4.8,2.1,9.3,87.1,2080,-17.2,-27.7,19.7,1.7,,,,,,,,,,,,,,,,,,,,,,,,,,,,,,,,,,,,,,,,,,,,,,,,,,,,,,,,,,,,,,,
"Báez, Sandy",622783,2018,24,9,14.1,66,15.2,13.6,0.264,0.441,0.322,0.36,8.9,4.4,42.2,19.7,43.3,31.1,28.9,31.1,8.9,R,270,63.3,95.1,2269,-10.2,-16.1,18.2,1.8,21.5,81.3,2293,4.7,-40.2,5.7,1.7,14.4,86.4,1345,-11.1,-27.5,15.4,1.9,0.7,73.9,2229,9.6,-53.1,9.7,1.5,,,,,,,,,,,,,,,,,,,,,,,,,,,,,,,,,,,,,,,,,,,,,,,,,,,,,,,,
"Sims, Lucas",608371,2018,24,9,15.2,77,20.8,16.9,0.229,0.404,0.361,0.346,6.5,2.2,37,27.4,43.3,37,21.7,30.4,10.9,R,312,46.5,92.3,2392,-5.6,-18.8,15.4,1.4,4.8,89.1,2483,5.7,-29.2,8.6,1.3,11.9,86,1676,-14.6,-35.3,15,1.3,27.2,79.9,2826,13.8,-51,15.3,1.6,9.6,93,2212,-12.9,-20,18.1,1.5,,,,,,,,,,,,,,,,,,,,,,,,,,,,,,,,,,,,,,,,,,,,,,,,,
"Kopech, Michael",656629,2018,22,4,14.1,68,22.1,2.9,0.317,0.611,0.427,0.423,10.9,0,47.8,21.5,50.8,28.3,26.1,32.6,13,R,256,62.5,95.4,2559,-10.6,-13.1,20.2,1.6,16.4,82.8,2310,7.9,-41.3,8.3,1.5,9.8,88.6,1768,-13.8,-28.5,15.4,1.5,11.3,78.2,2254,6.9,-49.7,8.4,1.4,,,,,,,,,,,,,,,,,,,,,,,,,,,,,,,,,,,,,,,,,,,,,,,,,,,,,,,,
"Barlow, Scott",605130,2018,25,6,15,65,23.1,4.6,0.27,0.465,0.295,0.331,4.3,0,34.8,23.9,49.4,40.4,23.4,27.7,8.5,R,236,53,90.6,2334,-0.4,-19.9,12.8,1.5,26.7,80.1,2506,10.3,-45.9,10.9,1.4,5.5,85.7,1767,-15.2,-28.1,17.4,1.6,14.8,75.2,2480,14.1,-60.9,18.7,1.3,,,,,,,,,,,,,,,,,,,,,,,,,,,,,,,,,,,,,,,,,,,,,,,,,,,,,,,,
"Bergman, Christian",548357,2018,30,3,14,57,12.3,5.3,0.315,0.705,0.327,0.442,8.5,2.1,46.8,15.1,46.5,40.4,36.2,19.1,4.3,R,200,,,,,,,,13,85.3,2041,-1.1,-30.9,9,1.5,25.5,78.3,1922,-16.5,-41.7,17.7,1.4,15.5,76.7,2220,3.2,-53.8,7.3,1.6,46,88.5,2062,-14.6,-26.3,18.2,1.6,,,,,,,,,,,,,,,,,,,,,,,,,,,,,,,,,,,,,,,,,,,,,,,,,
"Hale, David",571735,2018,30,4,13.2,62,12.9,8.1,0.256,0.435,0.38,0.333,10.4,2.1,33.3,23.1,51.8,41.7,18.8,27.1,12.5,R,226,18.1,91.2,2287,-6.9,-19.6,15.4,1.5,0.9,85.2,2187,3.4,-30.7,8.8,1.6,37.6,79.2,1651,-13.6,-33.9,17.1,1.1,13.3,80.1,2219,9.9,-40.6,11,1.5,30.1,90.8,2271,-16.1,-23.5,19,1.4,,,,,,,,,,,,,,,,,,,,,,,,,,,,,,,,,,,,,,,,,,,,,,,,,
"Jerez, Williams",605301,2018,26,17,15,71,21.1,11.3,0.325,0.553,0.352,0.41,10.4,4.2,47.9,27.8,43.8,37.5,22.9,31.3,8.3,L,288,61.1,95.3,2196,11.6,-16.3,18.8,1.3,20.1,87.5,2024,-0.8,-31.4,5.5,1.3,18.8,87.3,1189,12,-29.3,14.6,1.4,,,,,,,,,,,,,,,,,,,,,,,,,,,,,,,,,,,,,,,,,,,,,,,,,,,,,,,,,,,,,,,
"Oaks, Trevor",656805,2018,25,4,13.2,65,15.4,9.2,0.337,0.563,0.406,0.409,6.1,0,38.8,24.6,47.8,44.9,24.5,26.5,4.1,R,246,2.4,91.1,2199,-5.2,-20.2,14.7,1.4,24,82,2115,3.4,-40.8,4.1,1.4,4.1,82.6,1767,-15.7,-31.6,18.3,1.5,,,,,,,,56.1,89.5,1930,-14.3,-27.4,16.3,1.2,13.4,86,2210,-1.5,-32.4,5.8,1.3,,,,,,,,,,,,,,,,,,,,,,,,,,,,,,,,,,,,,,,,,,
"Cuevas, William",571035,2018,27,9,17,83,24.1,12,0.248,0.441,0.403,0.363,2,4.1,34.7,31.3,46.8,51,18.4,26.5,4.1,R,348,29.3,90.8,2506,-2,-17.8,15.5,1.4,28.4,85.2,2419,6.4,-34.7,7.9,1.5,19.8,82.7,2144,-12.1,-25.2,18.9,1.4,14.9,79.4,2424,19.5,-45.2,19.7,1.5,7.5,90.1,2480,-10.8,-22.7,15.5,1.5,,,,,,,,,,,,,,,,,,,,,,,,,,,,,,,,,,,,,,,,,,,,,,,,,
"O'Day, Darren",503285,2018,35,20,20,82,32.9,3.7,0.187,0.309,0.304,0.244,4.1,6.1,26.5,26.3,51.5,26.5,20.4,34.7,18.4,R,332,36.1,86.8,2375,-14.3,-26.8,17.1,1,47.6,79,2221,7.5,-41,8.4,1,,,,,,,,,,,,,,,16.3,85.9,2184,-15.8,-41.1,16.4,1.2,,,,,,,,,,,,,,,,,,,,,,,,,,,,,,,,,,,,,,,,,,,,,,,,,
"Brigham, Jeff",656257,2018,26,4,16.1,77,15.6,16.9,0.247,0.413,0.372,0.381,12,4,40,19.7,44.9,20,40,30,10,R,316,61.1,92.9,2296,-11.5,-15.1,21.1,1.5,,,,,,,,8.5,86,1902,-13.7,-25.8,18.5,1.4,,,,,,,,,,,,,,,,,,,,,,,,,,,,,,,,,,,,30.4,80,2739,15.6,-48.5,16.3,1.8,,,,,,,,,,,,,,,,,,,,,
"Turnbull, Spencer",605513,2018,25,4,16.1,69,21.7,5.8,0.256,0.413,0.289,0.312,8,0,48,21.2,46.6,48,16,32,4,R,282,20.9,93.6,2417,-1.8,-21.2,10.5,1.7,12.1,88.6,2409,3.9,-30.7,6.3,1.4,6.4,88.2,1899,-17.2,-31.4,17.7,1.7,18.1,81.1,2605,7.7,-53.4,13.5,2.2,42.6,94.4,2217,-15.9,-24.1,17.4,1.3,,,,,,,,,,,,,,,,,,,,,,,,,,,,,,,,,,,,,,,,,,,,,,,,,
"Cingrani, Tony",571561,2018,28,30,22.2,95,37.9,6.3,0.154,0.253,0.281,0.224,6,6,39.5,31.2,47.6,54,24,18,4,L,372,79,93.5,2263,5.1,-18.2,13.9,1.3,19.4,82.3,2284,-10,-36.9,11.7,1.4,1.6,88.9,1313,6.6,-26.9,10.5,1.4,,,,,,,,,,,,,,,,,,,,,,,,,,,,,,,,,,,,,,,,,,,,,,,,,,,,,,,,,,,,,,,
"Morris, Akeel",592570,2018,25,9,14,65,10.8,12.3,0.291,0.489,0.415,0.377,6,0,40,17.4,45.5,38,32,26,4,R,252,54.4,92.3,2204,-8.2,-15.1,19.3,1.7,10.7,81.7,1932,3.8,-38.5,5.7,2.1,34.9,77.4,1444,-8,-36.3,12.5,1.8,,,,,,,,,,,,,,,,,,,,,,,,,,,,,,,,,,,,,,,,,,,,,,,,,,,,,,,,,,,,,,,
"Black, Ray",605143,2018,28,26,23.1,95,34.7,10.5,0.178,0.302,0.316,0.262,7.8,5.9,31.4,37,46.4,41.2,25.5,15.7,17.6,R,403,64,97.9,2640,-6,-11.7,18,1.3,36,84.2,3100,13.3,-44.2,14.9,2.8,,,,,,,,,,,,,,,,,,,,,,,,,,,,,,,,,,,,,,,,,,,,,,,,,,,,,,,,,,,,,,,,,,,,,,
"Ramos, AJ",573109,2018,31,28,19.2,88,25,17,0.191,0.384,0.339,0.318,3.9,7.8,31.4,29.1,39.2,31.4,31.4,21.6,15.7,R,358,22.9,91.7,2425,-1.8,-16.3,17.3,1.6,19.8,80.4,2733,11.5,-49.4,12.8,1.5,6.1,83.7,1549,-12.1,-36.1,13.6,1.6,11.2,75.8,2661,11.4,-64.3,17.8,1.4,15.6,91.1,2223,-12.4,-20.5,18.4,1.8,24.3,88.3,2468,5.2,-24,13.5,1.8,,,,,,,,,,,,,,,,,,,,,,,,,,,,,,,,,,,,,,,,,,
"Slegers, Aaron",642083,2018,25,4,13.2,60,10,3.3,0.311,0.625,0.372,0.412,7.8,7.8,39.2,14.8,50,39.2,27.5,23.5,9.8,R,216,44.9,90.1,2001,-7.5,-19.1,15.7,1.2,18.5,83.9,2002,3.3,-33.5,6.2,1.4,13,84.3,1691,-11.9,-30.4,14.6,1.3,,,,,,,,23.6,89.8,1932,-14.1,-25,16.2,1.3,,,,,,,,,,,,,,,,,,,,,,,,,,,,,,,,,,,,,,,,,,,,,,,,,
"Thompson, Jake",622097,2018,24,9,16.1,76,18.4,14.5,0.234,0.405,0.308,0.327,2,3.9,27.5,20.9,45.1,49,19.6,19.6,11.8,R,284,24.3,90.6,2132,-3.9,-19.7,14.5,1.5,25.7,83.6,2519,14.7,-40.2,14.9,1.5,28.5,85.9,1430,-10.7,-35.1,11.4,1.3,,,,,,,,21.5,90.8,2029,-14.9,-27.2,16.5,1.2,,,,,,,,,,,,,,,,,,,,,,,,,,,,,,,,,,,,,,,,,,,,,,,,,
"Pounders, Brooks",572044,2018,27,14,15.1,72,23.6,2.8,0.297,0.506,0.448,0.363,9.8,2,43.1,28.5,49.1,33.3,19.6,39.2,7.8,R,293,48.5,92.4,2218,-2.3,-16.7,15.2,1.2,38.9,85.9,2457,8.1,-35.1,8.7,1.6,12.6,87.1,1262,-3.1,-29.7,7.4,1.6,,,,,,,,,,,,,,,,,,,,,,,,,,,,,,,,,,,,,,,,,,,,,,,,,,,,,,,,,,,,,,,
"Miller, Shelby",571946,2018,27,5,16,79,24.1,10.1,0.301,0.614,0.437,0.426,3.8,5.8,53.8,20.1,47,51.9,25,21.2,1.9,R,328,57.9,94.5,2311,-9.3,-14.9,18.1,1.2,,,,,,,,0.6,88.2,1907,-12.1,-21.5,18.6,1.4,23.8,79.9,2310,6,-50.9,9.8,1.4,5.8,93.8,2361,-14.7,-18.8,19.2,1.4,11.9,89.9,2204,0.7,-26.3,7.6,1.1,,,,,,,,,,,,,,,,,,,,,,,,,,,,,,,,,,,,,,,,,,
"Glover, Koda",606983,2018,25,21,16.1,71,12.7,14.1,0.265,0.361,0.274,0.324,3.8,1.9,32.7,21.4,44.5,36.5,23.1,34.6,5.8,R,283,3.9,95.2,2317,-9,-17.6,15.9,1.4,29.7,91.5,2423,1.5,-25.9,7.9,1.7,21.9,86.8,1783,-16.1,-33,16.7,1.5,8.8,79.9,2796,11,-52.8,14.2,1.4,35.7,95.5,2239,-16.5,-20.8,19.2,1.3,,,,,,,,,,,,,,,,,,,,,,,,,,,,,,,,,,,,,,,,,,,,,,,,,
"Suárez, Ranger",624133,2018,22,4,15,69,15.9,8.7,0.279,0.467,0.4,0.347,3.8,0,42.3,17.3,43.6,51.9,26.9,21.2,0,L,225,37.3,92.4,2043,4.8,-20.8,12.7,1.1,16.9,82.4,2116,-7.3,-37.5,9.2,1.5,20.4,84.2,1520,12.4,-33.3,13.8,1.5,2.2,77.8,2112,-7.3,-46.8,7.3,1.5,23.1,90.9,1923,14.6,-27.6,15.9,1.3,,,,,,,,,,,,,,,,,,,,,,,,,,,,,,,,,,,,,,,,,,,,,,,,,
"Dunn, Mike",445197,2018,33,25,17,83,14.5,21.7,0.277,0.374,0.423,0.383,7.5,0,37.7,25.2,42.2,37.7,26.4,30.2,5.7,L,338,55,92,2268,2.1,-15.9,16.4,1.1,37,85.7,2420,-6,-33.5,7.3,1.6,,,,,,,,7.1,73.3,2324,-10.2,-65.1,16.9,1.5,0.9,92.2,2247,10.9,-18.9,16.9,1.4,,,,,,,,,,,,,,,,,,,,,,,,,,,,,,,,,,,,,,,,,,,,,,,,,
"James, Josh",657624,2018,25,6,23,91,31.9,7.7,0.187,0.334,0.268,0.269,0,0,28.3,30.7,46.7,41.5,24.5,20.8,13.2,R,349,59.9,97.1,2362,-13.2,-15.8,19.2,1.7,15.2,85.6,2437,9.1,-38.7,9.6,1.4,23.2,88.5,1998,-17.2,-33.7,17.6,1.5,1.7,81.5,2481,3.6,-51.6,10,1.4,,,,,,,,,,,,,,,,,,,,,,,,,,,,,,,,,,,,,,,,,,,,,,,,,,,,,,,,