"last_name, first_name",player_id,year,player_age,p_game,p_formatted_ip,pa,k_percent,bb_percent,xba,xslg,woba,xwoba,solidcontact_percent,poorlyweak_percent,hard_hit_percent,whiff_percent,swing_percent,groundballs_percent,flyballs_percent,linedrives_percent,popups_percent,pitch_hand,n,n_ff_formatted,ff_avg_speed,ff_avg_spin,ff_avg_break_x,ff_avg_break_z,ff_avg_break,ff_range_speed,n_sl_formatted,sl_avg_speed,sl_avg_spin,sl_avg_break_x,sl_avg_break_z,sl_avg_break,sl_range_speed,n_ch_formatted,ch_avg_speed,ch_avg_spin,ch_avg_break_x,ch_avg_break_z,ch_avg_break,ch_range_speed,n_cu_formatted,cu_avg_speed,cu_avg_spin,cu_avg_break_x,cu_avg_break_z,cu_avg_break,cu_range_speed,n_si_formatted,si_avg_speed,si_avg_spin,si_avg_break_x,si_avg_break_z,si_avg_break,si_range_speed,n_fc_formatted,fc_avg_speed,fc_avg_spin,fc_avg_break_x,fc_avg_break_z,fc_avg_break,fc_range_speed,n_fs_formatted,fs_avg_speed,fs_avg_spin,fs_avg_break_x,fs_avg_break_z,fs_avg_break,fs_range_speed,n_kn_formatted,kn_avg_speed,kn_avg_spin,kn_avg_break_x,kn_avg_break_z,kn_avg_break,kn_range_speed,n_st_formatted,st_avg_speed,st_avg_spin,st_avg_break_x,st_avg_break_z,st_avg_break,st_range_speed,n_sv_formatted,sv_avg_speed,sv_avg_spin,sv_avg_break_x,sv_avg_break_z,sv_avg_break,sv_range_speed,n_fo_formatted,fo_avg_speed,fo_avg_spin,fo_avg_break_x,fo_avg_break_z,fo_avg_break,fo_range_speed,n_sc_formatted,sc_avg_speed,sc_avg_spin,sc_avg_break_x,sc_avg_break_z,sc_avg_break,sc_range_speed
"Marinaccio, Ron",676760,2022,26,40,44,181,30.9,13.3,0.156,0.238,0.252,0.257,1.1,6.4,25.5,33.2,44.5,41.5,30.9,20.2,7.4,R,757,44.3,94.6,2325,-12.5,-13.6,21.3,1.4,,,,,,,,37.9,83.9,1981,-17.1,-37.4,17.4,1.5,,,,,,,,,,,,,,,,,,,,,,,,,,,,,,,,,,,,17.8,80.4,2354,14.4,-36.8,16,1.7,,,,,,,,,,,,,,,,,,,,,
"Nelson, Nick",656793,2022,26,47,68.2,306,22.5,11.8,0.222,0.323,0.311,0.297,6.6,3.6,32.5,28.5,46.8,39.1,25.4,26.9,8.6,R,1204,42.9,96.3,1969,-6.6,-13.2,17.8,1.1,24.2,89.9,2265,2.2,-30,5.4,2.1,29.2,87.9,1916,-16.1,-28.3,17.9,1.4,3.6,81.9,2231,10.5,-44.2,11.2,1.5,0.1,91.4,1842,-17.1,-24.4,19.2,,,,,,,,,,,,,,,,,,,,,,,,,,,,,,,,,,,,,,,,,,,,,,,,,,
"Lawrence, Justin",664875,2022,27,38,42.2,191,25.1,11.5,0.222,0.325,0.327,0.293,9.2,6.7,39.2,24.4,43.5,51.7,20.8,23.3,4.2,R,762,,,,,,,,,,,,,,,,,,,,,,,,,,,,,55.2,95.1,2281,-16.5,-29.3,16.7,1.6,,,,,,,,,,,,,,,,,,,,,,44.8,82.3,2797,14.5,-36.1,15.5,2,,,,,,,,,,,,,,,,,,,,,
"Edwards Jr., Carl",605218,2022,30,57,62,256,21.9,9.8,0.213,0.34,0.291,0.284,5.7,2.9,35.6,24.4,48,48.3,24.7,20.1,6.9,R,1014,66.4,94.6,2521,1.8,-14.2,16.5,1.3,,,,,,,,9.7,90.7,1662,-12.2,-23.3,16.2,1.4,22.6,80.2,2120,7.9,-52.7,13.1,1.4,1.4,95,2579,-2.6,-11.8,18.7,1.2,,,,,,,,,,,,,,,,,,,,,,,,,,,,,,,,,,,,,,,,,,,,,,,,,
"Bautista, Félix",642585,2022,27,65,65.2,253,34.8,9.1,0.186,0.296,0.24,0.255,3.5,3.5,36.9,33.6,50.3,43.3,23.4,22.7,10.6,R,995,61.3,99.2,2341,-7.3,-8.2,21.1,1.7,12.3,85.2,2458,5.3,-39.1,5.9,2.2,,,,,,,,,,,,,,,,,,,,,,,,,,,,,26.4,88.4,1110,-7.5,-28.2,10.7,1.8,,,,,,,,,,,,,,,,,,,,,,,,,,,,,,,,,,,
"Espino, Paolo",502179,2022,35,42,113.1,487,18.9,4.9,0.271,0.469,0.35,0.336,9.8,5.1,41.2,21.4,45,40.4,32,22.8,4.9,R,1873,48,88.5,2228,-2.8,-15.9,19.4,1.1,0.1,80.7,2622,9.5,-36.2,11.7,1.5,4.7,83.6,1423,-12.3,-34.1,13.5,1.3,25.9,71.3,3006,13.1,-73.2,22.4,1.3,,,,,,,,,,,,,,,,,,,,,,,,,,,,,21.3,77.7,2739,18.8,-44.2,19.2,1.4,,,,,,,,,,,,,,,,,,,,,
"Wilson, Steven",621051,2022,27,50,53,214,24.8,9.3,0.182,0.306,0.277,0.263,8,8,35.5,28.3,47.3,23.9,34.8,25.4,15.9,R,874,52.2,95.1,2366,-8,-12.1,20.2,1.3,10.3,83.1,2610,8.3,-42.8,9.2,1.8,5.6,85.1,2122,-16.2,-28.7,18.8,1.7,,,,,,,,,,,,,,,,,,,,,,,,,,,,,,,,,,,,31.9,81.9,2693,12,-37.5,13.3,2.3,,,,,,,,,,,,,,,,,,,,,
"Gilbreath, Lucas",656458,2022,26,47,43,187,26.2,13.9,0.236,0.327,0.313,0.316,4.6,4.6,40.7,29.2,43,46.3,18.5,27.8,7.4,L,796,73.2,93.8,2371,0.6,-15.1,16.1,1.5,25.6,82.7,2392,-3.8,-42.7,5.7,1.8,,,,,,,,,,,,,,,,,,,,,,,,,,,,,1.1,85,1188,6.4,-28.8,11.5,1.5,,,,,,,,,,,,,,,,,,,,,,,,,,,,,,,,,,,
"Stroman, Marcus",573186,2022,31,25,138.2,569,20.9,6.3,0.254,0.389,0.291,0.308,4.9,4.6,40.7,22.4,45.9,52,18.8,22.9,6.3,R,2181,8.5,92.6,2425,-4.6,-18.1,14.7,1.2,5.1,86.4,2692,4.9,-40.5,6.7,1.6,,,,,,,,,,,,,,,40.2,92,2265,-9,-29,9.9,0.9,10.5,90,2532,2,-28.6,5.7,1.3,12,87,1715,-12,-34.4,12.4,1.8,,,,,,,,,,,,,,,23.8,84.6,2673,14.3,-38,14.7,1.6,,,,,,,,,,,,,,
"Davis, Austin",656354,2022,29,52,56,264,24.2,12.5,0.238,0.371,0.333,0.33,3.1,6.8,30.9,26.4,45.7,34.6,29.6,25.9,9.9,L,1118,42.5,94.1,2256,10.3,-15.7,18.5,1.5,,,,,,,,16,86.3,1896,15.9,-29.1,17.8,1.6,0.3,79.5,2415,-12.3,-50.9,14.2,1.4,3.1,93.3,2123,14.2,-20.6,18.4,1.5,,,,,,,,,,,,,,,,,,,,,,38.1,80.5,2375,-15.1,-41.5,15.4,1.6,,,,,,,,,,,,,,,,,,,,,
"deGrom, Jacob",594798,2022,34,11,64.1,239,42.7,3.3,0.182,0.333,0.228,0.234,7,2.3,31.8,41.5,54.9,40.3,29.5,22.5,7.8,R,940,47.4,98.9,2516,-9.5,-11.3,19.4,1.4,39.3,92.6,2580,3.6,-26.4,6.6,1.3,8.2,92,1613,-13.2,-26.1,15.1,1.5,5.1,83.4,2691,7.3,-41.6,8,1.7,,,,,,,,,,,,,,,,,,,,,,,,,,,,,,,,,,,,,,,,,,,,,,,,,,,,,,,,
"Kremer, Dean",665152,2022,26,22,125.1,512,17,6.6,0.265,0.423,0.312,0.326,8.1,4.7,39.2,22.2,50.7,40.3,27.8,24.4,7.5,R,1947,32.7,93.5,2235,-8.9,-14.8,18.9,1.4,,,,,,,,15.4,83.7,1580,-15.1,-37.8,15.6,1.3,12.3,76.5,2697,11.1,-62.2,18.6,1.5,8.7,91.7,2139,-16,-20.5,20.3,1.7,30.9,88,2478,4.7,-27.1,9.9,1.8,,,,,,,,,,,,,,,,,,,,,,,,,,,,,,,,,,,,,,,,,,
"Romano, Jordan",605447,2022,29,63,64,258,28.3,8.1,0.223,0.348,0.238,0.284,6.9,3.1,45.9,30.3,52.4,44.7,28.9,20.1,6.3,R,989,47.9,96.9,2289,-5.3,-11.2,19,1.6,51.8,87.3,2082,4.2,-36.9,5.2,2,,,,,,,,,,,,,,,0.3,96.5,2357,-12.2,-10.5,22.7,1.4,,,,,,,,,,,,,,,,,,,,,,,,,,,,,,,,,,,,,,,,,,,,,,,,,
"Berríos, José",621244,2022,28,32,172,753,19.8,6,0.275,0.465,0.35,0.346,6.4,4.4,43.8,21.2,48.6,40.7,27.1,25.6,6.6,R,2721,27.7,94,2241,-10.6,-16.6,18,1.2,,,,,,,,15.4,84.6,1522,-14.4,-33.9,15.4,1.7,,,,,,,,25.9,93.9,2116,-16.6,-20.7,19.7,1.3,,,,,,,,,,,,,,,,,,,,,,,,,,,,,30.9,82.9,2285,15.8,-44.3,16.5,1.5,,,,,,,,,,,,,,
"Lawrence, Casey",596271,2022,34,6,18,79,13.9,5.1,0.293,0.51,0.396,0.365,0,6.3,36.5,15.8,51.2,41.3,33.3,25.4,0,R,297,21.9,90.9,2229,-12.2,-19.1,18.7,1.2,30.3,81.3,2471,5.4,-33.1,10.7,1.4,28.6,83.2,1776,-17.7,-35.7,18.3,1.3,6.1,78.6,2554,7.1,-46.9,8,1.4,11.1,90,2143,-16.5,-27.4,17.9,1.4,2,85.7,2369,0.1,-27.7,9.4,1.4,,,,,,,,,,,,,,,,,,,,,,,,,,,,,,,,,,,,,,,,,,
"Cimber, Adam",643256,2022,31,77,70.2,293,19.8,4.4,0.252,0.368,0.294,0.297,5.6,7.5,38.8,20.7,50.9,43.9,20.6,28.5,7,R,1043,34.9,86.5,2172,-10.9,-31.7,12.3,1.4,35.4,77.8,2473,7.4,-37.5,11.6,1.4,,,,,,,,,,,,,,,29.7,86.5,2140,-12.2,-45.7,15.1,1.1,,,,,,,,,,,,,,,,,,,,,,,,,,,,,,,,,,,,,,,,,,,,,,,,,
"Clarke, Taylor",664199,2022,29,47,49,203,23.6,3.9,0.23,0.373,0.309,0.277,5.5,2.7,39,25.2,53.7,36.3,28.8,23.3,11.6,R,859,42.4,95.6,2268,-5.5,-12.3,18.7,1,36.2,88.4,2177,3.6,-31.4,5.5,1.3,21.4,89,1536,-14.1,-29.5,15.2,1.2,,,,,,,,,,,,,,,,,,,,,,,,,,,,,,,,,,,,,,,,,,,,,,,,,,,,,,,,,,,,,,,
"Long, Sam",669674,2022,26,28,42.1,181,18.2,7.7,0.253,0.422,0.329,0.32,6,3.8,37.6,25.4,46.4,39.8,33.1,20.3,6.8,L,739,42.6,94.7,2204,7.5,-12.4,19.8,1.2,,,,,,,,29.2,84.3,1946,11,-23.8,18.5,1.8,26.8,77,2520,-2.1,-62,15.9,1.6,1.4,93.2,2200,12.5,-12.2,23.4,1.4,,,,,,,,,,,,,,,,,,,,,,,,,,,,,,,,,,,,,,,,,,,,,,,,,
"McHugh, Collin",543521,2022,35,58,69.1,272,27.6,5.1,0.223,0.341,0.247,0.273,5.6,2.8,31.5,27.1,50,40.4,24.2,25.3,10.1,R,1086,0.8,91,2333,-10.8,-17.7,19,1.4,,,,,,,,,,,,,,,3.4,72.5,2723,13,-65.1,18,2.6,,,,,,,,47.5,88.9,2511,0.8,-25.6,9,1.2,,,,,,,,,,,,,,,48.3,80.2,2784,16.4,-42.5,16.6,1.2,,,,,,,,,,,,,,,,,,,,,
"Quijada, José",650671,2022,26,42,40.2,169,30.8,12.4,0.168,0.324,0.275,0.265,6.4,2.1,38.3,32.3,51.1,33,36.2,14.9,16,L,691,84.9,94.5,2206,6,-15.2,16.7,1.5,4.2,81.3,2525,-11,-40.8,11.7,1.6,10.9,86.9,1649,16.3,-31.3,17.2,1.6,,,,,,,,,,,,,,,,,,,,,,,,,,,,,,,,,,,,,,,,,,,,,,,,,,,,,,,,,,,,,,,
"Morejon, Adrian",670970,2022,23,26,34,141,19.9,6.4,0.241,0.417,0.285,0.308,6.8,1.9,37.9,24,54.1,34,36.9,22.3,6.8,L,540,69.1,96.9,2498,6.8,-12.2,18.4,1.3,13.7,87.6,2655,-5.3,-37.2,5.9,1.6,4.3,84.3,859,8.3,-31.9,10.9,1.2,13,80.1,2536,-10.2,-51.2,13.5,1.6,,,,,,,,,,,,,,,,,,,,,,,,,,,,,,,,,,,,,,,,,,,,,,,,,,,,,,,,
"Greinke, Zack",425844,2022,38,26,137,585,12.5,4.6,0.284,0.441,0.321,0.336,7.9,1.5,39.6,17.3,46.2,41.5,23.2,28.2,7.1,R,2272,38.3,89.2,2286,-2.1,-18.4,16.3,1.4,7.4,81.8,2448,8.4,-34.7,11.4,1.5,16.5,86.5,1644,-12.8,-32.6,13.6,1.2,20.3,72,2433,12.5,-64.4,16.9,2,2.2,89.4,2193,-11.7,-24.2,15.4,1.2,15.3,85.8,2371,6.6,-30.8,9.4,1.5,,,,,,,,,,,,,,,,,,,,,,,,,,,,,,,,,,,,,,,,,,
"Greene, Hunter",668881,2022,22,24,125.2,531,30.9,9,0.219,0.393,0.318,0.31,6.5,3.2,40.1,31.9,48.8,30.7,36.2,25.2,7.8,R,2200,53.7,98.9,2368,-11.7,-12.1,20,1.8,41,88.1,2363,4.6,-32,6.2,1.9,5.3,90.1,1993,-11.3,-21.8,16.8,1.8,,,,,,,,,,,,,,,,,,,,,,,,,,,,,,,,,,,,,,,,,,,,,,,,,,,,,,,,,,,,,,,
"Scherzer, Max",453286,2022,37,23,145.1,565,30.6,4.2,0.202,0.339,0.254,0.265,3.9,5,33.9,30.6,52.2,33.1,30.8,22.7,13.4,R,2167,45.4,94,2387,-11.1,-15,19.7,1.3,23.4,85,2303,3.2,-34.7,5.2,1.3,12.6,84.1,1399,-14.9,-34.9,15.6,1.2,9.2,75,2764,16.6,-58.4,19.1,1.5,,,,,,,,9.4,89.2,2391,0.3,-25.9,8.7,1.2,,,,,,,,,,,,,,,,,,,,,,,,,,,,,,,,,,,,,,,,,,
"Rodríguez, Joely",570257,2022,30,55,50.1,216,26.4,12,0.227,0.327,0.288,0.296,3,6.1,31.8,29.2,43.1,54.5,17.4,24.2,3.8,L,842,5.8,92.7,2031,11.5,-19.8,16.9,1.4,5.8,83.8,2266,-5.3,-40.1,6,1.7,38.8,87.8,1069,11.3,-35.1,11.7,1.1,,,,,,,,49.5,92.7,1956,17.3,-25.6,18.6,1.1,,,,,,,,,,,,,,,,,,,,,,,,,,,,,,,,,,,,,,,,,,,,,,,,,
"Schreiber, John",670167,2022,28,64,65,257,28.8,7.4,0.185,0.282,0.258,0.25,8.8,6.9,39.4,32.6,46.3,58.1,20.6,16.9,4.4,R,1020,29.4,94.4,2237,-10.3,-21.5,13.9,1.3,,,,,,,,7.5,88.5,1649,-15.6,-37.6,16,1.2,,,,,,,,25.4,93.4,2184,-15.5,-34.3,15.9,1.2,,,,,,,,,,,,,,,,,,,,,,37.7,82.1,2614,13,-36.6,13.8,1.1,,,,,,,,,,,,,,,,,,,,,
"Webb, Logan",657277,2022,25,32,192.1,787,20.7,6.2,0.247,0.363,0.283,0.295,4.6,4.9,39,24,47.3,57.8,15.2,22.9,4.1,R,3006,3.2,92.4,2069,-9.3,-22.4,13.5,1.3,,,,,,,,31.1,86.4,1492,-7.1,-42,9.3,1.3,,,,,,,,32.9,91.8,1881,-14.8,-34.8,15.2,1.2,,,,,,,,,,,,,,,,,,,,,,32.7,82.5,2628,10.2,-39.4,10.4,1.2,,,,,,,,,,,,,,,,,,,,,
"Nance, Tommy",667297,2022,31,35,43.2,196,29.1,10.7,0.238,0.356,0.339,0.308,7,4.4,36,29.7,43.5,47.4,22.8,23.7,6.1,R,751,13.3,93.8,2341,-9.1,-15.4,18.3,1.3,18.4,86.9,2652,2.7,-39.3,4.6,1.2,,,,,,,,39.3,85.3,2886,11.5,-49.4,16.5,1.3,29,94.2,2326,-15.9,-23.7,17.6,1.2,,,,,,,,,,,,,,,,,,,,,,,,,,,,,,,,,,,,,,,,,,,,,,,,,
"García, Luis",472610,2022,35,64,61,258,26.4,6.6,0.218,0.298,0.277,0.263,3.6,3.6,38.5,29.9,47.8,54.4,16.6,20.1,8.9,R,966,2.1,97.6,2246,-5.1,-19.2,11.2,1.5,3.7,84.6,2372,5,-40.4,5.7,1.6,,,,,,,,,,,,,,,52.9,98.7,2142,-14.9,-18.3,18,1.4,,,,,,,,12.9,88.8,1098,-9,-31,10,1.8,,,,,,,,28.4,82.4,2497,13,-38,13.5,1.8,,,,,,,,,,,,,,,,,,,,,
"Rainey, Tanner",663432,2022,29,29,30,128,28.1,10.2,0.222,0.4,0.304,0.309,7.6,2.5,43,33.8,52.2,31.6,40.5,17.7,10.1,R,521,70.4,97,2429,-8.7,-11,20.4,1.5,29,88.4,2383,3.6,-33.5,4.8,1.7,0.6,89.1,1119,-10.1,-23.1,15.2,1.5,,,,,,,,,,,,,,,,,,,,,,,,,,,,,,,,,,,,,,,,,,,,,,,,,,,,,,,,,,,,,,,
"Musgrove, Joe",605397,2022,29,30,181,740,24.9,5.7,0.224,0.35,0.292,0.282,6.6,6.8,32.5,25.5,46.5,45.9,22.8,22.8,8.4,R,2833,24,92.9,2559,-4.2,-18.3,14.2,1.2,24.6,82.9,2714,12.7,-41.9,13.2,1.2,6.3,86.5,1972,-11.4,-32.8,12.3,1.3,18.9,81.3,2723,9.6,-55.5,16.9,1.2,6.8,92.4,2436,-12.4,-22.9,15.7,1.2,19.5,90.1,2581,1.5,-24.5,9.4,1.3,,,,,,,,,,,,,,,,,,,,,,,,,,,,,,,,,,,,,,,,,,
"Richards, Garrett",572070,2022,34,32,42.2,185,19.5,7,0.258,0.416,0.318,0.324,6.8,1.5,39.1,26,50.6,51.9,22.6,22.6,3,R,708,24.9,94.4,2310,0.5,-21.9,9,1,37.7,88.6,2605,2.3,-35.9,3.2,1.1,34.7,90,1690,-15.2,-30.1,15.9,1.4,2.3,76.7,2859,10.9,-67.2,22.2,1.3,0.4,95.7,2376,-6.4,-20.7,11.2,1.5,,,,,,,,,,,,,,,,,,,,,,,,,,,,,,,,,,,,,,,,,,,,,,,,,
"Thompson, Zack",668868,2022,24,22,34.2,136,19.9,10.3,0.233,0.352,0.235,0.3,3.2,4.2,37.9,17.6,46.4,54.7,22.1,20,3.2,L,575,54.3,94.8,2002,7.9,-14.5,17.9,1.6,6.1,88.1,2107,-0.8,-29.5,6.1,1.6,8.3,87.7,1464,12.3,-26.1,15.6,1.4,31.3,75,2811,-7.8,-67.4,19.8,1.8,,,,,,,,,,,,,,,,,,,,,,,,,,,,,,,,,,,,,,,,,,,,,,,,,,,,,,,,
"Martin, Davis",663436,2022,25,14,63.1,269,17.8,7.1,0.268,0.431,0.325,0.334,8.6,3,38.1,24.2,51.5,38.4,23.7,27.8,10.1,R,1042,46.3,94,2356,-6.3,-14.6,17.6,1.7,32.3,84.3,2697,7.1,-38.2,7.6,1.6,10.8,85.9,2192,-14.9,-28,17.6,1.8,10.6,79.7,2627,8.1,-54.6,14.1,1.8,,,,,,,,,,,,,,,,,,,,,,,,,,,,,,,,,,,,,,,,,,,,,,,,,,,,,,,,
"Pérez, Martín",527048,2022,31,32,196.1,821,20.6,8.4,0.241,0.347,0.289,0.295,5.2,4.7,34.9,21,44.5,51.9,21.4,22.6,4.2,L,2979,8,92.7,2055,10.9,-17.4,18.3,1.4,1.4,84.5,2398,-3.5,-32.7,7.3,1.4,27.6,84.4,1661,14.2,-29.6,16.9,1.3,3.5,78.8,2515,-6.3,-49,8.3,1.4,35.2,92.6,1997,16.4,-21.8,19.4,1.4,24.3,89.9,2214,1.1,-21.6,12.5,1.4,,,,,,,,,,,,,,,,,,,,,,,,,,,,,,,,,,,,,,,,,,
"Shaw, Bryan",543766,2022,34,60,58.1,261,19.9,10,0.258,0.419,0.332,0.335,3.9,1.7,44.1,21.7,47.5,49.2,22.3,21.8,6.7,R,969,,,,,,,,6,84.3,2596,9.9,-39,10.6,1.8,2.9,81.8,1652,-8.7,-33.8,11.3,1.6,8.5,82.7,2230,6.8,-52.8,14.5,1.5,5.8,92.9,2159,-9,-23,13,1.5,76.2,92.9,2411,4.6,-23,10.1,2.4,0.7,88.6,931,-7,-31.3,9.4,1.4,,,,,,,,,,,,,,,,,,,,,,,,,,,,,,,,,,,
"Pineda, Michael",501381,2022,33,11,46.2,200,13,4,0.299,0.538,0.385,0.369,10.2,2.4,44,17.5,50.1,39.2,28.3,25.3,7.2,R,731,59.2,89.9,1934,-5.5,-19.8,15.2,1.2,21.5,80.7,1933,0.6,-41.2,2.8,1.6,19.3,85.3,1713,-15,-29.1,17.3,1.1,,,,,,,,,,,,,,,,,,,,,,,,,,,,,,,,,,,,,,,,,,,,,,,,,,,,,,,,,,,,,,,
"Ryu, Hyun Jin",547943,2022,35,6,27,113,14.2,3.5,0.289,0.502,0.367,0.349,9.7,2.2,44.1,16.9,46.3,46.2,26.9,22.6,4.3,L,395,41.8,89.3,1959,12.6,-21.3,18.4,1.5,,,,,,,,23.8,79.6,1510,14.1,-36.5,16,1.7,21,71.9,2530,-12.8,-67.8,19,1.5,,,,,,,,13.4,86,1959,2.1,-26.7,10.7,1.2,,,,,,,,,,,,,,,,,,,,,,,,,,,,,,,,,,,,,,,,,,
"Bundy, Dylan",605164,2022,29,29,140,595,15.8,4.7,0.263,0.44,0.329,0.321,7.7,4.3,38.3,21.1,52.2,34.5,32.6,24,8.9,R,2180,39.7,89,2352,-4.5,-15.3,20,1.4,24,79.1,2404,5.3,-44.4,6.2,1.3,18.7,81.1,1361,-12.2,-35.3,13.9,1.4,10.6,72.2,2148,8.2,-63.4,13.8,1.5,7,89.7,2194,-12.1,-17,21.1,1.5,,,,,,,,,,,,,,,,,,,,,,,,,,,,,,,,,,,,,,,,,,,,,,,,,
"Kopech, Michael",656629,2022,26,25,119.1,494,21.3,11.5,0.215,0.375,0.286,0.308,6.4,3.6,41.6,24.2,44.8,35.9,35.3,18.8,10,R,2010,61.7,94.9,2529,-9.9,-11.9,21.2,1.8,25,84.4,2392,4.8,-39.9,5.9,2.2,1.2,85.2,1630,-13.1,-27.4,17,1.8,12,79,2391,7.3,-50.7,10.3,2.3,,,,,,,,,,,,,,,,,,,,,,,,,,,,,,,,,,,,,,,,,,,,,,,,,,,,,,,,
"Kowar, Jackson",663804,2022,25,7,15.2,82,20.7,13.4,0.298,0.473,0.482,0.38,5.6,5.6,48.1,26.1,45.7,50,20.4,24.1,5.6,R,311,46.6,95.8,2259,-12.3,-14.1,20.2,1.4,10.6,82.9,2306,3.3,-45.6,7.6,1.5,42.8,85.7,2512,-16.1,-35.5,16.3,1.1,,,,,,,,,,,,,,,,,,,,,,,,,,,,,,,,,,,,,,,,,,,,,,,,,,,,,,,,,,,,,,,
"Mills, Wyatt",670090,2022,27,27,29.1,128,20.3,10.2,0.252,0.374,0.309,0.324,6,7.1,31,28,47.5,44,32.1,20.2,3.6,R,503,38.6,91.9,2014,-14,-24.7,16.2,1.7,37.8,80.8,2353,7,-35.8,9.8,1.6,,,,,,,,,,,,,,,23.7,91.2,1845,-14.9,-32,15.1,1.4,,,,,,,,,,,,,,,,,,,,,,,,,,,,,,,,,,,,,,,,,,,,,,,,,
"Hoffman, Jeff",656546,2022,29,35,44.2,197,22.8,11.7,0.221,0.382,0.325,0.317,7.1,4.8,38.9,25.6,44.7,28.6,39.7,22.2,9.5,R,848,50.4,94.3,2457,-10.6,-13.8,20.3,1,23.7,81.2,2691,10.9,-46.3,12.2,1.2,0.4,87.6,2269,-17.8,-25.9,20.7,1.4,,,,,,,,,,,,,,,,,,,,,,25.6,88,1571,-14.2,-27.3,16.7,1.7,,,,,,,,,,,,,,,,,,,,,,,,,,,,,,,,,,,
"Ryan, Joe",657746,2022,26,27,147,604,25,7.8,0.215,0.373,0.294,0.294,8.1,5.8,35.4,25.6,51,29.3,32.8,22.7,15.2,R,2391,60.1,92,2194,-10.7,-17.5,18.4,1.5,17.1,82.3,2136,3.2,-37.4,5.1,2.1,10.4,84.8,2074,-17.4,-29.2,19.7,2,7,74.9,2371,10.7,-56.3,13.3,2.2,,,,,,,,,,,,,,,1.9,83.7,2152,-16.3,-29.7,19.1,1.5,,,,,,,,3.5,80.1,2265,8.7,-40.5,9.8,1.7,,,,,,,,,,,,,,,,,,,,,
"Abbott, Cory",676265,2022,26,16,48,216,20.8,11.6,0.2,0.419,0.363,0.325,8.5,2.8,43.3,26.2,48.4,29.1,43.3,16.3,11.3,R,845,50.9,91.3,2253,-11.5,-15.8,20.8,1.3,26.9,86.6,2133,-10.2,-30.6,12.1,1.4,,,,,,,,22.2,84.4,2291,0.9,-43.9,6.5,1.4,,,,,,,,,,,,,,,,,,,,,,,,,,,,,,,,,,,,,,,,,,,,,,,,,,,,,,,,
"Holmes, Clay",605280,2022,29,62,63.2,260,25,7.7,0.186,0.247,0.251,0.244,5.5,2.4,43.8,29.6,46.5,77,6.1,15.2,1.8,R,976,0.1,98,2266,-8.6,-17,14.3,,6.6,88.3,2525,2.7,-38.6,4.9,1.9,,,,,,,,,,,,,,,80.1,97,2208,-16.9,-23.9,17.8,1.6,,,,,,,,,,,,,,,,,,,,,,13.2,84.9,2578,15.2,-39.5,15.5,1.4,,,,,,,,,,,,,,,,,,,,,
"Swarmer, Matt",664161,2022,28,11,34,153,23.5,13.1,0.245,0.498,0.391,0.361,6.2,4.1,48.5,31.3,44.7,38.1,36.1,22.7,3.1,R,657,39.1,90.5,1989,-4.1,-18.1,15.9,1.1,59.1,82.1,2194,7.3,-37.5,8.5,1.2,1.8,85.7,1468,-4.1,-26.3,11.7,1.4,,,,,,,,,,,,,,,,,,,,,,,,,,,,,,,,,,,,,,,,,,,,,,,,,,,,,,,,,,,,,,,
"Wisler, Matt",605538,2022,29,39,44,176,19.9,8,0.199,0.385,0.268,0.282,7.1,2.4,30.7,24.6,47.8,26.8,40.2,16.5,16.5,R,749,8.5,89.7,1953,-10.1,-17.1,20.1,1.2,91.3,79.8,2479,8.1,-43.7,8.6,1.1,0.1,80.1,1105,12.8,-46.5,13.2,,,,,,,,,,,,,,,,,,,,,,,,,,,,,,,,,,,,,,,,,,,,,,,,,,,,,,,,,,,,,,,,
"Ragans, Cole",666142,2022,24,9,40,174,15.5,9.2,0.276,0.418,0.346,0.336,5.3,3.1,32.8,22.5,50.4,37.4,19.8,29,13.7,L,706,44.1,92.1,2401,10.7,-13.9,21.5,1.2,,,,,,,,33.3,82.2,2210,16.1,-26.6,21.6,1.6,6.2,76.3,2220,-11.2,-62.3,18.4,1.4,,,,,,,,16.4,88.5,2419,0.9,-27.5,7.7,1.6,,,,,,,,,,,,,,,,,,,,,,,,,,,,,,,,,,,,,,,,,,
"Heasley, Jonathan",669169,2022,25,21,104,465,15.1,10.1,0.268,0.456,0.355,0.353,7.9,4.1,45.3,19.3,46,37.1,28.9,26,7.9,R,1796,46.2,93.4,2322,-8.2,-12.5,20.8,1.7,12.5,85.6,2277,3.3,-34.1,5.4,2.2,21.3,84.9,1871,-12.9,-27.7,16.8,1.6,17,78.5,2615,6.1,-60.3,16.8,2.1,3,92.9,2332,-12,-13.6,22,1.7,,,,,,,,,,,,,,,,,,,,,,,,,,,,,,,,,,,,,,,,,,,,,,,,,
"Quintana, Jose",500779,2022,33,32,165.2,679,20.2,6.9,0.257,0.377,0.286,0.305,5.7,6.5,35.8,23.8,47.9,47,20.8,26.7,5.5,L,2724,36,91.2,2077,2.4,-17.7,15.5,1.1,,,,,,,,19.5,86.4,1319,11.7,-30.8,13.6,1.2,22,78.3,2263,-7.1,-52.7,11,1,16.4,91.4,2070,12.6,-19.7,18.2,1,,,,,,,,,,,,,,,,,,,,,,,,,,,,,6.2,78.6,2255,-10.7,-46.1,11.1,1,,,,,,,,,,,,,,
"Sawamura, Hirokazu",617228,2022,34,49,50.2,221,18.1,12.2,0.252,0.392,0.294,0.321,5.8,5.8,44.8,25.2,48.3,50.6,18.2,24,7.1,R,838,48.8,95.9,2112,-8.8,-14,18.2,1.2,13.7,85.8,2298,7,-32.3,9.5,1.7,,,,,,,,,,,,,,,,,,,,,,,,,,,,,37.5,92,1418,-8.6,-29,9.5,1.6,,,,,,,,,,,,,,,,,,,,,,,,,,,,,,,,,,,
"Gibson, Kyle",502043,2022,34,31,167.2,718,20.1,6.7,0.262,0.42,0.331,0.326,6,4.3,37.5,25.1,48.5,46.8,23.2,25.3,4.6,R,2739,11.9,92,2279,-6.2,-16.4,17.2,1.2,17.6,83.4,2519,4.6,-40.7,5.3,1.2,10.8,84.7,1622,-14.8,-34.6,15.3,1.3,6.7,79.1,2467,7.3,-52.5,11.5,1.4,28.1,91.7,2133,-14.5,-25.4,16.3,1.4,21.5,89.4,2360,0.8,-24.8,9.8,1.5,,,,,,,,,,,,,,,3.3,82.9,2458,7.8,-37.2,9.1,1.4,,,,,,,,,,,,,,,,,,,,,
"Springs, Jeffrey",605488,2022,29,33,135.1,549,26.2,5.6,0.231,0.364,0.272,0.282,7.8,5.1,37.7,29.5,50.3,41.2,26.1,23.7,8.9,L,2149,40.4,91.4,2254,11.4,-15.3,21.2,1.1,24.8,85.4,2188,-4.5,-32.4,7.5,1.8,34.7,81.1,1415,13.7,-34.1,15.8,1.3,,,,,,,,0.1,90.1,2316,18.5,-20,23.6,1.5,,,,,,,,,,,,,,,,,,,,,,,,,,,,,,,,,,,,,,,,,,,,,,,,,
"Wesneski, Hayden",669713,2022,24,6,33,132,25,5.3,0.181,0.263,0.258,0.23,2.2,9,27,25.7,51.1,47.2,29.2,13.5,10.1,R,495,25.7,93.1,2148,-6.4,-18.6,14.7,1.4,,,,,,,,7.7,87.2,1545,-15.4,-32,16.1,1.7,,,,,,,,22.4,91.9,2043,-16.8,-25.8,18.3,1.5,12.3,88.7,2398,4,-29,7.2,1.6,,,,,,,,,,,,,,,31.9,81.2,2566,18.1,-40.3,18.4,1.5,,,,,,,,,,,,,,,,,,,,,
"Nelson, Kyle",669459,2022,25,43,37,151,19.9,9.3,0.235,0.373,0.266,0.311,5.8,5.8,38.5,25.9,48.2,41.3,30.8,23.1,4.8,L,593,35.9,91.9,2148,3.9,-17.4,15.7,1.2,63.4,84.3,2573,-6.2,-38.2,6.7,1.4,,,,,,,,0.2,77,2415,-12.9,-50.1,13.2,,,,,,,,,0.3,90.8,1991,0.3,-21.2,12,1.4,,,,,,,,,,,,,,,0.2,84.8,2538,-12.4,-35.4,13,,,,,,,,,,,,,,,,,,,,,,
"Blackburn, Paul",621112,2022,28,21,111.1,467,19.1,6.4,0.259,0.401,0.326,0.314,3.8,4.1,40.5,23.6,44.5,47.5,23.6,23,5.8,R,1762,11.4,91.5,2132,-5.5,-16.3,17.3,1.2,6.1,79,2579,14.1,-54.5,18,1.1,12.7,86,1810,-13.1,-29.6,15.2,1.3,16.2,78.8,2603,8.3,-61.1,18.6,1.4,34.2,91.7,2002,-12.8,-22.5,16.3,1.2,19.5,87.1,2484,6.1,-30.9,8.2,1.4,,,,,,,,,,,,,,,,,,,,,,,,,,,,,,,,,,,,,,,,,,
"May, Trevor",543507,2022,32,26,25,111,27,8.1,0.226,0.386,0.331,0.297,9.7,2.8,44.4,30.4,44.5,29.2,30.6,29.2,11.1,R,465,52.5,96.1,2295,-8,-12.6,19,1,26.5,84.8,2425,5.2,-40,6.2,2.1,16.1,87.3,1696,-13.4,-24.4,18,1.4,,,,,,,,,,,,,,,,,,,,,,4.9,87.2,1113,-7.5,-32.1,9.3,1.6,,,,,,,,,,,,,,,,,,,,,,,,,,,,,,,,,,,
"Hutchison, Drew",571800,2022,31,28,105.1,464,14.7,9.1,0.276,0.46,0.338,0.354,6.3,3.4,40.9,20,47.7,40.3,26.7,25.3,7.7,R,1759,41.2,92.4,2257,-3.7,-15.1,17.4,1.3,37.1,86,2582,4.5,-37.2,5.2,1.5,10.2,86.5,1738,-13.3,-26.9,16.6,1.6,,,,,,,,11.5,92.7,2302,-11.2,-17.3,18.5,1.2,,,,,,,,,,,,,,,,,,,,,,,,,,,,,,,,,,,,,,,,,,,,,,,,,
"González, Chi Chi",592346,2022,30,7,23,99,15.2,7.1,0.286,0.497,0.385,0.362,5.2,7.8,40.3,14.4,44.4,40.3,32.5,22.1,5.2,R,376,30.9,92.6,2283,-4.1,-20.1,12.7,1.4,27.7,84.4,2553,8.8,-33.8,10.9,1.5,15.2,85.5,1908,-15.2,-31,16.7,1.6,6.4,80.6,2478,10.1,-35.6,12.7,1.4,19.9,92.1,2173,-11.9,-24.5,14.3,1.2,,,,,,,,,,,,,,,,,,,,,,,,,,,,,,,,,,,,,,,,,,,,,,,,,
"Smith, Joe",501925,2022,38,34,27.1,122,13.9,7.4,0.273,0.485,0.38,0.35,3.2,3.2,42.1,17.4,49.8,56.8,20,18.9,4.2,R,450,30.9,86,2053,-17.3,-32.2,18.1,1.1,27.3,76.9,2223,13.7,-37.3,16.7,1.1,,,,,,,,,,,,,,,41.8,83.6,1895,-14.3,-48.3,17,1.1,,,,,,,,,,,,,,,,,,,,,,,,,,,,,,,,,,,,,,,,,,,,,,,,,
"Strzelecki, Peter",657265,2022,27,30,35,148,27,10.1,0.219,0.354,0.277,0.287,8.7,7.6,38,31.1,46.3,33.7,32.6,29.3,4.3,R,605,53.2,93.5,2416,-11.5,-17.6,18.1,1.2,33.2,82.9,2974,15.6,-37.1,16.2,1.5,13.6,83.3,1746,-16.4,-40.5,16.6,1.5,,,,,,,,,,,,,,,,,,,,,,,,,,,,,,,,,,,,,,,,,,,,,,,,,,,,,,,,,,,,,,,
"Hudson, Daniel",543339,2022,35,25,24.1,97,30.9,5.2,0.215,0.3,0.232,0.259,5,8.3,36.7,33.8,51.7,55,18.3,21.7,5,R,406,52.2,97,2408,-11.1,-13.7,19.2,1,41.9,88.8,2469,1.5,-28.8,6.5,1.4,3.4,88.4,2379,-17.1,-25.4,19.9,1.4,,,,,,,,2.5,96.3,2380,-16.7,-16.2,21.5,1.4,,,,,,,,,,,,,,,,,,,,,,,,,,,,,,,,,,,,,,,,,,,,,,,,,
"Feyereisen, J.P.",656420,2022,29,22,24.1,86,29.1,5.8,0.181,0.326,0.112,0.244,7.1,1.8,39.3,33.5,51.2,33.9,41.1,10.7,14.3,R,344,44.5,92.2,2345,-3.9,-12.2,20.7,1,29.1,84,2715,8.2,-37.5,8.8,1.3,26.5,87.1,1456,-14.5,-32.9,15.2,1.1,,,,,,,,,,,,,,,,,,,,,,,,,,,,,,,,,,,,,,,,,,,,,,,,,,,,,,,,,,,,,,,
"Diekman, Jake",518617,2022,35,70,57.2,269,29.4,15.6,0.209,0.348,0.353,0.319,5,4.3,39.3,32.7,42.7,40.7,20.7,28.6,10,L,1172,44.1,95.6,2284,15.9,-17.6,20.3,1.2,,,,,,,,1.2,86.4,1545,14.7,-32.5,15.3,1.4,,,,,,,,19.6,95.3,2180,17.8,-22.4,19.5,1.2,,,,,,,,,,,,,,,,,,,,,,35.1,81.4,2850,-16,-40.3,16.3,1.6,,,,,,,,,,,,,,,,,,,,,
"Díaz, Edwin",621242,2022,28,61,62,235,50.2,7.7,0.149,0.205,0.205,0.202,6.2,5.2,38.1,49.9,51.8,47.4,24.7,22.7,5.2,R,928,41.9,99.1,2352,-13.5,-14.5,19.2,1.5,58.1,90.8,2274,1.5,-28.8,4.8,1.5,,,,,,,,,,,,,,,,,,,,,,,,,,,,,,,,,,,,,,,,,,,,,,,,,,,,,,,,,,,,,,,,,,,,,,
"Gallegos, Giovanny",606149,2022,30,57,59,235,31.1,7.7,0.194,0.353,0.259,0.267,9,2.8,35.4,34.8,52.3,28.5,37.5,23.6,10.4,R,988,47.9,94.3,2386,-7.5,-12.3,20.3,1.1,47.2,85.5,2475,0.3,-36.5,2.4,1.1,5,87.1,1910,-9.7,-19.7,19.6,1.3,,,,,,,,,,,,,,,,,,,,,,,,,,,,,,,,,,,,,,,,,,,,,,,,,,,,,,,,,,,,,,,
"Liberatore, Matthew",669461,2022,22,9,34.2,161,17.4,11.2,0.268,0.46,0.391,0.357,9.6,4.4,48.2,21.6,44.2,39.5,26.3,24.6,9.6,L,650,34.5,93.7,2116,6.9,-14.7,17.9,1.8,10.9,86,2573,-4,-34.9,5.2,2,11.2,85.9,1527,12.8,-28.2,15.8,1.8,23.2,74.3,2737,-11.6,-67.2,20.5,1.8,20.2,92.8,2038,13.1,-18.8,18.5,1.5,,,,,,,,,,,,,,,,,,,,,,,,,,,,,,,,,,,,,,,,,,,,,,,,,
"Winckowski, Josh",670174,2022,24,15,70.1,316,13.9,8.5,0.272,0.433,0.366,0.338,6.2,6.2,46.1,17.4,44.6,52.7,18.9,22.6,5.8,R,1194,12.9,93.7,2201,-2.8,-16.2,15.4,1.4,28,84.8,2336,5.5,-41.1,6.8,1.6,12.6,90.6,1687,-15.4,-29.6,16.3,2,,,,,,,,35.6,94.1,2033,-14.6,-21.8,17.4,1.3,11,88.5,2140,4.1,-29.9,7.2,1.5,,,,,,,,,,,,,,,,,,,,,,,,,,,,,,,,,,,,,,,,,,
"Kolarek, Adam",592473,2022,33,15,17.2,79,11.4,10.1,0.255,0.381,0.359,0.334,5.1,6.8,39,10.9,42.9,69.5,11.9,15.3,3.4,L,319,5.3,89.3,2165,15.6,-26,18,1.4,16.3,77.2,2050,-8.2,-44.3,8.7,1.8,8.5,81.3,2104,17.8,-45.2,18.2,1.6,,,,,,,,69.9,87.5,2163,17.7,-38.1,18,2.5,,,,,,,,,,,,,,,,,,,,,,,,,,,,,,,,,,,,,,,,,,,,,,,,,
"Lee, Dylan",669276,2022,27,46,50.2,201,29.4,5,0.207,0.329,0.249,0.251,5.3,6.1,37.9,35.5,56.8,37.1,31.1,22.7,9.1,L,754,45.5,92.1,2260,7,-12.7,20.9,1.5,47.7,83.8,2080,-3.2,-34.4,5.9,1.6,6.8,86.3,1525,11,-26.4,15.2,1.3,,,,,,,,,,,,,,,,,,,,,,,,,,,,,,,,,,,,,,,,,,,,,,,,,,,,,,,,,,,,,,,
"Boxberger, Brad",502202,2022,34,70,64,268,25.4,10.1,0.211,0.349,0.288,0.289,4.1,7,33.9,24.4,42.9,36.8,32.2,21.6,9.4,R,1090,55,92.7,2385,-6,-14.5,18.5,1.3,22.5,87.3,2461,7,-29.2,10,1.5,22.6,81.2,1332,-11.2,-35.9,12.7,1.4,,,,,,,,,,,,,,,,,,,,,,,,,,,,,,,,,,,,,,,,,,,,,,,,,,,,,,,,,,,,,,,
"Wright, Kyle",657140,2022,26,30,180.1,738,23.6,7.2,0.244,0.383,0.288,0.306,5.8,4.2,41.1,26.3,48.8,55.5,18.4,22.2,4,R,2697,19.3,95.1,2384,-11.4,-17.7,17,1.3,7.2,90.1,2395,-1,-25.5,8.2,1.6,15.5,88.1,1699,-15.9,-35,16.1,1.4,34.1,84.7,2723,9,-46.6,12.7,1.5,23.9,94.4,2260,-16.6,-25.9,17.5,1.5,,,,,,,,,,,,,,,,,,,,,,,,,,,,,,,,,,,,,,,,,,,,,,,,,
"Gustave, Jandel",594311,2022,29,27,28,120,22.5,9.2,0.228,0.38,0.302,0.31,6.3,3.8,43.8,17.2,46.1,47.5,22.5,21.3,8.8,R,466,6.7,96.1,2489,-9.9,-15.9,17.1,1.2,36.5,86.2,2379,7.7,-36.9,8,1.4,,,,,,,,,,,,,,,56.9,95.9,2379,-16.1,-22.9,17.7,1.1,,,,,,,,,,,,,,,,,,,,,,,,,,,,,,,,,,,,,,,,,,,,,,,,,
"Corbin, Patrick",571578,2022,32,31,152.2,713,18,6.9,0.304,0.519,0.383,0.381,7.6,3.2,45,20.7,47.4,45.4,24,25.9,4.7,L,2623,16.9,92.1,2130,7.9,-17.5,16.9,1.5,29.4,81.7,2184,-2.9,-39.6,3.8,2.4,8.3,82.4,1629,12.7,-30.4,16.3,2.1,0,74.2,1944,-2.5,-51.4,2.9,,45.4,92.8,2068,14.2,-19.9,18.7,1.5,,,,,,,,,,,,,,,,,,,,,,,,,,,,,,,,,,,,,,,,,,,,,,,,,
"Snell, Blake",605483,2022,29,24,128,535,32,9.5,0.207,0.337,0.282,0.279,6.1,2.9,39.5,32.8,47.9,37.3,30.5,25.4,6.8,L,2341,55.5,95.8,2434,5.2,-11.2,19.6,1.2,24.3,88.9,2389,-4.1,-29.9,6.8,1.4,5,87.1,1899,13.7,-26.1,17.1,1.3,15.1,81.4,2297,-12.2,-51,15.6,1.7,,,,,,,,,,,,,,,,,,,,,,,,,,,,,,,,,,,,,,,,,,,,,,,,,,,,,,,,
"Chavez, Jesse",445926,2022,38,60,69.1,292,25.3,6.8,0.263,0.415,0.325,0.321,6.1,3.6,46.2,24.5,45.8,39.6,25.4,27.9,7.1,R,1201,0.6,90.5,2042,-11.9,-20.6,17.7,1.5,,,,,,,,12.9,85.5,1826,-15.8,-35.7,16,1.1,1.7,76.9,2512,15,-51,15.7,1.5,26.2,91.3,1974,-16.5,-25.6,18.1,1.1,58.6,89.1,2223,-1.9,-21.5,13.1,1.1,,,,,,,,,,,,,,,,,,,,,,,,,,,,,,,,,,,,,,,,,,
"Kelley, Trevor",665001,2022,29,18,23.2,107,21.5,8.4,0.217,0.429,0.373,0.317,4.1,8.2,23.3,23,43.5,35.6,30.1,23.3,11,R,460,,,,,,,,4.1,83.8,2437,0,-34,5.9,1.5,6.3,80.7,1916,-17.7,-44.5,17.8,1.6,25.4,78.6,2551,8.9,-45.8,9.3,1.4,64.1,89.9,2221,-17.5,-28.9,18.5,1.4,,,,,,,,,,,,,,,,,,,,,,,,,,,,,,,,,,,,,,,,,,,,,,,,,
"Crismatt, Nabil",622503,2022,27,50,67.1,280,23.2,7.9,0.234,0.35,0.285,0.291,7.3,4.7,36.1,26.6,47.5,50.3,18.8,26.7,4.2,R,1061,23.3,90.5,2154,-7.4,-19.3,16.1,1.6,0.5,84.7,2102,2.3,-32.9,6,1.5,50.1,82.7,1696,-13.1,-38.8,13.6,0.9,20.4,73.2,2227,13.4,-65.2,19,1.3,5.7,90,2105,-15.8,-25.5,18.2,1.6,,,,,,,,,,,,,,,,,,,,,,,,,,,,,,,,,,,,,,,,,,,,,,,,,
"Ruiz, José",614179,2022,27,63,60.2,265,25.7,12.5,0.229,0.403,0.323,0.321,6.1,5.5,47,29.2,44.8,42.7,28,22,7.3,R,1115,47.4,96.9,2354,-7.1,-12,18.7,1.1,,,,,,,,22.7,89.9,1795,-15.4,-25.8,17.5,1.3,29.4,86.3,2283,2,-42,6.1,1.3,0.4,96,2317,-13.8,-18.3,18.1,1.4,,,,,,,,,,,,,,,,,,,,,,,,,,,,,,,,,,,,,,,,,,,,,,,,,
"O'Day, Darren",503285,2022,39,28,21.2,94,27.7,10.6,0.192,0.291,0.317,0.257,7,3.5,33.3,28.1,51.7,38.6,31.6,17.5,12.3,R,385,43.6,86,2387,-11.1,-27.1,15,0.9,47.8,78.2,2315,7.6,-41.7,9,1,,,,,,,,,,,,,,,8.6,85.9,2176,-15.7,-40.3,16.1,1.2,,,,,,,,,,,,,,,,,,,,,,,,,,,,,,,,,,,,,,,,,,,,,,,,,
"Sborz, Josh",622250,2022,28,19,22.1,100,32,11,0.265,0.442,0.364,0.342,3.5,0,47.4,35.3,43.9,29.8,33.3,28.1,8.8,R,419,51.8,97,2337,-6.2,-10.5,19.8,1.1,24.6,87.7,2089,0,-35,1.8,1.3,,,,,,,,23.6,85.4,2270,12,-49.5,16.9,1.5,,,,,,,,,,,,,,,,,,,,,,,,,,,,,,,,,,,,,,,,,,,,,,,,,,,,,,,,
"Mayers, Mike",594577,2022,30,24,50.2,223,20.2,8.1,0.262,0.486,0.36,0.352,3.8,4.4,48.1,25.9,48.1,38.6,32.3,21.5,7.6,R,890,45.7,93.5,2295,-11,-15,19.9,1.3,34.8,84.4,2145,4.1,-38.6,4.6,1.3,7.5,86.7,1574,-15.7,-30.1,17,1.3,2.6,77.2,2404,9.6,-56.7,14.4,1.8,1,92.3,2104,-16.2,-23,18.6,1.4,8.3,88.3,2288,1.8,-27.5,8.1,1.3,,,,,,,,,,,,,,,,,,,,,,,,,,,,,,,,,,,,,,,,,,
"Kinley, Tyler",641755,2022,31,25,24,100,27,6,0.207,0.296,0.253,0.252,12.1,3,42.4,32.3,53.5,39.4,24.2,30.3,6.1,R,375,45.9,95.4,2245,-3.7,-14.8,15.7,1.2,52.3,89.5,2424,1.7,-29.5,5,1.6,0.5,88.8,1622,-11.2,-24.2,15.2,1.5,,,,,,,,1.3,92.9,2261,-7.8,-22.2,12,1.4,,,,,,,,,,,,,,,,,,,,,,,,,,,,,,,,,,,,,,,,,,,,,,,,,
"Pilkington, Konnor",663455,2022,24,15,58,258,19.4,12.4,0.244,0.405,0.315,0.336,5.7,6.3,44.8,27.8,47.4,39.7,28.2,25.9,6.3,L,1039,63.3,92.1,2220,9.4,-16,18.9,1.5,7.9,81.9,2234,-1.9,-41.1,3.6,1.6,21.5,84.4,1742,14.3,-30.1,16.7,1.8,7.2,77,2177,-6.3,-57.3,12.8,1.9,0.1,93.3,2222,16.1,-12.5,25.2,,,,,,,,,,,,,,,,,,,,,,,,,,,,,,,,,,,,,,,,,,,,,,,,,,
"Gomber, Austin",596295,2022,28,33,124.2,529,18,6.4,0.267,0.44,0.347,0.329,5.8,5.3,35.9,21.9,49,43,28.6,23.9,4.5,L,2059,40.6,91,2156,6.3,-15.6,18.5,1.6,24.6,84.3,2391,-5,-34.7,6.4,1.9,17.6,82,1644,9.8,-29.8,14.5,1.3,17.1,75.8,2497,-7,-61.6,15.7,1.8,0.1,91.5,2052,11.2,-18.6,17.9,1.4,,,,,,,,,,,,,,,,,,,,,,,,,,,,,,,,,,,,,,,,,,,,,,,,,
"Swanson, Erik",657024,2022,28,57,53.2,206,34,4.9,0.201,0.291,0.236,0.237,4.8,8.8,30.4,29.4,53.4,34.4,25.6,25.6,14.4,R,879,54.8,93.6,2291,-10,-12.5,21.4,1.3,19.8,84.9,2311,5.9,-31.5,10,1.9,,,,,,,,,,,,,,,,,,,,,,,,,,,,,25.4,83.5,1147,-12,-34.2,13.4,1.1,,,,,,,,,,,,,,,,,,,,,,,,,,,,,,,,,,,
"Gillaspie, Logan",670810,2022,25,17,17.1,74,13.5,4.1,0.296,0.457,0.327,0.358,15.3,5.1,44.1,18.5,47.3,37.3,22,39,1.7,R,262,48.1,95.2,2151,-8.9,-12.9,19.6,1.1,,,,,,,,21.8,86.3,1532,-15.5,-32.1,16.3,1.5,9.2,81.7,2222,5.4,-54.3,14.3,1.7,,,,,,,,,,,,,,,,,,,,,,,,,,,,,21,82.1,2334,12.3,-40.5,12.8,1.7,,,,,,,,,,,,,,,,,,,,,
"Moran, Jovani",663558,2022,25,31,40.2,164,32.9,11,0.168,0.25,0.229,0.236,4.3,5.4,28.3,38.9,46.7,50,19.6,20.7,9.8,L,672,51,93.4,2225,2.9,-13.4,18.3,1.3,2.1,81.5,2623,-7.9,-38.7,8.6,1.4,45.5,83.3,1809,13.7,-31.4,16.1,1.4,1.3,80.7,2565,-8,-50.1,11.4,1.5,,,,,,,,,,,,,,,,,,,,,,,,,,,,,,,,,,,,,,,,,,,,,,,,,,,,,,,,
"Koenig, Jared",657649,2022,28,10,39.1,177,12.4,8.5,0.271,0.425,0.333,0.347,5.2,4.4,43.7,15.1,44.6,49.6,21.5,22.2,6.7,L,653,10.7,89.4,2155,4.1,-21.1,13.9,1.7,15.5,82.9,2124,-4.2,-35.6,6.9,1.6,13.5,83,1621,13.2,-32.4,15.2,1.7,21.9,77.6,2211,-10,-54.1,13.2,1.5,38.4,89.2,2139,11.8,-23.1,16.6,1.7,,,,,,,,,,,,,,,,,,,,,,,,,,,,,,,,,,,,,,,,,,,,,,,,,
"Toussaint, Touki",657053,2022,26,8,25.1,108,24.1,17.6,0.203,0.273,0.296,0.311,1.7,8.5,37.3,29.7,40.6,55.9,16.9,18.6,8.5,R,431,7.2,93.1,2243,-8.3,-17.5,16.3,1.4,,,,,,,,,,,,,,,32.9,75.6,2410,13.4,-59.9,17.7,1.4,39.7,91.9,2206,-15.5,-25.7,17.3,1.4,,,,,,,,20.2,86.6,1568,-10.5,-33.6,11,1.6,,,,,,,,,,,,,,,,,,,,,,,,,,,,,,,,,,,
"Garcia, Luis",677651,2022,25,28,157.1,643,24.4,7.3,0.228,0.383,0.295,0.294,9.8,3.7,36.3,29.1,48.9,37.4,30.6,23.5,8.4,R,2468,42.1,94,2408,-7.5,-13.1,19.7,1.6,8.7,79.5,2525,15.2,-45.2,15.5,1.6,9.4,84.8,2032,-17,-28,19.9,1.3,10.2,77.1,2577,5.9,-57.1,12.5,1.8,0.2,90.6,2232,-16.9,-19.6,22,1.4,29.5,85.3,2354,5.1,-32.2,7.8,1.5,,,,,,,,,,,,,,,,,,,,,,,,,,,,,,,,,,,,,,,,,,
"Plesac, Zach",668676,2022,27,25,131.2,568,17.6,6.7,0.278,0.474,0.324,0.351,6.6,4,41.5,22,51.5,40.7,26.8,26.4,6.1,R,2150,43,91.9,2148,-7.4,-13.6,20.3,1.4,24.3,85.4,2125,1.4,-29.9,7.7,1.5,22.1,85.7,1626,-11.4,-24.9,17,1.3,10.4,79.3,2182,1.9,-52.8,9.8,1.5,0.2,89.4,2080,-13.6,-19,20.2,1.4,,,,,,,,,,,,,,,,,,,,,,,,,,,,,,,,,,,,,,,,,,,,,,,,,
"Bass, Anthony",542914,2022,34,73,70.1,275,26.5,7.3,0.219,0.336,0.252,0.271,5.5,1.6,33.5,31.9,48.6,40.7,26.4,24.7,8.2,R,986,9.9,95,2022,-6.4,-13.5,18.1,1.1,55.8,86.6,2219,4.7,-37.9,5.3,1.4,,,,,,,,,,,,,,,30.3,95.4,1990,-13.7,-16.2,19.7,1,,,,,,,,4,86.8,1294,-10.5,-26.5,14.9,1.3,,,,,,,,,,,,,,,,,,,,,,,,,,,,,,,,,,,
"Bubic, Kris",663460,2022,24,28,129,587,18.7,10.7,0.286,0.455,0.371,0.362,7.1,5.1,44.9,21.3,47,42.2,24.6,29,4.1,L,2262,50.5,91.9,2134,7.7,-15.9,18.3,1.6,,,,,,,,27.8,80.7,1690,14.3,-33.2,17,1.2,21.7,79.4,2609,-7.6,-56.4,15.1,1.7,,,,,,,,,,,,,,,,,,,,,,,,,,,,,,,,,,,,,,,,,,,,,,,,,,,,,,,,
"Estévez, Carlos",608032,2022,29,62,57,235,23,9.8,0.239,0.402,0.29,0.316,5.7,4.5,38.9,21.9,50.1,36.3,28.7,27.4,7.6,R,1021,70.6,97.5,2241,-10,-14.1,17.8,1.6,14.8,87.3,2281,5.1,-35.1,5.6,1.8,14.5,88.4,1660,-10.6,-28.4,13.1,1.4,0.1,83.9,2173,4.5,-39.1,4.6,,,,,,,,,,,,,,,,,,,,,,,,,,,,,,,,,,,,,,,,,,,,,,,,,,,,,,,,,
"Bednar, David",670280,2022,27,45,51.2,210,32.9,7.6,0.224,0.349,0.271,0.28,5.6,1.6,46,33.3,50,33.9,26.6,32.3,7.3,R,842,53.6,96.4,2298,-10.2,-12.4,20,1,,,,,,,,,,,,,,,29.5,77.1,2436,8.3,-56.7,13.6,1.3,0.1,95.2,2256,-16.7,-15.7,22.4,,,,,,,,,16.9,89.8,1562,-4.5,-28.8,7.3,1.3,,,,,,,,,,,,,,,,,,,,,,,,,,,,,,,,,,,
"Velasquez, Vince",592826,2022,30,27,75.1,319,21.6,7.8,0.243,0.456,0.314,0.332,8.1,2.2,44.4,25,48.5,36.3,35,20.2,8.1,R,1286,44.2,93.2,2416,-5.2,-13.1,19.3,1.3,22.6,84.7,2500,6.5,-33.9,8.6,1.7,8.9,88.2,1552,-12.2,-28.3,14.3,1.4,16.6,81.5,2361,4.4,-50.7,10.7,1.7,7.7,91.9,2260,-12.3,-18.4,18.9,1.4,,,,,,,,,,,,,,,,,,,,,,,,,,,,,,,,,,,,,,,,,,,,,,,,,
"Hernández, Jonathan",642546,2022,25,29,30.1,131,20.6,13,0.241,0.368,0.296,0.313,5.8,9.3,51.2,30.3,44.6,61.6,15.1,22.1,1.2,R,511,1.2,96.4,2163,-14.1,-24.6,14.9,1.4,36.2,87.3,2520,5.2,-35.2,5.8,1.6,20.5,90.1,2181,-19.4,-28.1,20.3,1.1,,,,,,,,42.1,98,2239,-18.8,-21.2,20.3,1.1,,,,,,,,,,,,,,,,,,,,,,,,,,,,,,,,,,,,,,,,,,,,,,,,,
"Herget, Jimmy",623474,2022,28,49,69,266,23.7,5.6,0.216,0.342,0.245,0.267,5.9,5.4,36.2,25.3,46.9,42.7,23.2,25.4,8.6,R,995,2.9,92.1,2236,-14.9,-23.4,17.5,1.5,34.1,83.2,2608,3.3,-35.2,6.2,1.9,7.4,84.3,1514,-8.4,-41.5,9.7,1.5,27,74.8,2732,16.9,-46.1,17.5,1.7,28.5,90.4,2251,-17.9,-33.6,18.3,1.6,,,,,,,,,,,,,,,,,,,,,,,,,,,,,,,,,,,,,,,,,,,,,,,,,
"Clase, Emmanuel",661403,2022,24,77,72.2,271,28.4,3.7,0.197,0.27,0.187,0.219,6,4.9,32.2,30.1,61.2,64.5,13.1,19.1,3.3,R,921,1.8,100,2556,-4.4,-14,14,1.3,38.1,91.9,2653,7.1,-32.4,7.9,1.5,,,,,,,,,,,,,,,,,,,,,,60,99.5,2653,3.2,-16.5,11.7,1.1,,,,,,,,,,,,,,,,,,,,,,,,,,,,,,,,,,,,,,,,,,
"Sanmartin, Reiver",665665,2022,26,45,57,256,18.4,11.3,0.229,0.377,0.367,0.306,5.6,6.7,35.6,25.5,45.6,55,21.7,19.4,3.9,L,1031,19.1,90.9,2218,13.7,-21.3,18.3,1.9,26.7,82,2433,-5.7,-39,6.5,2.2,32.1,85.2,1998,16.8,-38.8,17.1,1.9,,,,,,,,22.1,90.4,2220,17.5,-29.2,18.3,1.7,,,,,,,,,,,,,,,,,,,,,,,,,,,,,,,,,,,,,,,,,,,,,,,,,
"Megill, Tylor",656731,2022,26,15,47.1,200,25.5,6.5,0.253,0.438,0.313,0.321,3.7,5.9,34.8,27.6,49.6,42.2,28.1,23,6.7,R,791,57,95.7,2171,-7.2,-13.5,18.3,1.5,20.4,85.2,2295,4.2,-38.8,5.8,1.9,18.2,89.1,1546,-15.3,-27.4,17.1,1.8,2.5,80.1,2369,6.4,-53.2,12.4,1.5,,,,,,,,1.9,87.4,2220,1.7,-32.5,4.5,1.9,,,,,,,,,,,,,,,,,,,,,,,,,,,,,,,,,,,,,,,,,,
"Cabrera, Génesis",650893,2022,25,39,44.2,194,16.5,10.3,0.26,0.429,0.322,0.34,5.8,3.6,31.2,23.3,47.8,44.9,20.3,23.9,10.9,L,736,34.2,96.1,2232,7.5,-11.8,19.5,1.4,,,,,,,,17.5,90.2,1768,15,-23.2,18.4,1.4,29.6,79.3,2402,-9.1,-53.8,13.9,1.3,17.5,95.9,2204,14.6,-15.6,20.4,1.4,1.1,87.8,2121,-2.8,-30.2,6.5,1.5,,,,,,,,,,,,,,,,,,,,,,,,,,,,,,,,,,,,,,,,,,
"Houser, Adrian",605288,2022,29,22,102.2,454,15.2,10.1,0.272,0.422,0.317,0.341,8.6,6.5,41.5,17.1,43.1,47.5,19.3,26.1,7.1,R,1848,17.7,94.3,2214,-9.4,-15.5,18.2,1.4,13.4,85,2265,6.1,-36.5,7.1,1.8,9.4,85.4,1547,-14.9,-30.7,16.8,1.5,11.7,81.1,1984,6.7,-55.6,15.5,1.3,47.7,93.8,2077,-16.2,-22.6,18.4,1.3,,,,,,,,,,,,,,,,,,,,,,,,,,,,,,,,,,,,,,,,,,,,,,,,,
"Morton, Charlie",450203,2022,38,31,172,728,28.2,8.7,0.228,0.389,0.32,0.313,6.6,4.3,42.1,29.2,45.6,39.6,28.1,26.2,6.1,R,2903,33.7,94.9,2373,-10.6,-17.9,16.6,1.3,,,,,,,,8.5,87.2,2154,-17.6,-34.5,17.8,1.3,38,81.3,3068,15.5,-51.1,18.3,1.1,10.5,94.7,2190,-17,-25.6,17.8,1.3,9.3,88.4,2551,1.8,-29.7,5.9,1.5,,,,,,,,,,,,,,,,,,,,,,,,,,,,,,,,,,,,,,,,,,
"Poteet, Cody",547001,2022,27,12,28,114,18.4,9.6,0.266,0.426,0.313,0.334,4.9,0,41.5,29.6,50.4,52.4,28,19.5,0,R,448,26.6,94.9,2343,-6.6,-14,17.8,1.4,21.4,85.8,2810,6.8,-39.3,7.6,1.6,38.2,87.7,1984,-15.2,-32.1,15.8,1.6,2.7,78,2796,14.2,-53.1,16.3,1.5,10.9,94,2174,-15.3,-22.3,17.9,1.3,,,,,,,,,,,,,,,,,,,,,,0.2,83.7,2884,11.3,-47.7,14.1,,,,,,,,,,,,,,,,,,,,,,
"Cobb, Alex",502171,2022,34,28,149.2,631,23.9,6.8,0.234,0.328,0.296,0.277,5.1,4.4,41.1,24.8,45,61.9,14.5,21.2,2.3,R,2418,0.2,95.3,2214,-8.6,-14.3,17.9,1.4,0,85.1,2531,4,-45.1,8.5,,,,,,,,,15.3,83.8,2610,5.9,-52,14.4,1.1,41.9,94.8,2091,-15.8,-21.4,18.3,0.9,,,,,,,,42.5,89.6,1578,-13,-32.2,13.5,1.1,,,,,,,,,,,,,,,,,,,,,,,,,,,,,,,,,,,
"Kirby, George",669923,2022,24,25,130,542,24.5,4.1,0.233,0.379,0.302,0.284,5.8,3.1,38.7,21.2,52.6,46.3,25.7,21.2,6.8,R,2092,45.4,95.3,2179,-8.8,-15.1,17.4,1.3,8.9,85.5,2185,10.1,-38.1,11.1,1.3,8,86,1471,-15.3,-33.5,15.9,1.4,13.3,80.8,2179,9.9,-53.6,15.3,1.5,12.2,94.7,2236,-16.2,-20.6,19.1,1.3,12.2,88.3,2149,3.8,-30.2,6.6,1.4,,,,,,,,,,,,,,,,,,,,,,,,,,,,,,,,,,,,,,,,,,
"Sampson, Adrian",592716,2022,30,21,104.1,428,17.1,6.3,0.266,0.422,0.302,0.324,6.1,4,35.9,21.1,48.2,41.4,29.8,22.7,6.1,R,1694,33.2,92.5,2075,-10.2,-17.3,18.1,1,15.8,83.1,2616,10.4,-41.7,10.9,1.1,13.4,85.1,1816,-15.9,-31.6,17.2,1.3,,,,,,,,32.3,91.9,2003,-14.4,-21.3,18.3,1,5.3,84.9,2493,3.3,-37.6,5.5,1.3,,,,,,,,,,,,,,,,,,,,,,,,,,,,,,,,,,,,,,,,,,
"Puk, A.J.",640462,2022,27,62,66.1,281,27,8.2,0.222,0.358,0.296,0.299,3.5,8.8,35.1,29,47.6,45,22.2,22.8,9.9,L,1072,44.7,96.7,2288,12.4,-17.1,17.6,1.1,34.8,86.9,2233,-3.4,-35.2,4,1.3,1,87.8,2056,1.7,-33.9,5.2,1.4,,,,,,,,17.1,96.3,2178,17.2,-23.4,18.4,1.1,,,,,,,,,,,,,,,,,,,,,,2.4,86.8,2233,-3.3,-35.1,3.7,1.2,,,,,,,,,,,,,,,,,,,,,
"Howard, Spencer",675921,2022,25,10,37.2,179,17.9,8.4,0.275,0.5,0.416,0.358,5.3,3.1,42,17.6,47.7,40.5,32.1,22.9,4.6,R,692,50.3,94.4,2144,-7.6,-14.4,18.3,1.4,35.4,84.7,2162,5.2,-37.7,6.1,2.2,3.5,79.5,1471,-12.7,-33.7,16.6,1.5,10.8,75,1934,6.2,-66.3,18.2,1.6,,,,,,,,,,,,,,,,,,,,,,,,,,,,,,,,,,,,,,,,,,,,,,,,,,,,,,,,
"Pepiot, Ryan",686752,2022,24,9,36.1,160,26.3,16.9,0.193,0.361,0.327,0.321,5.7,2.3,40.9,28.2,42.3,27.3,38.6,21.6,12.5,R,737,56.2,93.9,2409,-9.9,-12.9,20.7,1.1,18.2,86.7,2693,7,-32.4,8.5,1.8,25.6,86.8,2374,-16.8,-29.8,18.1,1.3,,,,,,,,,,,,,,,,,,,,,,,,,,,,,,,,,,,,,,,,,,,,,,,,,,,,,,,,,,,,,,,
"Wells, Tyler",669330,2022,27,23,103.2,423,18,6.6,0.23,0.404,0.301,0.302,7.3,3.8,39.1,25.1,50.6,37.5,28.7,20.8,12.9,R,1649,41.6,93.5,2459,-5.8,-11.5,20.8,1.1,,,,,,,,18.4,86.7,2098,-14.9,-23.1,20.1,1.2,7,76.3,2672,9.4,-58.2,14.6,1.4,,,,,,,,27.2,87.5,2537,4.9,-28.1,9.4,1.8,,,,,,,,,,,,,,,5.9,79.5,2586,15.3,-42.8,15.8,1.5,,,,,,,,,,,,,,,,,,,,,
"Luetge, Lucas",476595,2022,35,50,57.1,251,23.9,6.8,0.245,0.349,0.317,0.294,4.7,5.3,23.5,27.5,44.6,35.9,21.8,30.6,11.8,L,971,0.4,87.5,2614,0.4,-26.4,9.3,1.4,0.2,78.3,2686,-15.6,-47.9,15.9,1.4,,,,,,,,14.2,73.5,2428,-10.3,-66.4,18.4,1.2,,,,,,,,54.2,87.6,2591,-5.2,-29.1,8.5,1.3,,,,,,,,,,,,,,,31,77.4,2691,-19.3,-47.5,19.6,1.4,,,,,,,,,,,,,,,,,,,,,
"Rogers, Josh",642028,2022,27,16,26.1,113,10.6,9.7,0.247,0.466,0.331,0.343,6.7,2.2,38.9,14,47.7,36.7,33.3,16.7,13.3,L,419,41.8,90.4,2100,11.7,-18.3,19.4,1.3,20.3,81.5,2210,-4.3,-40.1,5.4,2,10,84.7,1509,14.4,-30.9,16.4,1.6,,,,,,,,13.1,89.9,2118,16.9,-24,19.6,1.3,,,,,,,,,,,,,,,,,,,,,,14.8,79.8,2206,-13.6,-41.3,14.1,1.5,,,,,,,,,,,,,,,,,,,,,
"Fedde, Erick",607200,2022,29,27,127,573,16.4,10.1,0.283,0.451,0.362,0.356,5,4,43.5,18.3,43,42.8,24,25.9,7.4,R,2420,,,,,,,,,,,,,,,3.6,86,1516,-14.6,-34.7,15,1.8,28.8,78.4,2388,14.7,-46.9,15.2,1.9,39.9,92.6,1877,-8.8,-22.1,13.5,1.3,27.6,89.2,2123,1.7,-26.7,8.2,1.4,,,,,,,,,,,,,,,,,,,,,,,,,,,,,,,,,,,,,,,,,,
"Norwood, James",656803,2022,28,20,17.1,85,25.9,10.6,0.256,0.401,0.364,0.325,11.1,3.7,46.3,29.3,53.5,31.5,29.6,33.3,5.6,R,370,48.6,96.6,2145,-12,-13.9,19.8,1.2,9.5,88.4,2031,1,-29.3,6.5,2.1,,,,,,,,,,,,,,,1.1,96.3,2220,-16.7,-14.4,22.8,1.5,,,,,,,,40.8,90.7,1543,-11.1,-28.4,12.3,1.4,,,,,,,,,,,,,,,,,,,,,,,,,,,,,,,,,,,
"Soto, Gregory",642397,2022,27,64,60.1,263,22.8,12.9,0.222,0.346,0.302,0.313,6.8,3.1,43.2,25.7,47,48.8,22.2,23.5,5.6,L,1102,31.8,98.7,2369,11.2,-14.5,17.7,1.3,21.6,89.3,2385,-1.4,-28.1,6.9,1.8,1,91.8,2154,16.7,-23.8,18.9,1.4,,,,,,,,45.6,98.2,2371,16.7,-18.6,19.5,1.3,,,,,,,,,,,,,,,,,,,,,,,,,,,,,,,,,,,,,,,,,,,,,,,,,
"Lambert, Jimmy",669424,2022,27,42,47,204,22.1,11.8,0.198,0.303,0.301,0.273,7.5,6,32.8,25.8,48.4,36.6,30.6,23.9,9,R,817,44.6,94.3,2221,-7.8,-12.7,19.8,1.4,33,84.4,2583,5.6,-39.9,6.6,1.8,14.2,85.4,1576,-14.6,-31.2,16.1,1.2,8.2,76.8,2597,5.9,-65.4,19.5,1.5,,,,,,,,,,,,,,,,,,,,,,,,,,,,,,,,,,,,,,,,,,,,,,,,,,,,,,,,
"Detwiler, Ross",446321,2022,36,30,26.1,122,23,8.2,0.28,0.451,0.364,0.355,7.4,2.5,40.7,23,48,39.5,22.2,30.9,7.4,L,471,25.5,92.4,2243,8.8,-15,19.4,1,,,,,,,,2.8,86.8,1468,12.8,-29.9,14.6,1.4,3.4,77,2141,-6.2,-56,11.8,1.3,24.8,91.8,2072,15.4,-22.2,18.6,1.1,43.5,86,2150,-2.3,-32.5,5.5,1.4,,,,,,,,,,,,,,,,,,,,,,,,,,,,,,,,,,,,,,,,,,
"Tepera, Ryan",572193,2022,34,59,57.1,232,20.3,8.6,0.217,0.349,0.27,0.281,5.5,3.1,28.2,30.7,46.7,41.7,30.7,22.7,4.9,R,891,31.6,92.6,2224,-7.2,-15.1,18.5,1.2,37.1,86,2307,4.7,-32.9,6.6,1.3,8.8,85.8,1229,-11.2,-32.3,12.8,1.3,0.8,81.5,2260,4.4,-45.7,6.3,1.6,16.7,92.9,2182,-16.2,-19.9,20.2,1.2,,,,,,,,,,,,,,,,,,,,,,4.9,80,2422,14,-40.9,14.4,1.3,,,,,,,,,,,,,,,,,,,,,
"Castillo, Diego",650895,2022,28,59,54.1,222,23.9,9.9,0.201,0.32,0.26,0.269,4.8,3.4,30.6,26.5,48.4,46.2,26.2,20.7,6.9,R,839,5.6,95.7,1968,-11.9,-18.9,16.3,1.2,63.3,88.4,2260,0.2,-28.8,6.4,1.6,,,,,,,,,,,,,,,31.1,95.1,1998,-17.3,-25.3,18.2,1.3,,,,,,,,,,,,,,,,,,,,,,,,,,,,,,,,,,,,,,,,,,,,,,,,,
"Santana, Dennis",642701,2022,26,63,58.2,255,21.2,11,0.245,0.341,0.287,0.306,2.4,4.7,33.1,27.4,44.2,48.5,18.3,27.2,5.9,R,991,7.3,97.7,2510,-12.8,-13.9,19.8,1.2,40.5,85.8,2675,1.7,-39.4,3.5,1.5,13.3,89.9,2069,-17.2,-25.7,19.2,1.2,,,,,,,,39,96.7,2422,-17.6,-20.5,19.8,1.2,,,,,,,,,,,,,,,,,,,,,,,,,,,,,,,,,,,,,,,,,,,,,,,,,
"Thielbar, Caleb",573204,2022,35,67,59.1,245,32.7,7.3,0.192,0.308,0.271,0.249,4.8,6.1,25.9,30,54.5,30.6,34,25.2,10.2,L,996,49.4,92.8,2298,3.2,-12.3,19.8,1.3,,,,,,,,1,82.7,1117,4.1,-28.3,13.4,1.4,24.7,73,2455,-10.5,-68.3,19.5,1.4,,,,,,,,,,,,,,,,,,,,,,,,,,,,,24.9,81.3,2362,-14.3,-39.8,14.7,1.6,,,,,,,,,,,,,,,,,,,,,
"Keller, Brad",641745,2022,26,35,139.2,617,16.5,9.2,0.256,0.405,0.337,0.323,5,3.5,41.4,21.5,48.8,52.4,22.1,22.1,3.3,R,2275,35.3,94.5,2409,2.4,-17.3,13.5,1.8,34.7,86.9,2541,5.7,-38.5,6.6,1.5,5.8,90.3,1618,-10.1,-24.7,13.8,1.7,1.5,87.8,2543,4.8,-37.5,5.6,1.5,22.7,93.4,2193,-10.4,-23.5,13.1,1.6,,,,,,,,,,,,,,,,,,,,,,,,,,,,,,,,,,,,,,,,,,,,,,,,,
"Lauer, Eric",641778,2022,27,29,158.2,661,23.8,8.9,0.24,0.393,0.31,0.311,5.5,4.6,38,24.2,46.6,34.9,31.9,24.4,8.9,L,2676,43.9,93.3,2289,9.8,-14.6,19.6,1.4,17.3,86.7,2286,-3.1,-32.3,6.6,2.6,3.1,87.2,1746,15,-27.3,17.5,1.3,15.9,78.2,2400,-6.4,-52.7,10.7,1.4,,,,,,,,19.8,89.7,2268,0.5,-23.1,11.1,1.7,,,,,,,,,,,,,,,,,,,,,,,,,,,,,,,,,,,,,,,,,,
"Wilson, Bryse",669060,2022,24,25,115.2,509,15.5,6.3,0.291,0.474,0.356,0.358,8.8,3.1,43.8,17.8,47.8,44.8,25.5,25.3,4.6,R,1825,23.7,92.7,2034,-8.5,-17.4,16.8,1.3,11.1,82.5,2194,6.3,-37.9,7.3,1.5,9.5,86.1,1612,-14.4,-32.4,15.3,1.5,13.6,77.5,2299,16.1,-49,16.7,2,32.8,92.1,1958,-16.1,-24.3,18.1,1.4,3.9,86,2065,1.6,-31.1,6.7,1.6,5.4,83.3,1218,-10.1,-35.4,11.3,1.4,,,,,,,,,,,,,,,,,,,,,,,,,,,,,,,,,,,
"Syndergaard, Noah",592789,2022,29,25,134.2,565,16.8,5.5,0.264,0.42,0.312,0.325,6,4.8,34,20.1,49.9,43.2,26.4,23.4,6.9,R,2021,14.7,94.1,2136,-5.7,-16.7,15.5,1.3,17.4,85.2,2151,5.5,-36.6,6.4,2.5,19.7,88.5,1534,-15.2,-26.8,17.5,1.3,14.3,77.8,2136,10.3,-45.5,11,3,32.2,93.6,2125,-14.1,-20.8,17.8,1.2,1.6,85.8,2161,5.8,-35.4,7.8,1.8,0,88.7,1438,-10,-24.2,14.6,,,,,,,,,,,,,,,,,,,,,,,,,,,,,,,,,,,,
"Wheeler, Zack",554430,2022,32,26,153,607,26.9,5.6,0.226,0.343,0.275,0.275,5.5,9.2,34.5,25.1,50.5,46.4,23.8,24.3,5.5,R,2358,42.3,95.9,2392,-9.2,-13.6,18.8,1.3,,,,,,,,1.8,89.5,1557,-14.5,-24.8,17.4,1.6,11.9,81.3,2654,9.2,-51.7,13.9,1.4,17.1,95.4,2217,-16.1,-18.7,19.9,1.3,26.9,90.6,2459,2.3,-26.8,7.6,1.6,,,,,,,,,,,,,,,,,,,,,,,,,,,,,,,,,,,,,,,,,,
"Tapia, Domingo",593619,2022,30,11,17,90,13.3,15.6,0.244,0.368,0.417,0.34,6.3,3.2,39.7,18.6,46,49.2,25.4,22.2,3.2,R,363,25.1,97.9,2275,-12,-12.4,20.3,1.3,15.4,88,2353,4.4,-35.3,5.1,1.9,16.3,88.9,1781,-15.7,-25,18.5,1.5,,,,,,,,43.3,97.4,2161,-17.3,-18.7,20.2,1.2,,,,,,,,,,,,,,,,,,,,,,,,,,,,,,,,,,,,,,,,,,,,,,,,,
"Cabrera, Edward",665795,2022,24,14,71.2,291,25.8,11.3,0.209,0.366,0.284,0.312,4,7.5,33.3,31.2,44.1,47.1,27.6,19,6.3,R,1215,20.2,96,2289,-9.8,-13.8,18.8,1.4,15.1,86.9,2423,4.4,-33.7,5.8,1.5,32.3,92.4,1679,-16.1,-24,18.1,1.5,21,83.8,2431,9,-44.8,11,1.4,11.5,95.8,2258,-15.6,-17.3,20.2,1.3,,,,,,,,,,,,,,,,,,,,,,,,,,,,,,,,,,,,,,,,,,,,,,,,,
"Mills, Alec",621219,2022,30,7,17.2,84,13.1,3.6,0.319,0.641,0.486,0.42,11.9,3,43.3,15.5,49,34.3,29.9,29.9,6,R,302,23.2,88.6,2195,-9.1,-20,17.6,1.3,12.9,76.1,2569,17.8,-51.5,18.3,1.3,18.5,78.9,1691,-15.3,-38.2,16.7,1.4,8.6,65.8,2314,12.8,-75.4,17.3,1.5,36.8,88.5,2179,-16.3,-27.1,18.2,1.2,,,,,,,,,,,,,,,,,,,,,,,,,,,,,,,,,,,,,,,,,,,,,,,,,
"Smyly, Drew",592767,2022,33,22,106.1,447,20.4,5.8,0.248,0.415,0.312,0.316,5.8,5.5,35.6,26,52,40.6,25.2,23.7,10.5,L,1723,,,,,,,,,,,,,,,0.3,82.6,1300,6,-29.2,12.9,1.6,42.9,78.7,2119,2.6,-44.2,3.4,1.8,37,92.6,2158,8,-14.8,19,1.2,19.7,88.6,2103,3.6,-23.6,12,1.5,,,,,,,,,,,,,,,,,,,,,,,,,,,,,,,,,,,,,,,,,,
"Harvey, Hunter",640451,2022,27,38,39.1,157,28.7,7.6,0.205,0.311,0.272,0.26,7,3,44,27.5,49.5,39,34,22,5,R,661,77.9,98.3,2029,-9.1,-11.1,19.6,1.1,0.5,86.7,2340,3,-36.6,3.8,1.5,,,,,,,,6.7,82.8,1997,8.1,-52,14.3,1.3,,,,,,,,,,,,,,,15,89.4,1002,-10.9,-30.8,11.8,1.2,,,,,,,,,,,,,,,,,,,,,,,,,,,,,,,,,,,
"Raley, Brooks",548384,2022,34,60,53.2,219,27.9,6.8,0.206,0.288,0.247,0.261,7.3,2.2,28.5,27.8,46.7,38.7,24.1,29.9,7.3,L,846,0.4,90.3,2356,8.5,-22.5,14,1.4,,,,,,,,19.6,85.5,1901,16.9,-36.4,17.4,1.1,,,,,,,,22.6,90.7,2312,16.4,-29.4,17.2,1.1,19.1,88,2551,-3.5,-27.9,8.6,1.2,,,,,,,,,,,,,,,38.3,81.4,2940,-18.5,-40.5,18.8,1,,,,,,,,,,,,,,,,,,,,,
"Hunter, Tommy",488984,2022,35,18,22.1,94,23.4,6.4,0.245,0.466,0.315,0.328,6.1,6.1,45.5,23.8,55.3,42.4,34.8,15.2,7.6,R,349,3.2,93.8,2345,-5.7,-13.1,19,1.4,,,,,,,,0.3,88.3,1682,-4.4,-31.1,5.7,,14.6,84.6,2701,10.3,-40.3,11,1.7,35.8,93.2,2376,-13.6,-21.6,17.1,1.3,46.1,91.3,2423,2.3,-21,12.2,1.3,,,,,,,,,,,,,,,,,,,,,,,,,,,,,,,,,,,,,,,,,,
"King, Michael",650633,2022,27,34,51,199,33.2,8,0.207,0.307,0.241,0.262,3.4,2.6,36.5,36,45.5,48.7,17.9,26.5,6.8,R,768,22.7,96.4,2433,-7.1,-12.8,18.3,1.4,,,,,,,,9.6,88.3,2152,-17.8,-27.4,19.5,1.5,,,,,,,,37.2,95.5,2375,-16.9,-23.4,18.4,1.4,,,,,,,,,,,,,,,,,,,,,,30.5,82.3,2785,18.6,-40.3,18.8,1.5,,,,,,,,,,,,,,,,,,,,,
"Tetreault, Jackson",676194,2022,26,4,21,96,9.4,10.4,0.307,0.562,0.356,0.404,9.1,2.6,57.1,18.1,43.8,40.3,27.3,26,6.5,R,365,57.8,94.6,2018,-9.1,-16.3,17.1,1.6,,,,,,,,2.7,85.9,1513,-11,-23.8,17.6,1.4,7.7,82.2,2119,1.4,-47.6,7.4,1.5,,,,,,,,31.8,86.6,1994,2.8,-31.2,6.6,1.6,,,,,,,,,,,,,,,,,,,,,,,,,,,,,,,,,,,,,,,,,,
"Barnes, Jacob",606930,2022,32,23,22.1,97,12.4,9.3,0.258,0.413,0.36,0.336,8.1,2.7,43.2,21,48.8,51.4,21.6,23,4.1,R,361,47.9,95.2,2406,-2.4,-12.1,18.5,1.5,9.7,84.3,2170,6.3,-39.1,6.7,1.5,,,,,,,,,,,,,,,,,,,,,,42.4,89,2323,5.7,-27.3,9.4,1.5,,,,,,,,,,,,,,,,,,,,,,,,,,,,,,,,,,,,,,,,,,
"Sands, Cole",663485,2022,24,11,30.2,145,19.3,9,0.225,0.408,0.356,0.325,11.1,1,39.4,22.5,46.4,44.4,29.3,18.2,8.1,R,603,48.8,91.6,2222,-8.7,-20,15.3,1.3,,,,,,,,2.3,85.5,2057,-16.6,-31.1,17.9,1.3,22.9,78.6,2812,18.1,-48.8,18.8,1.2,1.5,90.4,2237,-14.4,-28.8,15.5,1.4,7.5,84.3,2375,2.9,-35,4.8,1.5,17.1,84.8,1285,-12.4,-39.1,13.2,1.3,,,,,,,,,,,,,,,,,,,,,,,,,,,,,,,,,,,
"Voth, Austin",608723,2022,30,41,101.2,442,20.4,7,0.256,0.421,0.331,0.323,6.6,3.2,37.2,24.6,47.9,34.4,28.7,27.4,9.5,R,1762,41.3,93.5,2356,-7.2,-13.9,19.1,1.2,,,,,,,,0.7,87.1,1920,-11.8,-24.4,17.3,1.3,31.4,77.5,2974,16,-57.2,19.6,1.2,,,,,,,,21.6,89.5,2440,2.5,-26.6,8.3,1.3,,,,,,,,,,,,,,,5,83.7,2741,12.1,-32,14.7,1.5,,,,,,,,,,,,,,,,,,,,,
"Farmer, Buck",571656,2022,31,44,47,199,27.1,12.6,0.212,0.324,0.28,0.292,5,5,40,31.2,45.4,43.7,20.2,24.4,11.8,R,838,44.6,94.6,2325,-10.1,-15.3,18.4,0.9,31.4,83.3,2688,7.5,-37.4,8.2,1.2,24,88.7,1678,-14,-34.4,14.5,1.2,,,,,,,,,,,,,,,,,,,,,,,,,,,,,,,,,,,,,,,,,,,,,,,,,,,,,,,,,,,,,,,
"Flaherty, Jack",656427,2022,26,9,36,167,19.8,13.2,0.242,0.39,0.358,0.341,8.4,6.5,30.8,25.5,43.8,44.9,23.4,27.1,4.7,R,662,47.9,93.3,2282,-3.6,-17.4,14.5,1.9,25.1,83.8,2435,7.4,-37.7,7.9,1.6,1.2,87.7,1847,-12.1,-27.5,14.8,1.7,16.5,77.2,2396,13.6,-56.6,17.2,1.7,5.7,91,2004,-11.3,-24.7,14.3,1.4,3.6,88.1,2279,4.9,-28.9,8.1,1.4,,,,,,,,,,,,,,,,,,,,,,,,,,,,,,,,,,,,,,,,,,
"Lodolo, Nick",666157,2022,24,19,103.1,441,29.7,8.8,0.214,0.361,0.325,0.309,5.6,3.6,40.6,30.2,45.2,45.6,21.8,24.6,7.9,L,1681,33.9,94.4,2340,16.8,-20.5,19.9,0.9,,,,,,,,10.4,88.3,1962,17.9,-32.9,18.2,1.1,30.6,81.5,2733,-13.8,-40,14.1,1.4,25.1,94.1,2308,18.7,-24.7,19.9,0.9,,,,,,,,,,,,,,,,,,,,,,,,,,,,,,,,,,,,,,,,,,,,,,,,,
"Abreu, Bryan",650556,2022,25,55,60.1,248,35.5,10.5,0.196,0.274,0.264,0.269,3.1,3.1,32.3,39.1,49.2,47.7,17.7,23.1,11.5,R,1019,45,97.2,2312,-6.3,-12,18.4,1.5,44.2,88.4,2766,8.2,-37.8,9.5,1.6,0.3,89.7,1806,-12.2,-21.6,18.3,1.5,10.1,84.5,2944,11.4,-46.2,14,1.4,0.4,96,2478,-15.2,-18,19.4,1.4,,,,,,,,,,,,,,,,,,,,,,,,,,,,,,,,,,,,,,,,,,,,,,,,,
"Elder, Bryce",693821,2022,23,10,54,227,20.7,10.1,0.242,0.387,0.288,0.319,9.1,5.8,34.4,23.7,45.4,50,22.1,21.4,6.5,R,873,18.6,90.5,2154,-1.7,-19.2,14.5,1.6,26.9,82.4,2413,0.5,-44.8,5.4,1.4,12,86,2110,-11.7,-32.8,12.6,1.2,,,,,,,,42.5,90.7,1970,-14.5,-25,16.9,1.4,,,,,,,,,,,,,,,,,,,,,,,,,,,,,,,,,,,,,,,,,,,,,,,,,
"Cotton, Jharel",605194,2022,30,30,43,181,21.5,11,0.219,0.376,0.313,0.304,8.3,0.8,30.8,25.4,50.5,30,36.7,22.5,10.8,R,741,44.7,92.7,2263,-8.3,-13,20.7,1.6,10.4,79.5,2440,12.7,-46.3,13.3,1.6,40.4,79.7,2392,-13.5,-36.8,15.1,1.8,4.6,76.2,2614,3.5,-62.8,16,1.6,,,,,,,,,,,,,,,,,,,,,,,,,,,,,,,,,,,,,,,,,,,,,,,,,,,,,,,,
"Cuas, Jose",621016,2022,28,47,37.2,180,18.9,13.3,0.241,0.333,0.34,0.321,6,7.8,34.5,25.3,43.7,50,16.4,27.6,6,R,687,0.1,94,2521,-17.9,-20.7,20.7,,36.8,82.1,2669,4,-41.3,4.8,1.2,1.6,87.7,1722,-15.3,-36.8,15.5,1.5,,,,,,,,61.4,93.1,2464,-16.9,-31.2,17.1,1.2,,,,,,,,,,,,,,,,,,,,,,,,,,,,,,,,,,,,,,,,,,,,,,,,,
"Odorizzi, Jake",543606,2022,32,22,106.1,453,19,7.7,0.255,0.398,0.315,0.314,5.2,3.3,33.1,22.2,50.1,32.2,30.4,26.7,10.6,R,1798,51.2,92.1,2144,-9.8,-15,20.1,1.1,7.2,82.6,2067,6.5,-36.7,7.8,1.7,,,,,,,,3.8,71.9,2209,10.1,-61.6,13.4,1.7,,,,,,,,21.2,87.6,2077,2.6,-23.3,12.8,1.5,16.6,85.1,1323,-11.8,-31.2,13.7,1.4,,,,,,,,,,,,,,,,,,,,,,,,,,,,,,,,,,,
"Duffey, Tyler",608648,2022,31,40,44,185,21.1,8.1,0.295,0.471,0.345,0.358,6.2,1.5,43.1,25,47,45.4,20.8,30,3.8,R,741,36.8,92.3,2276,-4.4,-16.4,16.5,1.2,12.4,83.7,2381,11.6,-41.3,12.3,1.7,4.5,79.1,1863,-12.3,-33.5,16.5,1.9,32,81.6,2479,7.2,-53,13.9,3.2,14.3,92.4,2402,-14.2,-24.5,16.1,1.2,,,,,,,,,,,,,,,,,,,,,,,,,,,,,,,,,,,,,,,,,,,,,,,,,
"Banda, Anthony",607455,2022,28,32,26.2,135,22.2,9.6,0.277,0.431,0.415,0.343,5.6,12.2,32.2,21,47.5,33.3,24.4,32.2,10,L,551,31.8,95.2,2126,10.9,-15,19,1.1,1.1,84.7,1957,0.1,-37.4,2.7,1.4,37.4,86.6,1748,14.6,-31.6,15.8,1.6,8.9,81.1,2000,-7.1,-48.9,10.7,1.7,20.9,93,2048,17.5,-22.7,19.8,1.3,,,,,,,,,,,,,,,,,,,,,,,,,,,,,,,,,,,,,,,,,,,,,,,,,
"Zimmermann, Bruce",669145,2022,27,15,73.2,320,15.3,3.8,0.301,0.555,0.407,0.381,6.2,2.3,42.8,18.6,50.8,40.1,27.6,25.7,6.6,L,1128,29,90.6,2335,7.9,-16.6,18.7,1.1,18.3,85.1,2433,1.2,-34.7,3.7,1.3,29.3,84.7,1938,16.7,-28.3,19.8,1.4,13.3,81.1,2405,-1.6,-48.8,8,1.9,10.1,90.5,2312,14.4,-23.3,17.7,1.1,,,,,,,,,,,,,,,,,,,,,,,,,,,,,,,,,,,,,,,,,,,,,,,,,
"De Los Santos, Yerry",660787,2022,24,26,25.2,112,23.2,9.8,0.243,0.437,0.298,0.332,0,2.7,39.7,21.1,44.3,53.4,23.3,15.1,8.2,R,449,1.1,95,2226,-11,-15.9,18.1,1.5,39.9,83.9,2185,5.2,-38.7,5.9,1.3,0.2,94.3,2059,-12.4,-25.5,13.4,,,,,,,,,58.8,95.3,2197,-16.3,-21.8,18.4,1.2,,,,,,,,,,,,,,,,,,,,,,,,,,,,,,,,,,,,,,,,,,,,,,,,,
"Bumgarner, Madison",518516,2022,32,30,158.2,698,16,7,0.276,0.488,0.357,0.358,6.6,4.4,43.2,18.1,48.4,37.7,30.3,26.3,5.7,L,2715,32,91.2,2209,7.8,-17.7,17.4,1.1,0.2,83.3,2205,-5.8,-39.7,6.2,1.4,11.3,85.5,1480,13,-29.6,15.5,1.6,18.7,78.6,2304,-9.2,-47.1,9.8,1.5,1.5,90.8,2067,12.8,-21.1,17.8,1.1,36.3,87.4,2295,-2.9,-27.7,8.9,1.2,,,,,,,,,,,,,,,,,,,,,,,,,,,,,,,,,,,,,,,,,,
"López, Pablo",641154,2022,26,32,180,736,23.6,7.2,0.239,0.378,0.305,0.301,4,4.8,35.1,28.1,49.6,47.1,23.8,23.6,5.6,R,2910,38.9,93.5,2196,-4.5,-17.9,14.3,1.7,,,,,,,,35.4,87.5,1965,-17.3,-32.3,17.8,1.3,8.1,80.9,2495,11,-51.7,14.9,1.5,8.1,93.4,1999,-14.7,-25.3,16.2,1.4,9.6,88.7,2229,2.3,-28.8,6.6,1.6,,,,,,,,,,,,,,,,,,,,,,,,,,,,,,,,,,,,,,,,,,
"Bradish, Kyle",680694,2022,25,23,117.2,509,21.8,9,0.253,0.404,0.334,0.327,5.5,3.5,41,23.6,45.4,45.9,25.9,23.8,4.4,R,1993,44.5,94.6,2305,1.3,-14.4,16.3,1.5,29.8,86.9,2483,10.8,-37.4,11.6,1.7,8.5,89.9,1427,-12.2,-24.3,15.7,1.7,12.9,83.2,2517,5.8,-53.1,14.7,1.8,4.4,95.3,2156,-11.8,-15.3,19.2,1.5,,,,,,,,,,,,,,,,,,,,,,,,,,,,,,,,,,,,,,,,,,,,,,,,,
"Nola, Aaron",605400,2022,29,32,205,807,29.1,3.6,0.211,0.34,0.264,0.259,6.9,5.1,31.6,27.9,49.5,44.2,24.3,24.2,7.3,R,3039,33.4,92.8,2308,-13.1,-16.6,20.3,1.3,,,,,,,,14.7,85.9,1482,-15.2,-33.8,15.9,1.3,26.5,78.6,2589,14.4,-55.7,18.1,1.1,18.8,92.2,2199,-17,-22.6,19.7,1.4,6.5,86.8,2212,0.9,-29.1,7.5,1.3,,,,,,,,,,,,,,,,,,,,,,,,,,,,,,,,,,,,,,,,,,
"Brazoban, Huascar",623211,2022,32,27,32,141,28.4,14.9,0.201,0.31,0.317,0.296,1.3,10.3,26.9,40.2,45.3,50,29.5,20.5,0,R,631,24.1,97.3,2232,-10.5,-14.3,18.2,1.1,,,,,,,,25.2,89,1840,-15.7,-31,16.5,1.3,,,,,,,,8.9,96.7,2279,-17.2,-20.4,19.5,1.3,41.8,87.7,2363,-0.8,-29.1,8,1.5,,,,,,,,,,,,,,,,,,,,,,,,,,,,,,,,,,,,,,,,,,
"Freeland, Kyle",607536,2022,29,31,174.2,766,17.1,6.9,0.271,0.457,0.346,0.347,6.5,4.2,42.4,20.8,47.5,43.1,26.9,24.9,5.1,L,2839,23.7,90.2,2390,5.7,-20.2,14.5,1.5,22,85.4,2375,-1.4,-32.7,5.1,1.6,13.7,84.8,1479,10.9,-30.7,13.3,1.6,18.2,80.9,2446,-4.3,-48.5,8.4,1.8,22.4,89.6,2350,12.9,-27.5,14.7,1.8,,,,,,,,,,,,,,,,,,,,,,,,,,,,,,,,,,,,,,,,,,,,,,,,,
"Lange, Alex",656638,2022,26,71,63.1,271,30.3,11.4,0.202,0.31,0.282,0.283,4.6,7.8,35.9,44.1,44.3,56.2,20.9,17,5.9,R,1046,3.3,95.7,2247,-9.5,-15.7,17.5,1.2,,,,,,,,19.5,89.7,1699,-16.5,-31.4,16.9,1.2,48.8,85.5,2186,0.6,-42.9,5.9,1.2,28.5,96.2,2221,-15.8,-20.4,18.5,1,,,,,,,,,,,,,,,,,,,,,,,,,,,,,,,,,,,,,,,,,,,,,,,,,
"Gausman, Kevin",592332,2022,31,31,174.2,725,28.3,3.9,0.242,0.38,0.304,0.285,4.9,3.1,38.5,29.4,55.9,40.1,26.3,28.1,5.5,R,2783,48.8,95,2265,-10.5,-13.1,20.5,1.8,14.4,84.4,2206,1.2,-35.1,4,2,1.3,84.5,1497,-7.3,-30.8,11.1,1.7,,,,,,,,,,,,,,,,,,,,,,35.5,85.2,1569,-15,-33,16.2,1.6,,,,,,,,,,,,,,,,,,,,,,,,,,,,,,,,,,,
"Alexander, Tyler",641302,2022,27,27,101,427,14.3,5.9,0.281,0.497,0.337,0.355,6.5,5.9,37.9,17,50.7,37.4,27.9,25,9.7,L,1591,23.4,90,2275,7.6,-15.9,19.6,1,0.9,80.8,2292,-4.2,-41.6,4.5,1.3,18.5,82.8,1524,13.7,-31.5,16.3,1,,,,,,,,19.5,90.1,2130,14.7,-20.9,19.6,1.1,27.7,85.5,2349,-3.8,-27.8,10.3,1.2,,,,,,,,,,,,,,,9.9,77.4,2343,-14.3,-45.4,14.5,1.6,,,,,,,,,,,,,,,,,,,,,
"Williams, Trevor",592866,2022,30,30,89.2,372,22.6,6.2,0.232,0.393,0.314,0.298,6.1,5,37.2,23.7,48.8,36.8,28,26.4,8.4,R,1407,52.8,91.2,2242,-6.9,-19.9,14.9,1.4,11.7,83.2,2248,5.6,-37.1,6.5,1.3,13.1,84.4,1797,-13.9,-33.6,14.9,1.3,9.7,78.6,2256,11,-42,12.5,1.4,12.7,89,1918,-15.6,-30.9,16.2,1.3,,,,,,,,,,,,,,,,,,,,,,,,,,,,,,,,,,,,,,,,,,,,,,,,,
"Gilbert, Tyler",656457,2022,28,8,34.1,146,13.7,6.8,0.302,0.556,0.332,0.389,12.3,4.4,42.1,19.3,48.8,33.3,37.7,21.9,7,L,564,22.7,89.5,2098,7,-18.9,17.1,1.4,,,,,,,,,,,,,,,11.3,76.2,2497,-6.6,-60.3,14.7,1.8,18.3,89.7,2026,14.1,-22,18.6,1.4,34.8,86.2,2219,-2.5,-26,11.1,1.6,12.9,81.7,1431,11.6,-30.5,15.9,1.7,,,,,,,,,,,,,,,,,,,,,,,,,,,,,,,,,,,
"Cease, Dylan",656302,2022,26,32,184,747,30.4,10.4,0.184,0.292,0.263,0.257,5.9,5,31.2,33.2,47.3,39.4,30.3,22.1,8.2,R,3120,39.8,96.8,2507,-3,-10.3,19.3,1.2,42.9,87.4,2833,4,-35,5,1.8,2.4,77.9,1720,-8.3,-29.9,17.5,2.8,13.9,81.1,2697,3.6,-59.1,17.7,2.1,1,96.5,2492,-7.8,-10.8,20.4,1.3,,,,,,,,,,,,,,,,,,,,,,,,,,,,,,,,,,,,,,,,,,,,,,,,,
"Gonsolin, Tony",664062,2022,28,24,130.1,498,23.9,7,0.22,0.342,0.238,0.276,5,3.8,35,26.9,49.7,43.2,26.5,23.8,6.5,R,2015,39.2,93.1,2326,-8.5,-14.2,19.5,1.3,21.4,87.5,2486,3.2,-30.8,6.3,1.3,,,,,,,,11.9,80.7,2570,3.3,-54,12.6,1.5,,,,,,,,,,,,,,,27.5,83.5,1411,-12.4,-36.8,12.9,1.1,,,,,,,,,,,,,,,,,,,,,,,,,,,,,,,,,,,
"Suarez, José",660761,2022,24,22,109,462,22.3,7.1,0.234,0.384,0.309,0.298,5.9,3.1,38.2,24.5,51.1,41.3,28,26.7,4,L,1783,34.1,92.7,2214,9.5,-16.3,18.4,1.3,19.5,81.8,2584,-8.9,-36.3,10.5,2.5,24.4,82.4,1553,12.7,-35.4,14.4,1.4,12.7,77.9,2686,-10.5,-52,12.7,1.7,8.5,91.7,2031,15.1,-22.6,18.3,1.4,,,,,,,,,,,,,,,,,,,,,,0.9,79.5,2637,-14.6,-41.4,15.3,1.6,,,,,,,,,,,,,,,,,,,,,
"Seabold, Connor",657756,2022,26,5,18.1,97,19.6,7.2,0.281,0.465,0.502,0.36,10.3,4.4,33.8,25.1,49.5,29.4,25,35.3,10.3,R,370,53.2,92.1,2113,-11.7,-16.7,19.7,1.2,22.2,85.6,2388,2.1,-32,6.1,1.4,20.5,80.4,2009,-15.6,-40.6,15.9,1.1,4.1,78.7,2575,6.6,-50.7,9.9,1.7,,,,,,,,,,,,,,,,,,,,,,,,,,,,,,,,,,,,,,,,,,,,,,,,,,,,,,,,
"Eflin, Zach",621107,2022,28,20,75.2,313,20.8,4.8,0.227,0.364,0.295,0.281,4.4,7,31.1,22.1,47.7,45.6,28.1,21.5,4.8,R,1194,15.5,93.1,2176,-10.4,-17.6,17.7,1.5,3.4,85.5,2130,4,-32.5,8.1,1.6,6.1,87,1699,-13.8,-27.8,16.5,1.6,20.1,78.3,2381,12,-49.9,13.3,1.5,39.9,92.7,2048,-17,-24.6,18.7,1.3,15,90,2151,-0.8,-22.2,11.7,1.6,,,,,,,,,,,,,,,,,,,,,,,,,,,,,,,,,,,,,,,,,,
"Jameson, Drey",686753,2022,24,4,24.1,98,24.5,7.1,0.267,0.415,0.277,0.327,3,7.6,48.5,26.1,48.8,56.1,18.2,24.2,1.5,R,369,34.4,95.9,2234,-7.6,-13.8,17.9,1.5,24.9,84.7,2406,6.8,-35.9,8,1.7,8.4,86.3,1761,-15.1,-30.7,16.6,1.9,4.3,76.7,2452,15.5,-52.1,16.5,1.4,27.9,94.4,2085,-15.6,-23.3,17.6,1.7,,,,,,,,,,,,,,,,,,,,,,,,,,,,,,,,,,,,,,,,,,,,,,,,,
"Naughton, Packy",676050,2022,26,26,32,141,22,5,0.255,0.392,0.336,0.301,6.9,2.9,35.3,27.8,47.3,51,21.6,24.5,2.9,L,562,34.9,92.8,2078,7.1,-17.2,16.3,1.2,21,80.9,2350,-3.5,-42.2,4.2,2.1,25.3,84.4,1428,14.1,-32.1,15.6,1.3,,,,,,,,18.9,92.6,2016,15.3,-21.1,18.8,1.3,,,,,,,,,,,,,,,,,,,,,,,,,,,,,,,,,,,,,,,,,,,,,,,,,
"Ginkel, Kevin",656464,2022,28,30,29.1,124,24.2,8.9,0.209,0.305,0.29,0.266,6.1,2.4,32.9,26.9,45.7,50,22,20.7,7.3,R,479,62,96.4,2352,-11.2,-14.8,18.7,1.3,37.8,85.4,2168,1.4,-41.1,4.2,1.3,0.2,84.2,1826,-12.8,-31.8,14.4,,,,,,,,,,,,,,,,,,,,,,,,,,,,,,,,,,,,,,,,,,,,,,,,,,,,,,,,,,,,,,,,
"Underwood Jr., Duane",621249,2022,27,51,57.1,259,22,9.7,0.256,0.354,0.295,0.314,5.2,4.7,36,27.3,49.2,50.6,19.2,26.2,4.1,R,1004,11.8,95.9,2254,-7.2,-14.9,16.7,1.4,,,,,,,,21.7,89.6,1502,-14.8,-27.9,16.2,1.4,13.3,82.7,2403,7.4,-51.2,13.4,1.7,26.2,95.3,2089,-14.1,-19,18.2,1.3,27,92.4,2094,0.3,-25.2,7.4,1.7,,,,,,,,,,,,,,,,,,,,,,,,,,,,,,,,,,,,,,,,,,
"Garcia, Bryan",650530,2022,27,4,20.1,84,20.2,11.9,0.25,0.435,0.297,0.352,1.9,0,37,24.6,44.8,42.6,27.8,20.4,9.3,R,317,,,,,,,,23.7,85.6,2187,4.5,-33.3,6.4,1.5,27.1,85.5,1923,-16.9,-30.6,18.4,2,,,,,,,,49.2,92.9,2113,-11.9,-16.2,19.7,1.4,,,,,,,,,,,,,,,,,,,,,,,,,,,,,,,,,,,,,,,,,,,,,,,,,
"Rodriguez, Eduardo",593958,2022,29,17,91,391,18.4,8.7,0.248,0.4,0.317,0.317,5.3,5.3,36,18.1,47,44.2,29.3,19.8,6.7,L,1469,35.7,91.7,2171,6.8,-18,16.1,1.4,4.1,82.8,2170,-3,-38.5,4.6,1.7,16.2,85.5,1873,16.5,-30.7,18.1,1.6,,,,,,,,19.6,91.7,2150,13.8,-22.1,17.5,1.3,24.4,88.7,2193,-1.1,-24.9,9.9,1.5,,,,,,,,,,,,,,,,,,,,,,,,,,,,,,,,,,,,,,,,,,
"Montgomery, Jordan",656756,2022,29,32,178.1,724,21.8,5,0.258,0.4,0.291,0.31,4.2,3.1,37.5,27.4,50.6,47.9,22.2,25.1,4.8,L,2715,17.1,93,2305,8.7,-16.8,17.4,1.3,,,,,,,,22.2,82.3,1679,10.9,-28.5,16.3,1.3,22.3,80.2,2263,-2.9,-47.7,6.2,1.8,34.6,93,2211,16.9,-21.9,19.7,1.4,3.8,88.3,2387,-0.1,-25.7,9.7,1.9,,,,,,,,,,,,,,,,,,,,,,,,,,,,,,,,,,,,,,,,,,
"Foster, Matt",641582,2022,27,48,45,193,21.8,8.8,0.252,0.398,0.308,0.317,10.4,3,33.6,21,50.3,32.1,26.1,29.1,12.7,R,768,52.1,93.7,2243,-5.8,-12.6,19.6,1.2,30.7,85.8,2298,5.5,-32.1,7.8,1.5,9.8,83.9,1824,-11.9,-25.8,17.8,1.2,6.9,79.6,2150,2.4,-53.3,10.8,1.5,,,,,,,,0.5,92.6,2258,3.1,-13.4,18.8,1.4,,,,,,,,,,,,,,,,,,,,,,,,,,,,,,,,,,,,,,,,,,
"Almonte, Yency",622075,2022,28,33,35.1,135,24.4,7.4,0.205,0.307,0.215,0.271,8,9.1,25,33.5,46.1,50,20.5,20.5,9.1,R,466,11.6,95.9,2163,-10.6,-16.2,17.2,1.1,,,,,,,,6.7,89.6,1834,-16.8,-29.5,17.5,1.4,,,,,,,,33.9,95.8,2132,-17.2,-22.3,18.8,1.3,,,,,,,,,,,,,,,,,,,,,,47.9,84,2464,11.5,-34.1,12.8,1.8,,,,,,,,,,,,,,,,,,,,,
"Finnegan, Kyle",640448,2022,30,66,66.2,268,26.1,8.2,0.221,0.363,0.288,0.283,5.1,4,43.8,27.7,49.3,48.9,21,23.9,6.3,R,1052,78.8,97,2069,-11.6,-13.8,19.4,1.3,12.3,89,2134,2.8,-26.7,8.4,1.6,,,,,,,,,,,,,,,,,,,,,,,,,,,,,8.9,88.7,1099,-9.3,-31.4,10.3,1.6,,,,,,,,,,,,,,,,,,,,,,,,,,,,,,,,,,,
"Wentz, Joey",666214,2022,24,7,32.2,135,20,9.6,0.214,0.346,0.27,0.296,7.4,4.3,35.1,21.8,45.4,40.4,29.8,21.3,8.5,L,555,55.1,92.4,2273,11.9,-15.6,20.5,1.4,,,,,,,,13.5,84.1,2085,15,-27,19.2,1.4,9.4,75.4,2291,-8.6,-58.8,13.8,1.6,,,,,,,,22,83.4,2295,-1.7,-34.7,5.8,2.4,,,,,,,,,,,,,,,,,,,,,,,,,,,,,,,,,,,,,,,,,,
"Hand, Brad",543272,2022,32,55,45,198,19.2,11.6,0.232,0.367,0.297,0.324,6.1,6.1,26.9,18.5,40.4,42,24.4,26,7.6,L,816,28.1,92.6,2353,10,-16.9,18.3,1.1,,,,,,,,,,,,,,,,,,,,,,19.9,92.4,2289,16.8,-21.6,20.1,1.1,,,,,,,,,,,,,,,,,,,,,,52.1,79.3,2282,-16.4,-47.9,17,1.1,,,,,,,,,,,,,,,,,,,,,
"Cueto, Johnny",456501,2022,36,25,158.1,651,15.7,5.1,0.263,0.408,0.31,0.311,5.7,5.9,35.9,17.6,49.8,42.9,27.6,22.5,6.9,R,2372,19.8,91.4,2188,-12.2,-17.8,19.5,1.6,16.4,83.5,2235,2.7,-33.7,6.9,2.2,20.1,82.6,1325,-12.2,-36,13.1,1.7,0.6,69.9,2095,3.5,-57,4.4,1.7,23.2,91.4,2111,-16.8,-23.6,19.3,1.5,19.8,86.9,2178,-3.3,-26.1,10.9,1.4,,,,,,,,,,,,,,,,,,,,,,,,,,,,,,,,,,,,,,,,,,
"Lorenzen, Michael",547179,2022,30,18,97.2,411,20.7,10.7,0.233,0.362,0.303,0.307,5,3.2,37.1,25.2,47.6,51.1,22.3,20.9,5.8,R,1652,21.4,94.7,2441,-11.8,-15.7,19.1,1.2,4.4,84.7,2511,4.3,-36.9,5.4,1.5,22.2,85.7,2053,-16.3,-27.8,19.1,1.4,2.1,81.3,2653,5.5,-56.4,15.7,1.3,22.6,93.8,2257,-16.9,-22.5,19.2,1.3,11,90.5,2495,0,-24.5,9.2,1.6,,,,,,,,,,,,,,,16.2,83,2474,11.7,-40.3,12.2,1.2,,,,,,,,,,,,,,,,,,,,,
"Adon, Joan",672851,2022,23,14,64.2,310,17.7,12.6,0.274,0.464,0.379,0.371,6.7,3.3,37.1,16.7,44.2,48.6,24.3,24.8,2.4,R,1204,65.5,95,2186,-10.7,-15.4,18.5,1.4,0.7,86.2,2061,2.4,-34.1,5.7,2,6.8,87.4,1886,-16.1,-28.5,17.9,1.5,23.2,79.7,2263,7.8,-53.5,13.1,1.8,3.8,94.9,2144,-15.3,-17,20.5,1.4,,,,,,,,,,,,,,,,,,,,,,,,,,,,,,,,,,,,,,,,,,,,,,,,,
"Jax, Griffin",643377,2022,27,65,72.1,290,26.9,6.9,0.22,0.353,0.265,0.278,6.3,3.7,37,29.6,48.8,46,24.9,24.3,4.8,R,1157,33.7,95.4,2391,-8.6,-13.5,18.8,1.1,,,,,,,,13.7,89.8,1580,-14.2,-28.2,15.5,1.2,4.2,82.6,2736,3,-51.2,11.7,1.2,,,,,,,,,,,,,,,,,,,,,,,,,,,,,48.4,86.4,2844,11.4,-38.8,12,1,,,,,,,,,,,,,,,,,,,,,
"Walker, Taijuan",592836,2022,29,29,157.1,649,20.3,6.9,0.245,0.395,0.293,0.308,5.4,3.4,40.6,23.6,47.3,46.1,23.2,23.6,7.1,R,2499,29.8,93.7,2148,-10.1,-14,20.2,1.4,16,84.9,2403,5.3,-32.5,8.4,1.7,,,,,,,,8.7,75,2226,7,-60.5,13.6,1.7,11,92.9,2023,-15.2,-18.9,20.1,1.2,6.8,88.4,2330,1.6,-23.3,12.1,1.8,27.6,88.8,1447,-10.8,-32.6,11.3,1.5,,,,,,,,0.1,83.2,2497,7,-39.2,7.3,1.4,,,,,,,,,,,,,,,,,,,,,
"Dunn, Justin",643290,2022,26,7,31,138,15.2,12.3,0.299,0.614,0.425,0.431,6.2,3.1,44.3,22,41.3,30.9,36.1,23.7,9.3,R,540,49.6,92.1,2227,-8.3,-15.5,18.8,1.1,23.9,83.5,2358,6.6,-40.8,7,1.2,5,87.9,1645,-10.9,-26.3,14.5,1.4,21.5,79.8,2365,14.7,-43.4,15.1,1.2,,,,,,,,,,,,,,,,,,,,,,,,,,,,,,,,,,,,,,,,,,,,,,,,,,,,,,,,
"Graveman, Kendall",608665,2022,31,65,65,285,23.2,9.1,0.239,0.337,0.306,0.292,3.2,3.7,34.7,27.2,45.8,54.2,18.4,23.2,4.2,R,1035,12,96.6,2372,-9,-13.9,18,1.3,27.8,88.7,2494,5.2,-32.2,6.5,1.6,13.7,90.7,1764,-14,-28.2,15,1.3,3.6,83.3,2494,7,-44.3,9.2,1.7,42.9,96.4,2228,-15.5,-18.9,18.8,1.3,,,,,,,,,,,,,,,,,,,,,,,,,,,,,,,,,,,,,,,,,,,,,,,,,
"Castro, Miguel",612434,2022,27,34,29,131,23.7,11.5,0.252,0.388,0.333,0.339,1.3,2.5,32.9,32.3,42.1,47.5,21.3,25,6.3,R,515,,,,,,,,44.5,85.8,2821,10.4,-35.1,11.2,1.6,18.8,92.4,1822,-17.5,-31.5,17.8,1.5,,,,,,,,36.7,97.9,2126,-17.4,-23.3,18.5,1.2,,,,,,,,,,,,,,,,,,,,,,,,,,,,,,,,,,,,,,,,,,,,,,,,,
"Paddack, Chris",663978,2022,26,5,22.1,93,21.5,2.2,0.239,0.346,0.296,0.275,4.3,7.1,41.4,25.4,52.6,47.1,18.6,25.7,8.6,R,367,51.8,93,2193,-9.9,-13.3,21.1,1.5,3.8,83.5,1861,0,-34.5,5.3,1.6,26.4,82.5,1949,-15.3,-31.5,17.9,1.7,18,76,2155,9.4,-66,20.1,1.7,,,,,,,,,,,,,,,,,,,,,,,,,,,,,,,,,,,,,,,,,,,,,,,,,,,,,,,,
"Martinez, Nick",607259,2022,31,47,106.1,448,21.2,9.2,0.233,0.372,0.315,0.304,5.2,5.5,37,25.4,47.6,48.1,24.7,21.4,5.8,R,1720,26.2,93.4,2337,-7.2,-14.3,18.9,1.4,,,,,,,,25.5,79.7,1718,-13.4,-38.2,14.5,1.4,15.9,81.7,2605,2.4,-58.4,17.3,1.2,14.7,93.3,2347,-14.9,-17.6,20.6,1.2,17.7,88.6,2380,1.7,-26.9,8.2,1.6,,,,,,,,,,,,,,,,,,,,,,,,,,,,,,,,,,,,,,,,,,
"Head, Louis",545343,2022,32,28,28.2,138,18.8,10.9,0.244,0.39,0.376,0.331,11,3.3,42.9,23.4,46.9,29.7,33,27.5,9.9,R,546,40.1,93.6,2173,-5.5,-15.7,16.8,1,55.5,82.5,2624,13,-43.2,13.6,1.4,4.4,88.6,1472,-12.8,-34.8,13,1.4,,,,,,,,,,,,,,,,,,,,,,,,,,,,,,,,,,,,,,,,,,,,,,,,,,,,,,,,,,,,,,,
"Sandlin, Nick",680704,2022,25,46,44,180,22.8,13.3,0.212,0.297,0.253,0.286,1.8,7.1,37.5,27.5,46.2,56.3,19.6,16.1,8,R,740,20.1,93.6,2310,-11.2,-20.1,16,1.1,44.7,78.9,2617,12.7,-37.8,14.5,1.9,,,,,,,,,,,,,,,27.4,93.5,2153,-15.8,-28.7,16.3,1.2,,,,,,,,7.7,88.3,1507,-11.7,-36.2,12.1,1.4,,,,,,,,,,,,,,,,,,,,,,,,,,,,,,,,,,,
"Rogers, Trevor",669432,2022,24,23,107,477,22.2,9.4,0.262,0.424,0.354,0.338,5.9,4.7,37.4,25.7,49,43,26.2,25.5,5.3,L,1940,52.7,94.6,2423,12.6,-16.6,19.1,1.6,17.8,80.7,2038,-7.6,-36.2,11.2,1.8,29.2,85.7,1372,14.6,-35.6,15.1,1.6,,,,,,,,0.3,93.7,2185,18.8,-26.9,19.3,1.7,,,,,,,,,,,,,,,,,,,,,,,,,,,,,,,,,,,,,,,,,,,,,,,,,
"Urquidy, José",664353,2022,27,29,164.1,681,19.7,5.6,0.256,0.449,0.316,0.329,7.8,2,40.8,22.3,52,36.7,30.9,24.5,8,R,2640,52.7,93.5,2201,-7.7,-11.7,21.3,1.2,,,,,,,,14.8,86.1,2006,-15.8,-23.6,20.9,1.2,14.1,78.1,2628,7.4,-60.3,16.9,2,,,,,,,,4.8,87.4,2508,4.2,-29.7,8.2,2,,,,,,,,,,,,,,,13.5,80.1,2623,14.5,-41.9,14.9,1.6,,,,,,,,,,,,,,,,,,,,,
"Hughes, Brandon",676714,2022,26,57,57.2,240,28.3,9.2,0.217,0.393,0.298,0.305,5.6,5.6,38.3,33.1,48.7,34,32.6,24.3,9,L,952,48.3,93.2,2313,12.9,-16.8,19.8,1,45.7,82.9,2372,-3.8,-36.5,5.7,1.4,1.2,85.3,1964,17.4,-30.7,18.8,1.3,,,,,,,,4.8,93.2,2235,16.3,-21.6,19.2,1.2,,,,,,,,,,,,,,,,,,,,,,,,,,,,,,,,,,,,,,,,,,,,,,,,,
"Severino, Luis",622663,2022,28,19,102,405,27.7,7.4,0.203,0.328,0.273,0.268,5.4,5,41.6,27.8,49.2,45.2,25.9,22.4,6.6,R,1619,48.2,96.3,2257,-7.6,-12.2,19.1,1.6,20.4,85.1,2684,10.5,-41,11.2,2.2,22.4,88.8,1558,-13.6,-25.4,17,1.9,,,,,,,,1.1,95.9,2207,-13.7,-14.4,20.9,1.5,8,90.3,2427,5,-29.2,7.7,2.1,,,,,,,,,,,,,,,,,,,,,,,,,,,,,,,,,,,,,,,,,,
"Payamps, Joel",606303,2022,28,41,55.2,241,17,6.6,0.243,0.394,0.325,0.304,6,6,43.4,22.6,47,54.4,17.6,18.7,9.3,R,952,27.3,94.8,2423,-8.9,-14.7,18.2,1.3,36.1,82.2,2718,10.3,-44.4,11.4,1.6,13.7,88.9,1993,-16.6,-30.8,17.2,1.6,,,,,,,,22.9,94.3,2268,-15.7,-21.8,18.3,1.2,,,,,,,,,,,,,,,,,,,,,,,,,,,,,,,,,,,,,,,,,,,,,,,,,
"Burke, Brock",656271,2022,25,52,82.1,328,27.4,7.3,0.219,0.362,0.278,0.284,10.4,5.2,39.2,24.6,47.1,39.6,28.8,24.1,7.5,L,1330,63.1,95,2280,10.3,-14,19.5,1.2,19.9,87.2,2158,-0.9,-30.7,6.5,2.7,13.2,88.1,1991,16.9,-26.8,19.1,1.3,,,,,,,,3.8,93.4,2045,16.2,-18.8,20.8,1.4,,,,,,,,,,,,,,,,,,,,,,,,,,,,,,,,,,,,,,,,,,,,,,,,,
"Machado, Andrés",600921,2022,29,51,59.1,262,17.6,10.3,0.272,0.448,0.317,0.352,7,4.3,42.8,23.9,49.4,43.3,26.2,27.8,2.7,R,997,31.3,95.6,2112,-7.2,-13.6,18.1,1.4,20,87.1,2010,5.1,-32.6,6.4,1.4,15.6,88.9,1519,-11.6,-29.4,12.9,1.4,,,,,,,,33.1,95,2038,-15.5,-18.8,19.4,1.3,,,,,,,,,,,,,,,,,,,,,,,,,,,,,,,,,,,,,,,,,,,,,,,,,
"Ortega, Oliver",661383,2022,25,27,34,148,22.3,12.2,0.263,0.418,0.332,0.344,5.2,2.1,43.8,23.7,50.6,51,16.7,25,7.3,R,567,58.4,95.9,2295,-2.2,-15.2,15,1.2,,,,,,,,,,,,,,,33.7,82.2,2307,4.8,-48.9,9.7,1.3,2.3,96.6,2270,-12.7,-17.8,17.3,1.4,,,,,,,,,,,,,,,,,,,,,,5.6,82.8,2431,15.2,-46.2,16.5,1.4,,,,,,,,,,,,,,,,,,,,,
"Smith, Caleb",592761,2022,30,44,70,302,21.5,12.9,0.211,0.366,0.329,0.305,6.6,5.1,29.9,28.8,48.7,31.5,39.6,17.3,11.7,L,1234,45.6,91.9,2429,10.9,-13.9,21.8,1.3,28.9,85.4,2332,-3.1,-29.2,9.1,1.2,22.2,83.6,2130,13.7,-24.2,20.7,1.4,3.2,78.9,2410,-5.3,-48.6,8.2,1.5,,,,,,,,,,,,,,,,,,,,,,,,,,,,,,,,,,,,,,,,,,,,,,,,,,,,,,,,
"Suter, Brent",608718,2022,32,54,66.2,272,19.5,8.1,0.242,0.358,0.313,0.3,2.6,7.2,30.4,26.7,46.8,45.4,25.8,21.1,7.7,L,1070,65.1,86.4,2147,-3.8,-23.7,13.5,1.7,4.3,78.8,2305,-6.2,-44.7,6.7,2.1,25,77.2,1477,10,-34.8,15.1,2.2,,,,,,,,5.6,87.4,2085,10.3,-23.3,16.2,1.5,,,,,,,,,,,,,,,,,,,,,,,,,,,,,,,,,,,,,,,,,,,,,,,,,
"Uelmen, Erich",657272,2022,26,25,27,122,17.2,9.8,0.223,0.369,0.326,0.312,3.6,4.8,39.8,27.3,41.9,48.2,19.3,25.3,7.2,R,463,31.1,93.7,2151,-9.4,-19.7,15,1.4,28.5,83,2433,12.2,-33.1,14.4,1.7,9.5,87,1956,-13.7,-37,13.8,1.8,,,,,,,,30.9,93.3,2010,-15.1,-30.8,15.2,1.3,,,,,,,,,,,,,,,,,,,,,,,,,,,,,,,,,,,,,,,,,,,,,,,,,
"Stratton, Chris",608717,2022,31,60,63.1,279,21.5,9,0.256,0.39,0.332,0.315,4.7,2.6,41.1,26.3,48,44.3,24.5,25.5,5.7,R,1100,43.1,92.8,2631,-3.6,-16.9,15.3,1.2,19.2,86.7,2868,6.6,-35.1,7.4,1.3,7,86.8,2228,-11.6,-32.4,12.4,1.3,28.9,80.8,3188,16.1,-50.2,18.2,1.3,1.8,92.9,2512,-12.1,-21.2,16.3,1.3,,,,,,,,,,,,,,,,,,,,,,,,,,,,,,,,,,,,,,,,,,,,,,,,,
"Graterol, Brusdar",660813,2022,23,46,49.2,197,21.8,5.1,0.207,0.294,0.256,0.246,2.8,4.3,25.5,21.1,56.9,63.8,17,15.6,3.5,R,675,10.7,99.4,2106,-8.3,-14.4,15.7,1.2,19.1,90.5,2533,5.3,-32.1,6.5,2.3,,,,,,,,,,,,,,,42.7,99.7,2048,-16.5,-19.8,18.3,1.1,27.6,95.6,2321,0.2,-22.3,7.9,1.5,,,,,,,,,,,,,,,,,,,,,,,,,,,,,,,,,,,,,,,,,,
"Miley, Wade",489119,2022,35,9,37,159,17.6,8.8,0.24,0.366,0.281,0.305,7.8,7.8,36.3,25.2,44.9,52.2,20,20,7.8,L,560,14.1,89.1,2263,3.3,-16.7,18.2,1.5,6.4,78.6,2345,-11.1,-40.2,12.6,1.3,31.6,81.4,1835,16.1,-34.6,17.6,1.4,2.7,73.5,2438,-9.5,-62.5,15.2,1.4,2.7,88.3,2080,13,-20.8,19.6,1.3,42.5,85.1,2284,-2.9,-29.7,8.8,1.4,,,,,,,,,,,,,,,,,,,,,,,,,,,,,,,,,,,,,,,,,,
"Loup, Aaron",571901,2022,34,65,58.2,260,20,8.5,0.257,0.385,0.298,0.322,6.7,7.9,34.3,24.3,49,50.6,21.3,24.2,3.9,L,967,0.4,91.7,2203,17.5,-21.4,21.1,1.4,,,,,,,,12.5,80.3,1946,17.6,-45.1,17.9,1.2,2.8,76,2343,-16.2,-46.7,16.7,1.3,48.3,91.2,2130,18.9,-29.5,19.4,1.4,36,84.7,2323,0.3,-35.6,3.2,1.4,,,,,,,,,,,,,,,,,,,,,,,,,,,,,,,,,,,,,,,,,,
"Keller, Mitch",656605,2022,26,31,159,687,20.1,8.7,0.253,0.383,0.323,0.318,4.4,7.1,37.3,21.4,45.6,49.9,19.3,25.8,5,R,2661,33.3,95.5,2422,-7.3,-15.2,16.7,1.6,6.3,87.1,2452,4.9,-36.2,5.9,1.8,6.5,91.2,1633,-14.8,-28.1,15.8,1.6,15.4,78.7,2576,11.2,-60,19,1.9,22.2,94.4,2366,-14.8,-19.7,18.6,1.4,,,,,,,,,,,,,,,,,,,,,,16.2,83.2,2691,17.4,-42,17.7,1.9,,,,,,,,,,,,,,,,,,,,,
"Ottavino, Adam",493603,2022,36,66,65.2,258,30.6,6.2,0.19,0.279,0.26,0.24,6.3,5.1,29.7,29.8,44.1,51.3,20.3,20.9,7.6,R,1057,12.6,94.8,2352,-8.2,-16.7,16.2,1.2,,,,,,,,7.1,89.1,2080,-16.5,-33.3,16.7,1.2,,,,,,,,32.4,94.2,2251,-16.5,-24.8,17.8,1.5,5.2,87.8,2564,3.4,-29.4,7.9,1.5,,,,,,,,,,,,,,,42.8,81,2701,17.8,-40.1,18.2,1.4,,,,,,,,,,,,,,,,,,,,,
"Mahle, Tyler",641816,2022,27,23,120.2,503,25,8.5,0.214,0.358,0.303,0.291,8.1,3.9,38.3,26.8,45.3,36.4,34.6,21.1,7.8,R,2101,52,93.2,2293,-10.2,-13.5,20.8,1.9,11.4,83.9,2496,5,-36.8,5.9,2.1,,,,,,,,,,,,,,,,,,,,,,12.9,85.5,2397,1.8,-27,10.6,2.1,23.6,85.4,1895,-14.3,-27.6,17.7,1.8,,,,,,,,,,,,,,,,,,,,,,,,,,,,,,,,,,,
"Arihara, Kohei",685503,2022,29,5,20,108,13,10.2,0.314,0.509,0.475,0.398,2.5,6.3,43.8,21.6,47.4,51.2,20,23.8,5,R,390,3.3,92,2185,-11.4,-17.2,19.1,1.6,14.4,81.7,2124,4.8,-40.6,5.5,1.5,20.8,81.2,1408,-15,-38.2,15.6,1.6,0.3,74.5,2123,8.2,-55.2,10.2,,24.6,90.5,2059,-16.4,-23.3,19.3,1.8,25.4,88,2137,-1,-24.2,11.4,1.8,11.3,82.7,1425,-8,-35.4,9.7,1.6,,,,,,,,,,,,,,,,,,,,,,,,,,,,,,,,,,,
"Brieske, Beau",689225,2022,24,15,81.2,339,15.9,7.4,0.286,0.49,0.306,0.359,6.2,3.5,41.3,18,50.6,37.8,31.3,22.8,8.1,R,1287,46.2,94.3,2375,-7.3,-13.3,19.2,1,20.7,86.2,2187,0.1,-29.9,7.3,1.5,22.1,82,2219,-15.4,-28,20.3,1.6,3.8,78.1,2262,3,-52,8.2,1.4,7.1,93.6,2391,-13.3,-17.1,19.6,1.2,,,,,,,,,,,,,,,,,,,,,,,,,,,,,,,,,,,,,,,,,,,,,,,,,
"Cano, Yennier",666974,2022,28,13,18,97,21.6,16.5,0.26,0.373,0.414,0.345,6.8,3.4,33.9,23.3,43.7,50.8,15.3,30.5,3.4,R,394,2.5,95.7,2272,-15.9,-16.7,20.8,1.4,27.2,87.5,2475,2.5,-35.9,3.9,1.4,30.2,90.2,1824,-18.1,-30.3,18.6,1,,,,,,,,40.1,95.3,2229,-18.2,-26.9,18.9,1,,,,,,,,,,,,,,,,,,,,,,,,,,,,,,,,,,,,,,,,,,,,,,,,,
"Gore, MacKenzie",669022,2022,23,16,70,309,23.3,12,0.259,0.432,0.323,0.349,7.7,3.1,45.4,24,46.4,38.3,25.5,29.6,6.6,L,1258,61,94.7,2236,5.2,-13.1,18.5,1.9,15.8,87.4,1955,-2.1,-30.6,6.1,1.7,5.2,84.8,2098,13.2,-25,18.8,1.5,18,80.8,2293,-0.6,-52.4,11.1,2.2,,,,,,,,,,,,,,,,,,,,,,,,,,,,,,,,,,,,,,,,,,,,,,,,,,,,,,,,
"Alcantara, Sandy",645261,2022,26,32,228.2,886,23.4,5.6,0.215,0.331,0.26,0.266,5.2,6.1,38.5,25.4,53.4,54.2,19.8,18.9,7.1,R,3247,25.1,98,2199,-12,-14.9,18.4,1.3,22,90,2355,0.3,-30.5,4.2,1.7,27.6,91.8,2056,-16.8,-28.9,17.3,1.3,0.3,86.2,2350,2.4,-39.3,3.8,1.5,25,97.8,2293,-17.7,-21.3,19.3,1.3,,,,,,,,,,,,,,,,,,,,,,,,,,,,,,,,,,,,,,,,,,,,,,,,,
"Duran, Jhoan",661395,2022,24,57,67.2,266,33.5,6,0.187,0.269,0.251,0.232,5.7,5.1,35,34.7,54.9,61.1,16.6,18.5,3.8,R,1023,49.6,100.8,2172,-11.7,-12.9,18.4,1.4,3,89.7,2320,1,-31.3,4.3,1.7,,,,,,,,31.4,87.8,2660,3,-42.2,7.8,1.8,,,,,,,,,,,,,,,16,96.4,1659,-12.9,-26.2,13.5,1.8,,,,,,,,,,,,,,,,,,,,,,,,,,,,,,,,,,,
"Givens, Mychal",571710,2022,32,59,61.1,260,27.3,9.6,0.226,0.372,0.316,0.299,5,3.8,38,27.1,45.7,43.4,23.3,24.5,8.8,R,1021,51.5,93.4,2426,-6.9,-19.2,14.1,1.6,29.8,84.7,2575,6.1,-35.5,7,1.9,18.7,82.1,2067,-9.1,-43.7,10,1.5,,,,,,,,,,,,,,,,,,,,,,,,,,,,,,,,,,,,,,,,,,,,,,,,,,,,,,,,,,,,,,,
"May, Dustin",669160,2022,24,6,30,127,22.8,11,0.214,0.311,0.284,0.298,6.3,3.8,32.9,29.7,46.8,51.9,19,22.8,6.3,R,474,23.2,98.1,2356,-10.2,-13.4,18.3,1.3,,,,,,,,5.7,88.6,1929,-14.9,-34.3,15.1,1.5,21.1,85.5,3267,17.2,-41.7,17.7,1.3,28.7,97.3,2328,-18.1,-21.5,19.7,1.4,21.3,92.7,2462,0.4,-25.7,6.3,1.2,,,,,,,,,,,,,,,,,,,,,,,,,,,,,,,,,,,,,,,,,,
"Overton, Connor",656818,2022,28,6,33,124,11.3,8.9,0.235,0.34,0.23,0.288,5.1,1,41.4,16.3,44.6,42.4,23.2,22.2,12.1,R,469,26.4,91.1,2217,-10.4,-17.9,18.6,1.2,19.8,81.9,2438,1.8,-40.4,2.7,1.3,18.6,84.9,1712,-15.8,-31.5,17.3,1.2,1.5,78.8,1947,7.7,-56.7,14.5,1.4,21.7,90.7,2118,-17.2,-23.6,19.9,1.1,0.9,89.2,2241,-3.1,-20.7,13.8,1.5,,,,,,,,,,,,,,,11.1,79.6,2471,11.6,-43.3,12.3,1.3,,,,,,,,,,,,,,,,,,,,,
"Keuchel, Dallas",572971,2022,34,14,60.2,303,14.9,10.2,0.289,0.461,0.419,0.357,5.3,2.6,39.2,22.3,45.1,50.7,20.3,26.9,2.2,L,1165,6.4,87.9,2185,3.5,-21.6,14.2,1.1,8,77,2316,-9.8,-45.3,10.6,1.5,26.3,79.2,1551,14.3,-38.7,15.3,1.1,,,,,,,,44,87.2,1940,15.4,-30.1,16.6,1.1,15.3,85.2,2167,-1.3,-30,8.2,1.2,,,,,,,,,,,,,,,,,,,,,,,,,,,,,,,,,,,,,,,,,,
"Norris, Daniel",596057,2022,29,41,58.2,249,26.5,11.2,0.228,0.394,0.331,0.327,3.4,4.1,40.5,31.4,43.1,46.6,23.6,23,6.8,L,1009,34.4,91.2,2351,7.4,-15.5,19.1,1.7,0.9,81,2531,-5.4,-39.5,7.1,1.5,27.9,86.7,1426,13.1,-37.3,13.4,1.7,1.5,76.1,2402,-6.7,-61.2,15,1.4,7.8,90.9,2252,15.7,-22.7,18.9,1.5,,,,,,,,,,,,,,,,,,,,,,27.5,79.9,2632,-13.7,-42.7,14,1.8,,,,,,,,,,,,,,,,,,,,,
"Anderson, Chase",502624,2022,34,9,24,103,22.3,14.6,0.193,0.29,0.316,0.301,6.5,8.1,38.7,22.4,44.4,54.8,21,17.7,6.5,R,493,26.6,92,2163,-6.8,-14.6,19,1.7,3.9,85,2302,3.9,-29,10,1.4,28.4,82.9,2274,-16.6,-26,21.7,1.7,7.7,77.8,2201,6.1,-61.8,17.5,1.8,11,92.5,2167,-12,-16.6,19.4,1.6,17.8,90.2,2327,1,-18,15.7,1.5,,,,,,,,,,,,,,,4.7,82.4,2295,11.7,-36.7,12.8,1.6,,,,,,,,,,,,,,,,,,,,,
"Baz, Shane",669358,2022,23,6,27,117,25.6,7.7,0.248,0.415,0.333,0.319,6.5,3.9,51.9,30.6,47.1,44.2,18.2,27.3,10.4,R,444,40.1,96,2429,-8.9,-11.8,20.2,1.7,37.2,87.7,2541,2.2,-30.4,5.8,1.6,8.3,88.5,2009,-16,-24.9,19.1,1.5,14.4,82.3,2744,7.2,-53.8,15.2,1.7,,,,,,,,,,,,,,,,,,,,,,,,,,,,,,,,,,,,,,,,,,,,,,,,,,,,,,,,
"Maton III, Phil",664208,2022,29,67,65.2,283,25.8,9.2,0.246,0.382,0.321,0.32,4,6.8,29.5,30.1,48.6,38.6,25,29,7.4,R,1088,43,91,2487,-1.3,-16.8,16.3,1,,,,,,,,0.1,84.2,2243,-4.9,-21.3,17.9,,31.6,74.5,2998,19.9,-58.9,21.8,1.5,6.6,90.2,2228,-15.1,-24.6,17.9,1.4,0.6,82.4,2656,9.3,-31.1,13.4,1.5,,,,,,,,,,,,,,,18,80.9,2669,17.8,-37.6,18.6,1.7,,,,,,,,,,,,,,,,,,,,,
"Strahm, Matt",621381,2022,30,50,44.2,193,26.9,8.8,0.204,0.346,0.296,0.285,6.7,5,33.6,23.4,47.6,38.7,27.7,21.8,11.8,L,764,39.1,94.2,2298,13.5,-15.2,20.9,1.2,0.3,83,2604,-4,-37.4,4.5,1.5,9.2,88.2,2157,18.4,-27.8,20,1.4,16.9,82.7,2667,-6.2,-40.7,6.6,1.7,13.7,94,2264,17.6,-19.7,21.1,1.3,20.8,88.7,2392,-2.3,-27.8,7.8,1.7,,,,,,,,,,,,,,,,,,,,,,,,,,,,,,,,,,,,,,,,,,
"Jackson, Zach",667427,2022,27,54,48,202,33.2,16.3,0.185,0.322,0.257,0.295,6,5,40,33.4,40.5,30,34,24,12,R,887,54.2,94.4,2120,-4.9,-11.2,20.3,1.4,44.6,85.2,2461,0.6,-40.1,3.5,1.3,0.9,88.9,1230,-9.5,-26.8,12.4,1.5,,,,,,,,,,,,,,,0.2,94.2,2204,1.7,-10.1,21.4,1.5,,,,,,,,,,,,,,,,,,,,,,,,,,,,,,,,,,,,,,,,,,
"Kaprielian, James",621076,2022,28,26,134,577,17,10.2,0.254,0.415,0.322,0.331,8,4.6,36.4,21.2,47.8,38.3,30.8,23.4,7.5,R,2230,48.9,94,2006,-7.6,-15.5,17.4,1.1,23,85,2291,4.5,-34.3,7.6,2.1,10.1,85.2,1365,-8.3,-35.4,9.1,1.5,12.5,79.3,2496,7.3,-51.9,11.5,1.5,5.5,94.4,1931,-15.8,-20.1,19.2,1.1,,,,,,,,,,,,,,,,,,,,,,,,,,,,,,,,,,,,,,,,,,,,,,,,,
"Kelly, Joe",523260,2022,34,43,37,170,31.2,13.5,0.19,0.271,0.327,0.277,5.5,8.8,31.9,33.7,41.4,67,17.6,12.1,3.3,R,703,7.1,97.7,2235,-12,-15,18.3,1.3,16.1,88.8,2908,13.2,-38.5,13.9,2.3,8.5,87.1,2045,-17.1,-30.1,18.2,1.5,35.8,87.7,2868,6.3,-45.1,11.8,1.7,32.4,97.9,2166,-15.6,-18.9,18.4,1.2,,,,,,,,,,,,,,,,,,,,,,,,,,,,,,,,,,,,,,,,,,,,,,,,,
"Loáisiga, Jonathan",642528,2022,27,50,48,203,18.2,9.4,0.245,0.33,0.271,0.29,2.7,10.2,29.9,25.7,50.6,59.9,14.3,19.7,6.1,R,761,1.4,98.2,2428,-9.5,-11.7,19.4,1.4,,,,,,,,15,89.9,1943,-16.9,-23.3,20.2,1.7,20.2,86.9,2624,9.3,-32.8,11.2,1.7,63.3,98,2317,-16.2,-17.2,19.9,1.1,,,,,,,,,,,,,,,,,,,,,,,,,,,,,,,,,,,,,,,,,,,,,,,,,
"Pagán, Emilio",641941,2022,31,59,63,274,30.7,9.5,0.227,0.398,0.334,0.306,6.7,4.3,44.8,30.8,51.7,40.5,29.4,24.5,5.5,R,1126,51.7,95.6,2517,-4.9,-11.6,19.2,1.3,2,84.6,2477,13.4,-36.2,13.8,1.3,,,,,,,,2.5,80.2,2632,8.3,-56.5,16.1,1.4,,,,,,,,19.2,85.8,2363,4.4,-35.1,5.6,1.7,24.7,88.4,1531,-12.3,-27.2,15,1.5,,,,,,,,,,,,,,,,,,,,,,,,,,,,,,,,,,,
"Yajure, Miguel",664337,2022,24,12,24.1,119,13.4,13.4,0.327,0.522,0.394,0.414,8.2,1.2,49.4,23.6,45.9,43.5,24.7,25.9,5.9,R,471,30.4,92.9,2325,-7.2,-15.2,18.2,1.4,10.2,81.4,2127,9.2,-39.4,10.5,1.6,19.3,89.2,1523,-13.6,-30.6,14.2,1.6,25.9,81.9,2666,6.8,-55.4,15.9,1.9,6.6,92.9,2117,-14.6,-20.2,18.7,1.4,7.6,90.2,2375,-1.6,-22.8,10.9,1.3,,,,,,,,,,,,,,,,,,,,,,,,,,,,,,,,,,,,,,,,,,
"Wittgren, Nick",621295,2022,31,29,29,134,12.7,7.5,0.262,0.366,0.346,0.317,9.7,4.9,34,17.2,47.2,43.7,24.3,26.2,5.8,R,481,33.1,91.4,2037,-8.7,-17.7,17.7,1.1,10.8,82,2324,12.2,-38.2,12.7,1.4,23.1,84,1727,-12.5,-36.9,12.8,1.3,,,,,,,,11.6,91,2063,-16.1,-23,19.2,1.2,21.4,88.1,2241,1.2,-26.4,9.1,1.2,,,,,,,,,,,,,,,,,,,,,,,,,,,,,,,,,,,,,,,,,,
"Cole, Gerrit",543037,2022,31,33,200.2,793,32.4,6.3,0.214,0.383,0.283,0.284,7.7,3.1,40.2,33.9,48.2,42,28.6,22.2,7.2,R,3274,51.9,97.8,2428,-10.4,-10.5,21.1,1.3,22.6,88.7,2569,5,-34.2,5.6,1.6,8.4,89.7,1616,-14,-24.7,17.1,1.4,10.8,83,2779,10.2,-53,16.6,1.6,,,,,,,,6.4,92,2485,0.5,-24.4,8.5,1.5,,,,,,,,,,,,,,,,,,,,,,,,,,,,,,,,,,,,,,,,,,
"Kimbrel, Craig",518886,2022,34,63,60,260,27.7,10.8,0.204,0.348,0.301,0.291,9,5.8,43.9,29.2,45.1,41.3,31,18.7,9,R,1077,68.5,95.8,2264,-10.4,-15.4,18,1.1,,,,,,,,,,,,,,,31.5,85.7,2542,10.2,-44,12.8,1.2,,,,,,,,,,,,,,,,,,,,,,,,,,,,,,,,,,,,,,,,,,,,,,,,,,,,,,,,
"Snider, Collin",676092,2022,26,42,34.1,151,14.6,9.9,0.301,0.465,0.363,0.371,6.3,6.3,43.8,20.9,43.4,50.9,20.5,25.9,2.7,R,583,,,,,,,,49.4,86.3,2676,6.5,-38.3,7.2,1.4,1.9,89.5,2259,-13.7,-33.3,14.1,1.4,,,,,,,,48.7,96,2428,-14.6,-26.6,15.2,1,,,,,,,,,,,,,,,,,,,,,,,,,,,,,,,,,,,,,,,,,,,,,,,,,
"Castillo, Luis",622491,2022,29,25,150.1,615,27.2,7.3,0.223,0.344,0.273,0.284,4.6,4.6,37.6,27.8,49.4,48,20.8,24.9,6.3,R,2506,32.9,97.1,2354,-11.4,-15.4,17.9,1.3,21.1,86.5,2422,1.1,-36,2.4,1.5,22.3,88.4,1937,-17.3,-32.3,17.6,1.5,,,,,,,,23.7,96.9,2163,-17.8,-23.3,18.9,1.5,,,,,,,,,,,,,,,,,,,,,,,,,,,,,,,,,,,,,,,,,,,,,,,,,
"Fulmer, Michael",605242,2022,29,67,63.2,276,22.1,10.1,0.235,0.356,0.302,0.302,8.8,2.2,36.8,28.7,46,35.2,27.5,28.6,8.8,R,1043,15.6,94.2,2302,-4.1,-15.2,16.2,1.4,,,,,,,,6,86.5,1503,-13.3,-32.5,14.1,1.6,2.1,78.9,2409,12.9,-56.6,18,1.7,12.9,94.5,2188,-15.1,-20.3,18.6,1.3,63.3,90.3,2414,4.3,-26.6,8.5,1.6,,,,,,,,,,,,,,,,,,,,,,,,,,,,,,,,,,,,,,,,,,
"Martinez, Seth",661527,2022,27,29,38.2,155,24.5,9,0.198,0.301,0.242,0.26,3.9,3.9,32.4,25.5,47.6,41.2,21.6,23.5,13.7,R,592,34,91.9,2194,-10.2,-19.1,17,1.3,,,,,,,,12.5,86.5,1719,-15.2,-37.2,15.4,1.3,,,,,,,,19.3,90.9,2141,-14.9,-30.1,15.3,1.1,3.7,86.2,2418,3,-29.2,8.2,1.4,,,,,,,,,,,,,,,30.6,79.7,2468,12.6,-35.6,15.2,1.5,,,,,,,,,,,,,,,,,,,,,
"McKenzie, Triston",663474,2022,24,31,191.1,741,25.6,5.9,0.222,0.397,0.268,0.293,7.8,3.6,40.6,26.7,52.7,34.3,32.3,23.5,10,R,2807,56.1,92.5,2312,-3,-11.6,20.8,1.5,21.9,87.3,2197,5.3,-25.7,11.6,1.6,,,,,,,,21.9,79.4,2198,7.9,-51.3,11.5,1.6,,,,,,,,,,,,,,,,,,,,,,,,,,,,,,,,,,,,,,,,,,,,,,,,,,,,,,,,
"Moronta, Reyes",606625,2022,29,39,37.2,161,23.6,11.2,0.192,0.329,0.301,0.282,9.7,4.9,35,26.7,44.9,34,31.1,22.3,12.6,R,641,53.4,95.3,2351,-6.1,-13.6,17.6,1.2,37,82.1,2491,12.8,-39.1,13.2,1.4,9.7,89,1943,-17,-29,18.1,1.5,,,,,,,,,,,,,,,,,,,,,,,,,,,,,,,,,,,,,,,,,,,,,,,,,,,,,,,,,,,,,,,
"Beede, Tyler",595881,2022,29,31,61.1,285,13.7,10.2,0.269,0.41,0.353,0.338,4.7,5.7,42.5,20.3,44.2,50,19.8,24.1,6.1,R,1072,24,95.8,2082,-11,-16.9,17.2,1.4,15.3,88,2068,1.5,-32.7,3.9,1.7,26.4,84.8,1617,-15.6,-34.3,16.2,1.3,11.5,79.1,2060,8.7,-56.4,15.3,1.3,22.9,95.6,2126,-15.7,-20.8,18.2,1.3,,,,,,,,,,,,,,,,,,,,,,,,,,,,,,,,,,,,,,,,,,,,,,,,,
"Bolaños, Ronald",671790,2022,25,8,18.1,87,13.8,13.8,0.286,0.437,0.368,0.373,5,1.7,43.3,23.7,40.7,50,25,23.3,1.7,R,332,21.1,93,2196,-6.2,-18.3,14.8,2.2,30.1,84.1,2423,7.8,-37.9,8.5,1.8,4.8,87.1,1486,-10.7,-27.4,13.9,1.4,10.5,77,2538,13.8,-52.4,15.5,1.6,33.4,93.1,2200,-10.8,-21.3,14.9,1.7,,,,,,,,,,,,,,,,,,,,,,,,,,,,,,,,,,,,,,,,,,,,,,,,,
"Thompson, Zach",605507,2022,28,29,121.2,543,16.6,8.5,0.281,0.442,0.346,0.346,6.2,4,39.6,24,47,45.8,21.8,24,8.4,R,2078,16.2,92.3,2386,-2,-18.1,14.2,1.2,,,,,,,,8.5,85.7,1864,-12.1,-31.6,13.7,1.3,20.9,76.6,2244,5,-56.5,11.4,1.8,21.1,92.2,2231,-9.7,-24.1,12.8,1.3,33.3,86.8,2580,3.4,-32.1,5.6,1.4,,,,,,,,,,,,,,,,,,,,,,,,,,,,,,,,,,,,,,,,,,
"Stephan, Trevor",663986,2022,26,66,63.2,267,30.7,6.7,0.195,0.273,0.278,0.239,5.5,4.9,34.4,35.3,50.3,49.1,23.3,23.3,4.3,R,1031,47.4,96.5,2479,-11,-14.9,18.3,1.1,24.8,85.9,2590,9.5,-34.6,10.6,1.9,,,,,,,,,,,,,,,,,,,,,,,,,,,,,27.7,87.9,1273,-11.9,-30.9,13.2,1.4,,,,,,,,,,,,,,,,,,,,,,,,,,,,,,,,,,,
"De Jong, Chase",608328,2022,28,42,71.2,293,20.1,10.2,0.213,0.384,0.3,0.306,6.1,5.1,39.4,25,45,33.3,34.3,19.7,12.6,R,1174,46.6,92.8,2412,-1.2,-13.2,18.8,1.1,29.2,83.6,2428,4.4,-40.6,5.2,1.2,0.9,86.2,1644,-12.6,-26.5,16.5,1.4,22.9,77.7,2557,6.3,-59.4,15.3,1.2,0.3,93.4,2416,-8.6,-11,22.5,1.5,,,,,,,,0.1,88.6,1665,-11.7,-22.5,17.1,,,,,,,,,,,,,,,,,,,,,,,,,,,,,,,,,,,,
"Castillo, Max",666721,2022,23,14,39.1,170,21.8,8.8,0.25,0.43,0.338,0.335,6,4.3,45.7,24,46.6,48.3,24.1,20.7,6.9,R,697,48.1,93,2193,-13,-17.5,19.5,1.4,18.8,83.4,2377,3.2,-36,5.9,1.8,33.1,87.5,1615,-13.6,-30.5,15,1.3,,,,,,,,,,,,,,,,,,,,,,,,,,,,,,,,,,,,,,,,,,,,,,,,,,,,,,,,,,,,,,,
"Yarbrough, Ryan",642232,2022,30,20,80,355,17.2,6.2,0.251,0.412,0.345,0.324,4.6,7.7,31,22.2,50.3,39.1,27.6,22.2,11.1,L,1355,18.2,86.7,1820,14.2,-24.9,18.5,1.4,,,,,,,,23.9,78.6,1920,16.9,-39.8,17.7,1.1,27,71.3,2168,-15.7,-49.4,16.7,1.6,0.5,87.1,1843,14,-29.6,15.6,1.6,30.3,82.3,2084,-1.9,-34.5,7,1.6,,,,,,,,,,,,,,,,,,,,,,,,,,,,,,,,,,,,,,,,,,
"Stammen, Craig",489334,2022,38,33,40.2,177,19.8,5.6,0.258,0.412,0.343,0.313,6.2,4.7,36.4,26.3,45.1,51.2,27.1,20.2,1.6,R,701,0.6,91,2296,-6.6,-22.5,12.1,1.5,12.3,81.5,2382,10.9,-43.5,11.3,1.6,2.7,86.9,1703,-14.9,-27.4,17.5,1.6,8.4,79.6,2321,8,-53.5,13.4,1.7,53.9,91.4,2210,-14.2,-22.1,17.9,1.1,22.1,87.8,2315,1.4,-27.6,8.2,1.2,,,,,,,,,,,,,,,,,,,,,,,,,,,,,,,,,,,,,,,,,,
"Morris, Cody",663752,2022,25,7,23.2,100,23,12,0.253,0.425,0.315,0.341,3.1,4.6,36.9,28.7,51.7,36.9,29.2,27.7,6.2,R,404,44.6,94.6,2500,-7.2,-13.4,18.8,1.4,,,,,,,,17.1,81.9,1402,-12.3,-30.8,16.2,1.5,6.9,79.6,2364,9,-58.4,17.4,1.4,,,,,,,,31.4,88.2,2329,3.9,-28.2,8.1,1.8,,,,,,,,,,,,,,,,,,,,,,,,,,,,,,,,,,,,,,,,,,
"McCarty, Kirk",668948,2022,26,13,37.2,159,16.4,8.2,0.254,0.494,0.356,0.352,6.7,4.2,38.7,23.7,50.7,39.5,29.4,23.5,7.6,L,574,38.3,92.5,2311,7.1,-13.6,20,1.2,3.5,82.7,2461,-6,-37.4,7.6,1.7,7.7,84.7,1610,12.5,-25,18.3,1.6,10.1,77.1,2714,-9.1,-54.5,13.3,1.9,0.2,90.9,2252,14,-10.4,27.2,,40.2,88.5,2416,-2.9,-25.8,9.7,1.7,,,,,,,,,,,,,,,,,,,,,,,,,,,,,,,,,,,,,,,,,,
"Lamet, Dinelson",659275,2022,29,32,32.1,149,30.2,12.8,0.226,0.394,0.342,0.328,3.7,8.6,44.4,39.7,44.1,35.8,30.9,24.7,8.6,R,583,45.5,95.4,2404,-6.1,-15.4,16,1.3,52.5,86.3,2422,0.6,-32.8,6.1,1.4,1.5,87.3,2029,-10.7,-28.8,13.5,1.4,,,,,,,,0.5,95.3,2325,-15.3,-17.1,20.1,1.5,,,,,,,,,,,,,,,,,,,,,,,,,,,,,,,,,,,,,,,,,,,,,,,,,
"Widener, Taylor",642203,2022,27,14,17.1,82,17.1,6.1,0.238,0.403,0.349,0.311,13.3,1.7,40,20.1,52.9,31.7,31.7,25,11.7,R,327,67.9,94,2206,-7.2,-15.4,17.4,1.3,20.2,85,2269,5.4,-37.3,6.2,1.3,10.4,84.8,1664,-15.7,-30.6,17.6,1.4,1.2,80.1,2230,6.5,-51.6,10.8,1.4,,,,,,,,0.3,87.1,1867,-3.7,-21.5,15.3,,,,,,,,,,,,,,,,,,,,,,,,,,,,,,,,,,,,,,,,,,,
"Barlow, Scott",605130,2022,29,69,74.1,290,26.6,7.6,0.201,0.337,0.261,0.269,5.3,5.9,30.3,32.5,46.2,47.3,27.1,18.6,6.9,R,1198,23.8,93.6,2395,-3.7,-19.2,12.7,1.5,44.7,84.1,2474,8.1,-39.4,8.4,1.5,,,,,,,,31.1,78.6,2512,16.2,-53.4,18.5,1.5,0.5,92.7,2214,-11.4,-21.5,16.1,1.4,,,,,,,,,,,,,,,,,,,,,,,,,,,,,,,,,,,,,,,,,,,,,,,,,
"Díaz, Alexis",664747,2022,25,59,63.2,255,32.5,12.9,0.159,0.28,0.223,0.26,6.7,5.2,33.1,36.5,49.1,31.3,36.6,20.1,11.9,R,1056,64.7,95.7,2656,-6.6,-15.6,15.9,1.3,35.2,86.9,2750,5.7,-35.1,6.3,1.6,,,,,,,,0.1,81.4,2864,14.9,-45.3,15.6,,,,,,,,,,,,,,,,,,,,,,,,,,,,,,,,,,,,,,,,,,,,,,,,,,,,,,,,,
"Jiménez, Joe",641729,2022,27,62,56.2,231,33.3,5.6,0.216,0.345,0.268,0.266,2.8,5,39.7,30.4,53,33.3,31.2,27,8.5,R,937,63.7,95.7,2461,-10.4,-11.6,21.3,1,30.8,84.8,2226,2.7,-36.5,4.1,1.7,5.4,90.7,2200,-16.3,-24.3,18.7,1.3,,,,,,,,,,,,,,,,,,,,,,,,,,,,,,,,,,,,,,,,,,,,,,,,,,,,,,,,,,,,,,,
"Scott, Tanner",656945,2022,27,67,62.2,289,31.1,15.9,0.223,0.324,0.321,0.316,5.4,8.7,32.9,35.7,45.8,46.3,17.4,32.2,4,L,1273,37.9,96.9,2560,5.3,-12.6,17.5,1.4,62.1,89.2,2735,-5.2,-35.1,5.7,1.5,,,,,,,,,,,,,,,,,,,,,,,,,,,,,,,,,,,,,,,,,,,,,,,,,,,,,,,,,,,,,,,,,,,,,,
"Pallante, Andre",669467,2022,23,47,108,457,16,8.8,0.254,0.35,0.32,0.301,5.8,3.5,42,17.8,45,65,12.5,20.7,1.7,R,1753,54.5,95.2,2221,-3.6,-21,10,1.3,19.6,86.9,2337,5.4,-37.3,6.1,1.8,0.1,83.1,1574,-11.5,-31.9,13.7,,16.8,76.5,2836,9,-65.1,19.9,1.7,9.1,94.8,2106,-12.7,-17.8,18,1.4,,,,,,,,,,,,,,,,,,,,,,,,,,,,,,,,,,,,,,,,,,,,,,,,,
"Anderson, Ian",666120,2022,24,22,111.2,493,19.7,11,0.254,0.383,0.333,0.323,5.6,2.3,40.5,28.4,46.9,48.4,22.9,24,4.7,R,2005,48,94,1938,-5.9,-14.3,17.9,1,,,,,,,,33.4,88.2,1519,-10.4,-25.3,14.5,1,18.7,81.7,1874,0.6,-43.8,3.8,1.2,,,,,,,,,,,,,,,,,,,,,,,,,,,,,,,,,,,,,,,,,,,,,,,,,,,,,,,,
"Weems, Jordan",607179,2022,29,32,39.2,166,24.7,7.2,0.225,0.381,0.31,0.287,8.8,1.8,41.6,24.6,54.6,35.4,36.3,19.5,8.8,R,738,63.8,96.8,2134,-6.8,-11.1,19.5,1.3,24.1,88.2,2233,6,-32.8,7,1.8,9.2,87.3,992,-10,-29.5,12.5,1.6,2.8,80,2187,16.5,-45,17,1.7,,,,,,,,,,,,,,,,,,,,,,,,,,,,,,,,,,,,,,,,,,,,,,,,,,,,,,,,
"Matz, Steven",571927,2022,31,15,48,207,26.1,4.8,0.253,0.377,0.318,0.298,5,1.4,36.2,27.6,49.5,38.3,24.1,29.8,7.8,L,849,,,,,,,,2.6,89.6,2160,2.2,-25.9,9,1.3,28.9,85.1,2322,15.2,-35.8,15.5,1.2,20,78,2371,-14.9,-54.6,17.7,1.5,48.5,94.5,2260,15.4,-18.3,19.8,1,,,,,,,,,,,,,,,,,,,,,,,,,,,,,,,,,,,,,,,,,,,,,,,,,
"Armstrong, Shawn",542888,2022,31,50,61.2,270,24.4,6.7,0.227,0.356,0.326,0.282,3.3,4.9,33.5,26.1,53.8,48.9,25.8,20.9,4.4,R,1047,28.9,95.3,2302,-5.2,-14.2,17,1.2,6.6,86.1,2518,10.1,-38.9,10.6,1.6,,,,,,,,,,,,,,,35.6,95.6,2151,-15.5,-18.6,19.4,1.1,28.8,92.3,2460,4.7,-23.9,9.8,1.5,,,,,,,,,,,,,,,,,,,,,,,,,,,,,,,,,,,,,,,,,,
"Young, Alex",622065,2022,28,25,26.2,116,18.1,9.5,0.249,0.334,0.325,0.297,9.6,2.4,38.6,31.6,50.6,54.2,18.1,24.1,3.6,L,445,4,91.6,2271,10.5,-18.8,17.4,1.3,,,,,,,,33.3,86.2,1486,11.6,-34.9,11.9,1.2,40.2,82.7,2298,-4.1,-38.8,5.9,1.4,22.2,90.8,2332,15.4,-26.5,16.9,1.1,0.2,89.3,2311,6.1,-23.7,11.8,,,,,,,,,,,,,,,,,,,,,,,,,,,,,,,,,,,,,,,,,,,
"Hudson, Dakota",641712,2022,27,27,139.2,596,13.1,10.2,0.276,0.409,0.326,0.343,5.6,3.8,40.4,17.6,44,54.2,19.2,22.5,4,R,2253,20.2,91.3,2169,-4.2,-24.3,9.8,1.4,26.3,87.8,2366,0.5,-30.7,5.5,2.5,4,86.5,1446,-12.4,-28.8,14.8,1.3,13.6,80.5,2420,7.4,-46.9,9.1,1.7,36,91.9,2060,-12.4,-26.3,14,1.2,,,,,,,,,,,,,,,,,,,,,,,,,,,,,,,,,,,,,,,,,,,,,,,,,
"Robles, Hansel",570663,2022,31,26,24.2,111,18.9,12.6,0.275,0.519,0.357,0.383,10.5,0,50,24.7,45,39.5,27.6,27.6,5.3,R,422,49.8,96,2306,-14.6,-13.8,21.8,1.3,32.9,88.7,2287,1.6,-29.7,5.9,1.8,16.6,90.2,1607,-14,-22.8,18.1,1.8,,,,,,,,0.7,95.9,2316,-20.4,-12.2,27.1,1.4,,,,,,,,,,,,,,,,,,,,,,,,,,,,,,,,,,,,,,,,,,,,,,,,,
"Peralta, Wily",503449,2022,33,28,38.1,168,19,14.3,0.234,0.339,0.309,0.315,8.1,4.5,38.7,21.2,42.2,45.9,21.6,26.1,6.3,R,694,27.5,95.4,1944,-7.1,-13.7,17.9,1.3,29.8,83.6,2257,1.8,-38.6,3.1,2.1,,,,,,,,,,,,,,,21.9,95.5,1876,-11.9,-15.7,18.6,1.2,,,,,,,,20.7,82.6,1165,-11.3,-31.9,14.1,1.5,,,,,,,,,,,,,,,,,,,,,,,,,,,,,,,,,,,
"Senzatela, Antonio",622608,2022,27,19,92.1,413,13.1,5.6,0.311,0.447,0.386,0.35,6,3.9,41.7,16.2,47.5,50.8,16.5,30,2.7,R,1521,54.4,94.2,2133,-3.4,-19.6,11.7,1.6,27.1,86.2,2100,4.9,-34.2,5.8,1.9,7.4,86.9,2082,-7.9,-28,11.5,1.8,6.5,78.2,2206,5.9,-50.8,8.8,2.1,4.6,92.6,2086,-12.1,-20.2,17.1,1.4,,,,,,,,,,,,,,,,,,,,,,,,,,,,,,,,,,,,,,,,,,,,,,,,,
"Stout, Eric",657770,2022,29,20,22.1,110,22.7,14.5,0.22,0.361,0.37,0.323,6.1,0,36.4,26.1,41.8,34.8,34.8,18.2,12.1,L,450,34.9,92.1,2256,9.3,-17.3,17.9,1.1,,,,,,,,12.2,87.4,1498,15.9,-32.8,16.3,1.2,5.6,77.8,2445,-13.8,-58.2,18.5,1.5,,,,,,,,,,,,,,,,,,,,,,,,,,,,,47.3,80.1,2480,-17.3,-38.1,18.2,1.3,,,,,,,,,,,,,,,,,,,,,
"Doval, Camilo",666808,2022,24,68,67.2,286,28,10.5,0.199,0.287,0.278,0.266,7.5,5.2,36.4,30.7,47,57.8,16.2,22.5,3.5,R,1121,,,,,,,,43.6,87.7,2580,6.4,-34.8,6.9,1.8,,,,,,,,,,,,,,,26,98.4,2472,-11.3,-25.5,11.8,1.5,30.4,99.4,2531,-5,-14.7,14,1.9,,,,,,,,,,,,,,,,,,,,,,,,,,,,,,,,,,,,,,,,,,
"Oller, Adam",670124,2022,27,19,74.1,337,13.6,11.6,0.263,0.485,0.392,0.365,7.2,3.2,41.8,21.2,48.5,33.7,36.1,20.5,9.6,R,1294,33.3,93.3,2209,-11.1,-14.2,20.6,1.3,9.3,84.2,1787,4.5,-43.5,9.2,1.5,12.4,86.5,1654,-14.4,-29.3,16.6,1.4,9,80.4,2058,5,-49.4,9.1,1.6,9.8,93.6,2116,-15.1,-17.1,21,1.3,24.7,89.5,2180,-1.3,-24.2,10.5,1.4,,,,,,,,,,,,,,,,,,,,,,1.5,81.2,1920,4.3,-49,9.8,1.6,,,,,,,,,,,,,,
"Borucki, Ryan",621366,2022,28,32,25.1,111,18.9,9.9,0.28,0.472,0.35,0.368,2.6,5.2,45.5,26.4,47.5,50.6,28.6,15.6,5.2,L,415,,,,,,,,38.6,87.7,2357,-2,-31.7,4.7,1.6,11.1,84.6,1709,15.6,-28.9,18.3,1.5,,,,,,,,50.4,95.1,2190,18.2,-23.4,19.6,1.3,,,,,,,,,,,,,,,,,,,,,,,,,,,,,,,,,,,,,,,,,,,,,,,,,
"Gray, Josiah",680686,2022,24,28,148.2,649,23.7,10.2,0.219,0.419,0.35,0.319,6.4,7.1,36.9,26.9,44.8,34,33.6,21.7,10.7,R,2596,38.9,94.4,2216,-10,-13,20.5,1.2,29,85.8,2030,1.6,-31.6,6.1,1.3,2.8,88.1,2056,-16.2,-25.3,19.2,1.4,24.8,82.7,2490,2,-45.4,6.2,1.1,4,94.8,2281,-15.5,-16.7,20.9,1.1,0.5,87.4,2028,0.6,-29.6,6.5,1.3,,,,,,,,,,,,,,,,,,,,,,,,,,,,,,,,,,,,,,,,,,
"Warren, Art",605521,2022,29,39,36,165,24.2,13.3,0.229,0.416,0.356,0.337,4,2,40.6,29.5,44.6,36.6,32.7,21.8,8.9,R,655,41.7,93.5,2250,-5.7,-15.5,17,1.7,58.3,85.5,2513,8.2,-36.4,9,1.6,,,,,,,,,,,,,,,,,,,,,,,,,,,,,,,,,,,,,,,,,,,,,,,,,,,,,,,,,,,,,,,,,,,,,,
"Cishek, Steve",518553,2022,36,69,66.1,287,25.8,9.4,0.233,0.393,0.316,0.329,6.4,6.9,37,26.1,42.7,42.8,26,24.9,6.4,R,1175,28.9,89.3,2381,-12.1,-23.1,16.7,1.4,37.1,76.5,2275,16.2,-52.2,17.1,1.3,0.4,83.1,2013,-19.1,-38.3,19.3,1.5,,,,,,,,33.6,89.8,2285,-17.7,-29.3,18.5,1.2,,,,,,,,,,,,,,,,,,,,,,,,,,,,,,,,,,,,,,,,,,,,,,,,,
"Kittredge, Andrew",552640,2022,32,17,20,75,18.7,2.7,0.213,0.387,0.274,0.268,1.7,1.7,35.6,25.8,56.7,45.8,32.2,15.3,6.8,R,233,13.7,93.7,2623,0.8,-14.2,17.3,1.4,40.8,89.1,2658,6.9,-31.9,7.9,1.6,,,,,,,,,,,,,,,45.5,95.2,2339,-16.3,-18.6,20.3,1.1,,,,,,,,,,,,,,,,,,,,,,,,,,,,,,,,,,,,,,,,,,,,,,,,,
"Alvarado, José",621237,2022,27,59,51,214,37.9,11.2,0.187,0.275,0.259,0.249,1.9,4.6,34.3,38.4,46.7,57.4,16.7,22.2,3.7,L,881,1.4,97.8,2149,5.6,-12.7,17,1.6,,,,,,,,,,,,,,,1.2,86.5,2465,0.7,-43.2,6.9,1.5,54.5,99.6,2093,12.7,-13.2,19.5,1.4,42.9,93.8,2207,-1.9,-25.5,6.4,1.9,,,,,,,,,,,,,,,,,,,,,,,,,,,,,,,,,,,,,,,,,,
"Ray, Robbie",592662,2022,30,32,189,775,27.4,8,0.223,0.373,0.315,0.295,7.5,3.6,39.1,30,51.5,38.9,28.9,24.1,8.1,L,3047,39.3,93.4,2282,6.7,-13.4,19.4,1.5,37.2,87.2,2190,-1.5,-28.3,8.1,1.7,0.7,86.9,1759,10.5,-23.1,17.2,1.6,1.9,79.7,2106,-2.5,-43.7,3.7,2.1,20.9,93.3,2191,15.4,-18.7,20,1.5,,,,,,,,,,,,,,,,,,,,,,,,,,,,,,,,,,,,,,,,,,,,,,,,,
"Hendricks, Kyle",543294,2022,32,16,84.1,356,18.5,6.7,0.27,0.466,0.341,0.345,8,6.1,38.9,23.9,45.6,37,27.9,27.9,7.3,R,1347,26.6,86.9,2020,-6,-20.4,17.1,1,,,,,,,,30.7,79.9,2040,-12.4,-32.2,17.2,1,11.9,72.7,2983,13.7,-67.5,20.3,1.3,30.9,86.5,1890,-12.9,-27.8,15.7,1,,,,,,,,,,,,,,,,,,,,,,,,,,,,,,,,,,,,,,,,,,,,,,,,,
"Stripling, Ross",548389,2022,32,32,134.1,536,20.7,3.7,0.251,0.395,0.268,0.293,6,3,37.2,23.5,51.5,44.4,24.1,23.6,7.9,R,2033,33.7,91.9,2124,-5.2,-13.7,19.7,1.6,21.9,87.1,2301,4.5,-29.6,8.1,1.6,27.2,82.6,1680,-10.9,-29.7,15.3,1.5,9.6,76.1,2377,7.2,-59,13.7,1.6,7.5,89.9,2004,-12.1,-19.4,19,1.7,,,,,,,,,,,,,,,,,,,,,,,,,,,,,,,,,,,,,,,,,,,,,,,,,
"Pruitt, Austin",643493,2022,32,39,55.1,224,17,4,0.242,0.425,0.299,0.308,2.8,2.3,34.1,24.8,50.8,46,31.3,15.3,7.4,R,809,34.4,91.4,2263,-3.2,-17.9,15.3,1.1,40.7,87.5,2562,5.3,-32.9,6.5,1.2,5.4,86.2,1671,-13.9,-29.2,15.9,1.2,19.4,80.9,2899,8,-52.4,13.5,1.5,0.1,90.6,2421,-10.9,-16.6,20,,,,,,,,,,,,,,,,,,,,,,,,,,,,,,,,,,,,,,,,,,,,,,,,,,
"Vest, Will",676684,2022,27,59,63,272,23.2,8.1,0.239,0.38,0.304,0.31,8.7,6.6,44.3,23.7,48,50.3,21.3,25.1,3.3,R,1083,56,95.1,2079,-9.3,-14.8,18.2,1,33.2,86.4,2391,9,-38.6,9.9,1.4,10.5,86.8,1571,-15.5,-32.6,16.2,1.2,,,,,,,,0.2,94.2,1746,-14.5,-23.5,16.1,1.5,,,,,,,,,,,,,,,,,,,,,,,,,,,,,,,,,,,,,,,,,,,,,,,,,
"Wendelken, J.B.",605525,2022,29,29,29,122,17.2,11.5,0.299,0.478,0.314,0.379,4.7,2.3,32.6,22.2,46.1,44.2,27.9,25.6,2.3,R,488,46.7,95,2442,-3.2,-16,15,1.4,22.5,85.9,2660,6.8,-38.8,7.8,2.3,16.2,85.5,1628,-15.4,-32.6,16.3,1.3,1,80.4,2576,12.1,-58.1,19.5,1.4,13.5,94.4,2256,-16.3,-21.8,18.8,1.3,,,,,,,,,,,,,,,,,,,,,,,,,,,,,,,,,,,,,,,,,,,,,,,,,
"Abreu, Albert",656061,2022,26,33,38.2,172,22.1,12.8,0.234,0.37,0.328,0.324,8.3,5.5,35.8,27,41.9,53.2,18.3,25.7,2.8,R,707,11.9,97.6,2160,-10.6,-12.9,19.2,1.3,29.3,88.6,2265,2.5,-29.3,6.4,1.6,10,88,1914,-16.6,-26.6,19,1.4,,,,,,,,48.8,98.6,2201,-14.7,-15.1,19.8,1.3,,,,,,,,,,,,,,,,,,,,,,,,,,,,,,,,,,,,,,,,,,,,,,,,,
"Wantz, Andrew",681806,2022,26,42,50.1,204,25.5,10.3,0.218,0.377,0.294,0.306,4.7,2.3,34.9,31.7,47.1,30.2,35.7,23.3,10.9,R,831,49.5,93.8,2366,-3,-13.6,17.9,1.1,,,,,,,,5.5,86.9,1632,-10.8,-32.2,11.8,1.3,,,,,,,,,,,,,,,16.5,87.9,2567,6.2,-31.7,7.4,1.3,,,,,,,,,,,,,,,28.5,81.3,2430,13.6,-40.7,13.9,1.1,,,,,,,,,,,,,,,,,,,,,
"Rasmussen, Drew",656876,2022,26,28,146,584,21.4,5.3,0.238,0.375,0.27,0.29,6.1,3.3,39.2,25.3,52.9,47.5,23.4,22.5,6.6,R,2238,35.7,95.5,2398,-2.3,-13.6,16.9,1,0.5,85.4,2514,1,-43.1,5.7,1.4,,,,,,,,4.4,79.6,2692,4,-59.5,16.4,1.3,3.9,94.9,2402,-11.9,-14.2,20.4,1,32.5,90.3,2612,1.4,-29.3,5.2,2,,,,,,,,,,,,,,,23,84.6,2470,12.4,-42.2,13.2,1.3,,,,,,,,,,,,,,,,,,,,,
"Garrett, Braxton",666129,2022,24,17,88,373,24.1,6.4,0.247,0.389,0.319,0.312,6.8,4.4,38.6,26.6,48.1,47.8,22.1,24.1,6,L,1436,24.9,91.4,2315,9.3,-17.1,18.5,0.9,32,84,2298,-9.1,-41.7,9.8,1.2,9.8,85.9,1637,16.9,-33.5,17.6,1.1,10.4,78.7,2298,-11.4,-53.2,14.6,1.4,22.6,90.9,2089,16.4,-26.3,18.1,1,0.3,84.8,2377,-5.8,-39.5,5.9,1.4,,,,,,,,,,,,,,,,,,,,,,,,,,,,,,,,,,,,,,,,,,
"Thompson, Keegan",624522,2022,27,29,115,485,22.3,8.9,0.241,0.413,0.322,0.325,5.2,3.4,39.1,24.5,46.2,40.9,28.3,24.6,6.2,R,1878,47.4,93.5,2369,-4.5,-14,18,1.2,,,,,,,,4.7,86.1,2092,-14.6,-26.6,18.3,1.5,17.5,81.3,2574,8.2,-55.1,16,1.6,4.6,92.8,2335,-12.6,-18.8,18.3,1.4,21.5,89.8,2553,5.1,-25.6,10,1.5,,,,,,,,,,,,,,,4.2,83.9,2746,12.5,-37.2,13.3,1.6,,,,,,,,,,,,,,,,,,,,,
"Warren, Austin",681810,2022,26,14,16,70,12.9,7.1,0.312,0.592,0.369,0.405,8.9,7.1,51.8,17.2,48.1,41.1,32.1,23.2,3.6,R,266,32,93.6,2385,-9.5,-14.3,19.6,1.4,41.7,86.2,2636,5.7,-36.4,6.7,1.7,4.1,88.9,1944,-16.5,-25.9,18.9,1.5,,,,,,,,22.2,93.4,2194,-16.2,-20.7,19.5,1.2,,,,,,,,,,,,,,,,,,,,,,,,,,,,,,,,,,,,,,,,,,,,,,,,,
"Speier, Gabe",642100,2022,27,17,19.1,77,18.2,6.5,0.205,0.33,0.273,0.259,8.6,0,32.8,20.1,45,46.6,25.9,19,8.6,L,298,26.2,93.6,2163,10.8,-17.6,17.7,1.4,40.9,81.9,2091,-4.6,-43.3,5.5,1.7,3.4,87.3,1303,12.4,-34.6,12.7,1.6,,,,,,,,29.5,93.7,1931,16.6,-25,17.9,1.4,,,,,,,,,,,,,,,,,,,,,,,,,,,,,,,,,,,,,,,,,,,,,,,,,
"Helsley, Ryan",664854,2022,27,54,64.2,239,39.3,8.4,0.152,0.275,0.198,0.223,5.6,5.6,39.2,37.8,53,34.4,32,18.4,15.2,R,962,57,99.6,2643,-2.8,-9.5,18.5,1.9,31.9,89.2,2463,4.6,-32.1,6.1,2,0.6,89.7,1564,-10.9,-22,16.5,1.5,10.5,80.8,2533,6.6,-53.5,13.5,2.6,,,,,,,,,,,,,,,,,,,,,,,,,,,,,,,,,,,,,,,,,,,,,,,,,,,,,,,,
"Whitlock, Garrett",676477,2022,26,31,78.1,311,26.4,4.8,0.227,0.366,0.278,0.278,7,3.3,39,29.4,51.3,40.8,25.8,22.5,10.8,R,1166,2.8,95.1,2120,-10.7,-14.2,19.3,1.2,16.7,83.4,1939,1.6,-40.6,3.7,1.9,19.8,84.6,2046,-18,-33.3,18.9,1.7,,,,,,,,59.3,95.3,2152,-15.3,-17.2,20.2,1.2,,,,,,,,,,,,,,,,,,,,,,1.3,81.2,1796,1,-45.8,4.5,1.7,,,,,,,,,,,,,,,,,,,,,
"Fried, Max",608331,2022,28,30,185.1,733,23.2,4.4,0.227,0.327,0.255,0.264,6.1,5.9,32.1,25.9,49.7,51.2,21.6,22.4,4.7,L,2817,32.5,94,2139,1.7,-18.5,12.7,1.9,18.4,87.3,2392,-3.8,-34.9,4.7,2.2,14.1,86.5,1413,12.9,-32.4,13.8,1.9,21.5,74.2,2748,-9.5,-66.8,19.1,2.2,13.3,93.6,2035,11,-21.6,14.8,1.7,,,,,,,,,,,,,,,,,,,,,,0.1,80,2646,-14,-47.8,14.3,1.7,,,,,,,,,,,,,,,,,,,,,
"Hjelle, Sean",663546,2022,25,8,25,115,24.3,7,0.267,0.395,0.349,0.318,2.6,6.4,44.9,20.4,43.5,59,10.3,29.5,1.3,R,474,0.8,92.9,1984,-9.8,-21.3,14.8,1.5,,,,,,,,7,88.5,1758,-13.2,-30.2,14.3,1.5,38.4,85.7,1879,1.4,-36.5,3.3,1.6,53.8,93.8,1979,-16.5,-26.2,17.3,1.4,,,,,,,,,,,,,,,,,,,,,,,,,,,,,,,,,,,,,,,,,,,,,,,,,
"Varland, Louie",686973,2022,24,5,26,106,19.8,5.7,0.272,0.441,0.329,0.329,5.1,5.1,41,19.8,50.4,38.5,26.9,28.2,6.4,R,411,47.7,93.8,2206,-9.6,-15.9,18.2,1.3,,,,,,,,14.4,83.8,1513,-14.3,-32.5,16,1.8,2.7,82,2267,3.2,-47.7,8.3,1.6,,,,,,,,18.7,89,2258,2.1,-26,9.1,1.5,,,,,,,,,,,,,,,16.5,83.5,2342,9.6,-40,10.2,1.5,,,,,,,,,,,,,,,,,,,,,
"Brubaker, JT",664141,2022,28,28,144,646,22.8,8.4,0.257,0.414,0.339,0.329,6.4,3.9,41.3,27.3,46.4,43.8,23.4,27.1,5.7,R,2381,5.9,92.7,2156,-9.3,-16.2,18.5,1.2,31,86.7,2653,0.9,-34.3,2.9,1.3,5.1,87.2,1880,-15.2,-29.6,16.7,1.2,16,80,2813,6.5,-50.9,10.9,1.4,41.9,93.1,2281,-16.1,-21.7,19,1.2,,,,,,,,,,,,,,,,,,,,,,,,,,,,,,,,,,,,,,,,,,,,,,,,,
"Darvish, Yu",506433,2022,35,30,194.2,771,25.6,4.8,0.226,0.388,0.259,0.291,6.7,4,37.1,25.1,49.7,38.5,31,21.9,8.6,R,2971,25.5,95,2416,-7.2,-13.5,18.6,1.4,31.5,86,2778,5.7,-37.1,6.3,1.8,,,,,,,,7.3,76.1,2704,10.6,-61.1,16.9,4.5,8.5,94.7,2274,-14.2,-19,18.5,1.5,4.3,90.7,2577,2.1,-22.7,10.9,1.5,7.4,89.2,1302,-6.2,-29.4,8.8,1.9,,,,,,,,15.4,82.7,2726,16.2,-40.3,16.5,1.9,,,,,,,,,,,,,,,,,,,,,
"Beeks, Jalen",656222,2022,28,42,61,250,28,8.8,0.223,0.376,0.297,0.299,5.8,4.5,37.2,31.1,48.5,46.2,23.1,23.7,7.1,L,999,48.2,95,2122,5.1,-12.5,18.7,1.2,1.1,81.9,2228,-2.3,-42.6,3.7,1.5,49.2,90.3,1933,16.6,-25.3,18.8,1.2,,,,,,,,,,,,,,,1.4,87,2279,-2.5,-30.8,7.8,1.7,,,,,,,,,,,,,,,,,,,,,,,,,,,,,,,,,,,,,,,,,,
"Archer, Chris",502042,2022,33,25,102.2,437,19.2,11,0.26,0.41,0.312,0.337,7.6,3.3,44.5,24.2,44.6,43.9,26.9,24.9,4.3,R,1787,35.7,93,2174,-6.4,-13.1,19.8,1.4,44.3,88.7,2464,5.2,-30.5,7,1.6,14.7,87,1705,-13,-26.9,16.1,1.4,5.3,81.7,2459,5,-46.6,7.9,1.8,,,,,,,,,,,,,,,,,,,,,,,,,,,,,,,,,,,,,,,,,,,,,,,,,,,,,,,,
"Bleier, Richard",542947,2022,35,55,50.2,222,14.4,4.5,0.272,0.393,0.339,0.302,7.8,3.4,40.8,18.7,55.1,54.2,17.9,24.6,3.4,L,768,5.7,90.7,2103,7.1,-21.2,14.2,1.1,15.8,77.7,2017,-8.8,-48.3,9.4,1.3,6.9,82.9,1533,15.9,-35.1,16.7,1.2,,,,,,,,48.6,89.8,2039,15.5,-30.6,16.1,1,22.9,87.3,1995,-0.9,-29.6,6.6,1.3,0.1,79.2,1947,-3.5,-49,5.9,,,,,,,,,,,,,,,,,,,,,,,,,,,,,,,,,,,,
"Ramírez, Erasmo",541640,2022,32,60,86.1,347,17.6,4,0.247,0.366,0.294,0.291,6.8,3.8,36.1,21.4,51.6,46.2,23.7,23.7,6.4,R,1222,4.6,93.7,2192,-8.3,-16.4,17.1,1.5,,,,,,,,3.4,85.4,1657,-12.9,-30.8,14.7,1.4,6.7,80.6,2562,7.2,-46.7,8.8,1.5,39.4,93.1,2206,-15.4,-24.8,17,1.4,45.9,89.2,2385,1.6,-25.3,9.5,1.4,,,,,,,,,,,,,,,,,,,,,,,,,,,,,,,,,,,,,,,,,,
"Pérez, Cionel",672335,2022,26,66,57.2,234,23.5,9,0.237,0.361,0.257,0.296,5.7,3.2,39.5,27.3,47.6,51.6,19.7,25.5,3.2,L,901,44.7,97,2194,6.2,-12.7,17.6,1.4,37.1,84,2602,-12.3,-43.9,13.5,1.4,,,,,,,,2.3,82.6,2831,-11.5,-56.1,19.4,1.5,15.9,96.5,2259,15.1,-20.4,17.8,1.4,,,,,,,,,,,,,,,,,,,,,,,,,,,,,,,,,,,,,,,,,,,,,,,,,
"Peters, Dillon",596071,2022,29,22,39.1,165,15.8,10.3,0.253,0.416,0.312,0.327,3.3,3.3,36.1,20.1,46.2,42.6,23.8,28.7,4.9,L,634,23.3,92.9,2305,4.8,-15.1,17.4,1,11,84.7,2377,-3.8,-38.8,4.6,1.4,24.1,84.8,1543,12.6,-28.1,16.2,1.1,14.5,77.3,2906,-11.7,-56.6,15.9,1.8,27,92.5,2190,13.4,-19.3,18.5,1.1,,,,,,,,,,,,,,,,,,,,,,,,,,,,,,,,,,,,,,,,,,,,,,,,,
"Phelps, David",475479,2022,35,65,63.2,272,23.5,11.4,0.231,0.346,0.286,0.307,6.4,4.6,34.7,19.3,40.1,37.6,28.9,27.2,6.4,R,1151,29.2,93.2,2360,-8.7,-13.6,20.2,1,,,,,,,,7.5,86.5,2171,-18,-28.3,19.9,1.1,26.4,81.7,2532,3.4,-48.4,8.3,1.4,12.3,93.2,2230,-15.5,-18.1,20.7,1.1,24.7,89.8,2420,0.7,-19.6,14.4,1.1,,,,,,,,,,,,,,,,,,,,,,,,,,,,,,,,,,,,,,,,,,
"McGee, Jake",459429,2022,35,42,37,163,15.3,7.4,0.257,0.492,0.346,0.347,7.9,1.6,42.1,19.3,52.8,28.6,38.1,22.2,11.1,L,629,82.8,94.4,2079,11.7,-15.8,19.1,1.7,17.2,85.2,1842,-1.1,-31.6,6.5,1.8,,,,,,,,,,,,,,,,,,,,,,,,,,,,,,,,,,,,,,,,,,,,,,,,,,,,,,,,,,,,,,,,,,,,,,
"Merryweather, Julian",657240,2022,30,26,26.2,119,19.3,5.9,0.246,0.456,0.355,0.327,4.6,6.9,44.8,22.4,53.5,49.4,21.8,16.1,12.6,R,417,51.6,97.3,2286,-6.5,-12.2,18.2,1.3,34.3,87.7,2345,1.7,-36.4,2.9,1.4,9.4,81.6,1340,-11.6,-31.7,15.4,1.4,4.8,80.3,2308,11.4,-57.4,18.8,1.5,,,,,,,,,,,,,,,,,,,,,,,,,,,,,,,,,,,,,,,,,,,,,,,,,,,,,,,,
"Martin, Chris",455119,2022,36,60,56,225,32.9,2.2,0.212,0.346,0.266,0.25,5.5,8.3,41.7,25.8,53.8,49.7,22.1,20,8.3,R,856,43.1,95.2,2181,-7.8,-15.9,16.3,1,,,,,,,,,,,,,,,3.7,83.9,2574,7.4,-49.9,13.3,1.4,8.3,94.6,2064,-14.5,-19.9,18.3,1.1,31.8,91.6,2158,2.4,-26.1,7.1,1.3,9.2,88.4,1507,-12.4,-31.7,13.1,1.3,,,,,,,,3.9,84.1,2425,13.6,-40.6,14.1,1.5,,,,,,,,,,,,,,,,,,,,,
"Leiter Jr., Mark",643410,2022,31,35,67.2,282,25.9,8.9,0.23,0.378,0.296,0.306,6.8,6.2,34.5,29,44.2,49.2,22,21.5,7.3,R,1086,22.6,91.1,1949,-5.4,-16.5,17.4,1,5.2,79.4,2211,13.5,-43.1,13.9,1.4,,,,,,,,16.7,73.2,2264,7.6,-68.6,18.5,1.2,23.3,90.9,1913,-12.7,-20.6,17.9,1,9.7,87.4,2085,3.2,-29.7,7.2,1.6,22.7,84.2,842,-6.4,-34.1,8.5,1.2,,,,,,,,,,,,,,,,,,,,,,,,,,,,,,,,,,,
"Gallen, Zac",668678,2022,26,31,184,714,26.9,6.6,0.213,0.34,0.25,0.278,4.8,4.1,36.1,23,47.4,46.7,24.2,22.2,6.9,R,2935,48,94.1,2420,-3.4,-13.4,18,1.2,0.9,86.7,2513,7.5,-35.6,8.4,1.5,14.2,86.2,1539,-11.9,-32.8,12.9,2,21.9,81.6,2515,6.7,-53.5,14,1.4,0,94.7,2216,-14.4,-16.3,20.3,,14.9,89.9,2424,5.3,-26.7,9.3,1.4,,,,,,,,,,,,,,,,,,,,,,,,,,,,,,,,,,,,,,,,,,
"Poppen, Sean",664092,2022,28,29,28.2,120,18.3,10,0.221,0.363,0.342,0.293,5.9,4.7,36.5,16,42.8,37.6,30.6,24.7,7.1,R,439,,,,,,,,34.4,83.5,2280,15.5,-40.9,15.7,1.4,3.4,85.3,1860,-17.2,-33.3,18,1.4,,,,,,,,62.2,94.6,2090,-14.9,-23,17,1.1,,,,,,,,,,,,,,,,,,,,,,,,,,,,,,,,,,,,,,,,,,,,,,,,,
"Alexander, Jason",669920,2022,29,18,71.2,321,14.3,8.7,0.285,0.449,0.38,0.357,4.1,5.3,44,17.2,43.2,52.3,21.4,23.5,2.9,R,1160,4.4,93.1,2191,-13.9,-20.3,18.1,1.2,23.2,81.2,2512,11.2,-39.6,12.1,1.7,15.7,81.5,1806,-17,-38.3,17.5,1.3,,,,,,,,56.7,92.4,2062,-16.4,-30.9,16.5,1.1,,,,,,,,,,,,,,,,,,,,,,,,,,,,,,,,,,,,,,,,,,,,,,,,,
"Rogers, Taylor",573124,2022,31,66,64.1,274,30.7,6.9,0.234,0.391,0.315,0.313,7.5,5.6,40.6,30.9,43.8,43.1,27.5,23.8,5.6,L,1085,0.2,93.6,2223,8.5,-22.7,11.7,1.4,,,,,,,,,,,,,,,,,,,,,,42.8,94.3,2168,17,-23.2,18.8,1,,,,,,,,,,,,,,,,,,,,,,57.1,80.9,2693,-14.1,-40.4,14.5,1.6,,,,,,,,,,,,,,,,,,,,,
"Bradley, Archie",605151,2022,29,21,18.2,78,19.2,9,0.221,0.365,0.279,0.286,5.4,1.8,32.1,20.3,45.2,58.9,21.4,16.1,3.6,R,305,29.5,93.7,2188,-9.9,-14.8,19.4,1.1,,,,,,,,15.7,85.6,1396,-13,-30.5,15,1.4,27.2,79.7,1968,9.2,-49.2,12,1.6,27.5,93.2,2078,-15.4,-19,20,1.2,,,,,,,,,,,,,,,,,,,,,,,,,,,,,,,,,,,,,,,,,,,,,,,,,
"Clevinger, Mike",605182,2022,31,23,114.1,485,18.8,7.2,0.247,0.435,0.314,0.332,6.3,5.4,39.1,24.3,48.2,36.1,35,21.5,7.4,R,1925,36.8,93.6,2300,-8.7,-14.3,19.2,1.4,20.6,79.9,2447,15.6,-44.6,15.9,1.4,9.7,86.3,1554,-14.4,-26.6,17.9,1.7,3.4,76.8,2231,6.5,-57.4,13,1.5,14.9,93.2,2242,-14,-16.6,20.7,1.4,14.6,86.6,2472,4.3,-31.3,7.8,2.5,,,,,,,,,,,,,,,,,,,,,,,,,,,,,,,,,,,,,,,,,,
"Karinchak, James",675916,2022,26,38,39,160,38.8,13.1,0.181,0.279,0.243,0.267,7.9,0,40.8,34.7,38.9,23.7,31.6,31.6,13.2,R,704,59.7,95.2,2349,-1.9,-9.5,21,0.9,,,,,,,,,,,,,,,40.3,82.9,2398,-1.7,-48.3,9,1.2,,,,,,,,,,,,,,,,,,,,,,,,,,,,,,,,,,,,,,,,,,,,,,,,,,,,,,,,
"Luzardo, Jesús",666200,2022,24,18,100.1,400,30,8.8,0.218,0.352,0.267,0.287,6.6,3.7,39.1,31.7,45.9,41.2,24.7,28,6.2,L,1644,29.3,96.3,2207,13.6,-14.8,20.3,1.5,30.1,83.7,2325,-1.1,-39.6,2.4,1.7,22.6,87.2,1900,15.6,-27.7,17.8,1.5,,,,,,,,18,95.7,2138,17.1,-18.2,20.9,1.4,,,,,,,,,,,,,,,,,,,,,,,,,,,,,,,,,,,,,,,,,,,,,,,,,
"Bello, Brayan",678394,2022,23,13,57.1,268,20.5,10.1,0.247,0.347,0.355,0.303,4.9,4.9,37.5,26,45.9,55.4,17.4,24.5,2.7,R,997,18.7,97,2202,-9.5,-15.7,16.6,1,22,85,2497,4.2,-39.7,5.4,1.4,23.7,88.2,1876,-16.7,-30.4,17.4,1.1,0.5,80.2,2448,1.7,-52.9,10.6,1.5,35.2,96.3,2122,-17.2,-25.1,17.9,1.1,,,,,,,,,,,,,,,,,,,,,,,,,,,,,,,,,,,,,,,,,,,,,,,,,
"Sulser, Beau",676641,2022,28,10,22.1,99,19.2,9.1,0.216,0.351,0.355,0.28,14.3,7.1,37.1,20.9,50.6,47.1,21.4,20,11.4,R,360,37.2,92.8,2344,-12.7,-15.6,20.8,1.3,,,,,,,,31.7,83.7,1469,-14.2,-32.1,15.9,1.4,8.3,80.3,2495,12.9,-48,14.2,1.4,,,,,,,,22.8,88.1,2342,0.7,-26.3,9.2,1.7,,,,,,,,,,,,,,,,,,,,,,,,,,,,,,,,,,,,,,,,,,
"Feltner, Ryan",663372,2022,25,20,97.1,428,19.6,8.2,0.26,0.454,0.343,0.34,7.3,4,42.6,20.7,46.1,41.6,27.4,25.7,5.3,R,1675,35.3,94.5,2346,-6.6,-17,15,1.4,26.6,84.6,2489,5.3,-36,6.6,2,6.2,83.8,1595,-5.3,-33,8.3,1.7,9.6,77.9,2548,8.2,-54.5,12.8,1.7,20.2,93.5,2305,-12.1,-25.7,13.3,1.2,,,,,,,,,,,,,,,,,,,,,,2.1,82.1,2433,11.5,-38.2,11.8,1.3,,,,,,,,,,,,,,,,,,,,,
"Snead, Kirby",669912,2022,27,46,44.2,210,16.7,10.5,0.261,0.403,0.369,0.325,3.3,4.6,38.4,19.9,43.8,43.7,27.8,23.8,4.6,L,780,13.7,93.5,2497,14.3,-18.5,19.4,1.1,37.4,82,2788,-9.2,-41.2,9.6,1.6,7.1,87.6,2222,18.6,-35.9,18.7,1.3,,,,,,,,41.8,93.3,2402,18.7,-25.3,19.8,1,,,,,,,,,,,,,,,,,,,,,,,,,,,,,,,,,,,,,,,,,,,,,,,,,
"Castano, Daniel",641447,2022,27,10,35.2,156,12.8,5.8,0.281,0.431,0.366,0.336,2.4,7.2,33.6,17.3,51.1,48.8,20.8,24,6.4,L,577,12.3,92,2239,5.3,-19.6,14,1.5,28.1,81.2,2437,-7.4,-42,7.9,1.8,12.8,84.1,1769,12.6,-29.7,15.6,1.5,,,,,,,,5.9,89.4,2168,10.8,-27.3,13,1.5,40.9,86.5,2388,-0.4,-30,7.3,1.5,,,,,,,,,,,,,,,,,,,,,,,,,,,,,,,,,,,,,,,,,,
"Lyles, Jordan",543475,2022,31,32,179,774,18.6,6.7,0.267,0.451,0.341,0.34,6.3,5.1,38.8,21.9,46.3,40.4,28.2,23.2,8.2,R,2988,31.8,91.8,2204,-5.9,-15.5,18.1,1.2,,,,,,,,10.7,86.3,1464,-13.7,-29.1,15.9,1.6,13.4,79.1,2433,7.6,-58.7,16.5,1.5,17.6,90.8,2095,-13.4,-20.8,18.4,1.4,2.6,84.9,2438,4.8,-34.6,6.4,1.9,,,,,,,,,,,,,,,24,80,2638,16.8,-44.2,17.1,1.3,,,,,,,,,,,,,,,,,,,,,
"Wood, Alex",622072,2022,31,26,130.2,555,23.6,5.4,0.248,0.397,0.315,0.31,6.3,4.2,39.8,25,48.1,49.2,22.8,23.6,4.5,L,2239,,,,,,,,36,84.5,2067,-3.1,-41.1,4.9,1.1,18.5,85.7,1668,14.1,-37,14.3,1.1,,,,,,,,45.5,92.4,2041,15.6,-21.6,18.9,1,,,,,,,,,,,,,,,,,,,,,,,,,,,,,,,,,,,,,,,,,,,,,,,,,
"Crawford, Kutter",676710,2022,26,21,77.1,334,23.1,8.7,0.253,0.438,0.344,0.331,8.8,5.8,38.9,25.6,47.7,31.4,30.5,28.8,9.3,R,1296,38.5,94.6,2420,-10,-11.6,21.8,1.5,5.4,85.1,2429,5.2,-38,5.7,1.4,5.6,86.8,1436,-10.9,-25.1,16,1.8,16.9,79.7,2271,9.2,-57.5,16.9,1.4,,,,,,,,31.9,88.7,2423,4.4,-26.7,9.4,1.5,1.7,86.1,1041,-9.4,-29.3,13.2,1.5,,,,,,,,,,,,,,,,,,,,,,,,,,,,,,,,,,,
"Leone, Dominic",608678,2022,30,55,49.1,222,23.4,10.8,0.238,0.371,0.35,0.3,6.8,2.7,41.1,35.8,55.4,40.4,26.7,26,6.8,R,826,37,95.5,2323,-6.1,-14.4,16.8,1.1,35.7,85.1,2453,5.1,-40.5,6.2,1.2,,,,,,,,,,,,,,,0.1,94.8,2269,-12.7,-20.4,16.1,,27.1,91.4,2404,3.5,-24.8,8.8,1.3,,,,,,,,,,,,,,,,,,,,,,,,,,,,,,,,,,,,,,,,,,
"Akin, Keegan",669211,2022,27,45,81.2,329,23.4,6.1,0.242,0.38,0.284,0.295,7.4,5.2,37.4,25.8,53,50,21.7,25.2,3,L,1235,52,93.5,2256,10.7,-13.6,21,1.2,29.5,85.3,2163,-5.1,-36.2,6.2,1.9,18.1,84.1,1967,16,-30,18.5,1.5,0.4,75.1,2385,-10.4,-61.9,16.2,1.4,,,,,,,,,,,,,,,,,,,,,,,,,,,,,,,,,,,,,,,,,,,,,,,,,,,,,,,,
"Hembree, Heath",592390,2022,33,26,22,107,15.9,15.9,0.296,0.554,0.414,0.407,9.6,1.4,50.7,18.3,41.4,26,31.5,28.8,13.7,R,396,52,94.2,2320,-8.7,-13.7,19.4,1.3,44.9,84.2,2645,8.4,-31.8,11.5,1.4,,,,,,,,3,79.5,2659,10.1,-52.4,13.7,1.6,,,,,,,,,,,,,,,,,,,,,,,,,,,,,,,,,,,,,,,,,,,,,,,,,,,,,,,,
"Hendriks, Liam",521230,2022,33,58,57.2,235,36.2,6.8,0.182,0.315,0.27,0.252,3,3.8,39.4,41.3,47.5,36.4,28.8,24.2,10.6,R,948,60.5,97.6,2398,-6,-10.1,19.8,1.1,28.9,89,2201,2.5,-30.7,5,1.2,,,,,,,,10.5,85.8,2189,3.2,-47.6,11.2,1.4,,,,,,,,,,,,,,,,,,,,,,,,,,,,,,,,,,,,,,,,,,,,,,,,,,,,,,,,
"Holderman, Colin",670059,2022,26,24,28.1,118,20.3,11.9,0.211,0.317,0.267,0.295,1.3,6.6,32.9,22.5,44.2,47.4,21.1,14.5,17.1,R,432,4.2,96.5,2221,-8.6,-16.7,15.4,1.4,40.7,86.1,2455,7.6,-32.3,9.9,2.2,1.2,86.4,1899,-15.8,-33.3,16.2,1.4,,,,,,,,45.8,96,2173,-15.4,-20.2,18.2,1.5,8.1,90.1,2405,0.3,-25.4,9.1,1.7,,,,,,,,,,,,,,,,,,,,,,,,,,,,,,,,,,,,,,,,,,
"Barlow, Joe",669618,2022,26,35,35,146,19.2,8.9,0.248,0.47,0.3,0.351,7.9,2,42.6,27.2,49.1,36.6,32.7,22.8,7.9,R,554,28.5,94.5,2330,-6.2,-11.6,20.2,1.5,60.1,87.3,2285,3.9,-28.5,8.8,1.9,,,,,,,,8.5,81.3,2458,1.8,-50.3,9.4,1.6,2.9,94.7,2344,-12.1,-12.7,21.9,1.4,,,,,,,,,,,,,,,,,,,,,,,,,,,,,,,,,,,,,,,,,,,,,,,,,
"Price, David",456034,2022,36,40,40.1,167,22.2,5.4,0.251,0.414,0.301,0.304,5.8,3.3,38,18.6,48.7,56.2,24,17.4,2.5,L,596,42.1,92.1,1888,10.6,-20.2,16.1,1.8,,,,,,,,10.7,83.9,1627,14.6,-33.2,15.9,1.8,4.2,78.4,2224,-8.4,-47.8,9.6,1.9,25.2,92.4,1888,15.1,-22.2,18.1,1.6,17.8,87.9,1954,0,-27.7,7.9,1.7,,,,,,,,,,,,,,,,,,,,,,,,,,,,,,,,,,,,,,,,,,
"Kuhnel, Joel",669270,2022,27,53,58,255,22,5.5,0.237,0.392,0.347,0.301,5.6,2.2,39.5,25.2,49.7,54.4,23.3,18.3,3.9,R,926,24.6,96.2,2229,-6.9,-17.1,14.4,1.6,30,86.8,2365,4.4,-35.4,5.1,1.6,15.4,90.2,1483,-11.6,-28.5,12.9,1.6,,,,,,,,29.9,96,2236,-15.8,-21.4,18,1.6,,,,,,,,,,,,,,,,,,,,,,,,,,,,,,,,,,,,,,,,,,,,,,,,,
"Burnes, Corbin",669203,2022,27,33,202,797,30.5,6.4,0.212,0.336,0.267,0.273,5.1,4.7,34.1,35.2,46.2,47.6,24.3,21.8,6.3,R,3274,0.5,96.1,2578,-5.1,-13.8,16.6,1.3,9.2,88.2,2801,7.4,-35.1,8,1.8,9.8,90.3,2044,-14.4,-26.5,16.3,1.2,18.4,81.6,2761,9.8,-47.5,12,1.4,6.7,96.2,2493,-11.6,-17.3,17.1,1.2,55.4,95,2626,4.4,-18.7,12.5,1.2,,,,,,,,,,,,,,,,,,,,,,,,,,,,,,,,,,,,,,,,,,
"Brebbia, John",605154,2022,32,76,68,288,18.8,6.3,0.237,0.384,0.317,0.291,9.3,7,38.6,23.5,52.2,37.2,30.7,23.3,8.8,R,1091,46.2,94.4,2309,-10.1,-13.4,20.2,1.3,53.8,84,2548,5.9,-35.4,7.2,1.8,,,,,,,,,,,,,,,,,,,,,,,,,,,,,,,,,,,,,,,,,,,,,,,,,,,,,,,,,,,,,,,,,,,,,,
"Gilbert, Logan",669302,2022,25,32,185.2,766,22.7,6.4,0.253,0.408,0.299,0.314,7.4,3.7,45.6,24.2,50.3,37.8,26.4,28.9,6.9,R,3015,53.9,96.1,2135,-6.4,-11.9,19,1.3,24.2,86.9,2289,6.1,-31.6,8.1,1.9,8,86.2,1752,-15.3,-28.3,17.7,1.8,12.5,80.8,2117,4.2,-50.1,9.6,1.6,1.4,94.7,1973,-13.7,-18.1,18.6,1.3,,,,,,,,,,,,,,,,,,,,,,,,,,,,,,,,,,,,,,,,,,,,,,,,,
"Detmers, Reid",672282,2022,22,25,129,539,22.6,8.5,0.243,0.387,0.3,0.312,6.3,3.6,38.6,25.3,48.3,36.6,26.4,28.1,8.8,L,2181,44.1,93.2,2102,10.1,-14.7,19.9,1.2,24,86.3,2140,-2.4,-37.3,4.8,2.3,11.3,84.2,1435,13.5,-29.6,16.4,1.2,18.2,73.1,2476,-12.2,-67,19.5,1.4,0.9,93.7,2127,15.5,-17.3,21,1.3,,,,,,,,,,,,,,,,,,,,,,1.6,80.2,2229,-14.8,-47.3,15.8,1.4,,,,,,,,,,,,,,,,,,,,,
"Montas, Frankie",593423,2022,29,27,144.1,608,23.4,7.1,0.242,0.396,0.309,0.31,4.8,3.9,34.2,27.6,51.3,45.8,21.4,23.9,8.9,R,2327,28.4,96.1,2357,-6.3,-12.8,18.1,1.2,15.6,87.2,2410,6.2,-32.8,7.3,1.3,,,,,,,,,,,,,,,22.2,95.6,2242,-15.5,-18.5,19.4,1.2,8.3,89.5,2396,4,-27.8,7.9,1,25.5,86.4,1467,-12.1,-33.4,12.8,1.2,,,,,,,,,,,,,,,,,,,,,,,,,,,,,,,,,,,
"Germán, Domingo",593334,2022,29,15,72.1,298,19.5,6.4,0.237,0.389,0.312,0.302,7.8,3.7,40.6,24.3,49.8,40.6,24.4,24,11.1,R,1081,27.3,92.7,2539,-11,-15.7,19.8,1.2,,,,,,,,23.2,85.9,2368,-17.9,-28.5,20.1,1.3,37.3,81,2617,1.3,-45,4.2,1.4,12.2,92.7,2476,-17.5,-22.8,19.9,1.2,,,,,,,,,,,,,,,,,,,,,,,,,,,,,,,,,,,,,,,,,,,,,,,,,
"López, Jorge",605347,2022,29,67,71,298,24.2,10.4,0.211,0.323,0.27,0.284,4.3,6.9,33,24.3,46.9,58.5,17.6,20.7,3.2,R,1161,4.5,97.3,2068,-10.3,-13.7,18.5,1.3,10.7,87.4,2369,7.7,-34.5,9,1.7,15.6,90,1699,-15.8,-30.8,16.3,1.3,18.8,84.1,2449,9.2,-50.8,15.2,1.5,50.5,97.7,1990,-17.2,-20.6,19.1,1.1,,,,,,,,,,,,,,,,,,,,,,,,,,,,,,,,,,,,,,,,,,,,,,,,,
"Stephens, Jackson",623451,2022,28,39,53.2,235,20,9.8,0.247,0.361,0.286,0.304,2.5,4.9,32.1,22.1,48.9,47.5,16,30.2,6.2,R,944,36.5,94.1,2062,-6.1,-16.2,15.9,1.1,3.5,86.9,2457,4.8,-35.6,5.4,1.6,9.6,85.9,1505,-8.2,-35.2,8.7,1.5,28.8,76.8,2974,16,-57.8,19.5,1.5,21.5,94,1903,-15.2,-21.7,18,1.2,,,,,,,,,,,,,,,,,,,,,,,,,,,,,,,,,,,,,,,,,,,,,,,,,
"Hernández, Elieser",622694,2022,27,20,62.1,278,21.6,7.9,0.233,0.475,0.388,0.337,5.7,4.7,35.9,24.9,49.6,28.6,35.4,20.8,15.1,R,1095,43.2,91.6,2095,-6.4,-15.1,19,1.2,36.1,80.1,2103,8.2,-30.5,15.2,1.9,13.5,84.6,1922,-16.5,-29.4,19,2,,,,,,,,7.2,92,2075,-13.7,-18.7,19.5,1.3,,,,,,,,,,,,,,,,,,,,,,,,,,,,,,,,,,,,,,,,,,,,,,,,,
"Houck, Tanner",656557,2022,26,32,60,247,22.7,8.9,0.241,0.355,0.274,0.305,4.9,3.1,39.3,29.2,46.9,52.1,19.6,25.2,3.1,R,918,23.5,95.2,2137,-10.4,-20.9,14,1.1,40.8,85.4,2556,11.1,-37,11.5,1.1,,,,,,,,,,,,,,,29.6,94.5,2047,-16.6,-31.6,16.9,1.3,,,,,,,,6,87.6,1656,-14.8,-34.1,15.5,1.3,,,,,,,,,,,,,,,,,,,,,,,,,,,,,,,,,,,
"Grove, Michael",675627,2022,25,7,29.1,133,18,7.5,0.216,0.354,0.335,0.275,8.1,2,43.4,22.3,50.4,41.4,37.4,17.2,4,R,472,51.1,94.4,2182,-6.7,-13.4,18.7,1.3,20.1,85,2274,4.9,-34.4,6.4,1.4,,,,,,,,28.8,79.1,2559,8,-56.8,15.3,1.4,,,,,,,,,,,,,,,,,,,,,,,,,,,,,,,,,,,,,,,,,,,,,,,,,,,,,,,,
"Thornton, Trent",663423,2022,28,32,46,189,19.6,9,0.267,0.46,0.309,0.348,10.4,3,44.8,20.6,45.3,36.6,23.1,28.4,11.9,R,664,41.7,93.8,2431,-2.5,-13.1,18.4,1.5,0.8,85.1,2705,6.4,-30.4,10.1,1.6,,,,,,,,15.2,79.7,3028,8.4,-59.4,18.1,1.6,4.4,92.9,2263,-11.1,-19.7,16.4,1.5,,,,,,,,,,,,,,,,,,,,,,38,82.1,2923,14.8,-41,15.2,1.5,,,,,,,,,,,,,,,,,,,,,
"Jansen, Kenley",445276,2022,34,65,64,260,32.7,8.5,0.169,0.292,0.265,0.239,5.3,6,32.5,27.3,50.6,30.5,39.1,18.5,11.9,R,1006,,,,,,,,13.1,81.2,2459,4.6,-47.4,7.9,2.1,,,,,,,,,,,,,,,21.9,93.6,2232,-4.7,-11.8,20,1.5,65,92.2,2564,8.3,-15.7,18.5,1.6,,,,,,,,,,,,,,,,,,,,,,,,,,,,,,,,,,,,,,,,,,
"Ureña, José",570632,2022,30,21,97,432,14.6,10,0.271,0.427,0.34,0.341,6.8,3.7,38.5,19.4,46.7,50.5,20.6,24.3,4.6,R,1622,8.1,95.9,2151,-10.3,-17.4,16.4,1.2,24.5,86.8,2323,1.4,-30.4,6.8,1.9,16,90.2,1699,-11.8,-24.7,15,1.4,,,,,,,,51.4,95.6,2191,-14.5,-22.4,16.4,1.1,,,,,,,,,,,,,,,,,,,,,,,,,,,,,,,,,,,,,,,,,,,,,,,,,
"Leclerc, José",600917,2022,28,39,47.2,198,27.3,10.6,0.188,0.323,0.28,0.278,5.8,2.5,32.5,37.1,48.2,29.2,35.8,17.5,17.5,R,782,36.6,96.5,2639,-4,-11.4,18.7,1.1,35.4,83.3,2583,9.5,-37.8,10.2,1.6,22,89.7,2153,-13.5,-23.1,17.6,1.3,,,,,,,,,,,,,,,6,89.2,2781,5.1,-30.8,6.9,1.4,,,,,,,,,,,,,,,,,,,,,,,,,,,,,,,,,,,,,,,,,,
"Civale, Aaron",650644,2022,27,20,97,407,24.1,5.4,0.246,0.393,0.313,0.303,7.5,3.9,40.4,24.3,46.9,41.8,28.2,23.6,6.4,R,1587,8.8,90.7,2353,-2.2,-16,17.3,1.2,1.8,81.6,2781,9.3,-43,11.2,1.6,,,,,,,,27.5,75.9,2971,11.7,-65.8,21.3,1.4,21.7,91.3,2312,-12.2,-21.2,17,1.2,35,86.4,2611,6.5,-32.3,8.3,1.5,3.6,85.5,1843,-12,-29.4,14.5,1.4,,,,,,,,1.5,79,2842,19.4,-45.5,19.6,1.5,,,,,,,,,,,,,,,,,,,,,
"Adam, Jason",592094,2022,30,67,63.1,237,31.6,7.2,0.162,0.257,0.213,0.226,5.1,2.2,27.5,38.8,49.8,44.2,24.6,18.1,13,R,942,32.1,94.8,2654,-6.9,-13,19.1,1.3,,,,,,,,32.2,90,2016,-16.4,-31.8,16.7,1.6,,,,,,,,,,,,,,,,,,,,,,,,,,,,,,,,,,,,35.8,81.3,2719,13.1,-43.4,13.5,1.5,,,,,,,,,,,,,,,,,,,,,
"Ferguson, Caleb",657571,2022,25,37,34.2,142,26.1,12,0.195,0.284,0.265,0.273,4.7,9.3,30.2,26.9,47.4,41.9,23.3,26.7,8.1,L,580,66.9,94.8,2319,6.2,-14.5,17.1,1,,,,,,,,,,,,,,,33.1,78.3,3084,-13.8,-58.9,19.7,1.3,,,,,,,,,,,,,,,,,,,,,,,,,,,,,,,,,,,,,,,,,,,,,,,,,,,,,,,,
"Garrett, Amir",607237,2022,30,60,45.1,196,25,16.3,0.194,0.277,0.276,0.296,3.6,4.5,30,26.9,42.5,40,25.5,25.5,9.1,L,804,37.7,94.1,2224,11.2,-16.5,18.4,1.4,56.5,84.7,1848,-1.5,-32.8,6,1.5,,,,,,,,,,,,,,,5.8,94,2210,14.3,-19.7,18.5,1.4,,,,,,,,,,,,,,,,,,,,,,,,,,,,,,,,,,,,,,,,,,,,,,,,,
"Bruihl, Justin",677865,2022,25,24,23.2,100,13,6,0.245,0.382,0.322,0.3,3.8,10.3,24.4,23.8,53.1,41,25.6,25.6,7.7,L,341,,,,,,,,,,,,,,,,,,,,,,,,,,,,,15.8,88.7,2127,13.5,-31.4,14.2,1.2,64.2,86.4,2279,-3.5,-28.6,8.7,1.2,,,,,,,,,,,,,,,19.9,77.5,2391,-15.8,-48,16.3,1.6,,,,,,,,,,,,,,,,,,,,,
"Smeltzer, Devin",656970,2022,26,15,70.1,287,13.9,6.6,0.25,0.436,0.326,0.322,10.6,5.3,39.2,18.5,46.9,39.2,30.4,21.6,8.8,L,1129,39.1,89.5,2278,11,-18.1,19.7,1.4,,,,,,,,25.7,82.2,1599,13.6,-37.5,14,1.4,17.9,75.2,2555,-11.5,-59.1,15.8,1.6,0.9,88.6,2155,14.5,-24,18.3,1.5,9.7,84.8,2159,-2.4,-29.3,9.3,1.4,,,,,,,,,,,,,,,6.6,77,2544,-15.8,-45.2,16,1.5,,,,,,,,,,,,,,,,,,,,,
"Sandoval, Patrick",663776,2022,25,27,148.2,638,23.7,9.4,0.245,0.359,0.294,0.307,3.3,4,34,29.5,48.2,47.7,22.1,23,7.1,L,2456,22.8,93.1,2037,4,-15.1,17.2,1.5,29.2,86.3,2551,-6.6,-35.6,7.5,1.5,24.6,83.7,1608,14.3,-30.6,16.8,1.5,9.2,78.6,2779,-7.6,-56.5,14.4,2.5,14.2,93.4,1924,13.7,-19,18.6,1.5,,,,,,,,,,,,,,,,,,,,,,,,,,,,,,,,,,,,,,,,,,,,,,,,,
"Bush, Matt",456713,2022,36,65,59.2,244,30.3,7.4,0.186,0.317,0.274,0.254,8.7,2.7,39.6,29.8,45.8,42.3,34.2,16.8,6.7,R,909,48.3,97.3,2527,-6.7,-10,20.3,1.2,,,,,,,,,,,,,,,35.2,81,2480,8.4,-51.8,13.2,1.4,0.3,96,2299,-13.4,-13.7,21,1.4,16.2,92.9,2616,2.1,-22.1,10.3,1.6,,,,,,,,,,,,,,,,,,,,,,,,,,,,,,,,,,,,,,,,,,
"Patiño, Luis",672715,2022,22,6,20,98,11.2,13.3,0.256,0.44,0.426,0.349,5.5,1.4,31.5,20.7,49.7,38.4,35.6,16.4,9.6,R,388,44.1,94.6,2248,-5.4,-12.5,19.1,1.2,29.9,84.3,2388,7.4,-31.8,10.6,1.9,12.9,85.4,1837,-13.9,-26.1,18.2,1.5,,,,,,,,13.1,93.7,2131,-13.7,-19.6,18,1.3,,,,,,,,,,,,,,,,,,,,,,,,,,,,,,,,,,,,,,,,,,,,,,,,,
"Gonzales, Marco",594835,2022,30,32,183,783,13.2,6.4,0.266,0.435,0.337,0.33,3.5,4.8,35,18.3,51,42.9,27.4,22.6,7.1,L,2836,36.6,88.5,1986,12.2,-20.3,19.3,1.1,,,,,,,,30.5,79.4,2114,17.3,-36.7,18.8,0.9,13.4,76.6,2114,-6.3,-59.8,14.6,1.2,,,,,,,,19.5,86.1,2030,2.2,-25.2,11.8,1,,,,,,,,,,,,,,,,,,,,,,,,,,,,,,,,,,,,,,,,,,
"Sánchez, Aníbal",434671,2022,38,14,69.1,292,16.4,11.3,0.249,0.411,0.32,0.332,6.8,4.8,37.2,19.5,45,39.1,30.9,21.3,8.7,R,1232,16.8,89.8,2064,-3.8,-17.2,17.2,1.3,5.7,83,2179,5.1,-35.1,7.4,1.9,25.6,79.9,1470,-13.4,-35.3,16.2,6.1,5.6,75.4,1953,3,-51.1,4.7,1.9,19.1,89.1,1925,-12.3,-21.1,18.3,1.4,27.3,87.2,2095,0.4,-23.6,12.5,1.5,,,,,,,,,,,,,,,,,,,,,,,,,,,,,,,,,,,,,,,,,,
"Mikolas, Miles",571945,2022,33,33,202.1,805,19,4.8,0.252,0.4,0.279,0.306,6.8,4.3,36,18.5,48.9,45.9,25.2,23.8,5.1,R,3152,27.3,93.5,2292,-4.9,-16.3,15.9,1.5,25.4,87.7,2381,3.9,-31.1,6.2,1.4,4,82.7,1575,-12,-31,15.5,3.6,21.1,76,2547,8.7,-63.3,17.7,2.2,22.2,93,2232,-13.3,-19.5,18.4,1.5,,,,,,,,,,,,,,,,,,,,,,,,,,,,,,,,,,,,,,,,,,,,,,,,,
"Flexen, Chris",623167,2022,27,33,137.2,590,16.1,8.6,0.256,0.43,0.315,0.33,5.7,5.4,40,21.7,48.8,35.1,32.6,23.5,8.8,R,2204,39.4,91.7,2132,-2.3,-13.7,19.2,1.3,6.1,81.1,2523,7,-43.1,8.3,1.7,16.1,81.1,1309,-12.6,-32.9,15.5,1.6,3.6,74.6,2651,8.4,-64.6,17.4,1.9,0.1,92.6,2169,-9,-12.9,21.1,1.5,32.5,87.4,2356,6.6,-28.4,10,1.5,,,,,,,,,,,,,,,2.1,80.2,2587,12.6,-44.6,13.1,1.4,,,,,,,,,,,,,,,,,,,,,
"Kennedy, Ian",453178,2022,37,57,50.1,232,19,9.5,0.288,0.514,0.36,0.374,7.9,2.4,45.1,19.4,50.1,24.4,32.9,34.1,8.5,R,867,81.4,93.4,2447,-10.4,-14.1,20.4,0.9,1.7,81,2462,10.4,-41,11.1,1.3,1,87.6,1996,-13.4,-24.6,17.4,1.4,4,79,2595,7.4,-54.6,13.1,1.4,,,,,,,,2.1,85.9,2075,3.2,-33.4,5.2,1.3,9.7,85.5,1136,-7.8,-29.5,11.9,1.2,,,,,,,,,,,,,,,,,,,,,,,,,,,,,,,,,,,
"Marte, Yunior",628708,2022,27,39,48,214,20.6,10.3,0.238,0.326,0.33,0.303,5.6,5.6,37.3,26.3,47.9,50,20.4,24.6,4.9,R,856,25.9,97.8,2412,-12.2,-14.5,18.9,1.2,38,86,2601,4.3,-35.9,5,1.5,0.1,90.9,2462,-6.1,-21.9,13.3,,,,,,,,,36,96.9,2328,-17.7,-21.4,19.5,1.2,,,,,,,,,,,,,,,,,,,,,,,,,,,,,,,,,,,,,,,,,,,,,,,,,
"Moore, Matt",519043,2022,33,63,74,304,27.3,12.5,0.187,0.288,0.257,0.263,5.5,4.9,31.3,31.1,50.7,44.5,23.6,21.4,10.4,L,1248,45,93.9,2385,9.1,-13.2,20.3,1.1,,,,,,,,16.8,85,2020,17,-29.4,19.2,1.3,38.2,83.6,2434,-4.1,-50.2,11.8,1.1,,,,,,,,,,,,,,,,,,,,,,,,,,,,,,,,,,,,,,,,,,,,,,,,,,,,,,,,
"Lemoine, Jake",621082,2022,28,9,16.1,74,17.6,9.5,0.231,0.396,0.355,0.304,7.4,0,40.7,22.1,37.9,40.7,40.7,14.8,3.7,R,298,10.4,92.9,2108,-11.8,-15.5,20.2,1.3,24.8,83.9,2242,4.8,-37.2,5.4,1.3,7.4,85.9,1517,-15.3,-34,15.9,1.4,,,,,,,,57.4,93.1,2070,-16.7,-20.8,20.1,1.1,,,,,,,,,,,,,,,,,,,,,,,,,,,,,,,,,,,,,,,,,,,,,,,,,
"Shreve, Chasen",592741,2022,31,25,26.1,114,25.4,8.8,0.263,0.451,0.336,0.34,6.7,2.7,40,29,45.8,40,26.7,24,9.3,L,474,44.5,90.6,2338,10.7,-15.6,21,1,18.4,80.9,2272,-5.9,-47,8.1,1.2,,,,,,,,,,,,,,,,,,,,,,,,,,,,,37.1,82.9,989,11.3,-35.8,12.9,1.2,,,,,,,,,,,,,,,,,,,,,,,,,,,,,,,,,,,
"Pivetta, Nick",601713,2022,29,33,179.2,773,22.6,9.4,0.248,0.433,0.33,0.332,10.4,2.5,45.6,23.5,47.6,38.5,27.3,25.4,8.8,R,3082,51,93.4,2310,-5.1,-10.9,21.3,1.3,2.8,83,2476,6.9,-42,7.8,1.7,0,91.9,2329,-16.9,-8.9,30.1,,27,77.2,2710,7.9,-65.3,20.2,1.6,,,,,,,,16.9,86.2,2294,5.5,-32.3,8,1.7,2.2,87,1152,-8.1,-27.7,12,1.7,,,,,,,,,,,,,,,,,,,,,,,,,,,,,,,,,,,
"Ashcraft, Graham",668933,2022,24,19,105,464,15.3,6.5,0.263,0.375,0.326,0.311,3.7,5.6,36.3,18.6,49.4,54.6,18.9,22.5,3.9,R,1756,,,,,,,,27.1,85.8,2707,11,-40.1,11.8,2,0.7,89.8,1776,-13.6,-28.1,14.9,1.4,,,,,,,,21.1,97.2,2183,-9.9,-22.5,12.1,1.9,51.1,97.3,2383,0.5,-19.3,9.9,1.6,,,,,,,,,,,,,,,,,,,,,,,,,,,,,,,,,,,,,,,,,,
"Winder, Josh",680739,2022,25,15,67,287,16.4,6.3,0.268,0.457,0.337,0.348,8.3,3.7,38.7,22,47.7,34.1,33.2,25.3,7.4,R,1114,40.4,94,2023,-8.3,-13.4,19.5,1.1,33.3,84.3,2118,1,-37.1,2.2,1,14.2,88.9,1516,-12.4,-24.2,16.5,1.3,12.1,81,2156,1.8,-51.3,10.1,1.3,,,,,,,,,,,,,,,,,,,,,,,,,,,,,,,,,,,,,,,,,,,,,,,,,,,,,,,,
"Perdomo, Luis",606131,2022,29,14,23.2,96,12.5,3.1,0.281,0.471,0.311,0.339,8.8,2.5,51.2,23.4,50.9,61.3,16.3,18.8,3.8,R,285,,,,,,,,27.7,85.2,2332,2.1,-37.7,3.4,1.7,,,,,,,,,,,,,,,56.1,93.8,1986,-16.2,-22.4,18.5,1.6,,,,,,,,16.1,87.5,1564,-15.3,-30.8,16.2,1.6,,,,,,,,,,,,,,,,,,,,,,,,,,,,,,,,,,,
"Wick, Rowan",592858,2022,29,64,64,294,23.5,9.9,0.279,0.461,0.365,0.352,4.6,5.6,40.2,23.5,47.6,44.6,22.6,26.7,6.2,R,1132,55.8,94.9,2255,-2.8,-12.7,18.1,1.3,5.3,82.2,2149,11.8,-37.5,12.9,2.4,0.1,82.9,723,-12.6,-37.4,13,,21.4,76.8,2604,7.5,-65.6,20,1.5,0.2,91.7,1777,-12.9,-20.1,17.8,1.5,17.2,93.1,2241,2.5,-16.9,15,1.6,,,,,,,,,,,,,,,,,,,,,,,,,,,,,,,,,,,,,,,,,,
"Minor, Mike",501985,2022,34,19,98,455,16.7,8.8,0.256,0.426,0.385,0.329,3.9,4.8,34.9,20.1,46.1,34.6,29.2,25,11.1,L,1750,41.4,90.4,2471,3.9,-19.2,14.9,1.3,24.9,85.4,2699,-3.5,-33.7,5.7,1.7,23.1,84.2,2175,16.7,-28.8,19.5,1.6,10.4,79.2,2437,-7.1,-55,13.4,1.9,0.2,89.9,2567,13.8,-22.4,18.1,1.4,,,,,,,,,,,,,,,,,,,,,,,,,,,,,,,,,,,,,,,,,,,,,,,,,
"García, Yimi",554340,2022,31,61,61,247,23.5,6.5,0.208,0.338,0.269,0.266,8.3,7.7,33.1,24.1,47.8,40.2,31.4,16,12.4,R,1039,44.3,94.9,2456,-9.5,-16.7,16.9,1.5,17.5,89.5,2454,2.6,-26.6,8.6,1.4,7.3,87.2,1877,-18.3,-32.4,18.8,1.4,16.8,82.5,2694,11.4,-42.7,12.1,1.7,14.1,93.8,2248,-17.7,-25.2,18.8,1.4,,,,,,,,,,,,,,,,,,,,,,,,,,,,,,,,,,,,,,,,,,,,,,,,,
"Bassitt, Chris",605135,2022,33,30,181.2,745,22.4,6.6,0.227,0.359,0.291,0.29,4.7,6.6,32.8,23.6,46.5,49.7,23.9,18.8,7.6,R,2886,13.1,93.2,2191,-5.5,-17.8,14.9,1.5,8,82.7,2345,6.9,-38.8,7.6,2.1,6.1,85.4,1824,-16.2,-30.9,17.9,2.2,13.9,71.6,2330,14.9,-68,20.4,1.4,33.5,92.8,2118,-16.1,-22.5,18.8,1.3,17.3,89,2262,2.5,-25.6,9.4,1.6,,,,,,,,,,,,,,,8.2,75.2,2318,18.8,-48.5,19.1,1.9,,,,,,,,,,,,,,,,,,,,,
"Sanchez, Aaron",592717,2022,29,15,60,265,15.5,5.7,0.277,0.417,0.372,0.328,7.4,3.4,48,18.1,47.3,54.9,21.6,21.1,2.5,R,1006,19.6,92.4,2140,-11.2,-18.2,17.9,1.5,,,,,,,,10.7,87.8,1708,-15.8,-29.3,17.2,1.6,28.4,79.1,2632,12.8,-54.6,16.8,1.3,41.3,92.1,2131,-16.4,-22.5,19.2,1.4,,,,,,,,,,,,,,,,,,,,,,,,,,,,,,,,,,,,,,,,,,,,,,,,,
"Assad, Javier",665871,2022,24,9,37.2,166,18.1,12,0.255,0.388,0.314,0.327,3.4,5.2,33.6,23.2,46.2,41.4,23.3,21.6,13.8,R,690,21.3,92.9,2211,-6.9,-15.2,18,1.2,9.7,81.2,2297,10.8,-37.7,11.8,1.5,6.7,85.4,1510,-14.2,-29.6,16.4,1.4,4.2,75.9,2432,10.8,-58.3,15.4,1.5,31.2,92.3,2004,-14.2,-20,18.8,1.3,27,88.1,2134,3.6,-28.2,8.2,1.5,,,,,,,,,,,,,,,,,,,,,,,,,,,,,,,,,,,,,,,,,,
"King, John",667463,2022,27,39,51.1,222,13.5,6.3,0.278,0.404,0.326,0.317,3.4,2.8,44.6,19.7,49.5,64.4,13.6,20.3,1.7,L,749,,,,,,,,5.3,82.3,2700,-5.6,-46.2,8.4,1.7,24.7,80.7,1638,15.7,-42,16.1,1.7,,,,,,,,52.3,92.4,2066,15.6,-31.4,15.8,1.2,7.5,86.9,2433,-0.3,-32.3,4.4,1.8,,,,,,,,,,,,,,,10.1,77.5,2636,-16.7,-52.4,18.1,1.4,,,,,,,,,,,,,,,,,,,,,
"Wainwright, Adam",425794,2022,40,32,191.2,803,17.8,6.7,0.27,0.419,0.306,0.328,6.7,4.2,36.6,16.9,43.5,43.7,25.2,26.5,4.5,R,3133,9.4,88,2233,-1.4,-20.2,15.4,1.5,0.1,75.3,2682,18.6,-54.2,19.3,1.5,6,82.2,1764,-14.3,-32.4,16.6,1.7,31.7,72.8,2768,16.1,-67.5,22,2,27.8,88.6,2201,-13,-22.7,17.9,1.5,25,84.3,2411,6.3,-32.1,9.3,1.6,,,,,,,,,,,,,,,,,,,,,,,,,,,,,,,,,,,,,,,,,,
"Woodford, Jake",663765,2022,25,27,48.1,188,12.8,5.9,0.276,0.378,0.268,0.31,3.3,6.6,36.2,17.3,49.8,53.3,18.4,19.7,8.6,R,697,21.4,92.4,2203,-5.5,-18.4,14.8,1.3,0.3,83.7,2589,7.2,-39.2,7.2,1.5,3.7,85.2,1401,-12.1,-29.9,14.6,1.4,8.5,75.3,2541,10.7,-66.2,20.3,1.6,38.2,91.8,2027,-12.6,-24.3,15.1,1.3,,,,,,,,,,,,,,,,,,,,,,28,82.1,2507,12.8,-43.8,13.4,1.2,,,,,,,,,,,,,,,,,,,,,
"Chafin, Andrew",605177,2022,32,64,57.1,243,27.6,7.8,0.203,0.32,0.276,0.267,5.2,6.5,33.8,31.4,47.1,52.6,22.1,17.5,7.8,L,899,28.5,91.6,2139,9.6,-17.3,18.3,1.4,31.9,82.9,2485,-0.2,-40.7,2.3,1.2,0.3,84.7,1759,13,-25.3,18.5,1.5,,,,,,,,39.3,91.6,2106,15.1,-20.6,19.4,1.5,,,,,,,,,,,,,,,,,,,,,,,,,,,,,,,,,,,,,,,,,,,,,,,,,
"Thompson, Ryan",657044,2022,30,47,42.2,181,21.5,6.1,0.23,0.338,0.282,0.273,5.4,7,37.2,23.9,46.8,51.2,20.9,20.9,7,R,679,10.2,91.6,2149,-13.8,-26.7,15.2,1.4,39.3,79.5,2147,13.7,-34.4,17,1.7,1.5,81.1,745,-5.1,-43.8,6.2,1.5,,,,,,,,47.7,90,1987,-15.8,-41.7,17.7,1.4,1.3,87.8,2167,-2.7,-29,7.4,1.5,,,,,,,,,,,,,,,,,,,,,,,,,,,,,,,,,,,,,,,,,,
"White, Mitch",669952,2022,27,25,99,440,17.7,8,0.259,0.383,0.332,0.315,6.2,4.3,34,18.9,48.5,43.2,21.9,26.5,8.3,R,1715,45.2,93.7,2276,-4,-15.2,16.7,1.3,0.1,86.8,1756,3.3,-28.9,8.8,1.4,3.8,87.2,1548,-13.7,-30.4,15.3,1.4,17.1,80.2,2407,5.2,-57.2,15.4,1.4,6.5,94.2,2179,-13.1,-17,19.3,1.3,,,,,,,,,,,,,,,,,,,,,,27.2,85.4,2455,9.2,-38.3,9.6,1.4,,,,,,,,,,,,,,,,,,,,,
"Montero, Rafael",606160,2022,31,71,68.1,270,27,8.5,0.204,0.291,0.241,0.257,5.8,7,32.6,28.2,46,52.9,18,23.3,5.8,R,1093,45.7,96.4,2335,-9.3,-13.8,18.5,1.1,12.2,87.9,2345,6,-32.6,7.5,1.3,19.4,91.1,2056,-16.9,-27.5,18,1.2,,,,,,,,22.8,95.9,2232,-16.2,-21.4,18.5,1,,,,,,,,,,,,,,,,,,,,,,,,,,,,,,,,,,,,,,,,,,,,,,,,,
"Gray, Sonny",543243,2022,32,24,119.2,488,24,7.4,0.24,0.366,0.283,0.298,7,4.9,39.8,21.9,43.4,44.4,22.2,25.5,7.9,R,1872,28.2,92.1,2541,-1.5,-16.8,15.5,1,9.9,83.2,2771,8,-45.1,10.2,1.4,1,87.1,1882,-14,-28.2,16.8,1.5,24.6,78.7,2829,14.4,-58.8,20.3,1.5,25.9,92,2438,-13.4,-22.7,16.7,1.1,0.1,88.8,2679,5.8,-24,11.5,,,,,,,,,,,,,,,,10.3,81.6,2661,17.9,-47.5,19,1.3,,,,,,,,,,,,,,,,,,,,,
"Smith, Will",519293,2022,32,65,59,261,24.9,9.6,0.224,0.356,0.328,0.294,8.3,5.3,41.4,30.9,50.9,36.1,32,24.3,7.7,L,985,40.3,92.1,2178,8.5,-15.3,19.1,1.2,48.2,81.7,2259,-4.8,-38.5,6.4,1.6,0.9,86.9,2023,13.7,-23.8,18.5,1.4,9.1,76.9,1883,-8.9,-54.6,12.3,1.3,1.4,91.2,2218,14.5,-18.4,20.9,1.4,,,,,,,,,,,,,,,,,,,,,,,,,,,,,,,,,,,,,,,,,,,,,,,,,
"VerHagen, Drew",572403,2022,31,19,21.2,106,17,13.2,0.284,0.488,0.39,0.378,5.5,5.5,34.2,28.3,45.6,35.6,26,26,12.3,R,419,22.2,94.9,2371,-3.1,-13.6,17.3,1.3,,,,,,,,15.8,89.5,1686,-9.1,-28.8,10.8,1.3,13.4,78.2,2216,9.9,-60.2,18.1,1.5,23.6,94.6,2371,-13.4,-17.6,19,1.2,3.1,91.3,2347,-1.3,-23,9.9,1.5,,,,,,,,,,,,,,,22,81.4,2312,16.4,-44.4,16.9,1.3,,,,,,,,,,,,,,,,,,,,,
"Richards, Trevor",670950,2022,29,62,64,281,29.2,12.5,0.236,0.419,0.32,0.331,6.1,2.5,39.3,35.1,44.9,35,29.4,28.2,7.4,R,1163,44,93.4,2222,-7.4,-11.4,21.5,0.8,,,,,,,,37.6,84.1,2505,-16.2,-32.6,17.6,1.3,18.4,85.1,2116,2,-35.7,4.3,1.6,,,,,,,,,,,,,,,,,,,,,,,,,,,,,,,,,,,,,,,,,,,,,,,,,,,,,,,,
"Misiewicz, Anthony",664948,2022,27,32,29,121,22.3,8.3,0.23,0.431,0.312,0.312,10.7,1.2,41.7,23.9,47.7,39.3,32.1,23.8,4.8,L,465,28.4,93.4,2122,8.5,-15.5,18.1,1.5,0.9,83.6,2708,-9.4,-40.8,9.6,1.4,,,,,,,,33.5,79.2,2855,-8.8,-54.4,14.1,1.3,,,,,,,,37.2,88.9,2416,-0.1,-25.6,9.6,1.9,,,,,,,,,,,,,,,,,,,,,,,,,,,,,,,,,,,,,,,,,,
"Thornburg, Tyler",592804,2022,33,14,19,87,16.1,12.6,0.188,0.292,0.285,0.275,9.8,6.6,36.1,20.8,41.2,32.8,34.4,21.3,11.5,R,362,58,93.5,2405,-6.5,-12.3,20.3,1.2,6.6,83.4,2260,1.3,-43.6,4.6,1.5,13.8,84.7,1448,-11.7,-27.7,16,1.3,21.5,76.1,2615,8.2,-63.5,17.9,1.4,,,,,,,,,,,,,,,,,,,,,,,,,,,,,,,,,,,,,,,,,,,,,,,,,,,,,,,,
"Sousa, Bennett",656986,2022,27,25,20.1,96,12.5,10.4,0.254,0.391,0.359,0.318,8.2,1.4,43.8,25.8,49.9,47.9,24.7,23.3,4.1,L,365,42.2,94,2055,6.8,-15.2,17.3,1.4,57.5,87.3,2141,-1,-32.5,4.4,1.8,,,,,,,,,,,,,,,0.3,95.7,2160,8.5,-15,17.1,,,,,,,,,,,,,,,,,,,,,,,,,,,,,,,,,,,,,,,,,,,,,,,,,,
"Colomé, Alex",517008,2022,33,53,47,215,14.9,10.2,0.29,0.483,0.366,0.364,8.1,3.1,46.9,19.8,46.5,55.6,20,23.8,0.6,R,803,15.6,94.5,2125,-2.4,-14.4,16.5,1.3,,,,,,,,,,,,,,,,,,,,,,,,,,,,,84.4,90.8,2153,1.8,-26.5,7.3,1.3,,,,,,,,,,,,,,,,,,,,,,,,,,,,,,,,,,,,,,,,,,
"Newcomb, Sean",656794,2022,29,20,27.2,134,20.9,14.2,0.277,0.5,0.4,0.384,8,3.4,46,20.9,40.8,34.5,28.7,27.6,9.2,L,552,55.8,94.3,2351,5.8,-13.9,18,1.2,0.7,81.4,2694,-5.7,-44,6.5,1.4,0.9,86.4,1272,9.3,-29.6,12.1,1.5,10.5,78.8,2808,-10.3,-60.1,18.6,1.6,,,,,,,,32.1,88.5,2626,-3.4,-29.9,7.1,1.7,,,,,,,,,,,,,,,,,,,,,,,,,,,,,,,,,,,,,,,,,,
"Gibaut, Ian",664139,2022,28,34,36,161,29.8,11.8,0.212,0.305,0.354,0.282,9.7,4.3,38.7,26.1,44.7,38.7,23.7,25.8,11.8,R,694,44.1,95.8,2273,-4.7,-12.5,18.1,1.1,6.3,85,2506,8.9,-36.1,10.5,1.6,11.1,85.9,1894,-14.9,-29.4,16.9,1.3,,,,,,,,,,,,,,,22.9,92.3,2357,4.2,-22.5,10.6,1.6,,,,,,,,,,,,,,,15.6,83.8,2487,15,-38,15.4,1.8,,,,,,,,,,,,,,,,,,,,,
"Robertson, David",502085,2022,37,58,63.2,264,30.7,13.3,0.176,0.302,0.27,0.273,6.2,3.4,38.9,33,44.2,46.2,26.9,19.3,7.6,R,1052,,,,,,,,22.2,83.9,2651,8.5,-38.3,9.4,2.1,,,,,,,,26.7,84.8,2639,7.3,-49.5,13.6,1.7,,,,,,,,51,93,2611,0.7,-14.5,17.4,1.3,,,,,,,,,,,,,,,,,,,,,,,,,,,,,,,,,,,,,,,,,,
"Gray, Jon",592351,2022,30,24,127.1,521,25.7,7.5,0.23,0.367,0.292,0.295,5,3.5,38,25.9,48.9,44.2,24.9,24,7,R,2062,50.5,95.9,2015,-11.4,-17.2,17.3,1.2,0.5,85.8,2212,-2.1,-28.7,9.1,1.5,9.3,88.7,1455,-14.2,-26,17,1.2,4.1,77.8,2597,14.5,-56,18,1.4,,,,,,,,,,,,,,,,,,,,,,,,,,,,,35.5,84.9,2471,10.2,-32.6,12.2,1.4,,,,,,,,,,,,,,,,,,,,,
"Singer, Brady",663903,2022,25,27,153.1,621,24.2,5.6,0.247,0.396,0.3,0.309,4,4,40.9,22.9,44.3,49.4,20.7,24.9,4.9,R,2376,0.5,92.6,2327,-7.6,-20.2,14,1.4,38,85.5,2341,3.6,-36.8,4.3,1.4,7.7,86.9,2229,-14.5,-24.3,18.9,1.4,,,,,,,,53.8,93.8,2297,-14.9,-20.6,18.3,1.2,,,,,,,,,,,,,,,,,,,,,,,,,,,,,,,,,,,,,,,,,,,,,,,,,
"Frías, Luis",666818,2022,24,15,17,90,15.6,18.9,0.262,0.396,0.406,0.365,8.6,0,44.8,23.6,45.2,41.4,25.9,27.6,5.2,R,356,62.4,96.9,2231,-3.7,-11.8,18.1,1.5,32.6,85.4,2029,1.5,-42.1,5.5,1.5,5.1,89.7,1324,-11,-23.4,15.8,1.6,,,,,,,,,,,,,,,,,,,,,,,,,,,,,,,,,,,,,,,,,,,,,,,,,,,,,,,,,,,,,,,
"Mayza, Tim",641835,2022,30,63,48.2,193,22.8,6.2,0.262,0.414,0.295,0.316,4.4,5.9,39,23.4,45.6,58.8,14,25,2.2,L,731,0.1,94,2156,6.9,-9.4,22.9,,17.4,88.6,2200,0.5,-30.6,4.7,1.5,,,,,,,,,,,,,,,82.5,93.7,2032,17.1,-22.4,19.4,1.2,,,,,,,,,,,,,,,,,,,,,,,,,,,,,,,,,,,,,,,,,,,,,,,,,
"Law, Derek",571882,2022,31,17,19.2,92,18.5,8.7,0.274,0.411,0.36,0.336,1.5,4.6,29.2,24.2,45.7,49.2,20,24.6,6.2,R,352,8,95.1,2105,-5,-14.7,16.4,1.4,11.1,85.5,2320,3,-40.1,4.6,1.5,2.8,87.9,1727,-13.6,-28.4,15.4,1.7,12.5,77,2150,1.8,-55.4,9.5,2.2,15.3,94.8,1995,-12.2,-19.2,16.7,1.5,50.3,90.7,2366,3.6,-27,7.5,1.5,,,,,,,,,,,,,,,,,,,,,,,,,,,,,,,,,,,,,,,,,,
"Tinoco, Jesus",622786,2022,27,17,20.2,84,21.4,11.9,0.209,0.333,0.254,0.292,7.3,3.6,38.2,24.8,46,36.4,34.5,21.8,7.3,R,350,4.3,96.1,2315,-7.3,-13.1,18.2,1.3,40,88.2,2367,2.5,-30.7,5.9,1.2,0.9,90.2,1489,-11.7,-23.9,15.8,1.4,11.1,84.9,2419,4.4,-37.1,5,1.4,43.7,96,2350,-16.2,-19.2,19.4,1,,,,,,,,,,,,,,,,,,,,,,,,,,,,,,,,,,,,,,,,,,,,,,,,,
"Neris, Héctor",593576,2022,33,70,65.1,263,30,6.5,0.216,0.348,0.262,0.283,9.9,5,44.7,30.3,49.5,34.8,31.7,25.5,8.1,R,1012,40.9,94.3,2448,-10.4,-13.9,20.2,0.9,6.6,87.6,1975,1.7,-29.9,6.3,1.4,,,,,,,,,,,,,,,21.6,94.5,2351,-16.8,-18.5,21,0.9,,,,,,,,30.8,85.1,1136,-10.7,-38.7,11.2,1.2,,,,,,,,,,,,,,,,,,,,,,,,,,,,,,,,,,,
"Rodón, Carlos",607074,2022,29,31,178,710,33.4,7.3,0.198,0.309,0.255,0.254,5.3,5,39.8,31.2,49.8,35.3,29.5,25.4,9.8,L,2985,61.2,95.5,2349,6,-12,19.1,1.9,31.1,85.4,2447,-8.1,-38.6,8.6,2,2,84.6,1757,13.7,-27.4,17.8,1.5,5.7,79.8,2454,-6.4,-55.5,14,2.2,,,,,,,,,,,,,,,,,,,,,,,,,,,,,,,,,,,,,,,,,,,,,,,,,,,,,,,,
"Skubal, Tarik",669373,2022,25,21,117.2,477,24.5,6.7,0.231,0.357,0.289,0.285,5.5,3.7,39.4,26.4,50.7,47.1,24.8,23.2,4.9,L,1914,26.6,94.1,2157,8.3,-15.1,18.1,1.5,30.9,89.3,2119,-1.1,-25.9,8.7,2,14.9,83.6,1599,13.4,-32.5,15.3,1.5,6.4,76.9,2230,-6.4,-55.3,11.2,1.7,21.1,94.8,2053,15.2,-19.3,18.9,1.6,,,,,,,,,,,,,,,,,,,,,,,,,,,,,,,,,,,,,,,,,,,,,,,,,
"Morgan, Eli",669212,2022,26,50,66.2,256,28.1,5.1,0.2,0.354,0.268,0.266,8.3,4.1,34.9,26.4,52.1,30.8,33.1,26,10.1,R,1017,55.2,92.1,2268,-10.9,-15.1,20.5,1.2,15.8,85.7,2274,1.4,-32.3,6.1,1.8,27.8,75.9,2098,-15.6,-44,16.2,1.6,1.1,80.5,2223,12.3,-47.4,13.5,1.8,,,,,,,,0.1,89.3,2285,-5.5,-17.7,17.4,,,,,,,,,,,,,,,,,,,,,,,,,,,,,,,,,,,,,,,,,,,
"Martinez, Adrián",661309,2022,25,12,57.2,259,20.5,7.3,0.276,0.482,0.367,0.354,4.9,3.3,37.5,24,47.6,41.3,26.1,25,7.6,R,1015,,,,,,,,22.1,82,1936,2.9,-40.1,4.1,1.5,27.6,84,2289,-14.2,-42.3,14.9,1.4,,,,,,,,50.3,93.8,2157,-17.3,-22.8,19.4,1.2,,,,,,,,,,,,,,,,,,,,,,,,,,,,,,,,,,,,,,,,,,,,,,,,,
"Hill, Tim",657612,2022,32,55,48,199,12.6,7,0.235,0.3,0.282,0.274,2.6,2.6,34,15.5,46.7,59,14.1,21.2,5.8,L,745,29.7,91.4,2210,17.4,-28.4,18.2,1.2,9.1,82.4,2008,1.6,-36.5,5.2,1.6,,,,,,,,,,,,,,,54.5,89.5,2070,15.8,-38.5,16.5,1.4,6.7,88.9,1963,8,-29.2,10.1,1.2,,,,,,,,,,,,,,,,,,,,,,,,,,,,,,,,,,,,,,,,,,
"Poche, Colin",621363,2022,28,65,58.2,245,26.1,9,0.215,0.365,0.299,0.292,5.1,3.2,31,28,51.3,32.3,26.6,22.8,18.4,L,974,77.5,93.2,2230,0.9,-10.6,21.1,1.1,1.4,82.1,2480,-11.2,-36.4,13.4,1.6,,,,,,,,21,78.7,2564,-17.8,-49.1,19.3,2.4,,,,,,,,,,,,,,,,,,,,,,,,,,,,,,,,,,,,,,,,,,,,,,,,,,,,,,,,
"López, Reynaldo",625643,2022,28,61,65.1,254,24.8,4.3,0.229,0.327,0.245,0.267,6.7,5.1,39.3,29,50.4,41,23.6,25.8,9.6,R,985,55,97.1,2249,-7.2,-12.1,18.6,1.8,32.3,87.4,2263,6.4,-30.8,8.5,2.2,4.8,85.9,1590,-11.7,-27.3,15.5,1.8,7.9,80.4,2513,9.4,-50.4,12.6,2,,,,,,,,,,,,,,,,,,,,,,,,,,,,,,,,,,,,,,,,,,,,,,,,,,,,,,,,
"Chapman, Aroldis",547973,2022,34,43,36.1,160,26.9,17.5,0.213,0.36,0.301,0.326,4.6,1.1,34.5,33.8,41.4,35.6,28.7,24.1,11.5,L,679,55.5,97.5,2362,4.5,-11,18.6,2.1,24.6,85.7,2282,-10.7,-33.1,12.4,2.2,,,,,,,,,,,,,,,5,100.2,2431,12.6,-11.6,20.2,1.3,,,,,,,,14.9,88.1,835,2.1,-36.1,5.2,2,,,,,,,,,,,,,,,,,,,,,,,,,,,,,,,,,,,
"Urías, Julio",628711,2022,25,31,175,689,24.1,6,0.205,0.332,0.263,0.262,4.2,4.8,30.4,23.7,51.8,40,28.5,20.5,10.9,L,2622,49.2,93.1,2521,3,-14.9,17,1.5,,,,,,,,17.5,86.2,1950,13.9,-30,15.6,1.6,,,,,,,,,,,,,,,,,,,,,,,,,,,,,,,,,,,,,,,,,,,33.3,80.9,2914,-16.3,-42.7,16.5,1.8,,,,,,,,,,,,,,
"Iglesias, Raisel",628452,2022,32,67,62,246,31.7,5.7,0.214,0.36,0.253,0.275,5.3,6,33.8,34,51.7,35.8,33.1,23.8,7.3,R,979,31.6,95,2318,-9.8,-14.5,18.9,1.3,26,84.1,2561,8.4,-32.7,10.9,1.6,24,88.7,1885,-16.8,-31.2,17.4,1.3,,,,,,,,18.4,94.8,2321,-17,-21.1,19.7,1.3,,,,,,,,,,,,,,,,,,,,,,,,,,,,,,,,,,,,,,,,,,,,,,,,,
"Jefferies, Daulton",641726,2022,26,8,39.1,172,16.3,4.7,0.25,0.397,0.333,0.301,6.7,3,38.8,22.7,47.6,47,26.9,22.4,3.7,R,611,12.1,92.4,2123,-10.9,-17.2,18.6,1.3,13.6,80.2,2368,5.1,-44.7,6.5,1.9,19.8,86,1501,-15.1,-32.9,16,1.5,,,,,,,,34,92.5,2055,-16.6,-19.6,20.9,1.4,20.5,89.6,2161,-2.9,-23.4,11.5,1.6,,,,,,,,,,,,,,,,,,,,,,,,,,,,,,,,,,,,,,,,,,
"Peterson, David",656849,2022,26,28,105.2,454,27.8,10.6,0.231,0.362,0.313,0.308,3.7,4,41.4,30.2,44.6,49.8,17.9,27.1,5.1,L,1888,37.9,93.7,2083,9,-17.5,16.6,1.5,29.1,84.4,2325,-3.9,-37.7,5.2,1.8,16.5,85.9,1639,16.2,-31.1,17.5,1.7,5,78.5,2304,-7.3,-52.5,11.1,2,11.5,93.3,2094,16.6,-22.1,19.3,1.6,,,,,,,,,,,,,,,,,,,,,,,,,,,,,,,,,,,,,,,,,,,,,,,,,
"Hentges, Sam",656529,2022,25,57,62,245,29.4,7.8,0.206,0.303,0.235,0.261,4.6,5.3,35.1,29.4,50,62.9,15.2,17.2,4.6,L,944,37.3,95.7,2215,8.4,-15.2,17.2,1.4,15.9,88,2317,-3.5,-33.2,5.3,1.9,,,,,,,,21.2,81.3,2514,-6.3,-55.5,15.5,1.3,25.6,95.7,2159,14.1,-19.5,17.8,1.3,,,,,,,,,,,,,,,,,,,,,,,,,,,,,,,,,,,,,,,,,,,,,,,,,
"Stephenson, Robert",596112,2022,29,58,58,247,22.3,5.7,0.267,0.474,0.349,0.336,9.6,2.8,41.8,28.1,52.6,27.1,34.5,28.2,10.2,R,914,47.8,96.8,2389,-11.4,-14,19,1.2,50.5,83.9,2914,5.2,-41.3,6.4,1.6,,,,,,,,1.1,77.5,2936,11.5,-56.3,15.9,1.4,,,,,,,,,,,,,,,0.5,88.1,1521,-11.2,-27.4,13.7,1.6,,,,,,,,,,,,,,,,,,,,,,,,,,,,,,,,,,,
"Effross, Scott",664123,2022,28,60,56.2,229,27.1,6.6,0.204,0.303,0.247,0.248,5.3,4.7,37.3,23.9,47.2,45.3,24.7,22,8,R,814,11.3,90.8,2246,-17.3,-29.6,17.9,1.1,40.2,79.8,2451,12.5,-40.3,13.3,1.1,14.6,83,2065,-14.3,-48.6,16.8,1.3,,,,,,,,33.9,90.3,2216,-18,-37.1,18.4,1.1,,,,,,,,,,,,,,,,,,,,,,,,,,,,,,,,,,,,,,,,,,,,,,,,,
"Weaver, Luke",596133,2022,28,26,35.2,174,21.8,7.5,0.292,0.45,0.367,0.356,7.5,0.8,45,22.8,52.8,40.8,18.3,36.7,4.2,R,721,59.1,94.9,2373,-8.8,-14.1,18.7,1.5,4.4,87.1,2256,2.2,-30.6,6.2,1.6,25.9,86.9,1664,-14.6,-30.7,16,1.8,9.3,82.4,2303,5.8,-47.5,9.9,1.9,1.2,94.2,2313,-15.1,-15.9,21.5,1.5,,,,,,,,,,,,,,,,,,,,,,,,,,,,,,,,,,,,,,,,,,,,,,,,,
"Brash, Matt",666374,2022,24,39,50.2,222,27.9,14.9,0.247,0.354,0.318,0.328,1.6,7.2,39.2,31.6,42.2,52,16.8,24,7.2,R,935,35.9,96.9,2233,-11.5,-15.3,18.2,1.6,37.8,86.8,2883,15.2,-36.5,15.6,2.6,0.7,85.5,2050,-17.8,-30.6,19.3,1.5,25.6,84.6,2971,13.7,-46.1,15.9,1.9,,,,,,,,,,,,,,,,,,,,,,,,,,,,,,,,,,,,,,,,,,,,,,,,,,,,,,,,
"Strider, Spencer",675911,2022,23,31,131.2,528,38.3,8.5,0.179,0.279,0.235,0.242,5.8,3.6,36,34.9,50,40.3,25.9,26.3,7.6,R,2277,67,98.2,2343,-5.1,-10.7,18.5,1.4,28.2,86.3,2388,5.2,-35.6,5.7,1.8,4.8,88.9,2126,-14.8,-25,17.7,1.6,,,,,,,,,,,,,,,,,,,,,,,,,,,,,,,,,,,,,,,,,,,,,,,,,,,,,,,,,,,,,,,
"Bird, Jake",656234,2022,26,38,47.2,211,19.9,10.9,0.254,0.413,0.331,0.335,6.3,2.8,42.3,20.8,41.2,55.6,21.8,21.1,1.4,R,745,,,,,,,,,,,,,,,2,88,1730,-10.4,-34.4,11.1,1.4,15.2,81.7,2832,14.4,-50,17,1.1,57.7,95,1951,-11.1,-30,11.2,0.9,25.1,91.4,2354,0.6,-24.9,8,1.2,,,,,,,,,,,,,,,,,,,,,,,,,,,,,,,,,,,,,,,,,,
"Faucher, Calvin",676534,2022,26,22,21.1,101,20.8,9.9,0.276,0.501,0.357,0.371,4.3,2.9,43.5,24.2,42,40.6,29,27.5,2.9,R,433,,,,,,,,,,,,,,,,,,,,,,13.9,85.3,2925,8.2,-51.1,15.9,1.6,41.3,95.3,2261,-10.3,-12.9,20.4,1.5,,,,,,,,,,,,,,,,,,,,,,44.8,88,2780,10,-35.2,10.6,1.5,,,,,,,,,,,,,,,,,,,,,
"Familia, Jeurys",544727,2022,32,48,44.1,204,20.1,10.8,0.267,0.418,0.393,0.339,5.8,2.9,46.8,26.9,42.7,48.9,21.6,25.2,4.3,R,817,24.4,95.4,2297,-10.2,-16.5,17.1,1.5,14.8,88.6,2183,-0.5,-28.2,6.8,1.5,,,,,,,,,,,,,,,46.4,95.2,2188,-15.5,-26.8,16,1.2,,,,,,,,14.4,92.5,1806,-16.3,-28,17,1.7,,,,,,,,,,,,,,,,,,,,,,,,,,,,,,,,,,,
"Bellatti, Andrew",571479,2022,30,59,54.1,231,33.8,11.3,0.207,0.359,0.309,0.297,4.8,3.2,35.7,37.4,47.1,28.6,34.9,27.8,8.7,R,963,40.4,94.4,2436,-10.5,-14.2,19.9,1.1,52.4,85.9,2398,3.6,-33.3,5.6,1.3,7.2,89.5,1697,-16.3,-27.2,17.9,1.3,,,,,,,,,,,,,,,,,,,,,,,,,,,,,,,,,,,,,,,,,,,,,,,,,,,,,,,,,,,,,,,
"Davidson, Tucker",656353,2022,26,12,52,243,13.6,14.4,0.25,0.379,0.363,0.338,4.7,2.9,39.5,22.5,44.8,44.8,24.4,25,5.8,L,912,41.7,93.1,2017,3.5,-14.3,17.8,1.6,44,86.6,2294,-5.9,-37.1,6.6,1.9,4.5,85.4,1727,13.6,-26.4,17.8,1.5,8,78.1,2473,-8,-53.9,12.1,2.1,1.3,93.1,1960,11.7,-15.8,19.9,1.4,,,,,,,,0.5,85.2,1212,-5.6,-41.3,7.2,1.6,,,,,,,,,,,,,,,,,,,,,,,,,,,,,,,,,,,
"Hader, Josh",623352,2022,28,56,50,219,37,9.6,0.196,0.359,0.313,0.292,6.2,3.5,36.3,36.6,47,31,31.9,30.1,7.1,L,943,,,,,,,,28.3,84,2460,-4.1,-38.3,4.9,1.7,2.2,88.6,1599,13.4,-27.9,15.7,1.7,,,,,,,,69.5,97.4,2008,8.5,-11.3,19.7,1.2,,,,,,,,,,,,,,,,,,,,,,,,,,,,,,,,,,,,,,,,,,,,,,,,,
"Lynch IV, Daniel",663738,2022,25,27,131.2,600,20.3,8.7,0.276,0.45,0.352,0.345,6.2,3.8,47.7,25.4,49.9,43,24.5,26.6,5.9,L,2435,42.8,94,2125,6.8,-15.2,17.2,1.3,29.6,86,2018,-0.4,-33.6,3.7,1.4,18.2,84.8,1671,13.2,-27.7,17,1.5,6,81.6,2096,-1.7,-45.4,5.6,2.6,3.4,93.4,2062,13.9,-19.2,18.6,1.3,,,,,,,,,,,,,,,,,,,,,,,,,,,,,,,,,,,,,,,,,,,,,,,,,
"Sulser, Cole",642121,2022,32,39,34,149,25.5,10.7,0.261,0.445,0.374,0.342,10.5,5.3,43.2,30.9,49.6,43.2,24.2,27.4,5.3,R,619,49.6,91.9,2235,-7.6,-14.5,19.7,1.1,10.3,84,2274,6.7,-31.9,10.4,1.5,38.8,83.2,1512,-14.7,-33.9,16,1.4,1.3,77.8,2375,15.6,-46.9,15.9,1.5,,,,,,,,,,,,,,,,,,,,,,,,,,,,,,,,,,,,,,,,,,,,,,,,,,,,,,,,
"Taylor, Blake",642130,2022,26,19,16,74,12.2,12.2,0.255,0.355,0.299,0.321,3.6,5.5,32.7,20.1,45.6,45.5,23.6,27.3,3.6,L,305,74.1,92.6,2347,-2,-15.4,16.7,1.4,25.9,84.4,2246,-6.8,-39.2,7.2,1.6,,,,,,,,,,,,,,,,,,,,,,,,,,,,,,,,,,,,,,,,,,,,,,,,,,,,,,,,,,,,,,,,,,,,,,
"Ort, Kaleb",672391,2022,30,25,28.1,134,20.1,11.2,0.265,0.453,0.366,0.353,6.7,4.4,47.8,28.6,48.2,33.3,27.8,27.8,11.1,R,528,59.7,96.3,2176,-9.4,-12.9,19.3,1.5,33.3,86,2378,10.3,-36.4,10.6,1.3,6.8,89.8,1891,-15.8,-28.2,16.9,1.3,,,,,,,,0.2,95.7,2467,-16,-12.3,24,,,,,,,,,,,,,,,,,,,,,,,,,,,,,,,,,,,,,,,,,,,,,,,,,,
"Martin, Corbin",656686,2022,26,7,22.1,101,20.8,11.9,0.3,0.523,0.362,0.389,16.2,5.9,52.9,26.6,44.8,29.4,29.4,39.7,1.5,R,429,54.8,94,2304,-6.3,-14.3,18.1,1.3,11.4,88.8,2295,4.1,-26.8,9.1,1.5,16.6,87.8,1987,-16.1,-32.5,16.7,1.4,17.2,84.1,2451,7.4,-40.9,8.5,1.3,,,,,,,,,,,,,,,,,,,,,,,,,,,,,,,,,,,,,,,,,,,,,,,,,,,,,,,,
"Cortes Jr., Nestor",641482,2022,27,28,158.1,615,26.5,6.2,0.204,0.32,0.245,0.257,6.8,3.4,34.7,24.4,50.5,34.2,31.1,23.5,11.2,L,2465,43.8,91.8,2270,4.1,-12.7,20.3,1.7,,,,,,,,4.4,82.9,1329,12.7,-33.9,14.5,1.6,0.3,72.1,2437,-9,-56.9,14.5,1.6,3.1,90.7,2261,10.8,-17.9,19,1.5,29.8,86.9,2370,-4.7,-27.4,10.1,1.9,,,,,,,,,,,,,,,18.6,77.1,2521,-15.2,-42.4,16,2.3,,,,,,,,,,,,,,,,,,,,,
"Mantiply, Joe",573009,2022,31,69,60,243,25.1,2.5,0.243,0.368,0.28,0.28,5.2,5.8,37.6,29,52.8,55.5,15.6,23.7,5.2,L,861,1.7,90.8,2199,13.5,-22,17.8,1.4,,,,,,,,26,82.6,1702,16.5,-40.7,16.7,1.2,30.2,81.1,2336,-6.6,-43.4,7.5,1.2,42,90.4,2190,18.3,-29.4,18.9,1.2,,,,,,,,,,,,,,,,,,,,,,,,,,,,,,,,,,,,,,,,,,,,,,,,,
"García, Rony",665621,2022,24,16,51,206,23.3,6.3,0.278,0.542,0.301,0.379,7.8,3.5,51.1,21.7,46.4,31.2,37.6,24.8,6.4,R,884,44.7,92.9,2335,-10.6,-18,17.6,1.4,,,,,,,,11,87.5,1748,-12.1,-26.9,15.3,1.8,31.7,80.3,2343,7.9,-42.2,8.2,1.9,12.7,92.5,2252,-17,-24.6,18.7,1.7,,,,,,,,,,,,,,,,,,,,,,,,,,,,,,,,,,,,,,,,,,,,,,,,,
"Dunning, Dane",641540,2022,27,29,153.1,671,20.4,9.2,0.25,0.4,0.344,0.327,5.7,6.3,38,24.4,44.4,52.8,21.3,22.8,3,R,2547,0.1,89.4,2049,-7.1,-26.3,10.8,1.4,26.6,78.8,2080,7.1,-48.4,8.7,1.5,20.2,84,1860,-17.2,-34.7,17.9,1.5,0,80.1,2215,10.1,-55.2,15.4,,39.9,89.5,2004,-15.6,-28.8,16.7,1.3,11.9,87.1,2157,0.9,-26.6,9.6,1.6,,,,,,,,,,,,,,,1.3,77.1,2094,15.8,-51.7,16.8,1.8,,,,,,,,,,,,,,,,,,,,,
"Carrasco, Carlos",471911,2022,35,29,152,645,23.6,6.4,0.253,0.405,0.327,0.313,8.8,3.8,39.5,27.6,52.1,47,23,25.1,5.2,R,2412,35.5,93.2,2282,-7.6,-17.5,16.1,1.3,24.5,84.8,2456,2.3,-35.7,4.1,1.9,24.6,87.4,1311,-8.2,-34.6,8.7,1.4,4.1,81.1,2654,7.6,-46.7,9.6,1.6,11.4,91.9,2161,-16.3,-25,18.1,1.3,,,,,,,,,,,,,,,,,,,,,,,,,,,,,,,,,,,,,,,,,,,,,,,,,
"Littell, Zack",641793,2022,26,39,44.1,190,20.5,6.8,0.223,0.393,0.348,0.297,8,3.6,37.2,27.7,52.4,43.1,30.7,18.2,8,R,758,50.7,94.5,2132,-6.2,-12.6,19.3,1.2,37.1,87.9,2220,2.5,-29.1,7.3,1.9,,,,,,,,,,,,,,,,,,,,,,,,,,,,,12.3,85.6,880,-7.3,-33.8,8.9,1.4,,,,,,,,,,,,,,,,,,,,,,,,,,,,,,,,,,,
"Chacín, Jhoulys",468504,2022,34,35,47.1,219,16.9,9.6,0.255,0.43,0.367,0.335,11.3,3.1,41.5,20.8,45.9,39,28.9,29.6,2.5,R,786,8.8,92.6,2376,-3.2,-18.2,13.8,1.4,28.1,87,2630,4.1,-31.2,6.6,1.7,2.7,85.4,1469,-5.9,-32.8,7.9,1.5,24.7,79.8,2564,14.7,-43.9,15,1.5,35.8,92.9,2304,-11.6,-22.1,15.1,1.2,,,,,,,,,,,,,,,,,,,,,,,,,,,,,,,,,,,,,,,,,,,,,,,,,
"Peguero, Elvis",665625,2022,25,13,17.1,77,15.6,6.5,0.276,0.47,0.4,0.346,8.3,0,35,23.9,51.6,51.7,21.7,21.7,5,R,308,,,,,,,,62.7,91,2525,1.2,-30.4,3.4,1.7,,,,,,,,,,,,,,,37.3,96.4,1987,-15.9,-24.2,17,1.5,,,,,,,,,,,,,,,,,,,,,,,,,,,,,,,,,,,,,,,,,,,,,,,,,
"Hicks, Jordan",663855,2022,25,35,61.1,263,24,13.3,0.212,0.331,0.302,0.307,1.3,3.8,32.3,24,42,58.2,19.6,18.4,3.8,R,1051,0.6,100.1,2178,-7.8,-16.8,13.6,1.6,0.4,89.1,2421,4.1,-31.3,5.5,1.5,2.5,92,1775,-15.7,-23.7,18.2,1.5,,,,,,,,65.3,99.4,2039,-15.8,-19.7,17.9,2,,,,,,,,0.1,92,1248,-13.4,-38.2,14.6,,,,,,,,,31.2,84.7,2487,11.9,-38.7,12.4,2.7,,,,,,,,,,,,,,,,,,,,,
"Okert, Steven",595345,2022,30,60,51.1,221,28.5,11.8,0.192,0.294,0.291,0.28,2.4,6.4,29.6,29.5,45.9,38.4,28.8,21.6,11.2,L,968,31.9,93.7,2235,10,-16.5,18,1.2,68.1,82,2486,-10.2,-35.9,11.8,1.7,,,,,,,,,,,,,,,,,,,,,,,,,,,,,,,,,,,,,,,,,,,,,,,,,,,,,,,,,,,,,,,,,,,,,,
"Goudeau, Ashton",623485,2022,29,12,20.1,94,17,10.6,0.262,0.381,0.362,0.33,7.4,2.9,45.6,24.1,46.4,36.8,30.9,23.5,8.8,R,375,54.9,92.4,2066,-6.5,-16.2,17.2,1.2,,,,,,,,17.1,84.8,1543,-11.5,-28.9,14.7,1.2,28,77.5,2301,8.1,-56.1,13.5,1.2,,,,,,,,,,,,,,,,,,,,,,,,,,,,,,,,,,,,,,,,,,,,,,,,,,,,,,,,
"Anderson, Tyler",542881,2022,32,30,178.2,707,19.5,4.8,0.225,0.349,0.271,0.275,6.1,7,28.5,24.2,52.7,40.9,27.4,21.7,10.1,L,2576,38,90.7,2231,7.5,-15.3,19.6,1.4,,,,,,,,31.6,79,1848,13.3,-34.8,16.2,1.4,1.2,73.2,2141,-2,-59.2,8.7,1.7,7.1,89,2227,17.2,-28,18.8,1.5,22,85.7,2421,-2.5,-27.2,10.3,2,,,,,,,,,,,,,,,,,,,,,,,,,,,,,,,,,,,,,,,,,,
"McFarland, T.J.",519008,2022,33,28,32.2,145,11,7.6,0.312,0.485,0.38,0.374,6,2.6,51.7,16.4,46.4,54.3,19,25,1.7,L,487,,,,,,,,15,79.5,2257,-4.7,-46.4,5.9,1.3,22,81.8,1623,14.9,-40.5,15.2,1.1,,,,,,,,62.8,88.8,1940,17.2,-34.2,17.3,1.1,,,,,,,,,,,,,,,,,,,,,,0.2,80.4,2317,-10.5,-46.5,11.4,,,,,,,,,,,,,,,,,,,,,,
"Blach, Ty",621389,2022,31,24,44.1,193,15,5.7,0.273,0.402,0.338,0.313,4.6,6,37.1,20,49.7,43,31.1,21.9,4,L,674,,,,,,,,,,,,,,,19.6,80.7,1898,15.7,-39.7,16,1.1,8.6,79.2,2387,-4.5,-49.9,8.3,1.3,54.9,91.1,2185,14.2,-24.1,16.8,1.1,16.9,85,2357,0.1,-33,4.8,1.3,,,,,,,,,,,,,,,,,,,,,,,,,,,,,,,,,,,,,,,,,,
"Manning, Matt",666159,2022,24,12,63,263,18.3,7.2,0.256,0.401,0.274,0.31,7.7,5.1,36.9,22.4,49.7,41,28.7,23.1,7.2,R,990,52.2,93.2,2052,-3,-15.1,16.8,1.8,1.7,82.9,2146,4.8,-38.8,5.2,1.5,7.5,86.1,1367,-11.7,-29.6,14,1.6,10.5,79.7,2282,8.9,-54,14.3,1.7,6.9,92.9,1933,-9.9,-17.4,17.5,1.3,,,,,,,,,,,,,,,,,,,,,,21.2,83.8,2178,8.5,-28.1,14.4,1.6,,,,,,,,,,,,,,,,,,,,,
"Bickford, Phil",641360,2022,26,60,61,247,27.1,5.7,0.211,0.403,0.312,0.29,4.9,4.9,34.8,25.1,50.6,38.4,30.5,20.1,11,R,990,68,94.1,2361,-4.8,-15.2,16.6,1.3,31.9,83.3,2293,6.5,-37.6,7.4,1.8,0.1,88.7,2185,-7.7,-18.6,18.3,,,,,,,,,,,,,,,,,,,,,,,,,,,,,,,,,,,,,,,,,,,,,,,,,,,,,,,,,,,,,,,,
"Arano, Víctor",644364,2022,27,43,42,187,23.5,6.4,0.234,0.366,0.329,0.296,7.1,3.9,35.4,28.9,50.4,52.8,21.3,19.7,6.3,R,678,9.7,94.5,2269,-8.5,-14.8,18.2,1.3,46.9,84.8,2511,0.8,-36.6,3.5,1.5,,,,,,,,,,,,,,,43.4,93.9,2122,-16.9,-21.3,19.7,1.1,,,,,,,,,,,,,,,,,,,,,,,,,,,,,,,,,,,,,,,,,,,,,,,,,
"Ramirez, Noé",598287,2022,32,55,50,215,23.7,12.1,0.217,0.394,0.346,0.315,5.9,5.9,37,27.6,46.8,40,30.4,23,6.7,R,834,37.4,89.8,2187,-10.4,-22.6,15.6,1.1,,,,,,,,31.1,84.1,2023,-14.3,-43.4,15.2,1.4,31.5,78,2524,9.8,-46.2,10.2,1.1,,,,,,,,,,,,,,,,,,,,,,,,,,,,,,,,,,,,,,,,,,,,,,,,,,,,,,,,
"Foley, Jason",671345,2022,26,60,60.1,256,16.8,4.3,0.263,0.366,0.309,0.296,3,2.5,42.5,16.7,50.5,57.5,21,19,2.5,R,961,8.8,96.1,2185,-13,-16.7,18.5,1.3,16.2,86.5,2240,4.1,-35.9,4.8,1.5,6.9,89.5,1594,-14.8,-31.7,15.2,1.4,,,,,,,,60.8,96.3,2034,-17.2,-23.8,18.2,1.3,,,,,,,,,,,,,,,,,,,,,,7.3,83.2,2189,12.3,-35.8,13.3,1.4,,,,,,,,,,,,,,,,,,,,,
"Martin, Brett",656685,2022,27,55,50,212,18.9,8.5,0.253,0.382,0.31,0.304,6.5,4.5,39.6,24.5,50.5,49.4,20.8,26,3.9,L,750,10.3,93.5,2149,5.4,-17.2,15.2,1.2,18.1,86.8,2207,-2.6,-33.2,4.8,1.4,,,,,,,,36.5,82.8,2250,-1.9,-47.9,8.3,1.4,35.1,93.5,2200,14.4,-18.8,19.3,1.1,,,,,,,,,,,,,,,,,,,,,,,,,,,,,,,,,,,,,,,,,,,,,,,,,
"Taillon, Jameson",592791,2022,30,32,177.1,728,20.7,4.4,0.26,0.432,0.308,0.317,6.7,4.8,36.2,23,49.1,41.4,26.7,23.6,8.3,R,2799,35.6,94.1,2370,-5.7,-13.2,18.8,1.1,18.7,86.1,2556,6.2,-32.5,7.9,1.4,8.4,87.8,1846,-14.1,-24.6,17.9,1.2,14.8,81.1,2734,9.2,-51.9,13.9,1.4,11,94.2,2297,-13.6,-16.3,20.1,1,11.3,90.7,2531,2.8,-20.6,13.2,1.4,,,,,,,,,,,,,,,0.1,84.1,2640,10.1,-37.8,10.4,1.8,,,,,,,,,,,,,,,,,,,,,
"De Los Santos, Enyel",660853,2022,26,50,53.1,215,28.4,7.9,0.236,0.4,0.265,0.306,10.4,3.7,45.2,29.9,52.3,41.5,22.2,29.6,6.7,R,845,60.5,95.3,2251,-11.8,-16,18.6,1.3,28.4,83.1,2143,2.7,-39.1,3.3,1.4,11.1,87.3,1861,-15.4,-26.3,18.2,1.6,,,,,,,,,,,,,,,,,,,,,,,,,,,,,,,,,,,,,,,,,,,,,,,,,,,,,,,,,,,,,,,
"Rogers, Tyler",643511,2022,31,68,75.2,319,15.4,7.2,0.24,0.33,0.302,0.286,3.3,8.3,32.8,19.2,44.8,56.4,17.4,21.2,5,R,1166,2.1,83.6,1882,-9.2,-43.2,10,1.5,46.1,72.1,2300,13.9,-39.3,20.1,1.2,,,,,,,,,,,,,,,51.8,83.2,1935,-1.5,-53.2,13.4,1.1,,,,,,,,,,,,,,,,,,,,,,,,,,,,,,,,,,,,,,,,,,,,,,,,,
"DeSclafani, Anthony",543101,2022,32,5,19,94,18.1,4.3,0.297,0.478,0.451,0.356,6.9,1.4,45.8,22.7,46.8,44.4,26.4,26.4,2.8,R,329,13.7,92.6,2266,-10.4,-14.5,20.5,1.5,38.6,87.4,2204,4,-27.4,9.4,1.6,5.8,86,1641,-15.5,-30.9,16.7,1.4,13.1,80.9,2031,9.1,-50.1,12.4,1.9,28.9,92.2,2080,-15.7,-19.9,20,1.5,,,,,,,,,,,,,,,,,,,,,,,,,,,,,,,,,,,,,,,,,,,,,,,,,
"Waldichuk, Ken",686610,2022,24,7,34.2,146,22.6,6.8,0.246,0.437,0.337,0.33,6.1,4,39.4,25.2,50.9,36.4,30.3,24.2,9.1,L,586,56.5,94.1,2335,10.5,-15.4,19,1.5,,,,,,,,14.5,82.4,1649,15.4,-36.2,16.1,1.4,8,75.2,2059,-15.5,-58.3,18.3,1.6,,,,,,,,,,,,,,,,,,,,,,,,,,,,,21,81,2289,-17.8,-43.3,18.1,1.3,,,,,,,,,,,,,,,,,,,,,
"Kluber, Corey",446372,2022,36,31,164,689,20.2,3,0.261,0.415,0.316,0.31,6.4,5.8,34.7,23.9,51.2,36.8,27,25.4,10.8,R,2454,1.5,88.9,2271,-6.3,-20.2,16,1.3,,,,,,,,10.3,82.9,1652,-13.5,-33.7,15.5,1.3,27.3,80.7,2526,16.5,-41,16.9,1.2,26.8,88.9,2075,-16.3,-26.1,18.7,1.1,34.2,86.3,2463,2.9,-28.1,9.3,1.3,,,,,,,,,,,,,,,,,,,,,,,,,,,,,,,,,,,,,,,,,,
"Manaea, Sean",640455,2022,30,30,158,671,23.2,7.5,0.24,0.407,0.33,0.312,5.8,3.2,42.9,25.5,51.4,38.7,30.7,22.1,8.4,L,2482,51.5,91.3,2001,12.5,-20.2,18.1,1.9,13.1,81.6,2036,-3.8,-38.9,5.8,2.8,24.6,84.9,1436,13,-31.2,15,2.5,0.1,80.7,2016,-7.2,-38.7,8.5,1.4,9.5,90.8,2025,16.8,-23.3,19.7,2,,,,,,,,,,,,,,,,,,,,,,1.3,77.3,2014,-13.2,-44.7,13.6,1.7,,,,,,,,,,,,,,,,,,,,,
"Strickland, Hunter",519326,2022,33,66,62.1,284,21.1,11.6,0.254,0.447,0.346,0.354,6.5,2.2,37.9,28.1,47.3,34.2,29.3,25.5,10.9,R,1082,50.9,95,2351,-5.1,-16.9,14.6,1.4,38.8,84.8,2814,8.5,-39.4,8.8,1.2,3,89.6,1768,-13.4,-25.8,16,1.3,,,,,,,,7,94.4,2234,-12.9,-20.5,17,1.8,0.2,87.8,2722,3.5,-27.3,9.2,1.5,,,,,,,,,,,,,,,,,,,,,,,,,,,,,,,,,,,,,,,,,,
"Ramírez, Yohan",670990,2022,27,30,37.1,167,19.2,12,0.245,0.377,0.324,0.333,1.8,10.1,38.5,23.8,42.7,49.5,15.6,25.7,9.2,R,620,12.1,93.9,2235,-9.2,-19,15.3,1.4,,,,,,,,,,,,,,,,,,,,,,55.6,95.7,2234,-17.8,-24.4,18.8,1.2,,,,,,,,,,,,,,,,,,,,,,32.3,82.7,2375,15.3,-34.9,16.5,1.5,,,,,,,,,,,,,,,,,,,,,
"Pressly, Ryan",519151,2022,33,50,48.1,181,35.9,6.6,0.202,0.315,0.229,0.253,4.8,2.9,37.5,38.7,48.7,46.2,25,24,4.8,R,711,32.6,94.5,2512,-3.2,-12.7,18.5,1.4,36.8,89.7,2729,5.1,-31,6.4,1.4,3.5,89.1,1974,-14.7,-30.7,15.4,1.3,27,81,3272,14.8,-56.2,20.4,1.3,,,,,,,,,,,,,,,,,,,,,,,,,,,,,,,,,,,,,,,,,,,,,,,,,,,,,,,,
"Smith, Drew",622098,2022,28,44,46,187,28.3,8,0.222,0.409,0.3,0.302,5.9,5,50.4,30.9,48.6,34.5,35.3,20.2,10.1,R,780,52.4,95.7,2503,-7,-11.4,20,1.2,35.5,85.4,2812,7.8,-38,8.5,1.5,5.5,85.2,1964,-14.2,-24.6,19.6,1.6,6.4,77.7,2809,15.3,-56.2,18.6,1.5,0.1,95.6,2505,-15.8,-16.6,20.7,,,,,,,,,,,,,,,,,,,,,,,,,,,,,,,,,,,,,,,,,,,,,,,,,,
"Bieber, Shane",669456,2022,27,31,200,791,25,4.6,0.245,0.386,0.269,0.292,6.7,2.9,43.1,29.7,49.7,48.8,20.9,24.3,5.9,R,2875,34.4,91.3,2206,-8.5,-15.3,19.7,1.1,29.5,85,2515,2.8,-35.1,4.5,1.2,2.3,86.4,1557,-12.9,-30.3,14.8,1.2,17.9,82,2197,9.9,-51.6,15,1,,,,,,,,15.8,86.9,2497,1.9,-27,9.3,1.1,,,,,,,,,,,,,,,,,,,,,,,,,,,,,,,,,,,,,,,,,,
"Bard, Daniel",453268,2022,37,57,60.1,245,28.2,10.2,0.178,0.264,0.232,0.247,3.4,4.7,37.8,27.5,45,51.4,20.3,18.2,10.1,R,953,2.5,97.9,2623,-6,-16.5,13.5,1.3,42.5,88.4,2776,7.4,-32.6,8.5,2.7,2.4,90.2,2264,-16,-27.1,17.5,1.4,,,,,,,,52.4,98,2508,-14.5,-21.4,16.3,1.1,,,,,,,,,,,,,,,,,,,,,,,,,,,,,0.2,79.8,2610,13.5,-38.3,14.2,1.4,,,,,,,,,,,,,,
"Kikuchi, Yusei",579328,2022,31,32,100.2,454,27.3,12.8,0.247,0.463,0.367,0.361,6.5,2.7,47.9,31,47.5,44.5,24,25.9,5.7,L,1843,50.6,94.9,2270,11.5,-13.6,20.8,1.1,30.3,86.6,2355,-3.1,-34.5,5.3,2.4,13.4,87,1565,10.4,-28.1,13.5,1.6,0.3,85.2,2256,-2.6,-36.8,3.1,1.3,,,,,,,,5.4,91.1,2255,0.3,-21.9,11.3,1.2,,,,,,,,,,,,,,,,,,,,,,,,,,,,,,,,,,,,,,,,,,
"Festa, Matt",670036,2022,29,53,54,219,29.2,8.2,0.222,0.381,0.312,0.299,5.2,5.9,31.1,30.3,49.6,41.5,32.6,19.3,6.7,R,897,43.3,92.6,2332,-4.8,-17.6,15.3,1.2,,,,,,,,,,,,,,,,,,,,,,0.2,92.5,2027,-13.1,-23,16.2,1.5,,,,,,,,,,,,,,,,,,,,,,56.5,82.9,2567,15.6,-37.1,16.1,1.2,,,,,,,,,,,,,,,,,,,,,
"Gott, Trevor",641627,2022,29,45,45.2,186,23.7,6.5,0.203,0.333,0.29,0.268,3.9,5.5,31.5,25.7,46.5,44.9,27.6,19.7,7.9,R,761,32.9,95.2,2201,-8.4,-15.1,17.5,1,,,,,,,,1.1,90.2,1429,-14.5,-29.9,15.1,1.4,10.4,82.7,2073,10,-49.9,14,1.5,21.9,95.1,2033,-16.5,-21.8,18.7,1.1,33.8,91.5,2258,0.5,-21.1,11.8,1.3,,,,,,,,,,,,,,,,,,,,,,,,,,,,,,,,,,,,,,,,,,
"Falter, Bailey",663559,2022,25,20,84,349,21.2,4.9,0.262,0.455,0.338,0.331,9.5,5.2,38.5,23.8,48.6,34.1,33.3,25,7.5,L,1295,31.8,91.4,2052,1.3,-13.8,19.2,1.1,14.8,83.5,1967,-4.4,-35.5,6.3,1.7,4,83.1,1567,8.3,-24.9,17.2,1.9,16.9,76.6,2125,-7.6,-53.4,10.3,1.4,32.4,91,1782,7.9,-15.8,19.1,1.1,,,,,,,,,,,,,,,,,,,,,,,,,,,,,,,,,,,,,,,,,,,,,,,,,
"Brigham, Jeff",656257,2022,30,16,24,101,27.7,9.9,0.237,0.379,0.322,0.308,6.3,4.8,33.3,28.2,46.5,22.2,36.5,33.3,7.9,R,419,42,94.5,2277,-11.7,-15.1,19.8,1.3,,,,,,,,,,,,,,,,,,,,,,,,,,,,,0.5,91.5,2210,-13.3,-19.7,18.8,1.5,,,,,,,,,,,,,,,57.5,82.2,2831,16.7,-39.2,16.9,1.3,,,,,,,,,,,,,,,,,,,,,
"Rodriguez, Elvin",660730,2022,24,7,29.2,143,17.5,10.5,0.284,0.55,0.458,0.391,4.9,2,51,16.9,44.4,36.3,32.4,22.5,8.8,R,534,52.4,93.1,2415,-8.9,-13.4,20.6,1.2,24.5,82.6,2429,3,-40.5,4,1.8,12.9,86.6,2096,-14.9,-25.5,18.8,1.4,3.2,76.3,2654,7.3,-60.3,15.2,1.6,1.3,93.1,2363,-15.5,-16.8,21.7,1.5,0.2,90.5,2332,-0.6,-12.3,21.3,,,,,,,,,,,,,,,,5.4,79.6,2453,11.3,-46,12.1,1.5,,,,,,,,,,,,,,,,,,,,,
"Fernández, Junior",658551,2022,25,16,18.2,84,16.7,14.3,0.223,0.324,0.352,0.309,3.6,5.4,35.7,26,45,62.5,16.1,14.3,7.1,R,333,12.6,98.8,2194,-9.5,-12.5,18.4,1.3,35.1,88.9,2120,-0.5,-27.3,8.6,1.3,10.2,90.9,1864,-14.1,-26.6,15.8,1.3,,,,,,,,42,98.7,2059,-15.1,-16.5,19.1,1.1,,,,,,,,,,,,,,,,,,,,,,,,,,,,,,,,,,,,,,,,,,,,,,,,,
"Rucker, Michael",621074,2022,28,41,54.2,229,21.8,8.7,0.23,0.376,0.308,0.297,3.1,3.1,38.3,25.8,48.4,44.7,28.9,17.6,8.8,R,892,43.9,94.7,2270,-7.5,-14.5,17.8,1.2,25.4,86.1,2476,3.8,-38.1,5.1,1.6,8.5,90,1787,-14.6,-29.5,15.4,1.3,17.6,80.6,2523,15.4,-51.9,18.5,1.6,,,,,,,,4.5,88.4,2361,3.1,-31.2,5.2,1.4,,,,,,,,,,,,,,,,,,,,,,,,,,,,,,,,,,,,,,,,,,
"Krehbiel, Joey",607216,2022,29,56,57.2,244,18.4,7.4,0.245,0.41,0.317,0.312,6.2,3.9,33.7,22.2,46.2,42.1,27.5,24.2,6.2,R,977,34.7,94.4,2175,-9.9,-15,18.8,1.5,3.8,79.8,2478,13.1,-44.7,13.5,1.5,33.2,84.3,1495,-14.1,-36.2,14.5,1.5,,,,,,,,,,,,,,,28.4,86.3,2465,6.6,-31.6,8.8,2.5,,,,,,,,,,,,,,,,,,,,,,,,,,,,,,,,,,,,,,,,,,
"Ohtani, Shohei",660271,2022,27,28,166,660,33.2,6.7,0.204,0.311,0.255,0.256,5.1,4.1,33.2,33,49,41.9,26.6,22.8,8.6,R,2629,27.3,97.3,2217,-3.5,-14.5,15,1.9,2.4,85.2,2498,7,-43.5,9.3,2.3,,,,,,,,8.5,77.6,2482,11.2,-59.6,17.6,3.4,3.7,97.2,1973,-16.2,-22.4,17.7,1.9,8.9,90.7,2378,3.6,-27.4,7.4,2.5,11.9,89.3,1274,-5.5,-31.9,6.8,2,,,,,,,,37.4,85.3,2492,14,-32.7,15.3,2.1,,,,,,,,,,,,,,,,,,,,,
"Banuelos, Manny",544365,2022,31,35,41,175,24,12,0.23,0.325,0.289,0.299,1.8,9.2,36.7,27.4,45.7,54.1,18.3,19.3,8.3,L,718,20.1,93.7,2051,11.4,-17.7,17.8,1.1,15.9,86.6,2389,-4.2,-33.1,5.9,1.7,10,83.1,1703,15.7,-34.5,16.8,1.6,32.7,82.2,2467,-9.7,-38.7,10.3,1.8,21.3,93.5,1825,16,-23.5,18,1.2,,,,,,,,,,,,,,,,,,,,,,,,,,,,,,,,,,,,,,,,,,,,,,,,,
"Tate, Dillon",622253,2022,28,67,73.2,292,20.5,5.5,0.226,0.337,0.27,0.277,5.3,7.7,38.3,23.2,48.7,58.9,19.1,21.5,0.5,R,1077,,,,,,,,0.2,94.4,2055,-17.5,-26.3,18.2,1.5,23.8,83.9,1649,-16.9,-34.7,17.7,1.7,,,,,,,,51.3,94,1969,-17.1,-25.2,18.2,1.7,,,,,,,,,,,,,,,,,,,,,,24.8,80.3,2440,10.2,-38.1,11.9,1.8,,,,,,,,,,,,,,,,,,,,,
"Junis, Jakob",596001,2022,29,23,112,478,20.5,5.2,0.262,0.414,0.328,0.315,5.1,3.7,38.2,21.5,45.7,43.6,25.1,26.8,4.6,R,1802,0.8,91.4,2202,-5.8,-21,13.2,1.6,50.5,83.1,2473,13.3,-38.9,13.7,2.1,16,84.8,1396,-9.8,-33.3,11.5,1.9,,,,,,,,31.6,91.9,2192,-12.9,-24.1,15.7,1.3,1.1,85.6,2427,6.1,-32.4,8.1,1.5,,,,,,,,,,,,,,,,,,,,,,,,,,,,,,,,,,,,,,,,,,
"Lynn, Lance",458681,2022,35,21,121.2,512,24.2,3.7,0.242,0.387,0.304,0.296,6.1,4.2,38.7,28.5,52.3,42.6,26.7,24,6.7,R,2022,45.9,92.9,2443,-3.7,-18.3,14,1.4,2.5,86,2548,5.1,-35.5,6.1,1.2,3.8,85.8,1872,-11.8,-31.3,13.6,1.3,8.6,82,2497,10.5,-42.2,11.2,1.8,13.2,91.4,2307,-11,-25.9,13.2,1.8,26.1,88.8,2607,2.3,-29.4,6.2,1.6,,,,,,,,,,,,,,,,,,,,,,,,,,,,,,,,,,,,,,,,,,
"Allard, Kolby",663465,2022,24,10,21,87,21.8,6.9,0.269,0.521,0.406,0.362,8.2,1.6,42.6,27.3,46.5,27.9,37.7,27.9,6.6,L,299,53.2,91.1,2108,7.3,-14.7,19.9,1,,,,,,,,19.4,82.8,1646,13.2,-28.5,17.6,1.5,5.4,74.2,1858,-6.3,-61.8,13.6,1.4,,,,,,,,22.1,84.9,2139,-3.7,-32.7,6.7,1.6,,,,,,,,,,,,,,,,,,,,,,,,,,,,,,,,,,,,,,,,,,
"Henry, Tommy",674072,2022,24,9,47,205,17.6,10.2,0.253,0.434,0.357,0.338,8.3,6.2,39.3,23.4,49.2,40,29.7,24.1,6.2,L,773,55.6,91.6,2184,7.2,-17.6,16.8,1.2,19.9,85.7,2193,1.4,-31.3,6.7,1.1,9.7,84.7,1435,14.3,-34.1,15.1,1.2,14.6,80.6,2389,-6.8,-50.5,11,1.4,0.1,91.3,2212,13.1,-16.9,20.6,,,,,,,,,,,,,,,,,,,,,,,,,,,,,,,,,,,,,,,,,,,,,,,,,,
"Baumann, Mike",657508,2022,26,13,34.1,149,15.4,6,0.265,0.416,0.353,0.325,8.7,2.6,46.1,16.4,49.5,50.4,20.9,20.9,7.8,R,580,47.4,95.8,2196,-5.6,-11.8,19.2,1.2,29.3,91.6,2314,2,-25.3,8.2,1.9,4.5,88.7,1894,-16.1,-25.3,18.9,1.3,18.6,84,2215,4.5,-52.9,14.6,1.8,0.2,95.6,2142,-14.6,-16.5,20,,,,,,,,,,,,,,,,,,,,,,,,,,,,,,,,,,,,,,,,,,,,,,,,,,
"Hernández, Carlos",672578,2022,25,27,56,266,13.2,11.7,0.272,0.448,0.378,0.351,5.5,7,38.2,23.6,47.4,37.7,27.6,26.6,8,R,1035,49.7,96.8,2365,-8.2,-12.1,19.1,2.3,17.3,85.8,2026,3.1,-34.8,4.6,2.2,,,,,,,,22.4,82.1,2282,3.1,-45.1,6.2,2.4,0.4,95.4,2332,-15.6,-13.3,23.4,1.7,,,,,,,,10.2,85,1183,-9.7,-28.5,13.9,2.5,,,,,,,,,,,,,,,,,,,,,,,,,,,,,,,,,,,
"Baker, Bryan",641329,2022,27,66,69.2,291,26.1,8.9,0.226,0.318,0.277,0.28,5.4,3.8,41.4,27.3,45,42.5,21.5,26.9,9.1,R,1181,56.1,96.2,2335,-2.4,-11.8,18.2,2,26.4,87.3,2411,7.4,-33.1,8.3,2.2,17.4,84,1913,-14.3,-28,18.2,2.3,,,,,,,,,,,,,,,,,,,,,,,,,,,,,,,,,,,,,,,,,,,,,,,,,,,,,,,,,,,,,,,
"Danish, Tyler",641501,2022,27,32,40.1,173,18.5,6.9,0.292,0.511,0.334,0.377,9.6,4.8,41.6,18.8,44,48.8,22.4,21.6,7.2,R,664,7.5,91.3,1884,-13.1,-24.8,15.6,1.4,0.6,87.1,2291,0.6,-32.9,4,1.4,14.8,84.4,1424,-14.6,-39.5,14.9,1.5,0.2,73.7,1994,6,-51,6,,36.4,90.9,1802,-17.7,-34.7,18,1.3,,,,,,,,,,,,,,,,,,,,,,40.5,80.9,2412,11.5,-37.6,12.5,1.7,,,,,,,,,,,,,,,,,,,,,
"Brogdon, Connor",641401,2022,27,47,44,188,26.6,5.9,0.224,0.358,0.31,0.278,6.3,5.6,29.4,33,52.1,34.9,27,27,11.1,R,710,32,95.1,2294,-10.8,-13.9,19.9,1.1,,,,,,,,43.2,83.8,2060,-17.1,-32.1,18.7,1.3,,,,,,,,,,,,,,,24.8,88.3,2376,3.2,-23.2,12.5,1.4,,,,,,,,,,,,,,,,,,,,,,,,,,,,,,,,,,,,,,,,,,
"Matzek, Tyler",554431,2022,31,42,43.2,184,19.6,15.8,0.215,0.363,0.27,0.318,4.3,3.4,38.5,26.1,48.4,35,35,21.4,8.5,L,713,76.7,94.1,2444,3.8,-13.4,18,1.3,23.1,83.2,2808,-6.4,-46.9,10.1,1.7,,,,,,,,0.1,77.7,2641,-10.5,-57.7,16,,,,,,,,,,,,,,,,,,,,,,,,,,,,,,,,,,,,,,,,,,,,,,,,,,,,,,,,,
"Crowe, Wil",640444,2022,27,60,76,332,20.5,11.4,0.248,0.364,0.308,0.316,3.1,3.1,32.7,27.5,45.4,51.1,22.9,21.5,4.5,R,1380,16,95.1,2478,-2.5,-13.6,17,1.4,31.2,87.6,2779,6,-35.3,6.6,1.8,28.1,85.9,1740,-10.2,-33,11.4,1.7,3,81.6,2463,6.4,-56.3,16.3,1.5,21.6,94.4,2269,-12.1,-17.8,17.9,1.6,,,,,,,,,,,,,,,,,,,,,,0.1,87.1,2801,12.8,-33.9,13.3,1.5,,,,,,,,,,,,,,,,,,,,,
"Domínguez, Seranthony",622554,2022,27,54,51,207,29.5,10.6,0.214,0.336,0.268,0.286,4.9,1.6,45.5,32.6,48.8,47.2,24.4,22.8,5.7,R,823,37.5,97.6,2357,-3.2,-14.8,14.5,1.3,24.7,89.5,2441,5.1,-30.7,7,2,4.7,92,1783,-15.8,-26.3,17.1,1.4,,,,,,,,32.1,98.2,2312,-15.3,-18.9,18.2,1.4,1,92.9,2473,-3.3,-22.6,10,1.5,,,,,,,,,,,,,,,,,,,,,,,,,,,,,,,,,,,,,,,,,,
"Hearn, Taylor",621368,2022,27,31,100,449,21.6,9.6,0.265,0.42,0.337,0.337,5.2,5.2,40.2,22.2,48.1,38.6,25.8,28.8,6.9,L,1787,48,94.8,2321,7.7,-13.8,18.6,1.4,26.9,84.9,2125,-3.2,-38.7,4.2,2.3,8.8,87.6,1778,10.6,-26,14.5,1.7,,,,,,,,14.7,93.8,2204,14.6,-18.7,19.3,1.6,1.7,88.7,2261,0.4,-26.4,8.9,1.9,,,,,,,,,,,,,,,,,,,,,,,,,,,,,,,,,,,,,,,,,,
"Sánchez, Cristopher",650911,2022,25,15,40,177,19.8,9.6,0.243,0.389,0.323,0.32,6.6,4.1,38,19.1,45.2,54.5,20.7,21.5,3.3,L,662,,,,,,,,18.9,84.8,1912,-1.8,-38.1,3.3,1.4,20.1,84.4,1914,17,-37.3,17.2,1.5,,,,,,,,61,93,2061,17.8,-23.5,19.8,1.3,,,,,,,,,,,,,,,,,,,,,,,,,,,,,,,,,,,,,,,,,,,,,,,,,
"Sears, JP",676664,2022,26,17,70,288,17.7,8,0.258,0.425,0.314,0.327,5.7,2.4,43.4,19.9,46.1,41.5,28.8,19.8,9.9,L,1079,56.6,93.2,2152,12.1,-17.9,18.4,1.1,,,,,,,,17.5,82.7,1878,18.1,-36.9,18.5,1.6,25.8,79.2,2507,-7.3,-47.3,8.5,1.7,,,,,,,,,,,,,,,,,,,,,,,,,,,,,0.1,77.4,2530,-12.2,-43.5,12.4,,,,,,,,,,,,,,,,,,,,,,
"Javier, Cristian",664299,2022,25,30,148.2,585,33.2,8.9,0.168,0.286,0.251,0.244,6.3,4.8,33.6,30.4,49.2,27,38.7,21,13.2,R,2554,60.1,93.8,2354,-7.3,-12.3,20.4,1.3,27.6,79.9,2621,15.1,-40.2,15.8,1.5,3.9,85.2,2214,-14.5,-28.2,17.6,1.6,8.4,76.5,2884,13.2,-56.4,16.4,1.5,,,,,,,,,,,,,,,,,,,,,,,,,,,,,,,,,,,,,,,,,,,,,,,,,,,,,,,,
"Ober, Bailey",641927,2022,26,11,56,227,22.5,4.8,0.262,0.464,0.272,0.334,5.5,0.6,36.8,27.7,52.9,29.4,31.9,30.1,8.6,R,854,49.1,91.5,2301,-8.5,-15.3,19.6,1.1,23.4,82.9,2175,5.4,-40.1,6.1,1.3,15.6,84.3,1818,-16.4,-30.7,18.4,1.3,11.9,76.7,2241,9.5,-57.2,14.3,1.6,,,,,,,,,,,,,,,,,,,,,,,,,,,,,,,,,,,,,,,,,,,,,,,,,,,,,,,,
"Valdez, Framber",664285,2022,28,31,201.1,827,23.5,8.1,0.227,0.329,0.272,0.284,2.5,4.1,41.6,25.6,47,67.4,10.6,19.5,2.5,L,3018,3.6,94,2193,7.5,-22.2,11.8,1.5,10.1,83,2669,-3.6,-44.8,6.7,1.6,9.2,88.8,1640,15.3,-32.8,15.7,2,28.2,79.2,2849,-11.7,-60.4,20,1.6,48.9,93.9,2203,14.4,-24.2,16.2,1.5,,,,,,,,,,,,,,,,,,,,,,,,,,,,,,,,,,,,,,,,,,,,,,,,,
"Williams, Devin",642207,2022,27,65,60.2,240,40,12.5,0.147,0.199,0.225,0.223,5.4,6.3,27,40.8,47,50.5,21.6,22.5,5.4,R,1068,37.7,93.9,2268,-12.2,-14.5,20.7,1.3,3.5,86.4,2375,4.5,-29.9,8.3,1.7,58.1,83.4,2739,-19,-42.7,19.3,1.5,,,,,,,,,,,,,,,0.7,89.7,2464,1.3,-17.4,16.7,1.4,,,,,,,,,,,,,,,,,,,,,,,,,,,,,,,,,,,,,,,,,,
"Peralta, Wandy",593974,2022,30,56,56.1,223,21.1,7.6,0.21,0.29,0.241,0.255,0.6,7.6,31.6,33.9,51.3,55.7,20.9,15.8,7.6,L,815,4.5,95.4,2218,13.5,-16,19.8,1.3,15.7,87.6,2241,-1.9,-31.3,5.1,1.5,42.6,88.6,2184,17.3,-30,18.3,1.6,,,,,,,,37.2,95.4,2186,17,-20.4,19.7,1.3,,,,,,,,,,,,,,,,,,,,,,,,,,,,,,,,,,,,,,,,,,,,,,,,,
"Suárez, Ranger",624133,2022,26,29,155.1,662,19.5,8.8,0.241,0.368,0.314,0.302,3.6,5.1,34.9,21.3,45.5,56,18.4,21.6,4,L,2564,17.7,93.2,1894,6.6,-20.1,13.3,1.2,3.4,82.4,2112,-6.6,-38.7,7.4,2,21.4,84.9,1519,14.7,-32.2,16,1.5,7.8,76.6,2227,-9.7,-55.4,13.2,1.7,40.2,92.5,1907,16,-25.7,17.4,1.2,9.4,89.5,2015,-0.2,-26.6,8.1,1.9,,,,,,,,,,,,,,,,,,,,,,,,,,,,,,,,,,,,,,,,,,
"Giolito, Lucas",608337,2022,27,30,161.2,698,25.4,8.7,0.249,0.397,0.344,0.318,6.1,3.9,39,28.5,47.4,39,28.7,27,5.3,R,2753,47.7,92.6,2172,-5.4,-13.9,19,1.4,23.6,84.4,1959,3.5,-37.2,4.4,1.4,25.5,81,1448,-11.3,-30.5,16.2,1.5,3.2,79.2,2348,7.2,-56.3,14.6,1.5,,,,,,,,,,,,,,,,,,,,,,,,,,,,,,,,,,,,,,,,,,,,,,,,,,,,,,,,
"Buehler, Walker",621111,2022,27,12,65,274,21.2,6.2,0.258,0.418,0.318,0.32,6.1,5.6,41.6,24.8,49.7,48.2,20.3,24.9,6.6,R,1046,34.2,95.2,2267,-5.9,-13.3,18,1.3,,,,,,,,7.8,90.5,1550,-13.7,-28.3,14.9,1.3,16.8,79.2,2662,11.5,-57.7,18,1.3,4.6,95,2168,-13.4,-18.4,18,1.4,25,91.5,2411,4.5,-23.5,10.5,1.7,,,,,,,,,,,,,,,11.5,83.5,2673,14,-37.3,14.6,1.5,,,,,,,,,,,,,,,,,,,,,
"Banks, Tanner",621383,2022,30,35,53,217,22.6,8.3,0.252,0.384,0.268,0.312,4.7,6,40.9,19.3,49.7,46.3,22.1,27.5,4,L,897,44.9,92.9,2270,1.9,-15.5,16.4,1.3,29.8,86.7,2319,-4.6,-31.3,7.1,1.6,20,84.9,1778,10.6,-31.7,12.4,1.5,5.4,82.1,2299,-12.9,-36.1,14,1.4,,,,,,,,,,,,,,,,,,,,,,,,,,,,,,,,,,,,,,,,,,,,,,,,,,,,,,,,
"Woodruff, Brandon",605540,2022,29,27,153.1,620,30.6,6.8,0.212,0.349,0.282,0.277,7.3,5.2,37.5,31.1,49.4,38.3,30.2,22.8,8.7,R,2538,38.5,96.3,2350,-6,-12.1,18.6,1.2,11.3,88,2408,3.8,-32,5.6,1.4,16.3,86.1,2008,-15.8,-28,18.3,1.4,12.6,84,2497,2.5,-46,8.1,1.5,21.4,95.8,2286,-14,-15.9,19.8,1.3,,,,,,,,,,,,,,,,,,,,,,,,,,,,,,,,,,,,,,,,,,,,,,,,,
"Heaney, Andrew",571760,2022,31,16,72.2,310,35.5,6.1,0.203,0.373,0.311,0.287,8.7,4.7,47.7,35.8,51.1,37.2,31.4,23.8,7.6,L,1230,62.5,93,2442,14.8,-17.5,20.7,1.5,32.4,83.4,2583,-3.6,-38.2,4.9,1.8,5.1,85,2124,16.7,-31.6,18.1,1.5,,,,,,,,,,,,,,,,,,,,,,,,,,,,,,,,,,,,,,,,,,,,,,,,,,,,,,,,,,,,,,,
"Minter, A.J.",621345,2022,28,75,70,271,34.7,5.5,0.182,0.304,0.246,0.242,5,5,34,33,51.6,39.6,27,22,11.3,L,1111,49.8,96.6,2425,6.5,-12,18.6,0.9,,,,,,,,18.1,87.6,1650,16.2,-32.3,16.7,1.3,,,,,,,,,,,,,,,32.1,90.3,2603,-5.1,-29,7,1.4,,,,,,,,,,,,,,,,,,,,,,,,,,,,,,,,,,,,,,,,,,
"Knebel, Corey",608349,2022,30,46,44.2,193,21.2,14,0.217,0.346,0.293,0.303,4.1,4.1,39.8,27,44.7,39,27.6,25.2,8.1,R,795,69.8,95.6,2369,-3.8,-12.5,18.1,1.1,3,79.6,2543,18.5,-49.3,19.5,1.4,,,,,,,,27.2,78.7,2832,10.3,-62.5,20.5,1.6,,,,,,,,,,,,,,,,,,,,,,,,,,,,,,,,,,,,,,,,,,,,,,,,,,,,,,,,
"Muñoz, Andrés",662253,2022,23,64,65,248,38.7,6,0.163,0.241,0.231,0.211,3.8,5.3,36.1,41.8,54.5,52.6,24.1,16.5,6.8,R,1024,35.2,100.2,2291,-12.1,-13.9,18.2,1.3,64.6,88.6,2226,4.3,-29.7,7.4,2.8,,,,,,,,,,,,,,,0.2,101.5,2205,-13.8,-18.7,15.9,1.5,,,,,,,,,,,,,,,,,,,,,,,,,,,,,,,,,,,,,,,,,,,,,,,,,
"Logue, Zach",656657,2022,26,14,57,257,16.3,7.8,0.274,0.522,0.391,0.369,8.8,5.2,42.5,21.5,48.1,31.1,35.8,21.2,11.9,L,1022,49.2,90.1,2011,10,-20,17.2,1.1,,,,,,,,13.6,82,1873,15.2,-40.6,15.3,1.3,15.8,77.5,2425,-10.4,-42.4,11.4,1.5,0.6,87.8,1890,16.5,-28.9,18.2,1.5,20.8,85.9,2247,1.1,-29.1,8.6,1.3,,,,,,,,,,,,,,,,,,,,,,,,,,,,,,,,,,,,,,,,,,
"Medina, Adonis",658431,2022,25,14,23.2,110,15.5,5.5,0.287,0.439,0.357,0.351,7.4,8.6,56.8,19.3,47.6,51.9,13.6,28.4,6.2,R,414,17.6,93.1,2353,-5.4,-20,13,1.3,28,86.4,2412,5,-34.1,6.4,2,16.7,87.1,1756,-15.9,-35.8,16.1,1.3,7.5,80.4,2452,15,-40.3,15.7,1.6,30.2,93.5,2287,-15.6,-25.2,17.1,1.1,,,,,,,,,,,,,,,,,,,,,,,,,,,,,,,,,,,,,,,,,,,,,,,,,
"Megill, Trevor",656730,2022,28,39,45,196,25,8.7,0.268,0.442,0.33,0.34,10.9,2.3,48.1,25.3,50.1,44.2,22.5,28.7,4.7,R,774,55.4,98.1,2446,-4.3,-11.7,17.3,1.4,13.7,88.5,2747,6.3,-39.2,8.4,1.2,,,,,,,,30.9,83.4,2759,7.6,-56.2,18.2,1.7,,,,,,,,,,,,,,,,,,,,,,,,,,,,,,,,,,,,,,,,,,,,,,,,,,,,,,,,
"Floro, Dylan",571670,2022,31,56,53.2,220,21.8,6.8,0.232,0.344,0.271,0.272,5.7,5.7,32.5,21.9,48.8,44.6,23.6,27.4,4.5,R,863,26.8,92.4,2177,-10.4,-17.6,18.1,1.3,21.9,84.1,1891,2,-34.9,5.3,1.3,15.1,85.2,1819,-17,-35.7,17.3,1.2,,,,,,,,36.3,92.6,2128,-17.3,-23.2,19.5,1.3,,,,,,,,,,,,,,,,,,,,,,,,,,,,,,,,,,,,,,,,,,,,,,,,,
"Hill, Rich",448179,2022,42,26,124.1,526,20.7,7,0.24,0.411,0.325,0.313,4.5,5.3,34,22,47.4,40.7,27.1,22.6,9.6,L,1990,35.6,88.5,2252,8.2,-16.4,20.5,1.2,,,,,,,,4.2,82.8,1882,15.6,-33.2,17.8,1.9,36.5,71.8,2629,-17.8,-67.7,22.4,1.7,0.2,87.3,2229,17.6,-23.4,22,1.5,12.9,84.2,2273,-1.9,-29.6,9.6,1.4,,,,,,,,,,,,,,,10.6,69.2,2531,-22.7,-56.5,22.9,1.6,,,,,,,,,,,,,,,,,,,,,
"Márquez, Germán",608566,2022,27,31,181.2,779,19.3,8.1,0.256,0.423,0.341,0.327,8,3.2,47.2,23,49.7,48.6,24.7,23,3.7,R,2839,30,95.6,2138,-9,-16.6,16.1,1.7,20.9,87.7,2390,0.3,-31.1,5,2,3,87.8,1595,-10.2,-27.7,13.2,1.9,22.1,86.5,2577,1.1,-38.3,3.3,2.1,24.1,95.1,2111,-14.3,-21.1,17.1,1.4,,,,,,,,,,,,,,,,,,,,,,,,,,,,,,,,,,,,,,,,,,,,,,,,,
"Brasier, Ryan",518489,2022,34,68,62.1,263,24.3,4.9,0.249,0.434,0.336,0.309,6.5,3.2,46.5,25.2,54.7,41.1,24.9,25.9,8.1,R,985,44.2,95.9,2270,-7.1,-13.2,18.2,1.2,42.9,85.5,2469,6.4,-38,6.9,1.8,1.3,88.1,1340,-13.2,-25.5,16.7,1.5,,,,,,,,11.6,96.1,2230,-15.7,-18.7,19.2,1,,,,,,,,,,,,,,,,,,,,,,,,,,,,,,,,,,,,,,,,,,,,,,,,,
"Moll, Sam",594580,2022,30,53,43.1,187,24.6,11.8,0.204,0.306,0.279,0.269,2.6,3.4,35.3,24.6,42.5,50,17.2,22.4,10.3,L,737,0.3,92.9,2368,3.3,-20.8,11.4,1.4,,,,,,,,,,,,,,,,,,,,,,44.4,93.3,2524,13.3,-27.9,14.1,1.3,,,,,,,,,,,,,,,,,,,,,,55.4,81.7,3182,-17.3,-43.9,17.7,1.6,,,,,,,,,,,,,,,,,,,,,
"McClanahan, Shane",663556,2022,25,28,166.1,640,30.3,5.8,0.207,0.332,0.248,0.261,6.2,3.2,32.6,34.3,49.5,50.6,21,23.2,5.2,L,2463,35.6,96.7,2233,10.8,-11.7,20.9,1.5,15.4,89.3,2348,-3.6,-30.5,6.1,2,25.4,87.7,1732,16,-25.4,19.4,1.4,23.5,82,2628,-7.6,-52.1,13.7,1.9,,,,,,,,,,,,,,,,,,,,,,,,,,,,,,,,,,,,,,,,,,,,,,,,,,,,,,,,
"Schmidt, Clarke",657376,2022,26,29,57.2,236,23.7,9.7,0.222,0.359,0.285,0.292,3.2,4.5,37.4,26.6,46.9,43.9,26.5,23.2,6.5,R,928,16.2,94.7,2522,-4.9,-16.6,14.9,1.2,,,,,,,,4.8,89.6,2128,-7.9,-30.9,8.9,1.4,18.1,83.5,2913,15,-48.8,17.7,1.5,22.8,94.9,2407,-14.3,-23.4,16.2,1.2,,,,,,,,,,,,,,,,,,,,,,38,86.4,2856,8.4,-32.9,9.4,1.3,,,,,,,,,,,,,,,,,,,,,
"Silseth, Chase",681217,2022,22,7,28.2,129,18.6,9.3,0.306,0.509,0.387,0.386,5.4,3.3,51.1,25.7,45.1,45.7,21.7,29.3,3.3,R,501,39.9,95.4,2348,-7.2,-14.1,17.8,1.5,22.4,83.5,2575,7.1,-45.7,10.1,1.7,,,,,,,,3.8,78.7,2677,5.9,-59.6,16.2,1.4,6.4,94.3,2243,-14.6,-20.3,18.1,1.5,0.2,86.2,2714,8.3,-40.4,8.9,,27.3,86.3,1296,-11,-31.5,12.5,1.6,,,,,,,,,,,,,,,,,,,,,,,,,,,,,,,,,,,
"Wacha, Michael",608379,2022,30,23,127.1,515,20.2,6,0.254,0.446,0.301,0.329,5.9,3.5,35.4,20.7,50.5,41.2,22.3,26.1,10.4,R,1949,33,93,2122,-6.7,-12.4,20.5,1.4,,,,,,,,29.8,84.3,1583,-12.5,-26.2,18,1.7,7.4,74.7,2173,10.3,-58.8,14.3,1.4,12.6,92.6,2052,-11.7,-15.3,20.4,1.4,17.2,88.8,2052,1.2,-23.4,11.5,1.4,,,,,,,,,,,,,,,,,,,,,,,,,,,,,,,,,,,,,,,,,,
"Watkins, Spenser",657093,2022,29,23,105.1,459,13.7,6.5,0.285,0.452,0.331,0.345,3.9,2.8,37.6,19.7,47.6,42.5,24.9,26.2,6.4,R,1642,38.4,91.4,2259,-1.2,-16.1,16.8,1.2,0.1,78.3,2642,11.5,-44.5,11.5,1.4,4.4,86,1649,-10.8,-26.5,15,1.4,9.7,76.8,2571,5.7,-60.6,15.2,1.4,1.6,90.9,2104,-14,-19.6,19.7,1.4,28.1,87.1,2455,6,-28.5,9.8,1.3,,,,,,,,,,,,,,,17.6,78.4,2588,14,-47.1,14.6,1.5,,,,,,,,,,,,,,,,,,,,,
"Lugo, Seth",607625,2022,32,62,65,272,25.4,6.6,0.231,0.369,0.292,0.29,1.6,6,33,23.3,42.6,46.2,27.5,20.3,6,R,1079,28.8,94.4,2244,-8.3,-13.4,19.4,1.5,13.5,88.9,2441,2.7,-27.7,7.6,1.7,1.7,87.6,1774,-15.1,-25.9,18.2,1.6,34,79.8,3253,10.7,-60.8,20.4,2,22,94.4,2316,-15.6,-18.3,20.1,1.7,,,,,,,,,,,,,,,,,,,,,,,,,,,,,,,,,,,,,,,,,,,,,,,,,
"Trivino, Lou",642152,2022,30,64,53.2,250,26.8,9.6,0.253,0.392,0.349,0.323,3.9,5.8,47.1,27.8,47.5,52.3,15.5,24.5,7.7,R,955,18.1,95.6,1992,-9.2,-16,16.9,1.1,23.8,81.9,2558,16.8,-40.2,17,1.3,10.7,87.4,1690,-16.1,-35.4,16.3,1.2,2.3,76.8,2180,12.7,-53.4,14.6,1.3,29.6,95.8,2024,-16.4,-21,18.8,1,15.5,92.3,2277,-2,-25.2,7.8,1.4,,,,,,,,,,,,,,,,,,,,,,,,,,,,,,,,,,,,,,,,,,
"McCullers Jr., Lance",621121,2022,28,8,47.2,195,25.6,11.3,0.224,0.342,0.287,0.294,6.5,1.6,32.5,27.1,43.2,50.4,24.4,19.5,5.7,R,759,,,,,,,,25.4,85.1,2858,13.2,-33.5,14.3,1.4,17.4,87,1717,-17.3,-38,17.5,1.3,24.9,82.7,3013,13.6,-50.6,17.2,1.5,24.5,93.1,2106,-13.4,-26.1,14.8,1.4,7.8,88.3,2567,3.8,-29.8,7.2,1.4,,,,,,,,,,,,,,,,,,,,,,,,,,,,,,,,,,,,,,,,,,
"Melancon, Mark",453343,2022,37,62,56,247,14.2,8.5,0.282,0.424,0.325,0.336,5.8,4.2,38.9,20.8,47.7,44.2,22.1,27.4,6.3,R,886,3,91.7,2324,-8.4,-20.5,15,1.2,1.8,84.1,2314,2.5,-35.8,5.3,1.7,,,,,,,,30,81.7,2587,4.6,-55.7,15.1,1.3,,,,,,,,62.8,90.9,2266,1,-23.6,10.1,1.1,2.4,83.7,1831,-12.2,-28.3,16.7,1.4,,,,,,,,,,,,,,,,,,,,,,,,,,,,,,,,,,,
"Staumont, Josh",622251,2022,28,42,37.2,176,24.4,16.5,0.247,0.392,0.355,0.342,10.7,4.9,43.7,27.8,43.4,29.1,31.1,33,6.8,R,731,51.3,96.1,2258,-2.7,-11.6,18.3,1.6,0.1,85,2779,10,-43.7,11.6,,,,,,,,,34.7,82.2,2689,9.2,-52.4,15.2,1.5,13.8,97.1,2192,-9,-12.2,19.2,1.8,,,,,,,,,,,,,,,,,,,,,,,,,,,,,,,,,,,,,,,,,,,,,,,,,
"Stanek, Ryne",592773,2022,30,59,54.2,224,27.7,13.8,0.195,0.308,0.258,0.279,7.6,2.3,41.2,34.8,47.2,38.9,29,21.4,10.7,R,895,58.4,98.3,2307,-10.2,-10.8,20.5,1.2,18.5,87.1,2513,2.3,-38,3.6,1.4,,,,,,,,,,,,,,,,,,,,,,,,,,,,,23,88.6,1040,-12.3,-31,13.2,1.2,,,,,,,,,,,,,,,,,,,,,,,,,,,,,,,,,,,
"Romo, Sergio",489265,2022,39,23,18,79,17.7,7.6,0.262,0.509,0.386,0.352,3.4,5.2,25.9,21.9,47.8,17.2,48.3,27.6,6.9,R,335,3.6,85.1,2272,-12.4,-24.5,18.3,1.4,50.4,77,2789,13.5,-37.9,16.6,1.6,13.1,79.9,2121,-20.8,-38,21.5,1.1,,,,,,,,32.8,85.3,2150,-18.6,-33,19.3,1,,,,,,,,,,,,,,,,,,,,,,,,,,,,,,,,,,,,,,,,,,,,,,,,,
"Vesia, Alex",681911,2022,26,63,54.1,227,34.8,10.6,0.188,0.295,0.244,0.261,3.3,9,34.4,33.5,48.6,36.1,27.9,25.4,10.7,L,951,63.1,94.1,2326,5,-11.4,20.3,1.3,32.4,85,2415,-7.3,-34.5,8.2,1.4,4.5,85.6,1967,12.1,-24.8,17.7,1.5,,,,,,,,,,,,,,,,,,,,,,,,,,,,,,,,,,,,,,,,,,,,,,,,,,,,,,,,,,,,,,,
"Faedo, Alex",656412,2022,26,12,53.2,244,18,10.2,0.277,0.464,0.361,0.358,8.6,1.7,39.1,24.2,46.1,31.6,31.6,30.5,6.3,R,967,52,92.7,2179,-11,-15,20.4,1.4,35,85,2486,2.8,-35,4.5,1.4,13,86.2,1945,-15.8,-25.8,19.5,1.4,,,,,,,,,,,,,,,,,,,,,,,,,,,,,,,,,,,,,,,,,,,,,,,,,,,,,,,,,,,,,,,
"Moreta, Dauri",664294,2022,26,35,38.1,160,24.4,8.1,0.221,0.405,0.341,0.311,6.7,2.9,41.3,27.6,44.4,32.7,27.9,24,15.4,R,613,55.3,95.9,2266,-9.9,-12.3,20.3,1.4,24,85.7,1996,-3.7,-35.8,4.8,1.5,20.7,87.8,1810,-12.5,-21.3,19.1,1.5,,,,,,,,,,,,,,,,,,,,,,,,,,,,,,,,,,,,,,,,,,,,,,,,,,,,,,,,,,,,,,,
"Ashby, Aaron",676879,2022,24,27,107.1,475,26.5,9.9,0.221,0.357,0.331,0.301,4.7,6.4,34.1,29.4,44.2,57.4,19.6,18.9,4.1,L,1878,3.3,95.5,2116,8.8,-16.7,16.2,1.3,29.2,83.5,2546,-9.4,-42.3,10.5,1.2,20.7,89.1,1784,14.8,-31.2,15.4,1.7,12.7,79.7,2596,-7.8,-59,17.6,2,34,95.7,2091,15.4,-20.1,18.3,1.4,,,,,,,,,,,,,,,,,,,,,,,,,,,,,,,,,,,,,,,,,,,,,,,,,
"Castellanos, Humberto",528748,2022,24,11,44.1,194,16.5,6.2,0.281,0.47,0.353,0.353,6.9,3.4,37.9,17.8,46.7,34.5,29.7,28.3,7.6,R,748,10.4,89.4,2131,-6.6,-22.6,13.8,1.6,,,,,,,,10.4,84,1410,-15.2,-35.8,15.7,1.8,21.3,76.5,2406,11.7,-54,13.9,1.5,32.1,90.4,2030,-16.1,-31.3,16.7,1.3,25.8,86.2,2074,1.6,-29.3,8.1,1.6,,,,,,,,,,,,,,,,,,,,,,,,,,,,,,,,,,,,,,,,,,
"Manoah, Alek",666201,2022,24,31,196.2,786,22.9,6.5,0.224,0.343,0.261,0.284,5.4,4.3,31.5,24.8,49.5,38.4,27.1,25,9.5,R,2949,35.8,93.9,2369,-5.5,-14.3,17.8,1.5,27.1,81.5,2216,14.5,-41,14.7,1.7,11.2,86.5,1980,-14.5,-27.3,17.7,1.5,,,,,,,,25.9,93.3,2193,-14.7,-21.2,18.2,1.6,,,,,,,,,,,,,,,,,,,,,,,,,,,,,,,,,,,,,,,,,,,,,,,,,
"Ruiz, Norge",650204,2022,28,14,19,94,19.1,7.4,0.317,0.526,0.419,0.396,11.9,1.5,52.2,21.3,48.6,40.3,26.9,29.9,3,R,366,44,93.1,2250,-1.9,-20,11.8,1.3,38,86.7,2584,6.3,-34.4,7.3,1.7,18,85.4,1784,-7.6,-31.3,10.1,2.2,,,,,,,,,,,,,,,,,,,,,,,,,,,,,,,,,,,,,,,,,,,,,,,,,,,,,,,,,,,,,,,
"Cisnero, José",542585,2022,33,28,25,105,21.9,18.1,0.215,0.28,0.269,0.306,6.5,6.5,27.4,28.9,43.5,37.1,27.4,32.3,3.2,R,430,35.6,95.5,2456,-11.2,-14.5,19.2,1,14.9,83.6,2631,7.4,-42.9,9.2,1.4,6.3,89.6,1761,-15.3,-26.9,17.2,1.2,,,,,,,,32.3,95.1,2252,-16.2,-20.6,18.9,1.1,10.9,87.9,2477,2.7,-28.9,7.2,1.7,,,,,,,,,,,,,,,,,,,,,,,,,,,,,,,,,,,,,,,,,,
"Garza Jr., Ralph",621248,2022,28,19,35,153,11.1,10.5,0.293,0.453,0.347,0.361,4.2,3.4,38.1,20.3,47.9,43.2,18.6,28.8,9.3,R,514,12.6,91.2,2248,-7.7,-16.1,18.7,1.1,23,77.5,2367,13.8,-37.5,16.5,1.3,18.9,83.1,1705,-16.4,-33.4,17.8,1.5,2.3,80,2495,6.7,-48.9,9.1,1.4,33.3,87.8,2163,-16.2,-36.5,16.4,1.1,9.9,89.4,2247,-1.1,-19.3,15.1,1.1,,,,,,,,,,,,,,,,,,,,,,,,,,,,,,,,,,,,,,,,,,
"Pop, Zach",647315,2022,25,35,39,157,15.9,2.5,0.256,0.365,0.287,0.286,2.4,4,45.2,18.5,51.3,57.1,15.9,22.2,4.8,R,536,,,,,,,,22.9,85,2406,7.9,-38.6,8.3,2,0.2,89.3,1927,-10.2,-30.5,10.7,,,,,,,,,76.9,96.5,2069,-17,-24.5,17.9,1.3,,,,,,,,,,,,,,,,,,,,,,,,,,,,,,,,,,,,,,,,,,,,,,,,,
"Suarez, Robert",663158,2022,31,45,47.2,191,31.9,11,0.197,0.315,0.263,0.282,5.7,3.8,35.2,25.1,48.3,43.8,25.7,25.7,4.8,R,801,44.7,97.9,2307,-7.4,-11.6,18.7,1.8,0.7,85.7,2186,6.4,-35.5,6.9,1.5,21,89.3,1763,-16.2,-26.7,18.2,1.9,4.1,80.3,2134,5.7,-51.4,10.7,1.9,21.1,97,2241,-14.2,-14.9,20.2,1.7,8.4,94,2214,0.7,-20,11.4,2.5,,,,,,,,,,,,,,,,,,,,,,,,,,,,,,,,,,,,,,,,,,
"Otto Jr., Glenn",657248,2022,26,27,135.2,587,18.2,10.6,0.247,0.424,0.325,0.343,5.4,3.7,38.1,23.1,45.2,43.6,24,24.5,7.9,R,2229,23.2,92.1,2264,-4.2,-17.1,16,1.4,,,,,,,,7.5,88.1,1681,-14.3,-26,17.2,1.1,15,81.2,2461,6.6,-52.3,12.7,1.4,26.8,92.2,2235,-13.8,-22.4,17.2,1.4,,,,,,,,,,,,,,,,,,,,,,27.5,81.1,2590,16.5,-42.4,16.8,1.5,,,,,,,,,,,,,,,,,,,,,
"Verlander, Justin",434378,2022,39,28,175,666,27.8,4.4,0.207,0.331,0.222,0.255,4.9,5.2,34.8,24.2,53.7,38.6,28.5,21.1,11.9,R,2607,50.4,95,2423,-9.5,-11.4,21.5,1.3,28.3,87.4,2464,4,-31,6.7,1.4,2.4,86.2,1756,-15.7,-26.5,19,1.4,18.8,79,2644,6.9,-55.3,13.4,1.7,,,,,,,,,,,,,,,,,,,,,,,,,,,,,,,,,,,,,,,,,,,,,,,,,,,,,,,,
"Jiménez, Dany",666204,2022,28,34,34.1,145,23.4,12.4,0.197,0.305,0.237,0.262,7.5,0,43,35,41.9,43,29,17.2,10.8,R,539,37.8,93.9,2216,-3.4,-13.3,18.2,1.4,61.6,81.9,2360,2,-41.1,3.1,1.8,,,,,,,,,,,,,,,,,,,,,,0.6,92.8,2150,2.5,-17.2,14.7,1.5,,,,,,,,,,,,,,,,,,,,,,,,,,,,,,,,,,,,,,,,,,
"Phillips, Evan",623465,2022,27,64,63,233,33,6.4,0.175,0.266,0.197,0.231,7.2,4.3,31.2,30.1,45.7,46.4,20.3,22.5,10.9,R,923,18.6,96.1,2321,-5.3,-15.5,15.3,1.3,,,,,,,,,,,,,,,,,,,,,,10.1,96.2,2065,-15.1,-21.2,17.3,1.1,27.1,93.3,2399,1.1,-21.9,9.6,1.2,,,,,,,,,,,,,,,44.2,85.3,2535,15.3,-36.2,15.6,1.3,,,,,,,,,,,,,,,,,,,,,
"Kuhl, Chad",641771,2022,29,27,137,617,17.8,9.4,0.272,0.466,0.368,0.351,7,4.3,44.6,23.6,45.5,37.4,26.4,29.3,7,R,2372,2.5,92.9,2218,-9.3,-18,16.5,1.6,36.7,86.5,2541,3,-34.4,4.5,1.6,7.2,87.9,1699,-13.9,-29,15.6,1.7,11.5,79.5,2866,12.3,-54.6,16.7,2.2,42.2,92.8,2129,-14.4,-21.8,17.7,1.6,,,,,,,,,,,,,,,,,,,,,,,,,,,,,,,,,,,,,,,,,,,,,,,,,
"Cessa, Luis",570666,2022,30,46,80.2,335,17.6,8.1,0.253,0.429,0.327,0.325,6.5,4.5,42.9,22,46.5,49.8,21.9,22.7,5.7,R,1235,20.2,93.3,2296,-7.5,-16.9,16.5,1.3,38.9,82.9,2528,5.7,-44.2,7.6,1,19,87.8,1679,-11.5,-29.6,13.2,1.3,,,,,,,,21.8,93.6,2191,-14.8,-20.8,18.2,1.2,,,,,,,,,,,,,,,,,,,,,,,,,,,,,,,,,,,,,,,,,,,,,,,,,
"Peralta, Freddy",642547,2022,26,18,78,317,27.1,8.5,0.19,0.3,0.256,0.257,6.5,6,31.3,29.7,44,39.8,26.9,22.9,10.4,R,1353,54.9,92.6,2352,-8.8,-16,18.5,2.2,18.5,80.3,2125,8,-39.1,9.8,1.6,10.4,85.9,1694,-14.7,-33.4,15.3,1.6,16.2,75.8,2067,5.6,-51.4,7.1,2.2,,,,,,,,,,,,,,,,,,,,,,,,,,,,,,,,,,,,,,,,,,,,,,,,,,,,,,,,
"Acevedo, Domingo",642758,2022,28,70,67.2,266,21.8,6.4,0.235,0.373,0.273,0.29,6.4,6.4,33,31.2,54.8,42,27.1,22.3,8.5,R,1005,42.4,93,2118,-13.6,-18.4,19.2,1.1,34.6,86.5,2123,-7.2,-29.6,10.3,1.3,22.1,86.8,1867,-18,-33.1,18.6,1.2,,,,,,,,0.9,92.2,2157,-18.6,-20.3,22.5,1.5,,,,,,,,,,,,,,,,,,,,,,,,,,,,,,,,,,,,,,,,,,,,,,,,,
"Chargois, JT",608638,2022,31,21,22.1,86,19.8,5.8,0.183,0.313,0.293,0.252,4.8,3.2,37.1,23.2,49.1,59.7,21,12.9,6.5,R,334,3.6,95.3,2270,-13.7,-16,19.9,1.3,38.3,87.3,2550,2.8,-34,4.9,1.1,,,,,,,,,,,,,,,58.1,96.5,2228,-18.9,-21.3,20.7,1.1,,,,,,,,,,,,,,,,,,,,,,,,,,,,,,,,,,,,,,,,,,,,,,,,,
"Bummer, Aaron",607481,2022,28,32,26.2,117,25.6,8.5,0.257,0.356,0.328,0.308,2.7,6.7,45.3,27.4,38.3,64,9.3,26.7,0,L,457,,,,,,,,,,,,,,,0.9,89.4,1926,17.8,-35.1,18.1,1.5,,,,,,,,63.7,94.5,2062,14.2,-28.8,14.6,1.2,8.3,86.3,2385,-4.4,-36.9,4.9,1.6,,,,,,,,,,,,,,,27.1,82,2488,-17.9,-46,18.7,1.4,,,,,,,,,,,,,,,,,,,,,
"Steele, Justin",657006,2022,26,24,119,512,24.6,9.8,0.237,0.336,0.296,0.295,4.8,4.8,33.7,24,47.3,51.8,20.5,24.1,3.6,L,2032,56.4,92.2,2490,-1.6,-19.4,12.9,1.4,31.1,82,2687,-14,-43.3,14.5,1.7,2.1,87.8,1697,10.8,-24.2,15.9,1.6,2.6,78.4,2539,-11.9,-53,14.7,1.8,7.8,91.7,2430,9.2,-20.3,15.7,1.3,,,,,,,,,,,,,,,,,,,,,,,,,,,,,,,,,,,,,,,,,,,,,,,,,
"Nogosek, Stephen",668665,2022,27,12,22,95,22.1,7.4,0.238,0.392,0.306,0.306,6.1,0,37.9,22.3,51.2,34.8,33.3,19.7,12.1,R,376,41.5,95,2279,-2.7,-11.7,19.1,1.1,6.9,83,2320,5.8,-39.8,6.3,1.4,8.8,87.3,1418,-12.5,-29.1,14.4,1.4,1.9,75.8,2309,13.8,-54.9,15.4,1.6,,,,,,,,31.4,89.1,2243,5.1,-27.6,8.9,1.7,,,,,,,,,,,,,,,9.6,80.3,2456,17.2,-39.7,17.7,1.4,,,,,,,,,,,,,,,,,,,,,
"Guerra, Javy",642770,2022,26,18,18,82,12.2,13.4,0.271,0.439,0.331,0.355,11.7,1.7,45,17.7,42.7,40,26.7,26.7,6.7,R,330,15.5,98.3,2366,-10.4,-10,21.4,1.4,29.4,88.3,2366,2.9,-29.4,7.1,2.1,,,,,,,,,,,,,,,55.2,97.2,2134,-18.4,-18.7,21.3,1.5,,,,,,,,,,,,,,,,,,,,,,,,,,,,,,,,,,,,,,,,,,,,,,,,,
"Barria, Jaime",642545,2022,25,35,79.1,316,17.1,6,0.242,0.425,0.29,0.314,3.3,5.4,35.8,23.1,51.2,42.1,31.3,19.2,7.5,R,1123,18.5,92.1,2292,-5.4,-15.6,17.7,1.3,47.1,85.3,2191,3.9,-32,7.5,1.7,13.7,85,1611,-13.8,-27.9,17.3,1.8,,,,,,,,20.7,91.7,2147,-11,-17.1,19.1,1.4,,,,,,,,,,,,,,,,,,,,,,,,,,,,,,,,,,,,,,,,,,,,,,,,,
"Fleming, Josh",676596,2022,26,10,35,169,17.2,7.1,0.263,0.421,0.403,0.323,8.7,3.1,43.3,22.8,48.9,63.8,13.4,21.3,1.6,L,662,0.2,91.3,1779,7.4,-10.9,23.5,,,,,,,,,19,82.2,1691,15,-41.8,15.3,1.3,10.9,79.5,1846,-12.5,-48,13.6,1.6,54.7,91.2,1761,17.5,-30.3,17.9,1.5,15.3,84.3,1897,-0.8,-32.7,6.4,1.2,,,,,,,,,,,,,,,,,,,,,,,,,,,,,,,,,,,,,,,,,,
"Gutierrez, Vladimir",661269,2022,26,10,36.2,179,16.2,13.4,0.259,0.448,0.437,0.364,12.5,3.3,42.5,18,42.3,33.3,31.7,25.8,9.2,R,684,49.7,92.8,2140,-12,-17.7,18.7,1.6,21.9,82.2,2490,12.8,-40.6,13.3,1.7,15.4,82.9,1737,-13.1,-29.9,16.6,1.6,13,78.4,2555,15.1,-52.2,17,1.6,,,,,,,,,,,,,,,,,,,,,,,,,,,,,,,,,,,,,,,,,,,,,,,,,,,,,,,,
"Contreras, Roansy",672710,2022,22,21,95,408,21.1,9.6,0.24,0.43,0.312,0.325,8.2,3.6,45.9,27.5,47.5,36.3,28.1,23.8,11.7,R,1587,48.5,95.6,2389,-7.4,-12.3,19.3,1.4,34.2,83.8,2488,4.3,-40.3,5.4,1.9,2.9,89.7,2080,-14.5,-22.6,18.6,1.5,14.4,78.9,2727,8.9,-56.7,15.6,1.7,,,,,,,,,,,,,,,,,,,,,,,,,,,,,,,,,,,,,,,,,,,,,,,,,,,,,,,,
"Davies, Zach",605200,2022,29,27,134.1,570,17.9,9.1,0.25,0.43,0.315,0.329,4.8,6.8,34.5,21.4,42.2,43.7,29.2,20.5,6.5,R,2291,4.7,89.9,2114,-13.9,-20,19.8,1.7,0.8,75.9,2498,15.6,-52.7,16.5,1.5,33.3,79.7,1672,-14,-34.6,16.6,1.2,6,74.8,2580,10.9,-62,16.8,1.5,49.6,89.5,2084,-14.9,-21.8,19.6,1.6,5.6,87.6,2145,-4.7,-22.5,14.2,1.1,,,,,,,,,,,,,,,0,78.1,2604,18.8,-47.6,19,,,,,,,,,,,,,,,,,,,,,,
"Oviedo, Johan",670912,2022,24,21,56,242,22.3,9.5,0.208,0.32,0.293,0.277,5.6,3.1,37.7,24.8,48.2,50.6,24.7,18.5,6.2,R,980,43.4,96,2275,-8.7,-19.5,13.5,1.3,40.3,85.7,2584,5.8,-35.5,6.6,2,5.5,88.8,1747,-15.4,-28.7,16.7,1.5,10.8,78.4,2461,10.8,-49.7,12.2,1.8,,,,,,,,,,,,,,,,,,,,,,,,,,,,,,,,,,,,,,,,,,,,,,,,,,,,,,,,
"Barnes, Matt",598264,2022,32,44,39.2,176,19.3,11.9,0.229,0.382,0.305,0.319,9.3,2.5,44.9,28.4,43.1,44.9,30.5,19.5,5.1,R,693,45.9,95,2249,-10.9,-13.7,20.1,1.2,,,,,,,,6.5,87.4,2063,-17.4,-27.8,19.4,1.5,46.8,84.1,2049,3.7,-49,11,1.3,,,,,,,,,,,,,,,0.9,86,2048,-20.5,-28.7,22.2,1.4,,,,,,,,,,,,,,,,,,,,,,,,,,,,,,,,,,,
"Murfee, Penn",682171,2022,28,64,69.1,272,27.9,6.6,0.2,0.316,0.251,0.254,8.5,6.8,30.1,25,50.1,33.5,35.8,22.7,8,R,1003,42,89,2276,-3.1,-26.7,8.6,1.1,,,,,,,,,,,,,,,,,,,,,,7,88.8,2055,-10.6,-33.7,11.1,1.2,,,,,,,,,,,,,,,,,,,,,,51,79.7,2645,16.9,-40.9,17.3,1,,,,,,,,,,,,,,,,,,,,,
"Milone, Tommy",543548,2022,35,7,16.2,69,7.2,8.7,0.283,0.483,0.34,0.356,7,3.5,21.1,14.4,46.6,28.1,38.6,22.8,10.5,L,238,42,86.6,2205,6.5,-18.7,19.2,1.3,7.6,78.8,2326,-3.4,-41.2,5.3,1.4,38.7,79.1,1688,14.9,-34.7,17.6,1.1,11.8,76,2450,-4.1,-50.3,5.4,1.4,,,,,,,,,,,,,,,,,,,,,,,,,,,,,,,,,,,,,,,,,,,,,,,,,,,,,,,,
"Irvin, Cole",608344,2022,28,30,181,741,17.3,4.9,0.258,0.451,0.306,0.324,6.8,3.3,39.5,20.5,52,37.5,30,25.6,6.8,L,2610,37.5,90.7,1976,9.9,-17.2,19.1,1.6,,,,,,,,18.3,83,1553,13.3,-32.5,15.3,1.5,20.7,77.5,2074,-8.2,-49.6,10.2,2.4,21.5,90.3,1940,14.5,-21.7,18.9,1.8,2,87.1,2012,1.3,-28,8.6,1.9,,,,,,,,,,,,,,,,,,,,,,,,,,,,,,,,,,,,,,,,,,
"Quantrill, Cal",615698,2022,27,32,186.1,770,16.6,6.1,0.258,0.417,0.305,0.321,5.6,5,35.7,18.5,48.7,42.4,25.5,23.6,8.5,R,2919,2.7,93.5,2167,-6.6,-13.8,18.7,1.3,,,,,,,,11.9,85.3,1532,-12.3,-30,14.6,1.3,4.3,82.7,2447,3.7,-42.9,5.4,2,45.1,93.6,2105,-12.1,-16.3,19.3,1.2,36,88.5,2238,2.7,-27.8,8,1.6,,,,,,,,,,,,,,,,,,,,,,,,,,,,,,,,,,,,,,,,,,
"Santillan, Tony",663574,2022,25,21,19.2,96,21.9,12.5,0.253,0.356,0.368,0.329,8.5,6.8,39,28.2,42.6,32.2,23.7,37.3,6.8,R,408,49.5,96.2,2206,-11.1,-15.7,17.9,1.3,50.5,86.5,2292,10.2,-38,11.1,1.2,,,,,,,,,,,,,,,,,,,,,,,,,,,,,,,,,,,,,,,,,,,,,,,,,,,,,,,,,,,,,,,,,,,,,,
"Eovaldi, Nathan",543135,2022,32,20,109.1,460,22.4,4.3,0.258,0.449,0.325,0.321,7.4,6.5,45.2,25.2,52.4,47.9,23.5,21.7,6.8,R,1739,38.4,95.7,2128,-12.3,-15.5,19.1,1.9,12.2,85.9,2171,6.6,-33.8,7.9,2.1,,,,,,,,18.5,78.3,2061,9.7,-54.2,13.7,2.1,,,,,,,,10.1,90.6,2376,1.4,-22.2,11.5,2.1,20.9,87.8,1561,-12.4,-34.1,12.6,1.9,,,,,,,,,,,,,,,,,,,,,,,,,,,,,,,,,,,
"Kershaw, Clayton",477132,2022,34,22,126.1,493,27.8,4.7,0.212,0.307,0.245,0.248,5.7,5.4,33.2,28.9,50.8,47.7,21.8,22.4,8.2,L,1842,40,90.7,2408,-0.5,-14.7,18.7,1,42.7,86.6,2577,-5.4,-29.8,9,1.5,0.6,83.8,2126,12.5,-23.3,20.1,1.4,16.3,73.2,2395,-4.9,-66.9,16.4,1.2,0.4,90.8,2390,8,-14.5,20.8,1.4,,,,,,,,,,,,,,,,,,,,,,,,,,,,,,,,,,,,,,,,,,,,,,,,,
"Coleman, Dylan",669395,2022,25,68,68,289,24.6,12.8,0.211,0.339,0.282,0.302,6.9,7.4,36.6,31.2,44.4,42.3,22.9,26.9,8,R,1205,56.3,97.5,2447,-4.8,-15.2,14.5,1.2,13.4,85.9,2532,9,-34.8,9.5,1.5,,,,,,,,,,,,,,,1.2,98,2518,-12.7,-14.2,19.3,1.4,,,,,,,,,,,,,,,,,,,,,,29.1,82.1,2439,16.2,-36.9,16.8,1.6,,,,,,,,,,,,,,,,,,,,,
"Kelly, Merrill",518876,2022,33,33,200.1,804,22,7.6,0.23,0.383,0.289,0.296,4.8,3.4,36.5,23.6,48.5,43.8,28.4,21.6,6.2,R,3070,30.8,92.6,2360,-7.9,-16.7,17.3,1.3,0.2,85,2416,1.8,-34.5,4.1,1.5,21.3,88.6,2158,-16.6,-32.3,16.9,1.3,13.5,82.2,2550,9.1,-50.9,13.8,1.6,17.5,92.5,2206,-16.1,-24.7,17.9,1.3,16.7,90.8,2332,-1.5,-20.3,13,1.3,,,,,,,,,,,,,,,,,,,,,,,,,,,,,,,,,,,,,,,,,,
"Vespi, Nick",663989,2022,26,25,26.1,112,25,7.1,0.286,0.491,0.361,0.357,4,4,40,31.7,48.9,41.3,22.7,33.3,2.7,L,446,,,,,,,,36.3,83.7,2551,-10.3,-36.7,11.3,1.3,,,,,,,,16.4,80.5,2421,-9.6,-46.9,10.8,1.2,,,,,,,,47.3,88.6,2264,-2.4,-30.5,5.3,1.1,,,,,,,,,,,,,,,,,,,,,,,,,,,,,,,,,,,,,,,,,,
"García, Jarlín",606424,2022,29,58,65,270,20.7,6.7,0.247,0.435,0.308,0.32,4.1,4.6,41.5,24.8,48.4,40,31.3,19.5,9.2,L,1015,42.9,93.8,2201,14.8,-18.1,19.8,1.2,28.3,82.7,2251,-5.9,-39.1,6.5,1.6,28.9,85.2,2112,16.2,-27.8,19.1,1.3,,,,,,,,,,,,,,,,,,,,,,,,,,,,,,,,,,,,,,,,,,,,,,,,,,,,,,,,,,,,,,,
"Thompson, Mason",666168,2022,24,24,24.2,100,15,8,0.241,0.359,0.271,0.3,1.3,7.9,32.9,23.4,50,52.6,19.7,19.7,7.9,R,368,1.9,95.5,2252,-8.6,-12.5,19.7,1.4,23.9,84.4,2207,4.2,-39.9,4.9,1.4,1.4,88.2,2001,-18.4,-28.5,20,1.5,,,,,,,,72.8,95.8,2252,-16.6,-19.1,19.9,1.1,,,,,,,,,,,,,,,,,,,,,,,,,,,,,,,,,,,,,,,,,,,,,,,,,
"Hill, Garrett",682051,2022,26,17,60.1,263,15.2,11,0.27,0.47,0.316,0.364,6.3,3.2,39.5,19.6,46,35.3,26.3,24.7,13.7,R,1019,40.2,92,2153,-9.5,-16.2,18.8,1.9,18.4,82.6,2527,6,-37.6,7.2,1.8,11.6,82.2,1368,-12.7,-35,14,1.7,10.7,77.2,2634,10,-57.9,15.5,1.6,19,91.7,2133,-13,-17.6,20,1.6,,,,,,,,,,,,,,,,,,,,,,,,,,,,,,,,,,,,,,,,,,,,,,,,,
"Sewald, Paul",623149,2022,32,65,64,243,29.6,7.4,0.189,0.319,0.228,0.253,5.4,9.4,33.6,34,49.2,32.2,32.2,21.5,14.1,R,974,51.4,92.5,2494,-11.9,-18.4,18.2,1.3,,,,,,,,,,,,,,,,,,,,,,,,,,,,,,,,,,,,,,,,,,,,,,,,,,48.6,82.8,2422,12,-31.4,15.1,1.4,,,,,,,,,,,,,,,,,,,,,
"Milner, Hoby",571948,2022,31,67,64.2,272,23.5,5.5,0.235,0.343,0.302,0.287,9.7,8.6,33.3,23.5,41.5,51.1,23.1,22.6,3.2,L,1088,4,89.3,1974,16.4,-27.4,18,1.3,,,,,,,,20.3,81.3,1783,17.1,-39.8,17.4,1.3,,,,,,,,42.9,88.9,1989,18.5,-34.8,18.6,1.1,,,,,,,,,,,,,,,,,,,,,,32.7,79.5,1887,-13.4,-45.3,13.6,1.2,,,,,,,,,,,,,,,,,,,,,
"Marte, José",665896,2022,26,11,11,58,25.9,31,0.244,0.424,0.389,0.412,12,4,60,27.1,36.2,16,36,36,12,R,265,40.8,96.6,2357,-7.3,-13.9,17.3,1.4,0.8,88.1,2681,10,-35.6,10,1.5,0.4,89.6,2116,-10.5,-27.2,12.5,,,,,,,,,9.8,95.9,2186,-13,-22,15.3,1.4,48.3,89.4,2459,2.7,-28.4,7,1.9,,,,,,,,,,,,,,,,,,,,,,,,,,,,,,,,,,,,,,,,,,
"Cousins, Jake",664776,2022,27,12,13.1,59,35.6,13.6,0.183,0.288,0.313,0.281,3.6,7.1,32.1,42.4,44.2,50,39.3,7.1,3.6,R,267,23.6,95.7,2297,-14.4,-18.6,18.6,1.1,56.2,82.9,2624,13.3,-38.4,13.6,1,0.7,89.5,1998,-18.8,-35.5,18.9,1.5,,,,,,,,19.5,95.6,2214,-18.2,-22.4,19.9,1.2,,,,,,,,,,,,,,,,,,,,,,,,,,,,,,,,,,,,,,,,,,,,,,,,,
"Alzolay, Adbert",640470,2022,27,6,13.1,52,36.5,3.8,0.179,0.295,0.252,0.233,3.3,3.3,23.3,34,51.8,40,23.3,20,16.7,R,193,36.8,94.8,2378,-7.4,-13.1,19.1,1.3,32.6,85.4,2591,7.7,-34.9,8.5,1.9,5.7,86.3,1799,-15.3,-27.9,18,1.5,,,,,,,,10.9,94.5,2251,-14.7,-17.1,20.1,1.4,14,90,2471,2.9,-26,8.5,1.4,,,,,,,,,,,,,,,,,,,,,,,,,,,,,,,,,,,,,,,,,,
"Weiss, Zack",592848,2022,30,12,13.1,56,32.1,12.5,0.168,0.269,0.247,0.242,6.7,6.7,36.7,41.1,45.5,36.7,30,20,13.3,R,209,31.6,94.6,2463,-5,-11.8,19.5,1,60.8,86.6,2536,9.4,-33.4,10.3,1.2,,,,,,,,,,,,,,,1.4,94,1738,-15,-19.2,19.2,1.5,6.2,90.9,2460,2.4,-25.9,8.8,2,,,,,,,,,,,,,,,,,,,,,,,,,,,,,,,,,,,,,,,,,,
"Gage, Matt",657424,2022,29,11,13,50,24,12,0.195,0.307,0.23,0.272,3.2,6.5,32.3,29.8,50.3,51.6,25.8,12.9,9.7,L,187,51.3,92.8,2135,0.5,-15.5,16.4,1.3,5.3,79.9,2126,-6.6,-41.6,7.4,1.4,0.5,88.5,1543,8.2,-26.3,11.7,,,,,,,,,,,,,,,,42.8,86.7,2200,-5.1,-33.2,6.4,1.9,,,,,,,,,,,,,,,,,,,,,,,,,,,,,,,,,,,,,,,,,,
"Boyd, Matthew",571510,2022,31,10,13.1,53,24.5,15.1,0.188,0.269,0.175,0.257,0,16.1,19.4,30,46.9,45.2,25.8,19.4,9.7,L,192,33.3,92.6,2480,11.4,-17.2,18.7,1.4,32.3,80.8,2405,-3.4,-43.1,4.2,1.4,18.8,80.6,1962,14.8,-37.9,15.7,1.5,1.6,72,2486,-12.8,-67,19,1.4,14.1,90.6,2416,16.5,-24.4,18.9,1.6,,,,,,,,,,,,,,,,,,,,,,,,,,,,,,,,,,,,,,,,,,,,,,,,,
"Cyr, Tyler",664202,2022,29,12,13.1,55,29.1,9.1,0.254,0.383,0.309,0.321,9.1,0,54.5,26.2,47.8,48.5,18.2,27.3,6.1,R,224,47.3,94.4,2149,-4.9,-12.3,19.2,1.3,,,,,,,,33.5,86.4,1227,-8.3,-33.2,9.3,1.3,,,,,,,,,,,,,,,19.2,90.1,2237,5.5,-24.9,10.5,1.5,,,,,,,,,,,,,,,,,,,,,,,,,,,,,,,,,,,,,,,,,,
"Cruz, Fernando",518585,2022,32,14,14.2,64,32.8,14.1,0.195,0.285,0.263,0.285,6.1,6.1,33.3,37.8,45.8,42.4,30.3,21.2,6.1,R,260,24.6,94.3,2273,-7,-13.8,18.5,1.1,,,,,,,,,,,,,,,,,,,,,,1.5,93.5,2065,-14.9,-19.4,19.2,1.5,44.6,86.7,2492,6.1,-32.2,7.7,1.1,29.2,81.7,845,-3,-37,6.3,1.2,,,,,,,,,,,,,,,,,,,,,,,,,,,,,,,,,,,
"Crick, Kyle",605195,2022,29,14,15.2,66,28.8,16.7,0.227,0.309,0.282,0.323,5.9,5.9,23.5,26.5,40.5,32.4,23.5,41.2,2.9,R,279,4.3,92.2,2321,-4.8,-20.9,12.5,1.3,57.3,79.7,3053,20.2,-40.1,20.7,1.1,,,,,,,,,,,,,,,38.4,92.1,2141,-13.8,-28.9,14.3,1,,,,,,,,,,,,,,,,,,,,,,,,,,,,,,,,,,,,,,,,,,,,,,,,,
"Kilian, Caleb",668873,2022,25,3,11.1,56,16.1,21.4,0.218,0.292,0.355,0.322,8.8,2.9,44.1,16.7,40.9,50,32.4,17.6,0,R,235,21.7,94.6,2175,-2.5,-18.1,12.8,1.7,,,,,,,,1.3,88,1898,-10.6,-26.7,13.6,1.4,8.9,76.8,2407,11.9,-60.3,18,1.8,43.8,93.6,2015,-13.1,-22.1,16.1,1.7,24.3,89.2,2168,4.2,-27.8,7.9,1.8,,,,,,,,,,,,,,,,,,,,,,,,,,,,,,,,,,,,,,,,,,
"Lakins Sr., Travis",664042,2022,28,6,10.1,50,16,12,0.324,0.592,0.446,0.435,2.9,0,37.1,20,48.1,34.3,31.4,25.7,8.6,R,208,39.4,93.9,2231,-3.9,-15.4,16.2,1.2,21.2,82.7,2662,12.2,-40.1,12.5,1.6,11.1,88.5,1670,-13.4,-32.6,14.3,1.4,8.7,80.3,2812,14.1,-56,19.3,1.5,0.5,93.1,2197,-16,-20.3,19.6,,19.2,91.5,2465,3.7,-23.9,9.8,1.4,,,,,,,,,,,,,,,,,,,,,,,,,,,,,,,,,,,,,,,,,,
"Johnson, Pierce",572955,2022,31,15,14.1,64,32.8,12.5,0.192,0.249,0.31,0.254,8.6,2.9,40,28,42.1,57.1,17.1,17.1,8.6,R,280,38.6,94.8,2172,-11.8,-14.6,20,1.2,0.4,87.7,3054,8.5,-39.2,9.1,,,,,,,,,61.1,84.3,2880,9.9,-43.2,11.1,1.4,,,,,,,,,,,,,,,,,,,,,,,,,,,,,,,,,,,,,,,,,,,,,,,,,,,,,,,,
"Bielak, Brandon",656232,2022,26,5,12.1,54,22.2,7.4,0.215,0.392,0.322,0.319,2.9,5.7,40,19.8,42.5,51.4,37.1,5.7,5.7,R,226,35,93.4,2421,-7.3,-13.9,19.1,1.1,14.2,82.8,2344,11.6,-41.7,12.1,1.2,12.4,87.3,1745,-16.2,-28.8,17.9,1.3,14.2,79.8,2337,5.7,-58.4,16.1,1.3,24.3,93.2,2219,-16.2,-21.9,19.1,1,,,,,,,,,,,,,,,,,,,,,,,,,,,,,,,,,,,,,,,,,,,,,,,,,
"López, Yoan",661255,2022,29,8,11,51,19.6,9.8,0.234,0.396,0.402,0.311,11.4,0,54.3,28.7,48.2,40,22.9,28.6,8.6,R,195,45.6,95.9,2156,-5,-15.3,15.5,1.5,48.2,86.2,2439,5.2,-39.6,6.4,1.6,6.2,89.1,1009,-8.7,-23.3,14.7,1.6,,,,,,,,,,,,,,,,,,,,,,,,,,,,,,,,,,,,,,,,,,,,,,,,,,,,,,,,,,,,,,,
"Fry, Paul",643316,2022,29,13,13,61,23,14.8,0.257,0.363,0.327,0.345,8.6,0,51.4,27.6,42.2,62.9,8.6,28.6,0,L,232,33.2,91.6,2320,4.6,-19.3,14.2,1.2,50,84.1,2711,-12,-42.4,12.8,1,16.8,91.3,2188,13.2,-28.4,14.1,1.2,,,,,,,,,,,,,,,,,,,,,,,,,,,,,,,,,,,,,,,,,,,,,,,,,,,,,,,,,,,,,,,
"Coulombe, Danny",543056,2022,32,10,12.1,53,17,17,0.196,0.248,0.248,0.274,8.6,2.9,25.7,29.8,45.2,37.1,34.3,25.7,2.9,L,230,32.2,91.3,2385,3.3,-16,17.2,1.2,21.3,82.8,2535,-4.4,-35.3,7.2,1.4,19.6,76.1,1721,14.9,-35.1,19.5,1.8,14.8,79.3,2688,-5.9,-63.9,20.7,1.5,5.7,90.6,2336,10.4,-18.5,18.5,1.5,,,,,,,,,,,,,,,,,,,,,,6.5,82.5,2587,-11.7,-37.8,12.4,1.4,,,,,,,,,,,,,,,,,,,,,
"Henriquez, Ronny",678692,2022,22,3,11.2,50,18,6,0.19,0.333,0.272,0.272,11.1,0,33.3,24.4,47.5,52.8,33.3,8.3,5.6,R,181,24.3,93.3,2420,-8.6,-14.3,19.3,1.3,46.4,86.1,2537,-0.2,-32.4,4.8,1.6,29.3,87.6,1637,-16.4,-30.3,17.4,1.3,,,,,,,,,,,,,,,,,,,,,,,,,,,,,,,,,,,,,,,,,,,,,,,,,,,,,,,,,,,,,,,
"Coonrod, Sam",656322,2022,29,12,12.2,58,20.7,12.1,0.232,0.306,0.35,0.312,8.3,2.8,30.6,20,50.8,36.1,27.8,33.3,2.8,R,236,34.7,97,2231,-10.6,-13,19.4,1.1,16.1,92.9,2288,0,-22.8,9.3,1.4,10.6,89.6,1506,-14.7,-30.8,15.4,1.4,,,,,,,,30.5,96.4,2021,-15.7,-19.1,18.8,1.1,,,,,,,,,,,,,,,,,,,,,,8.1,85.4,2573,10.8,-31.2,13,1.4,,,,,,,,,,,,,,,,,,,,,
"Whitley, Kodi",676831,2022,27,14,12.2,59,20.3,15.3,0.271,0.462,0.347,0.382,2.8,5.6,38.9,25.8,48.5,41.7,33.3,19.4,5.6,R,272,49.3,93.4,2241,-8.3,-12.4,20.9,1.4,16.5,82.8,1933,1.5,-35.1,5.7,1.5,34.2,83.5,1874,-12.1,-24.2,19.5,1.3,,,,,,,,,,,,,,,,,,,,,,,,,,,,,,,,,,,,,,,,,,,,,,,,,,,,,,,,,,,,,,,
"Sheffield, Justus",656954,2022,26,6,11.2,51,13.7,11.8,0.294,0.408,0.274,0.353,2.7,5.4,56.8,14.9,41.3,59.5,21.6,16.2,2.7,L,179,11.7,91.6,1971,5.7,-18.1,15.5,1.3,35.2,81.6,2480,-12.3,-41.8,12.9,1.6,17.9,87,1755,12.7,-32.8,13.2,1.4,,,,,,,,35.2,91.7,1978,14.9,-24.2,17.2,1.2,,,,,,,,,,,,,,,,,,,,,,,,,,,,,,,,,,,,,,,,,,,,,,,,,
"Beasley, Jeremy",676886,2022,26,9,15,64,29.7,7.8,0.18,0.376,0.361,0.282,13.2,0,39.5,29.2,50.6,28.9,44.7,21.1,5.3,R,271,61.3,95.4,2440,-9.2,-13,19.6,1.3,28,82.1,2447,13.9,-41.4,14.1,1.6,,,,,,,,,,,,,,,,,,,,,,,,,,,,,10.7,87.3,1345,-10.7,-31.8,11.8,1.7,,,,,,,,,,,,,,,,,,,,,,,,,,,,,,,,,,,
"Miller, Tyson",668338,2022,26,4,10.2,56,14.3,14.3,0.261,0.373,0.418,0.351,2.6,7.9,28.9,21.8,44.3,44.7,15.8,36.8,2.6,R,228,44.7,90.8,2096,-2.2,-22.6,11,1.4,32,81.5,2417,13.9,-37.4,15.1,1.5,5.7,86.3,2084,-15.7,-35.9,15.9,1.5,3.1,79.3,2538,14.1,-50.2,15.6,1.6,14.5,91.9,2053,-15,-27.8,15.9,1.5,,,,,,,,,,,,,,,,,,,,,,,,,,,,,,,,,,,,,,,,,,,,,,,,,
"Fletcher, Aaron",667465,2022,26,9,11.2,52,11.5,7.7,0.253,0.43,0.324,0.357,10.3,7.7,51.3,29.1,45.7,43.6,33.3,17.9,5.1,L,173,,,,,,,,23.1,79.6,1809,-5.1,-43.1,6,1.9,27.7,74.9,1884,16.3,-49.1,16.5,1.4,,,,,,,,49.1,90.8,2282,18.2,-29.2,18.8,1.5,,,,,,,,,,,,,,,,,,,,,,,,,,,,,,,,,,,,,,,,,,,,,,,,,
"Muller, Kyle",666205,2022,24,3,12.1,59,20.3,13.6,0.275,0.427,0.347,0.357,2.6,5.1,28.2,26.4,47.2,43.6,12.8,30.8,12.8,L,233,46.8,94.2,2384,5.3,-16.9,15,1.3,23.6,86.9,2046,-0.7,-34.5,2.4,1.3,9.9,88.1,1611,14.3,-30.2,15.5,1.5,19.7,80.9,2446,-6.8,-54.1,13.9,1.6,,,,,,,,,,,,,,,,,,,,,,,,,,,,,,,,,,,,,,,,,,,,,,,,,,,,,,,,
"Castro, Kervin",665645,2022,23,10,12.1,57,19.3,12.3,0.272,0.465,0.412,0.362,5.1,0,48.7,23.6,44.4,41,23.1,25.6,10.3,R,239,68.2,92.7,2369,3.1,-16,16.2,1.3,,,,,,,,,,,,,,,24.7,79.4,2141,2.8,-56.7,13.8,1.7,,,,,,,,7.1,84.9,2396,12.7,-38.4,13,1.9,,,,,,,,,,,,,,,,,,,,,,,,,,,,,,,,,,,,,,,,,,
"Hall, DL",669084,2022,23,11,13.2,64,29.7,9.4,0.214,0.255,0.317,0.25,0,5.1,17.9,29.1,49.8,46.2,15.4,30.8,7.7,L,269,52,96.2,2248,6.6,-13,18.1,1.3,21.6,87.4,2447,-9.5,-30.4,11.4,1.6,20.4,85,2187,15,-27.8,18.4,1.6,5.9,80.7,2590,-9.1,-53.1,14.2,1.5,,,,,,,,,,,,,,,,,,,,,,,,,,,,,,,,,,,,,,,,,,,,,,,,,,,,,,,,
"Rodríguez, Manuel",655889,2022,25,14,13.2,57,14,15.8,0.278,0.385,0.311,0.354,5,12.5,25,22.4,48.3,52.5,15,30,2.5,R,203,14.8,95.1,2314,-3.4,-14.6,16,1.4,34.5,87.2,2317,2.7,-40.6,5.9,1.4,1.5,83.8,1427,-12.4,-33.2,14,1.5,,,,,,,,49.3,95.9,2121,-13.3,-20,16.5,1.3,,,,,,,,,,,,,,,,,,,,,,,,,,,,,,,,,,,,,,,,,,,,,,,,,
"Romero, JoJo",668941,2022,25,17,16.1,67,25.4,14.9,0.232,0.404,0.344,0.337,0,7.5,40,35.5,40.6,62.5,20,17.5,0,L,271,21.8,95.5,2220,9.6,-15.8,17.3,1.7,21.4,84,2655,-11.6,-39.6,11.8,1.4,29.5,86.5,1560,15.1,-31,16.2,1.4,,,,,,,,25.8,95.2,2125,17.1,-23.1,18.7,1.5,1.5,90,2321,-1.2,-28.4,5.6,1.5,,,,,,,,,,,,,,,,,,,,,,,,,,,,,,,,,,,,,,,,,,
"Green, Chad",643338,2022,31,14,15,62,25.8,8.1,0.224,0.336,0.283,0.281,10,2.5,45,26.6,57.7,25,35,25,15,R,241,62.7,94.6,2409,-4.5,-11.8,19.6,1,0.8,83.7,2446,5.3,-30.3,10.7,1.5,1.2,88.5,1582,-11.1,-23.2,16.2,1.4,,,,,,,,0.8,94.4,2411,-11.2,-12.1,22.1,1.5,,,,,,,,,,,,,,,,,,,,,,34.4,84.6,2475,9.8,-36.6,10.4,1.1,,,,,,,,,,,,,,,,,,,,,
"Scott, Tayler",605463,2022,30,8,12,59,22,10.2,0.284,0.407,0.394,0.339,10,0,40,30.1,40.4,47.5,17.5,27.5,7.5,R,255,16.1,94,2219,-10.8,-17.5,17.4,1.4,56.5,83.9,2769,11.4,-41.5,12.1,1,1.6,89.2,1689,-15,-27.2,17,1.4,,,,,,,,25.9,93.6,2232,-16.1,-22.6,18.5,1.1,,,,,,,,,,,,,,,,,,,,,,,,,,,,,,,,,,,,,,,,,,,,,,,,,
"Yacabonis, Jimmy",642231,2022,30,14,14,73,28.8,13.7,0.285,0.534,0.452,0.407,5,2.5,42.5,26.7,34.6,25,27.5,40,7.5,R,292,,,,,,,,,,,,,,,3.4,87.7,1797,-17.3,-33.8,18,1.3,,,,,,,,59.2,93.7,2239,-17.7,-23.3,19.6,1.1,,,,,,,,,,,,,,,,,,,,,,37.3,81.6,2788,17.4,-44.9,17.9,1.4,,,,,,,,,,,,,,,,,,,,,
"Sánchez, Miguel",667376,2022,28,12,13.1,58,15.5,13.8,0.257,0.444,0.353,0.34,4.9,4.9,34.1,24.2,45,58.5,14.6,14.6,12.2,R,211,38.9,94.2,2142,-6.9,-15.9,16.6,1.3,9,82.5,2220,3.4,-40.1,3.9,1.5,52.1,89,1589,-12.6,-31.3,13.2,1.2,,,,,,,,,,,,,,,,,,,,,,,,,,,,,,,,,,,,,,,,,,,,,,,,,,,,,,,,,,,,,,,
"De Jesus, Angel",669804,2022,25,8,12.2,54,13,7.4,0.255,0.418,0.276,0.335,9.8,2.4,53.7,19.8,47.4,36.6,34.1,19.5,9.8,R,192,,,,,,,,41.1,83.9,2344,2.7,-34.1,6.3,1.7,3.6,87.8,1886,-13,-23.6,17.7,1.5,,,,,,,,55.2,94.3,2218,-12.8,-17.5,18.6,1.3,,,,,,,,,,,,,,,,,,,,,,,,,,,,,,,,,,,,,,,,,,,,,,,,,
"Knehr, Reiss",663753,2022,25,5,13.2,59,16.9,6.8,0.231,0.381,0.318,0.321,12.2,4.9,51.2,14,44.2,29.3,31.7,29.3,9.8,R,242,48.8,93.1,2387,-6.6,-15.3,17.6,1.5,5,82.8,2411,11.8,-43.6,12.7,1.4,19,89,1801,-14.8,-27.6,16.3,1.3,20.2,79.2,2020,10.9,-47.8,12.4,1.3,1.7,94.6,2358,-13.9,-19.9,17.4,1.4,5.4,89,2250,3.5,-25.9,9.4,1.5,,,,,,,,,,,,,,,,,,,,,,,,,,,,,,,,,,,,,,,,,,
"Ortiz, Luis",682847,2022,23,4,16,69,24.6,14.5,0.179,0.28,0.23,0.268,7.1,4.8,31,29.8,45.1,42.9,19,21.4,16.7,R,275,42.9,98.4,2369,-13.3,-14.5,19.3,1.3,37.1,87.7,2527,4.5,-34.6,5.4,1.3,5.1,90.9,1573,-14.9,-27.3,16.4,1.4,,,,,,,,14.9,98.4,2348,-16.3,-20.4,18.1,1.2,,,,,,,,,,,,,,,,,,,,,,,,,,,,,,,,,,,,,,,,,,,,,,,,,
"Sanders, Phoenix",676637,2022,27,8,14.2,57,21.1,5.3,0.265,0.455,0.261,0.322,9.5,2.4,45.2,17.4,53.5,42.9,28.6,26.2,2.4,R,215,25.6,89.3,2079,-5.4,-15.1,20.3,1.1,51.6,82,2097,4.4,-37,6.7,2.1,,,,,,,,22.8,75.3,2294,4.3,-66.3,18,1.2,,,,,,,,,,,,,,,,,,,,,,,,,,,,,,,,,,,,,,,,,,,,,,,,,,,,,,,,
"Bard, Luke",572703,2022,31,9,15,59,13.6,11.9,0.291,0.397,0.234,0.36,4.8,2.4,33.3,24.8,45.2,42.9,21.4,31,4.8,R,241,34.4,94,2570,-11.5,-13.6,21.1,1.1,22.8,86.3,2733,4,-32.7,6.3,1.5,4.6,85.8,1795,-17.5,-33.6,18.2,1.6,19.9,78.1,2744,19.1,-45.7,19.3,1.6,,,,,,,,18.3,89.9,2686,0.3,-24.6,9.7,1.6,,,,,,,,,,,,,,,,,,,,,,,,,,,,,,,,,,,,,,,,,,
"Szapucki, Thomas",663378,2022,26,11,15,67,26.9,10.4,0.257,0.531,0.474,0.372,9.5,0,52.4,23.5,45.4,28.6,35.7,31,4.8,L,291,60.8,95.2,2148,8.6,-15,17.6,1.6,,,,,,,,4.5,87,2015,15.4,-30.1,16.6,1.3,34.7,80,2635,-6.1,-56.8,15.3,1.7,,,,,,,,,,,,,,,,,,,,,,,,,,,,,,,,,,,,,,,,,,,,,,,,,,,,,,,,
"Castro, Anthony",621593,2022,27,12,13.1,65,18.5,15.4,0.32,0.6,0.467,0.439,2.3,4.7,41.9,28.4,44.6,51.2,20.9,27.9,0,R,260,39.6,94.8,2414,-3.5,-18.1,12.9,1.4,48.5,84.4,2593,9.3,-38.8,9.6,1.6,2.3,87.3,2090,-8.8,-27.6,12.3,1.6,,,,,,,,9.6,95.5,2303,-13.1,-25.2,14.5,1.4,,,,,,,,,,,,,,,,,,,,,,,,,,,,,,,,,,,,,,,,,,,,,,,,,
"Llovera, Mauricio",661440,2022,26,17,16.1,72,27.8,11.1,0.177,0.316,0.292,0.26,4.5,6.8,20.5,30.1,47.7,47.7,20.5,18.2,13.6,R,306,0.7,95.4,2128,-8.9,-15.2,17.6,1.5,55.6,83.7,2396,14,-38.3,14.3,1.3,,,,,,,,,,,,,,,43.8,95.4,2110,-16.1,-22.3,18,1.1,,,,,,,,,,,,,,,,,,,,,,,,,,,,,,,,,,,,,,,,,,,,,,,,,
"Kelly, Zack",677161,2022,27,13,13.2,59,18.6,6.8,0.198,0.343,0.316,0.26,4.5,9.1,25,17.6,45.9,45.5,31.8,13.6,9.1,R,222,47.3,94.6,2145,-11.2,-15,19.5,1.2,13.5,85.7,2549,6.6,-35.6,7.3,1.5,39.2,82,2380,-17.6,-33.9,19.2,1.2,,,,,,,,,,,,,,,,,,,,,,,,,,,,,,,,,,,,,,,,,,,,,,,,,,,,,,,,,,,,,,,
"Fairbanks, Pete",664126,2022,28,24,24,87,43.7,3.4,0.132,0.182,0.176,0.154,4.4,2.2,26.7,35.3,52.3,53.3,24.4,17.8,4.4,R,352,61.4,99,2515,-0.1,-7.5,20.8,1,38.1,85.8,2465,2.5,-44.4,7.9,1.5,0.6,95.8,2032,-15.3,-21.5,17.5,1.4,,,,,,,,,,,,,,,,,,,,,,,,,,,,,,,,,,,,,,,,,,,,,,,,,,,,,,,,,,,,,,,
"Nardi, Andrew",677053,2022,23,13,14.2,83,28.9,16.9,0.264,0.522,0.486,0.396,11.1,0,33.3,29.7,49.5,22.2,37.8,24.4,15.6,L,374,62.6,94.4,2309,6.3,-13.2,18.8,1.4,31.6,83.9,2321,-12.3,-34.1,13.8,1.3,5.9,89.1,1800,13.9,-22.7,18.4,1.4,,,,,,,,,,,,,,,,,,,,,,,,,,,,,,,,,,,,,,,,,,,,,,,,,,,,,,,,,,,,,,,
"Smith, Chad",663385,2022,27,15,18,85,27.1,17.6,0.179,0.297,0.355,0.307,2.2,2.2,37.8,32.3,38.6,55.6,26.7,13.3,4.4,R,337,,,,,,,,31.8,85.2,2265,2.3,-36,3.6,1.4,2.1,90.3,1576,-11.2,-28.3,12.4,1.6,,,,,,,,66.2,95.6,2265,-15.4,-23.1,16.8,1.3,,,,,,,,,,,,,,,,,,,,,,,,,,,,,,,,,,,,,,,,,,,,,,,,,
"Diaz, Jhonathan",646242,2022,25,4,15.1,66,16.7,15.2,0.255,0.392,0.324,0.337,4.4,2.2,46.7,21.8,42.8,51.1,22.2,20,6.7,L,236,26.3,91.4,2145,11.4,-19.9,17.5,1.2,25.4,80.6,2736,-13,-40.5,13.6,1.6,16.1,80.7,1788,13.3,-40.3,13.6,1.9,8.5,74.7,2699,-9.8,-61.9,16,1.7,23.7,88.7,2132,16.9,-30.3,17.7,1.5,,,,,,,,,,,,,,,,,,,,,,,,,,,,,,,,,,,,,,,,,,,,,,,,,
"Espinoza, Anderson",659262,2022,24,7,18.1,85,22.4,18.8,0.216,0.373,0.374,0.357,2.2,6.5,32.6,25.4,37.9,43.5,26.1,26.1,4.3,R,375,76.8,93.9,1904,-9.2,-16.9,17,1.3,21.6,80.7,2148,6,-46.4,8.3,2,1.6,84.5,2078,-16.1,-29.7,18.5,1.6,,,,,,,,,,,,,,,,,,,,,,,,,,,,,,,,,,,,,,,,,,,,,,,,,,,,,,,,,,,,,,,
"Valdez, Phillips",570488,2022,30,13,16.1,72,18.1,9.7,0.219,0.316,0.285,0.316,4.3,4.3,32.6,23.2,39,56.5,17.4,17.4,8.7,R,287,,,,,,,,9.1,84,2323,4.3,-36.9,5.5,1.7,46,86.9,2038,-19.1,-33.2,19.5,1.2,,,,,,,,44.9,94.1,2378,-19.8,-24.5,21,1.1,,,,,,,,,,,,,,,,,,,,,,,,,,,,,,,,,,,,,,,,,,,,,,,,,
"Dugger, Robert",667498,2022,26,4,16,72,26.4,9.7,0.253,0.454,0.376,0.337,10.9,6.5,50,28.6,46.8,28.3,26.1,32.6,13,R,284,22.5,89.4,2120,-7.4,-19.3,16.8,1.4,19.4,77.6,2292,11.8,-43.8,12.4,1.6,18.7,81.3,1408,-13.4,-35.8,14.8,1.4,18.7,72.6,2240,11,-61.1,14.4,1.2,20.8,89.9,2053,-14.6,-21.6,19.4,1.2,,,,,,,,,,,,,,,,,,,,,,,,,,,,,,,,,,,,,,,,,,,,,,,,,
"Nelson, Ryne",669194,2022,24,3,18.1,69,23.2,8.7,0.174,0.295,0.224,0.234,10.6,2.1,36.2,23.6,43.5,25.5,44.7,17,12.8,R,253,69.6,94.8,2199,-3.6,-10.9,20.2,1.5,10.3,82.3,2439,13.5,-42.3,13.9,1.5,6.3,81.8,1873,-14,-29.6,18.3,1.5,13,76.9,2507,4.9,-58.3,12.8,1.5,,,,,,,,0.8,84.9,2314,8.1,-32.4,10,1.5,,,,,,,,,,,,,,,,,,,,,,,,,,,,,,,,,,,,,,,,,,
"Bazardo, Eduard",660825,2022,26,12,16.1,65,16.9,6.2,0.245,0.374,0.312,0.308,4.2,0,31.3,27,47,39.6,29.2,22.9,8.3,R,236,30.5,94,2067,-7.3,-15.3,17.5,1.3,44.5,82.1,2577,14.5,-41.1,14.7,1.6,,,,,,,,,,,,,,,15.7,93.9,2100,-16.5,-21.1,19.5,1.4,,,,,,,,9.3,89.6,1532,-9.9,-29.7,11.2,1.4,,,,,,,,,,,,,,,,,,,,,,,,,,,,,,,,,,,
"Gose, Anthony",543238,2022,31,22,21,92,30.4,15.2,0.208,0.465,0.329,0.344,6.1,2,49,33.5,44.5,26.5,36.7,26.5,10.2,L,389,64.8,97,2246,6.7,-11.9,18.7,1.6,35,86.1,2288,-3.7,-39.1,5,1.9,0.3,88,1859,5.2,-23.4,13,,,,,,,,,,,,,,,,,,,,,,,,,,,,,,,,,,,,,,,,,,,,,,,,,,,,,,,,,,,,,,,,
"Zeuch, T.J.",643615,2022,26,3,10.2,64,7.8,10.9,0.331,0.575,0.539,0.434,0,0,46.9,15.9,42.8,49,22.4,22.4,6.1,R,250,2.8,91.9,2180,-9.1,-18.6,16.6,1.4,26.8,80.7,2041,12.6,-38.9,13.4,1.4,12.8,85.6,1676,-14.4,-32.5,15.5,1.6,,,,,,,,40.8,91.9,2130,-16.2,-30.4,16.5,1.3,16.8,86.2,2086,0.6,-31.2,6.8,2,,,,,,,,,,,,,,,,,,,,,,,,,,,,,,,,,,,,,,,,,,
"Farrell, Luke",608652,2022,31,6,15,70,20,10,0.287,0.466,0.363,0.361,8.2,2,42.9,17.3,38.6,30.6,28.6,32.7,8.2,R,285,48.4,91.1,2327,-3.7,-15.3,18.2,1.4,37.2,82.5,2514,2.7,-41,3.4,1.5,2.8,85,1457,-10,-24.9,16.7,1.6,11.6,78.6,2585,7.3,-54.3,12.6,1.5,,,,,,,,,,,,,,,,,,,,,,,,,,,,,,,,,,,,,,,,,,,,,,,,,,,,,,,,
"Alvarez, Jose",501625,2022,33,21,15.1,76,19.7,11.8,0.294,0.536,0.375,0.4,0,10.2,32.7,23.3,47.3,49,22.4,24.5,4.1,L,273,4,91.4,2146,9.9,-17.7,18.1,1.5,9.9,80.3,2161,-6,-40.7,6.4,1.4,35.2,81.5,1659,16.3,-37.5,16.8,1.2,,,,,,,,50.9,90.8,2026,16.4,-23.6,19,1.3,,,,,,,,,,,,,,,,,,,,,,,,,,,,,,,,,,,,,,,,,,,,,,,,,
"Middleton, Keynan",641871,2022,28,18,17,69,21.7,4.3,0.279,0.498,0.359,0.354,12,6,38,36.6,54.4,28,32,30,10,R,241,50.6,95.1,2363,-7.5,-13.2,19,1.5,32.4,84.6,2371,2.9,-35.6,4.4,1.7,17,87.2,1822,-13.9,-29.6,15.6,1.6,,,,,,,,,,,,,,,,,,,,,,,,,,,,,,,,,,,,,,,,,,,,,,,,,,,,,,,,,,,,,,,
"Hoeing, Bryan",663773,2022,25,8,12.2,61,9.8,8.2,0.321,0.629,0.467,0.429,2,4,50,12.9,43.4,54,24,18,4,R,267,0.7,93.3,2033,-14.9,-21.5,18.1,1.5,12,83.2,2362,4.6,-41.8,5.7,1.5,12,87.6,1719,-16.7,-29.9,18,1.7,6.7,80.2,2364,15.3,-43.8,15.6,1.6,68.5,93.1,1979,-16.7,-25.2,18.3,1.2,,,,,,,,,,,,,,,,,,,,,,,,,,,,,,,,,,,,,,,,,,,,,,,,,
"Stashak, Cody",664054,2022,28,11,16.1,65,23.1,0,0.238,0.379,0.265,0.263,14,4,44,28,55.1,26,40,24,10,R,227,48.9,90.6,2194,-4.6,-12.6,21.4,1.1,49.3,82,2113,6.5,-34,10.6,1.2,1.8,84.3,1278,-10.2,-25.1,17,1.5,,,,,,,,,,,,,,,,,,,,,,,,,,,,,,,,,,,,,,,,,,,,,,,,,,,,,,,,,,,,,,,
"Selman, Sam",572125,2022,31,16,18.1,75,24,6.7,0.218,0.396,0.328,0.297,11.8,5.9,37.3,23.5,46.1,33.3,39.2,21.6,5.9,L,295,48.1,89.3,2173,2.7,-20.6,13.9,1.2,47.1,79.3,2329,-12.1,-39.9,12.9,1.3,,,,,,,,,,,,,,,4.7,90.4,2192,9.7,-18.8,17.7,1.6,,,,,,,,,,,,,,,,,,,,,,,,,,,,,,,,,,,,,,,,,,,,,,,,,
"Grimm, Justin",518748,2022,33,15,15.1,71,15.5,9.9,0.272,0.4,0.355,0.347,2,3.9,27.5,24.6,46.9,41.2,23.5,27.5,7.8,R,277,41.2,92.6,2113,-5.7,-13.4,19.6,1.2,37.9,81.7,2367,16.5,-44.9,17.1,1.4,,,,,,,,20.9,82,2238,11,-51.7,15.5,1.4,,,,,,,,,,,,,,,,,,,,,,,,,,,,,,,,,,,,,,,,,,,,,,,,,,,,,,,,
"Brown, Hunter",686613,2022,23,7,20.1,80,27.5,8.8,0.213,0.316,0.254,0.269,5.9,2,47.1,22.9,45.3,64.7,13.7,13.7,7.8,R,309,52.4,96.6,2262,-7.4,-11.9,19.1,1.3,,,,,,,,2.3,89.2,1438,-15.3,-28.1,16.8,1.5,31.4,83.3,2467,5.7,-57.3,18.2,1.4,0.6,95.3,2223,-14.9,-13.7,22.6,1.5,13.3,93.2,2182,2.8,-24.8,7.7,1.6,,,,,,,,,,,,,,,,,,,,,,,,,,,,,,,,,,,,,,,,,,
"Cleavinger, Garrett",664076,2022,28,17,23,92,34.8,7.6,0.214,0.354,0.247,0.283,5.8,3.8,40.4,30.8,45,40.4,26.9,23.1,9.6,L,347,38.3,96,2303,10.6,-14.1,19.1,1.3,41.5,82.7,2637,-8.8,-45.2,10.6,1.2,,,,,,,,4.3,76.8,2711,-15.9,-60.2,20.8,1.3,15.9,95.1,2342,18.5,-20.4,21.2,1.2,,,,,,,,,,,,,,,,,,,,,,,,,,,,,,,,,,,,,,,,,,,,,,,,,
"Uceta, Edwin",670955,2022,24,10,17,73,17.8,9.6,0.227,0.339,0.299,0.294,3.8,1.9,38.5,24.8,45.5,44.2,34.6,15.4,5.8,R,292,1,91.9,2431,-5.7,-16.3,17,1.4,0.3,86.9,2520,5.3,-23.1,13.3,,27.1,88.3,2118,-16.5,-31.8,17,1.3,17.5,81,2575,7.5,-49.4,11,1.5,54.1,93.5,2344,-11.9,-16.2,19.5,1.2,,,,,,,,,,,,,,,,,,,,,,,,,,,,,,,,,,,,,,,,,,,,,,,,,
"Bender, Anthony",669622,2022,27,22,19.1,78,21.8,10.3,0.251,0.419,0.318,0.338,3.8,7.7,34.6,28.7,42,53.8,15.4,23.1,7.7,R,274,1.8,98.3,2236,-8.8,-16.6,14.9,1.4,33.2,84.9,2489,7.9,-40.6,8.5,1.9,5.5,90.7,1779,-17,-35.9,17.3,1.4,,,,,,,,59.5,97.6,2231,-17.3,-26.6,17.6,1.3,,,,,,,,,,,,,,,,,,,,,,,,,,,,,,,,,,,,,,,,,,,,,,,,,
"Gsellman, Robert",607229,2022,28,8,15.1,64,14.1,4.7,0.321,0.578,0.34,0.4,7.7,1.9,50,24.3,49.8,42.3,26.9,26.9,3.8,R,207,0.5,94.4,2039,-10.5,-17.5,16.9,,29,89.6,2164,-2.2,-28.3,6.8,1.4,11.6,85.1,1694,-15.5,-31.6,16.8,1.4,3.4,80.7,2537,11.2,-51.8,14.9,1.4,55.6,92.6,1936,-17.4,-27.3,18.1,1.3,,,,,,,,,,,,,,,,,,,,,,,,,,,,,,,,,,,,,,,,,,,,,,,,,
"Alexander, Scott",518397,2022,32,17,17.1,63,15.9,1.6,0.21,0.318,0.21,0.238,3.8,11.5,30.8,25.2,50,78.8,5.8,13.5,1.9,L,214,,,,,,,,12.6,83.9,2381,-6.4,-38.2,7.2,1.5,16.4,86.7,1576,14.6,-32.7,15.1,1.4,,,,,,,,71,92.2,2176,13.7,-27.6,14.6,1.1,,,,,,,,,,,,,,,,,,,,,,,,,,,,,,,,,,,,,,,,,,,,,,,,,
"Steckenrider, Drew",608716,2022,31,16,14.1,68,14.7,7.4,0.36,0.574,0.396,0.423,5.7,3.8,39.6,20.8,52.1,32.1,22.6,35.8,9.4,R,286,65,94.1,2300,-8.2,-11.6,21.2,1.2,3.1,85.1,2147,4.2,-35.5,5.1,1.5,23.4,87,1758,-12.2,-24.1,17.3,1.1,8.4,81.2,2072,-1.2,-46.5,5.6,1.5,,,,,,,,,,,,,,,,,,,,,,,,,,,,,,,,,,,,,,,,,,,,,,,,,,,,,,,,
"Reed, Jake",596082,2022,29,18,16.2,77,16.9,10.4,0.235,0.402,0.36,0.334,13.2,5.7,47.2,21.3,41.4,39.6,30.2,20.8,9.4,R,307,6.8,90.9,2322,-5.4,-23.3,11.5,1.4,44,81.8,2457,11.8,-36.5,13.1,1.8,2.3,82.2,1607,-15.9,-46.1,17,1.5,,,,,,,,46.9,91.7,2128,-17.7,-31.6,18,1.4,,,,,,,,,,,,,,,,,,,,,,,,,,,,,,,,,,,,,,,,,,,,,,,,,
"Devenski, Chris",606965,2022,31,13,14.2,67,17.9,1.5,0.275,0.495,0.406,0.346,7.5,0,49.1,26.6,51.5,41.5,30.2,20.8,7.5,R,241,43.6,94.3,2179,-9,-14.7,18.6,1.2,12,82.4,2175,4.9,-37.2,6.6,1.6,40.2,83.1,1546,-14.2,-34.5,15.3,1.3,1.2,76.9,2184,8.1,-57.5,13.5,1.5,,,,,,,,,,,,,,,,,,,,,,,,,,,,,2.9,80.4,2183,11.4,-39.4,11.9,1.4,,,,,,,,,,,,,,,,,,,,,