"last_name, first_name",player_id,year,player_age,p_game,p_formatted_ip,pa,k_percent,bb_percent,xba,xslg,woba,xwoba,solidcontact_percent,poorlyweak_percent,hard_hit_percent,whiff_percent,swing_percent,groundballs_percent,flyballs_percent,linedrives_percent,popups_percent,pitch_hand,n,n_ff_formatted,ff_avg_speed,ff_avg_spin,ff_avg_break_x,ff_avg_break_z,ff_avg_break,ff_range_speed,n_sl_formatted,sl_avg_speed,sl_avg_spin,sl_avg_break_x,sl_avg_break_z,sl_avg_break,sl_range_speed,n_ch_formatted,ch_avg_speed,ch_avg_spin,ch_avg_break_x,ch_avg_break_z,ch_avg_break,ch_range_speed,n_cu_formatted,cu_avg_speed,cu_avg_spin,cu_avg_break_x,cu_avg_break_z,cu_avg_break,cu_range_speed,n_si_formatted,si_avg_speed,si_avg_spin,si_avg_break_x,si_avg_break_z,si_avg_break,si_range_speed,n_fc_formatted,fc_avg_speed,fc_avg_spin,fc_avg_break_x,fc_avg_break_z,fc_avg_break,fc_range_speed,n_fs_formatted,fs_avg_speed,fs_avg_spin,fs_avg_break_x,fs_avg_break_z,fs_avg_break,fs_range_speed,n_kn_formatted,kn_avg_speed,kn_avg_spin,kn_avg_break_x,kn_avg_break_z,kn_avg_break,kn_range_speed,n_st_formatted,st_avg_speed,st_avg_spin,st_avg_break_x,st_avg_break_z,st_avg_break,st_range_speed,n_sv_formatted,sv_avg_speed,sv_avg_spin,sv_avg_break_x,sv_avg_break_z,sv_avg_break,sv_range_speed,n_fo_formatted,fo_avg_speed,fo_avg_spin,fo_avg_break_x,fo_avg_break_z,fo_avg_break,fo_range_speed,n_sc_formatted,sc_avg_speed,sc_avg_spin,sc_avg_break_x,sc_avg_break_z,sc_avg_break,sc_range_speed
"Geltz, Steve",544993,2015,27,70,67.1,268,22.8,9.7,0.205,0.371,0.262,0.291,6.1,1.1,38,23.7,46.5,35.8,34.6,18.4,11.2,R,1095,64.2,92.8,2206,-1.9,,22.1,1.2,19.6,82.6,1767,8.8,,10.2,2,,,,,,,,,,,,,,,,,,,,,,,,,,,,,16.2,83.9,985,-3.1,,7.6,1.5,,,,,,,,,,,,,,,,,,,,,,,,,,,,,,,,,,,
"Contreras, Carlos",542266,2015,24,22,28,125,15.2,16,0.213,0.357,0.326,0.321,7.1,2.4,28.2,26.3,43.7,41.2,22.4,25.9,10.6,R,511,57.1,92.6,2284,-3.6,,11.8,1.7,,,,,,,,12.1,84.5,1781,-9.5,,11.1,1.9,17.2,80.7,2380,4.1,,12.4,2,13.5,92.6,2239,-9.8,,13.9,1.5,,,,,,,,,,,,,,,,,,,,,,,,,,,,,,,,,,,,,,,,,,,,,,,,,
"Boxberger, Brad",502202,2015,27,69,63,271,27.3,11.8,0.23,0.385,0.306,0.312,4.3,5.5,28.8,27.2,47.1,37.4,30.7,24.5,7.4,R,1120,61.8,93.3,2264,-4.7,,19.4,1.3,,,,,,,,34,80.4,1425,-12.8,,13.5,1.4,3.8,78,1369,7.6,,15.4,1.5,0.2,94.7,2230,-13.6,,18,1.4,0.2,87.3,1834,7.5,,12.9,1.5,,,,,,,,,,,,,,,,,,,,,,,,,,,,,,,,,,,,,,,,,,
"Smith, Will",519293,2015,25,76,63.1,264,34.5,9.1,0.171,0.281,0.285,0.245,4.1,4.1,30.4,35,46.1,48,18.9,26.4,6.8,L,1063,48.4,93.9,2314,7.6,,19.5,1.4,44.1,82.3,1841,-9.1,,10.1,1.5,,,,,,,,5.6,77.1,1875,-8.4,,12.3,1.2,2,91.2,2236,13.9,,17,1.3,,,,,,,,,,,,,,,,,,,,,,,,,,,,,,,,,,,,,,,,,,,,,,,,,
"O'Sullivan, Sean",457711,2015,27,13,71,327,10.7,6.1,0.289,0.465,0.395,0.349,6.8,3,33.5,14.7,46.2,44,22.9,26.7,6.4,R,1167,38.4,90.1,2033,-9.1,,19.9,1.5,21.9,79.5,1952,8.7,,9.9,2.2,17,83.7,1601,-12.8,,17.8,1.9,2.8,72.4,1992,5,,17.4,1.8,20,89.9,1992,-14,,19.9,1.7,,,,,,,,,,,,,,,,,,,,,,,,,,,,,,,,,,,,,,,,,,,,,,,,,
"Petit, Yusmeiro",433589,2015,30,42,76,316,18.7,4.7,0.225,0.388,0.313,0.281,9.1,1.2,30.7,20.4,49.8,33.6,27.4,26.1,12.9,R,1107,44.6,89.1,2239,-4,,17.6,1.2,15.9,85.1,2182,1.6,,14.8,1.3,11.7,82.1,1905,-6.7,,16.5,1.5,22.2,77.6,1804,12.3,,13.3,1.6,,,,,,,,5.6,88.4,2194,1.6,,17.7,1.3,,,,,,,,,,,,,,,,,,,,,,,,,,,,,,,,,,,,,,,,,,
"Kelley, Shawn",518875,2015,31,53,51.1,205,30.7,7.3,0.209,0.313,0.254,0.251,6.3,3.1,36.2,32.2,48.7,44.1,22.8,26.8,6.3,R,795,44.5,92.5,2219,-1.9,,16.7,1.5,55.1,83.3,1981,7.5,,8.8,2.7,0.3,87.6,2509,-0.8,,8,1.6,0.1,82.5,2174,8.6,,8.7,,,,,,,,,,,,,,,,,,,,,,,,,,,,,,,,,,,,,,,,,,,,,,,,,,,,,,,,,
"Nolin, Sean",543594,2015,25,6,29,134,11.2,9,0.263,0.473,0.341,0.357,4.7,4.7,33.6,16,42.5,43,20.6,26.2,10.3,L,498,50,87.6,1958,7.3,,20.1,2.4,2.4,79.1,1876,-1.6,,8.1,1.6,18.3,76.8,1601,11.9,,17.6,2.3,11.8,74.3,1816,-2.8,,11.9,2.2,,,,,,,,17.5,83.9,1973,-1,,10.4,1.7,,,,,,,,,,,,,,,,,,,,,,,,,,,,,,,,,,,,,,,,,,
"Krol, Ian",571871,2015,24,33,28,129,20.2,13.2,0.216,0.332,0.371,0.303,7.1,2.4,31,21.7,47.1,46.4,16.7,25,11.9,L,533,45.2,94,2446,11,,21,1.6,22.5,88.8,2461,-1.1,,7.5,1.5,6.9,85.5,1814,16.2,,20.2,1.6,9,77.8,2338,-7.5,,12.3,1.8,16.3,94.7,2458,16.5,,21.6,1.4,,,,,,,,,,,,,,,,,,,,,,,,,,,,,,,,,,,,,,,,,,,,,,,,,
"Quackenbush, Kevin",534812,2015,26,57,58.1,243,23.9,8.2,0.237,0.371,0.289,0.303,4.3,1.8,36.6,21.5,45.9,43.9,25.6,26.2,4.3,R,1033,74,91.2,2162,-3.8,,17.8,1.1,0.2,82.3,1558,2.5,,6,1.6,1.5,84.4,1464,-6.2,,13.6,1.5,24.4,79.1,2030,10.2,,16.7,1.6,,,,,,,,,,,,,,,,,,,,,,,,,,,,,,,,,,,,,,,,,,,,,,,,,,,,,,,,
"Anderson, Brett",474463,2015,27,31,180.1,750,15.5,6.1,0.241,0.37,0.316,0.293,6.1,1.9,32.9,17.3,46,67.4,10.4,20.8,1.4,L,2706,23.8,91.5,1850,8.9,,14.8,1.5,25.8,82.5,2281,-5.1,,11.8,1.4,9.5,83.9,1544,13.5,,15.7,1.4,12.1,76.3,2302,-5.9,,16.6,1.4,28.8,91,1770,15.1,,16.6,1.5,,,,,,,,,,,,,,,,,,,,,,,,,,,,,,,,,,,,,,,,,,,,,,,,,
"Vizcaíno, Arodys",527055,2015,24,36,33.2,139,26.6,9.4,0.237,0.387,0.268,0.305,4.5,1.1,37.1,28.3,48.4,37.1,25.8,30.3,6.7,R,548,3.5,97.3,2282,-7.3,,19.6,1.5,31.6,85.6,2213,1.1,,3.6,1.8,0.4,90.2,1622,-13.5,,17,1.4,,,,,,,,64.6,98.4,2343,-13.1,,18.7,1.3,,,,,,,,,,,,,,,,,,,,,,,,,,,,,,,,,,,,,,,,,,,,,,,,,
"Hughes, Phil",461833,2015,29,27,155.1,651,14.4,2.5,0.302,0.523,0.347,0.365,6.1,2,40.6,12.4,51.4,36.7,25.2,29.9,8.2,R,2254,45.5,91.3,2120,-7.4,,16.5,1.3,0.8,87,2069,1.4,,11.4,1.6,6.2,85.9,1598,-9.1,,12.8,2,15.9,76.9,2377,13.3,,18.1,1.9,14.6,91.1,2094,-12.3,,16.5,1.3,17,88.2,2126,1.8,,10.9,1.4,,,,,,,,,,,,,,,,,,,,,,,,,,,,,,,,,,,,,,,,,,
"Holland, Greg",518813,2015,29,48,44.2,193,25.4,13.5,0.212,0.296,0.309,0.285,2.5,1.7,24.6,33.1,45.9,50.8,14.4,28,6.8,R,713,46.6,94.3,2325,-1.6,,19.2,1.8,47,86.2,1806,3.8,,5.6,2.2,,,,,,,,4.6,77.9,2336,4.2,,12.3,1.9,,,,,,,,,,,,,,,1.8,88.1,1895,-5.3,,10.4,1.6,,,,,,,,,,,,,,,,,,,,,,,,,,,,,,,,,,,
"Harris, Mitch",518771,2015,29,26,27,122,12.3,10.7,0.259,0.434,0.334,0.343,5.3,2.1,30.9,17.9,52.5,47.9,27.7,18.1,6.4,R,436,52.8,95.3,2274,-10,,19.4,1,,,,,,,,3.9,87.5,1215,-11.3,,15.9,1.5,3.7,78.9,2255,8.4,,15.3,1.6,1.1,96,2296,-14,,16.7,1.4,38.5,88.6,1822,1.1,,7.2,1.3,,,,,,,,,,,,,,,,,,,,,,,,,,,,,,,,,,,,,,,,,,
"Nuño, Vidal",573064,2015,27,35,89,376,21.5,5.9,0.231,0.401,0.329,0.301,4.5,1.9,35.1,23.6,48.3,43.3,25.7,22.8,8.2,L,1447,20.1,90.3,2295,4.1,,16.4,1.1,39.2,85.2,2323,-4.5,,8.2,1.8,19.3,83,1615,12.6,,15.6,1.7,8.2,79.6,2312,-7.7,,10.5,2,13.3,89.1,2189,11.2,,17.3,1.5,,,,,,,,,,,,,,,,,,,,,,,,,,,,,,,,,,,,,,,,,,,,,,,,,
"Iglesias, Raisel",628452,2015,25,18,95.1,395,26.3,7.1,0.222,0.367,0.3,0.294,3.9,1.6,30.9,26,48,48,16.8,28.9,6.3,R,1564,19.2,92.8,2402,-7.9,,16.4,2,28.9,83,2070,12.7,,13.3,2.1,11.6,85.4,1645,-13,,13.9,1.5,,,,,,,,40.3,91.9,2362,-14.8,,16.9,2.1,,,,,,,,,,,,,,,,,,,,,,,,,,,,,,,,,,,,,,,,,,,,,,,,,
"Adcock, Nate",502264,2015,27,13,18,83,15.7,14.5,0.271,0.434,0.345,0.364,1.8,1.8,28.1,21.2,39.1,50.9,15.8,29.8,3.5,R,336,32.7,94.9,2263,-5.7,,10.6,1.2,23.5,88.8,2337,4.4,,5.6,1.7,1.5,89.5,2202,-9,,10.1,1.4,,,,,,,,42.3,94.1,2236,-12.2,,12.4,1.2,,,,,,,,,,,,,,,,,,,,,,,,,,,,,,,,,,,,,,,,,,,,,,,,,
"McAllister, Zach",502083,2015,27,61,69,299,28.1,7.7,0.213,0.333,0.305,0.271,6.9,3.2,34.4,25.2,47.1,45.5,20.6,26.5,7.4,R,1209,59.4,95.9,2242,-11.1,,18.9,1.5,3.6,83.7,1732,6.7,,7.7,2.3,2,88.6,1628,-14.5,,16.7,1.5,8.4,80.6,1974,7.1,,9.5,3.8,14.2,96.2,2272,-14.6,,18.5,1.5,12.4,89.5,2249,-0.3,,13.2,1.9,,,,,,,,,,,,,,,,,,,,,,,,,,,,,,,,,,,,,,,,,,
"Hand, Brad",543272,2015,25,38,93.1,408,16.4,7.8,0.277,0.434,0.342,0.34,4.9,3.9,36.3,19.3,46.3,48.4,19.9,28.8,2.9,L,1546,32.3,93,2378,13.1,,21.2,1.6,8.2,84.8,2029,-4.9,,6.7,1.6,10.5,86.2,2138,12.8,,17.4,1.3,12.5,78.9,2485,-10,,11.6,1.9,36.5,92.5,2256,18.6,,21.2,1.5,,,,,,,,,,,,,,,,,,,,,,,,,,,,,,,,,,,,,,,,,,,,,,,,,
"Vázquez, Felipe",553878,2015,23,49,48.1,189,22.8,5.8,0.227,0.378,0.237,0.284,6.7,6.7,33.6,24.2,50.5,47,22.4,24.6,6,L,753,74.6,96,2362,11,,18.1,1.6,19,81.4,2595,-11.3,,14.3,2.1,5.2,87.6,1941,17.7,,18.5,1.5,,,,,,,,1.2,95.8,2222,15.6,,18.3,1.4,,,,,,,,,,,,,,,,,,,,,,,,,,,,,,,,,,,,,,,,,,,,,,,,,
"O'Day, Darren",503285,2015,32,68,65.1,257,31.9,5.4,0.184,0.269,0.241,0.233,4.5,3.8,19.2,32.6,49.3,35.9,25.6,25.6,12.2,R,1061,32.9,87.7,2319,-10.6,,14.1,1.1,44.1,79.9,1458,10,,11.8,1.1,0.6,81.5,1847,-8.4,,10.1,1.8,0.2,79,1761,17.2,,19.5,1.5,22.2,86.7,2128,-12.1,,13.4,1.1,,,,,,,,,,,,,,,,,,,,,,,,,,,,,,,,,,,,,,,,,,,,,,,,,
"Scheppers, Tanner",489294,2015,28,42,38.1,176,18.2,13.1,0.211,0.352,0.335,0.302,2.5,4.2,21.8,18.7,45.8,40.3,24.4,29.4,5.9,R,676,63.3,95.5,2280,-12.5,,19,1.2,2.4,86.1,2499,5.2,,6.9,1.6,3.4,89.6,2017,-16.1,,18.5,1.3,28.4,83.1,2409,12.4,,13.5,1.7,2.5,95.9,2265,-11.4,,14.1,1.7,,,,,,,,,,,,,,,,,,,,,,,,,,,,,,,,,,,,,,,,,,,,,,,,,
"VerHagen, Drew",572403,2015,24,20,26.1,106,12.3,13.2,0.253,0.336,0.256,0.314,2.6,1.3,34.6,17.8,40,75.6,5.1,15.4,3.8,R,400,33.8,94.4,1943,-11.4,,18.3,1.4,,,,,,,,6.3,85.3,1523,-7.3,,11.8,1.4,27,77.2,2212,8.7,,18.1,1.8,33,94.7,1897,-14.4,,17.8,1.4,,,,,,,,,,,,,,,,,,,,,,,,,,,,,,,,,,,,,,,,,,,,,,,,,
"Burgos, Enrique",542609,2015,24,30,27,121,32.2,12.4,0.225,0.347,0.317,0.302,7.5,1.5,44.8,33.6,46.9,35.8,16.4,34.3,13.4,R,514,49.8,96.4,2388,-5.9,,17.3,1.4,50.2,87.3,2106,8,,9.3,2,,,,,,,,,,,,,,,,,,,,,,,,,,,,,,,,,,,,,,,,,,,,,,,,,,,,,,,,,,,,,,,,,,,,,,
"McKirahan, Andrew",605374,2015,25,27,27.1,129,17.1,7.8,0.269,0.36,0.365,0.31,5.3,3.2,20,20.2,49.4,52.6,10.5,29.5,7.4,L,456,64.5,93.7,2163,2.3,,14.1,1.1,25.4,83.5,1548,-0.6,,3.8,1.8,,,,,,,,,,,,,,,10.1,93.8,2082,13.2,,17.4,1.5,,,,,,,,,,,,,,,,,,,,,,,,,,,,,,,,,,,,,,,,,,,,,,,,,
"Hagadone, Nick",444935,2015,29,36,27.1,124,22.6,9.7,0.247,0.383,0.323,0.311,3.6,3.6,22.6,24.4,51.1,38.1,20.2,28.6,13.1,L,454,74,94.6,2296,7.1,,21.9,1.4,9.5,79.1,1829,1.8,,5.6,1.6,,,,,,,,,,,,,,,,,,,,,,16.5,89.7,2150,0.9,,11.8,1.5,,,,,,,,,,,,,,,,,,,,,,,,,,,,,,,,,,,,,,,,,,
"Latos, Mat",502009,2015,27,24,116.1,494,20.2,6.5,0.261,0.445,0.32,0.33,5.8,3,35.2,22.4,49.4,46.5,19.7,29.4,4.4,R,1798,26.8,92,1983,-2.7,,18.7,1.9,10.4,86.5,1935,5.8,,7.7,1.7,4.1,84.2,1857,-8.4,,17.8,1.5,8.6,76.7,2012,6.5,,14,1.8,9.8,91.7,1982,-7.3,,18.4,1.8,25.5,92.2,1964,3.3,,18.6,2,14.9,81.9,1768,0.7,,5,1.6,,,,,,,,,,,,,,,,,,,,,,,,,,,,,,,,,,,
"Nola, Aaron",605400,2015,22,13,77.2,318,21.4,6,0.241,0.388,0.305,0.301,5.7,1.7,33.2,21,44.3,49.8,18.3,28.4,3.5,R,1111,32.1,91.2,2048,-12.1,,16.9,1.7,,,,,,,,11.6,82.7,1403,-12.5,,13,1.3,24.4,77.1,2520,17.6,,20.8,1.4,31.9,90.9,2019,-16.8,,17.8,1.7,,,,,,,,,,,,,,,,,,,,,,,,,,,,,,,,,,,,,,,,,,,,,,,,,
"Hawkins, LaTroy",115629,2015,42,42,38.2,162,21,4.3,0.247,0.38,0.316,0.289,3.3,1.7,38.8,17,51.9,55.4,18.2,20.7,5.8,R,553,73.8,93.7,2052,-12.2,,18.2,1.3,16.1,87.7,2066,2.7,,8.3,1.7,8,84.7,1698,-12.1,,16,1.8,0.5,78.2,2240,7,,11.7,1.5,1.6,93.8,2049,-14.4,,15.6,1.5,,,,,,,,,,,,,,,,,,,,,,,,,,,,,,,,,,,,,,,,,,,,,,,,,
"Chamberlain, Joba",501955,2015,29,36,27.2,128,18,7,0.267,0.41,0.409,0.326,4.2,3.2,30.5,24.5,42.6,45.3,17.9,29.5,7.4,R,537,44.5,94.6,2076,-4.9,,17.2,1.9,34.8,85.9,1999,3.2,,4.7,1.8,1.7,84.8,1781,-13.4,,15,1.5,16.2,79.8,2317,8.2,,13.5,1.6,2.8,93,1943,-11.5,,16,1.5,,,,,,,,,,,,,,,,,,,,,,,,,,,,,,,,,,,,,,,,,,,,,,,,,
"Estrada, Marco",462136,2015,31,34,181,724,18.1,7.6,0.218,0.372,0.276,0.288,5.6,1.7,30.8,21.8,49.6,34,29.6,22,14.4,R,2907,53.3,89.8,2348,-5.2,,22,1.1,,,,,,,,28,79.1,2091,-10.7,,20.6,1.4,11,77.8,2580,10.6,,16.8,1.6,,,,,,,,7.6,88.6,2379,2.8,,17.7,1.1,,,,,,,,,,,,,,,,,,,,,,,,,,,,,,,,,,,,,,,,,,
"García, Yimi",554340,2015,24,59,56.2,225,30.2,4.4,0.196,0.357,0.258,0.26,4.8,2.8,30.3,31.7,52.4,29.7,28.3,26.2,15.9,R,838,67.1,94.1,2530,-10.3,,17.1,1.6,28.9,83.2,2281,9.6,,10.2,1.9,2,86.4,1810,-16.7,,17.6,1.5,,,,,,,,1.1,94.2,2520,-15.5,,17.2,1.5,1,89.6,2525,-0.3,,9,1.5,,,,,,,,,,,,,,,,,,,,,,,,,,,,,,,,,,,,,,,,,,
"Familia, Jeurys",544727,2015,25,76,78,308,27.9,6.2,0.209,0.313,0.252,0.258,6.5,4.5,27.4,33.8,51,60.7,14.9,21.4,3,R,1169,9,98,2250,-9.2,,16.6,1.7,23.7,89.9,2206,1.5,,5,1.6,,,,,,,,,,,,,,,62.1,97.8,2268,-14.9,,17,1.5,,,,,,,,5.2,94,1732,-8.5,,9.3,1.1,,,,,,,,,,,,,,,,,,,,,,,,,,,,,,,,,,,
"Bastardo, Antonio",455374,2015,29,66,57.1,239,26.8,10.9,0.182,0.297,0.258,0.264,1.4,6.2,35.6,30.8,50.6,34.2,30.1,21.9,13.7,L,1049,74.7,93.4,2466,10,,22.6,1.4,18.3,84.6,2486,-2,,6.8,1.7,6.9,86.2,2065,11,,16.6,1.5,,,,,,,,0.1,92.4,2579,19.6,,24.9,,,,,,,,,,,,,,,,,,,,,,,,,,,,,,,,,,,,,,,,,,,,,,,,,,
"Marcum, Shaun",451788,2015,33,7,35,142,21.1,7.7,0.266,0.52,0.346,0.359,7,1,37,27,42.8,33,24,33,10,R,552,26.8,85.9,2312,-3.1,,16.8,1.2,2.9,79.6,2229,4.3,,11.5,1.4,18.5,80.4,1915,-7.1,,10.7,2,8,72.1,2178,8.3,,13.4,1.5,10.1,86,2303,-10.9,,17.9,1.3,33.7,83.8,2397,4.5,,11.8,1.4,,,,,,,,,,,,,,,,,,,,,,,,,,,,,,,,,,,,,,,,,,
"Williams, Jerome",425532,2015,33,33,121,553,13.4,6.1,0.307,0.505,0.37,0.372,6.4,3.4,37,19.7,49,49.1,17,30.2,3.6,R,1960,16.9,90.8,2147,-9.6,,16,1.4,3.8,79.8,2049,5.2,,7.5,1.7,17.5,83.9,1644,-13.6,,15.2,1.6,2.4,73.7,2183,10.5,,13.7,2.1,33.9,90.4,2041,-16.6,,18.2,1.5,25.5,87.8,2072,0.8,,7.4,1.6,,,,,,,,,,,,,,,,,,,,,,,,,,,,,,,,,,,,,,,,,,
"Lynn, Lance",458681,2015,28,31,175.1,751,22.2,9.1,0.234,0.372,0.311,0.303,5.3,3.5,30.9,21,46.9,46.2,21.5,24.7,7.6,R,3030,56.6,92.8,2418,-8.7,,16.4,1.9,8,87,2304,1.1,,7.3,1.9,2.6,84.9,1903,-14,,15.6,2.1,4.7,78.1,2032,9.7,,14.1,2,28.1,91.5,2209,-14,,15,2,,,,,,,,,,,,,,,,,,,,,,,,,,,,,,,,,,,,,,,,,,,,,,,,,
"Ramírez, JC",500724,2015,26,20,23.2,106,15.1,10.4,0.244,0.405,0.327,0.316,6.4,2.6,39.7,21.4,46.5,44.9,29.5,20.5,5.1,R,403,61.5,96.1,2096,-4.6,,11.9,1.4,25.8,86.6,1872,5.9,,7.8,1.8,6.2,87.7,1298,-8.4,,9.8,1.7,,,,,,,,6.5,95.9,2078,-8.6,,9.8,1.6,,,,,,,,,,,,,,,,,,,,,,,,,,,,,,,,,,,,,,,,,,,,,,,,,
"Castro, Miguel",612434,2015,20,18,17.2,83,21.7,12,0.291,0.592,0.387,0.408,16.4,3.6,45.5,27.7,44.4,36.4,20,41.8,1.8,R,287,60.6,97.1,2313,-13.3,,17.7,1.4,22.3,82.7,2567,13.6,,14.6,1.7,17.1,88.4,1886,-15.9,,16.9,1.8,,,,,,,,,,,,,,,,,,,,,,,,,,,,,,,,,,,,,,,,,,,,,,,,,,,,,,,,,,,,,,,
"Petricka, Jake",502593,2015,27,62,52,220,15,8.2,0.248,0.326,0.311,0.284,3,4.8,29.8,20.6,46.7,66.1,10.7,20.8,2.4,R,773,,,,,,,,7,88.9,1927,-1.2,,7.8,1.6,19.3,86.8,2019,-11.9,,14.9,1.8,,,,,,,,73.7,94.8,2039,-15.1,,18.9,1.8,,,,,,,,,,,,,,,,,,,,,,,,,,,,,,,,,,,,,,,,,,,,,,,,,
"Gilmartin, Sean",543219,2015,25,50,57.1,235,23,7.7,0.214,0.312,0.27,0.26,6.2,1.2,28,28.3,46,46,24.2,23,6.8,L,847,27.9,89.3,1959,7.9,,18.9,1.4,31.6,79.2,2068,-14.8,,15.5,1.7,21.5,77.6,1453,11.4,,16.9,1.4,6.5,69.7,2285,-11.2,,16.8,1.5,12.5,89.5,1997,15.2,,20.4,1.4,,,,,,,,,,,,,,,,,,,,,,,,,,,,,,,,,,,,,,,,,,,,,,,,,
"McCullers Jr., Lance",621121,2015,21,22,125.2,520,24.8,8.3,0.232,0.376,0.289,0.3,4.1,1.2,32.1,24.5,43.5,48.4,19.5,26.2,5.8,R,2099,51.9,95.1,2354,-2.1,,14.7,1.5,,,,,,,,9.7,89.5,1553,-11.3,,12.6,2,36.4,84.7,2686,13.9,,17.7,1.7,2.1,96.1,2339,-11.1,,15.5,1.4,,,,,,,,,,,,,,,,,,,,,,,,,,,,,,,,,,,,,,,,,,,,,,,,,
"Diaz, Jumbo",471822,2015,31,61,60.1,255,27.5,7.1,0.222,0.395,0.322,0.295,6.1,1.8,31.1,31.8,50.4,47,14,32.3,6.7,R,1011,51.5,98,2249,-5.3,,16,1.4,20.3,87.1,1947,9.4,,10,2.1,7,90.4,1447,-11.6,,13.1,1.4,,,,,,,,20.2,97.9,2178,-12.6,,16.1,1.5,1,94.6,2134,2.1,,9.5,1.6,,,,,,,,,,,,,,,,,,,,,,,,,,,,,,,,,,,,,,,,,,
"Cooney, Tim",608641,2015,24,6,31.1,130,22.3,7.7,0.262,0.461,0.302,0.339,5.6,1.1,38.9,20.2,43.2,40,28.9,27.8,3.3,L,473,48,90.1,2144,6.6,,17.6,1.4,8.9,81.8,1974,-2.9,,5.2,1.6,22.4,82.7,2069,14.6,,20,1.3,20.1,74.8,2171,-10.5,,16.7,1.5,0.6,90.3,2125,17.2,,19.7,1.4,,,,,,,,,,,,,,,,,,,,,,,,,,,,,,,,,,,,,,,,,,,,,,,,,
"Sampson, Keyvius",572102,2015,24,13,52.1,251,16.7,10.4,0.28,0.462,0.369,0.361,8.7,2.2,39.3,20.7,44.3,41.5,15.8,35,7.7,R,1043,62.3,92.7,2241,-6.2,,16.5,1.5,12.9,87.5,2256,4.8,,7.8,1.8,10.6,85.1,1717,-13.1,,15.2,1.4,14.1,77.2,2150,12.2,,19.1,1.7,,,,,,,,,,,,,,,,,,,,,,,,,,,,,,,,,,,,,,,,,,,,,,,,,,,,,,,,
"Affeldt, Jeremy",346793,2015,36,52,35.1,163,12.9,8.6,0.298,0.456,0.353,0.362,2.4,0,38.9,15,42.7,57.1,14.3,24.6,4,L,554,,,,,,,,,,,,,,,8.7,86.7,1266,15.3,,15.9,1.3,23.8,75,2482,-12,,19.9,1.1,67.5,91,2004,17.3,,20,1.2,,,,,,,,,,,,,,,,,,,,,,,,,,,,,,,,,,,,,,,,,,,,,,,,,
"Andriese, Matt",542882,2015,25,25,65.2,282,17.4,6.4,0.247,0.411,0.315,0.317,3.3,1.4,40.8,20.4,46,50.2,24.9,19.2,5.6,R,1086,44.7,92.2,2352,-2.8,,19.5,1.3,11.2,84.8,2019,3.5,,6.8,1.3,2.3,85.7,2057,-6.5,,14.3,1.5,13.1,79.8,2660,12.6,,19.2,1.6,12.8,90.8,2181,-11.6,,16.5,1.2,15.9,88,2262,7.2,,11.9,1.1,,,,,,,,,,,,,,,,,,,,,,,,,,,,,,,,,,,,,,,,,,
"Giles, Ken",571704,2015,24,69,70,298,29.2,8.4,0.217,0.328,0.254,0.277,7,4.3,34.6,30.6,50.7,47,17.8,28.6,6.5,R,1174,61.2,97.2,2337,-5.4,,18.1,1.8,38.1,86.6,1970,0.1,,3.1,1.5,,,,,,,,,,,,,,,0.7,94.4,2160,-10.9,,16.2,2,,,,,,,,,,,,,,,,,,,,,,,,,,,,,,,,,,,,,,,,,,,,,,,,,
"Quintana, Jose",500779,2015,26,32,206.1,862,20.5,5.1,0.263,0.396,0.312,0.307,5.2,3.2,32.9,21.7,46.5,47.7,16.9,29.2,6.2,L,3351,51.4,91.9,2082,5.4,,18.3,1.5,,,,,,,,9.7,86.3,1342,11.3,,17.5,1.5,30.9,80.3,2040,-5.1,,7.8,1.7,8,92.1,2026,14,,19.9,1.3,,,,,,,,,,,,,,,,,,,,,,,,,,,,,,,,,,,,,,,,,,,,,,,,,
"Germen, Gonzalez",542674,2015,27,35,38.2,176,18.8,14.8,0.233,0.404,0.359,0.335,5.1,2.6,32.5,29.5,46.3,48.7,17.9,28.2,5.1,R,697,52.4,94.8,2121,-11.2,,17,1.1,8.2,87,1963,-2.9,,4.7,1.5,34.3,86.4,1836,-12.6,,14.6,1.4,0.1,80.3,1595,-11.9,,14.6,,5,95,2056,-14.5,,16.3,1.2,,,,,,,,,,,,,,,,,,,,,,,,,,,,,,,,,,,,,,,,,,,,,,,,,
"Banuelos, Manny",544365,2015,24,7,26.1,121,15.7,9.9,0.292,0.479,0.362,0.377,6.9,0,44.8,19,46,41.4,19.5,34.5,4.6,L,470,56.2,89.5,2024,9.7,,17.8,1.3,10,83.4,1756,-2.1,,5.1,1.7,21.7,80,1427,14.1,,15.3,1.3,11.7,75.2,2232,-12.3,,13.8,1.6,0.4,89.6,1959,15.5,,17.2,1.5,,,,,,,,,,,,,,,,,,,,,,,,,,,,,,,,,,,,,,,,,,,,,,,,,
"Wright Jr., Mike",605541,2015,25,12,44.2,204,12.7,8.8,0.275,0.447,0.376,0.351,5.8,1.9,38.7,18.7,46.4,38.7,29,23.9,8.4,R,774,55,94.2,2230,-6.8,,16.9,2.3,15.9,83.9,1825,7.5,,8.2,2.1,11,80.7,1729,-12.2,,16.1,2.3,3.7,76.9,1941,8.5,,9.5,2.4,14.3,92.4,2037,-12.9,,16.3,2.3,,,,,,,,,,,,,,,,,,,,,,,,,,,,,,,,,,,,,,,,,,,,,,,,,
"Holland, Derek",502706,2015,28,10,58.2,245,16.7,6.9,0.286,0.488,0.353,0.363,7.1,2.7,43.4,17.5,44.6,43.4,19.2,31.3,6,L,904,0.6,92,2192,6.1,,15.8,1.5,18.5,82.9,2000,2.2,,5.9,1.4,10,85.5,2028,13.6,,20.9,1.8,12.7,77.2,1621,-2.1,,4.8,1.5,58.3,93.6,2209,15.3,,20.3,1.4,,,,,,,,,,,,,,,,,,,,,,,,,,,,,,,,,,,,,,,,,,,,,,,,,
"Chavez, Jesse",445926,2015,31,30,157,672,20.2,7.1,0.258,0.405,0.317,0.317,5.1,1.6,34.2,21.9,43.9,44.7,15.4,29.6,10.3,R,2562,30.2,91.9,2361,-7.4,,17.7,1.4,6,83.3,2061,7.9,,9.7,1.4,17.8,84.7,1795,-13.9,,15.6,1.6,5.4,76.1,2713,16.5,,20.5,1.5,16.7,91.8,2225,-13.6,,18.2,1.7,23.8,89.7,2373,-0.8,,14.5,1.3,,,,,,,,,,,,,,,,,,,,,,,,,,,,,,,,,,,,,,,,,,
"Harvey, Matt",518774,2015,26,29,189.1,754,24.9,4.9,0.207,0.317,0.266,0.253,3.6,3.4,30.4,26.4,48.5,48.7,23.3,22.3,5.7,R,2780,39.1,96.5,2337,-10.2,,18.8,1.5,15,90.1,2289,2.4,,5.8,1.8,12.2,89,1947,-14.7,,17.2,1.6,11.9,84.3,2181,1.8,,7,1.7,21.8,96.6,2326,-13.5,,17.9,1.4,,,,,,,,,,,,,,,,,,,,,,,,,,,,,,,,,,,,,,,,,,,,,,,,,
"Ziegler, Brad",446899,2015,35,66,68,262,13.7,6.5,0.234,0.328,0.231,0.276,1.4,1,27.9,18.7,48.8,74.5,8.7,15.4,1.4,R,941,,,,,,,,,,,,,,,22.2,77.4,1971,-7.2,,16.4,1,10.8,74.1,1719,12.8,,15.3,1.3,67,84.5,1816,-11.6,,15.7,1.1,,,,,,,,,,,,,,,,,,,,,,,,,,,,,,,,,,,,,,,,,,,,,,,,,
"Montgomery, Mike",543557,2015,25,16,90,395,16.2,9.4,0.268,0.435,0.33,0.344,6.2,2.8,36.3,20.2,46.3,52.9,17.3,24.2,5.5,L,1448,37.2,91.9,1899,13,,17.2,1.2,,,,,,,,20.7,81.5,1957,17,,18.5,1.7,12.8,75.7,2366,-8.1,,16.6,1.5,,,,,,,,29.4,89.2,1938,9.5,,13.1,2,,,,,,,,,,,,,,,,,,,,,,,,,,,,,,,,,,,,,,,,,,
"Lowe, Mark",450275,2015,32,57,55,214,28.5,5.6,0.205,0.285,0.267,0.239,4.3,5.7,28.6,30.5,48.3,41.4,22.9,30,5.7,R,809,39.7,96.1,2489,-13.9,,19.4,1.5,49.6,87.3,2194,0.2,,4.3,1.3,,,,,,,,,,,,,,,10.8,96.2,2435,-17.9,,19.8,1.4,,,,,,,,,,,,,,,,,,,,,,,,,,,,,,,,,,,,,,,,,,,,,,,,,
"Nelson, Jimmy",519076,2015,26,30,177.1,752,19.7,8.6,0.232,0.362,0.309,0.306,5.7,2.7,28.9,22.3,47.3,51.7,16,27.2,5.1,R,2782,23.9,94,2275,-6.5,,17.6,1.4,20.1,87.5,1752,8.6,,9.9,1.7,1.2,86,2107,-11.3,,17.1,1.3,18.3,83.1,2167,9.2,,15.5,1.5,36.5,94.1,2112,-13.7,,16.1,1.3,,,,,,,,,,,,,,,,,,,,,,,,,,,,,,,,,,,,,,,,,,,,,,,,,
"Kela, Keone",605309,2015,22,68,60.1,243,28,7.4,0.207,0.297,0.274,0.255,5.1,3.8,35.7,28.8,49.8,53.5,11.5,26.1,8.9,R,1030,55.6,96.3,2245,-3.4,,19,1.6,,,,,,,,10.3,89.9,1666,-9.1,,16.5,1.7,31.6,84.8,2090,4.5,,7.1,1.9,2.5,95.7,2133,-8.7,,13.9,1.4,,,,,,,,,,,,,,,,,,,,,,,,,,,,,,,,,,,,,,,,,,,,,,,,,
"Chafin, Andrew",605177,2015,25,66,75,306,19,9.8,0.244,0.345,0.256,0.296,5.1,2.8,34.1,19.8,44.6,59.9,10.6,26.3,3.2,L,1155,26.4,92.9,2098,10.8,,19.2,1.6,28,82.4,1942,0.7,,3.6,1.5,1.1,84.2,1661,13.1,,17.6,1.4,,,,,,,,44.5,93.1,2071,15.6,,19.8,1.7,,,,,,,,,,,,,,,,,,,,,,,,,,,,,,,,,,,,,,,,,,,,,,,,,
"Strasburg, Stephen",544931,2015,26,23,127.1,523,29.6,5,0.222,0.35,0.285,0.272,5.3,2.7,33.3,25.6,47.4,44.8,17.1,29.5,8.6,R,2042,52.8,96,2101,-8.7,,18.4,1.4,0.7,89.1,2289,4.8,,6.8,1.8,13.7,89,1818,-15.4,,16.7,1.4,22.2,82.4,2540,13.9,,17.6,1.8,10.6,96.1,2093,-13.5,,19.1,1.6,,,,,,,,,,,,,,,,,,,,,,,,,,,,,,,,,,,,,,,,,,,,,,,,,
"Strop, Pedro",467008,2015,30,76,68,270,30,10.7,0.187,0.267,0.237,0.25,5.1,1.9,26.9,38.5,45.9,52.6,18.6,21.2,7.7,R,1036,21.5,95.7,2314,-8.8,,18.6,1.2,49.2,83.3,2002,3.7,,5.9,1.3,1.1,89.3,1678,-7.8,,12.8,1.6,,,,,,,,28.2,95.8,2222,-14.9,,18.5,1.2,,,,,,,,,,,,,,,,,,,,,,,,,,,,,,,,,,,,,,,,,,,,,,,,,
"Morin, Mike",573046,2015,24,47,35.1,151,27.2,6,0.209,0.325,0.308,0.259,3,5.1,28.3,33.7,49.8,41.4,17.2,26.3,15.2,R,546,39.2,92.9,2127,-6.9,,17.4,1.5,20,80.8,1647,5.8,,6.9,1.8,38.6,72.2,1278,0.2,,13.4,1.9,,,,,,,,2.2,92.1,2118,-13.8,,17.3,1.5,,,,,,,,,,,,,,,,,,,,,,,,,,,,,,,,,,,,,,,,,,,,,,,,,
"Zimmermann, Jordan",519455,2015,29,33,201.2,831,19.7,4.7,0.256,0.406,0.304,0.308,5.5,4.4,32.9,19.1,50,43.7,17.4,30.3,8.5,R,3091,61.4,93.6,2328,-7.2,,16.3,1.1,22.2,88.2,2301,4.4,,7.9,1.5,0.4,88.7,2164,-14.1,,16.9,1.8,15.1,81,2237,6.5,,12,1.8,0.9,94.1,2317,-13.6,,16.4,1.5,,,,,,,,,,,,,,,,,,,,,,,,,,,,,,,,,,,,,,,,,,,,,,,,,
"Lyles, Jordan",543475,2015,24,10,49,212,14.2,9,0.265,0.371,0.332,0.318,5.6,3.8,36.3,19.3,47.2,50.6,12.5,30,6.9,R,762,40.9,93.1,2017,-7.1,,14.8,1.8,15.4,88.4,2001,3,,6.2,1.7,13.3,82.5,1470,-10.2,,12.6,4.6,8.1,81.2,1618,5.4,,10,2.5,22.3,92,1910,-12.8,,15.2,1.9,,,,,,,,,,,,,,,,,,,,,,,,,,,,,,,,,,,,,,,,,,,,,,,,,
"Russell, James",460701,2015,29,49,34,148,13.5,6.1,0.269,0.378,0.354,0.298,3.4,1.7,26.9,17.2,49.2,44.5,19.3,27.7,8.4,L,536,41.4,90.6,2197,8.1,,20.3,1.3,12.9,83.9,2059,-3.4,,8.2,1.3,14,83.1,1804,8.5,,16.6,1.4,10.4,76,2201,-7.5,,10.3,1.3,16.6,90.2,2054,14,,19.9,1.4,4.7,87,2182,1,,11.2,1.4,,,,,,,,,,,,,,,,,,,,,,,,,,,,,,,,,,,,,,,,,,
"Liberatore, Adam",571893,2015,28,39,29.2,122,23.8,7.4,0.223,0.351,0.278,0.267,4.8,1.2,34.5,26.5,44.5,45.2,23.8,27.4,3.6,L,467,77.3,94.4,2241,9.9,,17.9,1.4,14.1,83.7,2026,-2.3,,4.7,1.8,7.7,86.9,1105,8.3,,12.2,1.5,,,,,,,,0.9,95,2285,14.4,,16.6,1.4,,,,,,,,,,,,,,,,,,,,,,,,,,,,,,,,,,,,,,,,,,,,,,,,,
"Blazek, Michael",518468,2015,26,45,55.2,222,21.2,8.1,0.222,0.319,0.248,0.275,1.9,4.5,30.1,26.6,41.4,48.7,19.2,26.3,5.8,R,862,31.9,94,2377,-10.5,,19.2,1.4,25.8,82.6,1528,6.5,,7.7,1.6,0.1,84.7,1977,-13.5,,18.4,,28.3,77.7,2053,13.1,,16.3,1.7,13.9,92.3,2257,-16.5,,18.1,1.4,,,,,,,,,,,,,,,,,,,,,,,,,,,,,,,,,,,,,,,,,,,,,,,,,
"Webster, Allen",543903,2015,25,9,31,142,12,14.1,0.262,0.502,0.408,0.382,5.8,1,34,22.8,45.8,47.6,12.6,30.1,9.7,R,513,29.6,92,2159,-7.8,,14.8,1.7,14.6,85.9,1898,6,,6.8,1.5,20.5,84.3,1849,-11.7,,15.4,1.4,1.4,77.4,2435,13,,13.6,1.4,33.9,92.1,2111,-12.7,,14.4,1.5,,,,,,,,,,,,,,,,,,,,,,,,,,,,,,,,,,,,,,,,,,,,,,,,,
"Dunn, Mike",445197,2015,30,72,54,235,27.7,12.3,0.222,0.355,0.314,0.304,6.5,3.6,28.8,28.9,46,39.6,19.4,33.1,7.9,L,982,61.8,95.3,2306,4.8,,19.6,0.9,36.9,88,2098,-4.9,,6.4,1.8,,,,,,,,0.3,77.4,1848,-7.1,,17.5,1.6,1,95,2155,13.9,,19.8,1.4,,,,,,,,,,,,,,,,,,,,,,,,,,,,,,,,,,,,,,,,,,,,,,,,,
"Hardy, Blaine",543278,2015,28,70,61.1,265,20.8,8.3,0.228,0.354,0.304,0.293,3.7,3.2,27.3,24.1,47.1,42.2,25.1,24.6,8,L,960,42.2,88.8,2178,5.6,,21.2,1.6,0.3,83,2379,-4.3,,7.2,1.5,16.1,79.4,2053,18.2,,20.7,1.5,24,77.2,1875,-2.4,,17.5,1.4,,,,,,,,17.4,84.4,2248,-5.2,,10.9,1.4,,,,,,,,,,,,,,,,,,,,,,,,,,,,,,,,,,,,,,,,,,
"Cole, Gerrit",543037,2015,24,32,208,832,24.3,5.3,0.241,0.37,0.274,0.294,5.4,3.3,34.7,22.8,48.3,49,19.3,27.6,4.2,R,3232,50.7,96.3,2155,-11,,17.5,1.7,21.3,87.7,1925,6.9,,7.9,1.9,3.7,88.8,1708,-12.5,,15.1,1.5,8,82.2,2465,16.2,,17.7,1.5,16.4,96.2,2150,-14.1,,17,1.4,,,,,,,,,,,,,,,,,,,,,,,,,,,,,,,,,,,,,,,,,,,,,,,,,
"Benoit, Joaquín",276542,2015,37,67,65.1,254,24.8,9.1,0.194,0.328,0.243,0.271,2.4,6.6,24.7,33.6,52.1,47.6,20.5,22.9,9,R,1032,38,94.8,2280,-9.4,,18.6,1.4,19.7,88,2332,2.8,,6.5,1.8,34.4,84.7,1434,-12.4,,13.1,1.4,,,,,,,,7.9,94.9,2252,-13.3,,18.1,1.7,,,,,,,,,,,,,,,,,,,,,,,,,,,,,,,,,,,,,,,,,,,,,,,,,
"Choate, Randy",329092,2015,39,71,27.1,117,18.8,4.3,0.229,0.34,0.32,0.294,1.2,3.6,27.4,27,45.6,63.1,9.5,22.6,4.8,L,406,0.7,84.8,1920,12.4,,12.6,1.4,38.4,74.5,1962,-12.1,,14.2,1.2,,,,,,,,,,,,,,,60.8,84.2,1794,12.2,,14.1,1.1,,,,,,,,,,,,,,,,,,,,,,,,,,,,,,,,,,,,,,,,,,,,,,,,,
"Fien, Casey",502272,2015,31,62,63.1,257,16,3.1,0.261,0.423,0.279,0.312,4.8,3.4,35.1,19.4,52.8,38.5,27.4,23.6,10.6,R,985,52.2,93.3,2437,-1.7,,16.5,1.4,37.5,88.4,2391,1.2,,10.2,1.5,0.1,89,,-1.3,,10.3,,7.1,78.4,2351,13.7,,14.8,1.5,3.1,92.6,2516,-8.2,,16.6,1.7,,,,,,,,,,,,,,,,,,,,,,,,,,,,,,,,,,,,,,,,,,,,,,,,,
"Cecil, Brett",446399,2015,28,63,54.1,214,32.7,6.1,0.189,0.285,0.243,0.235,4.7,2.3,31,31.8,48.5,53.5,15.5,24.8,6.2,L,797,35.1,92.4,2146,5.4,,15.2,1.8,,,,,,,,6.8,85.7,1480,12.3,,17.6,1.7,39.6,84.6,2184,-0.3,,6.9,1.6,13.4,92.5,2084,14.2,,17.6,1.7,5,91,2186,-1.1,,11.3,1.8,,,,,,,,,,,,,,,,,,,,,,,,,,,,,,,,,,,,,,,,,,
"Freeman, Sam",518693,2015,28,54,38.1,171,23.4,14.6,0.215,0.302,0.311,0.302,1,1.9,26.2,27,40.7,50.5,16.5,25.2,7.8,L,693,31.2,94.6,2160,7.2,,18.3,1.6,9.8,83.4,1669,-3.6,,4.3,1.7,,,,,,,,1.7,80,2247,-7.1,,9.3,1.6,24.8,94.1,2033,15.3,,20,1.6,,,,,,,,32.5,84.9,1295,12.6,,13.5,1.5,,,,,,,,,,,,,,,,,,,,,,,,,,,,,,,,,,,
"Díaz, Jairo",545064,2015,24,21,19,78,23.1,7.7,0.215,0.315,0.274,0.266,3.7,1.9,44.4,23.7,48.7,55.6,11.1,29.6,3.7,R,277,37.2,98.2,2154,-6.8,,15.1,1.4,39.7,90.3,2149,3.5,,5.4,1.7,,,,,,,,,,,,,,,23.1,97.4,2114,-12.6,,15.5,1.7,,,,,,,,,,,,,,,,,,,,,,,,,,,,,,,,,,,,,,,,,,,,,,,,,
"Young, Chris",432934,2015,36,34,123.1,500,16.6,8.6,0.216,0.369,0.28,0.289,6.7,4.8,30.2,23,45.7,28.3,34.8,23,13.9,R,1984,58,87.1,2378,-4.1,,22.4,1.2,38.7,80.8,2201,5,,10.7,1.7,3.3,80.6,2073,-4.3,,16.1,1.6,,,,,,,,,,,,,,,,,,,,,,,,,,,,,,,,,,,,,,,,,,,,,,,,,,,,,,,,,,,,,,,
"Richard, Clayton",453385,2015,31,23,42.1,181,12.2,3.9,0.261,0.376,0.307,0.295,4,1.3,30.5,13.5,50.6,60.3,9.3,29.1,1.3,L,611,12.8,92.5,2239,13.7,,17.8,1.9,6.1,85.3,2404,3,,6.9,1.4,7.2,84.7,1629,13.8,,14.3,1.6,6.1,81.4,1823,0.2,,3.4,1.8,67.9,91.5,2134,17,,17.6,1.8,,,,,,,,,,,,,,,,,,,,,,,,,,,,,,,,,,,,,,,,,,,,,,,,,
"Beimel, Joe",346847,2015,38,53,47.1,196,11.2,8.2,0.281,0.489,0.34,0.355,8.3,2.5,40.1,15.9,47.6,44.6,22.3,25.5,7.6,L,690,35.2,89.1,2141,6.5,,13,1.4,12.9,79.7,1824,-3.5,,5.6,1.5,9.9,81.3,1875,15.2,,18,1.2,4.1,72.1,1982,-11.4,,13.6,1.5,38,85.9,2060,13.7,,15.8,1.3,,,,,,,,,,,,,,,,,,,,,,,,,,,,,,,,,,,,,,,,,,,,,,,,,
"Ellington, Brian",623395,2015,24,23,25,105,17.1,12.4,0.231,0.362,0.27,0.309,4.2,2.8,20.8,18.6,48.3,38.9,25,26.4,9.7,R,437,76.9,97.6,2418,-13.7,,19.7,1.4,,,,,,,,2.3,86.6,2238,-18.3,,19.5,1.5,20.4,81.6,2185,9.3,,11.2,1.9,0.5,97.9,2401,-18,,18.7,1.5,,,,,,,,,,,,,,,,,,,,,,,,,,,,,,,,,,,,,,,,,,,,,,,,,
"Maness, Seth",595307,2015,26,76,63.1,270,17,4.8,0.277,0.437,0.337,0.324,5.2,4.8,32.4,19.1,49.8,58.1,15.7,21.9,4.3,R,952,21.5,90.4,1967,-12,,16.3,1.1,15.7,81.7,1860,3.9,,6.2,1.1,18,83.9,1696,-16.4,,16.8,1.1,0.5,79.5,1813,4.4,,9.5,1.4,44.3,89.8,1940,-15.2,,15.7,1,,,,,,,,,,,,,,,,,,,,,,,,,,,,,,,,,,,,,,,,,,,,,,,,,
"Nolasco, Ricky",445060,2015,32,9,37.1,173,20.2,8.1,0.279,0.438,0.366,0.341,5.7,3.3,36.6,21.9,45.4,42.3,23.6,27.6,6.5,R,657,33.8,90.9,2034,-5.9,,16.3,1.7,25.9,82,1774,5.9,,7.3,1.8,,,,,,,,16.9,74,2541,17.3,,22.4,2.1,18.6,90.8,1966,-13.8,,16.1,1.7,,,,,,,,4.9,80.2,1395,-7.3,,8.2,1.4,,,,,,,,,,,,,,,,,,,,,,,,,,,,,,,,,,,
"Gausman, Kevin",592332,2015,24,25,112.1,470,21.9,6.2,0.241,0.417,0.318,0.309,6.5,3.6,34.2,25,49,46.4,19.9,23.2,10.4,R,1873,67.5,95.9,2348,-7.3,,20.9,2,11,80.6,1975,5.7,,7.6,2.4,2.9,85.8,1927,-9.9,,19.9,2.1,,,,,,,,1.9,94.3,2142,-13.9,,17.7,1.9,,,,,,,,16.7,85.5,1498,-11.8,,14.3,1.9,,,,,,,,,,,,,,,,,,,,,,,,,,,,,,,,,,,
"Thatcher, Joe",491159,2015,33,43,22.2,100,26,12,0.236,0.311,0.322,0.291,3.2,8.1,19.4,27.1,45.7,46.8,21,30.6,1.6,L,411,68.6,84.7,2128,3.7,,6.8,1.1,15.8,77,2517,-14.3,,15.1,1.3,,,,,,,,,,,,,,,,,,,,,,15.6,86.2,2128,0.3,,6.2,1.1,,,,,,,,,,,,,,,,,,,,,,,,,,,,,,,,,,,,,,,,,,
"González, Chi Chi",592346,2015,23,14,67,280,10.7,11.4,0.252,0.372,0.283,0.325,3.7,4.2,29.3,16.5,44.6,49.8,20.5,23.7,6,R,1044,50.7,92.2,2360,-1.5,,12.8,1.5,20.9,87.1,2235,4.9,,7.6,1.3,9.3,86.7,1619,-10.9,,11.6,1.7,4.4,80.1,1812,7.9,,8.8,1.6,14.6,91.3,2288,-10.7,,13.7,1.4,0.2,90.7,2456,4.8,,7.2,1.4,,,,,,,,,,,,,,,,,,,,,,,,,,,,,,,,,,,,,,,,,,
"Carroll, Scott",453222,2015,30,18,36.2,162,16.7,8,0.242,0.333,0.333,0.295,2.5,4.2,26.9,20.7,46.6,59.7,9.2,26.1,5,R,593,5.6,90.9,1938,-12.1,,17.2,1.3,7.8,82.3,1686,4.9,,6.5,1.2,19.4,82.9,1252,-7.2,,8.6,1.4,7.9,78.7,2115,11,,12.2,1.5,55.1,90.4,1922,-15.5,,16.2,1.2,4.2,84.5,1720,3.3,,6.4,1.3,,,,,,,,,,,,,,,,,,,,,,,,,,,,,,,,,,,,,,,,,,
"Duensing, Brian",488846,2015,32,55,48.2,209,11.5,10,0.268,0.42,0.321,0.341,3.1,3.8,29.4,17.9,47.2,53.1,17.5,21.9,7.5,L,764,20.4,92.3,2042,9,,18.4,1.3,22.9,81.4,2007,-5.3,,6.3,1.7,16.5,85.4,1837,17.2,,20.2,1.5,7.7,72.9,2433,-6.5,,13.6,1.4,32.5,91.9,1976,15.8,,20.4,1.3,,,,,,,,,,,,,,,,,,,,,,,,,,,,,,,,,,,,,,,,,,,,,,,,,
"Wilson, C.J.",450351,2015,34,21,132,553,19.9,8.3,0.261,0.409,0.301,0.329,5.4,3.1,41.9,21.6,42.8,44.7,20.2,27.9,7.2,L,2109,22.6,90.9,2138,8.7,,18,1.1,12.7,83.4,1964,-4,,5.5,1.6,14.8,85.5,1748,12.9,,18,1.3,9.8,77.7,2318,-10.3,,13.6,1.5,31,90.8,2119,16.4,,19.8,1.3,9,87.8,2199,0.1,,7.6,1.2,,,,,,,,,,,,,,,,,,,,,,,,,,,,,,,,,,,,,,,,,,
"Wright, Steven",453214,2015,30,16,72.2,310,16.8,8.7,0.22,0.393,0.315,0.305,5.2,2.2,29.1,22.4,43.6,45.2,26.1,20.4,8.3,R,1178,10.4,83.9,1891,-9,,17.8,2.2,,,,,,,,,,,,,,,15.5,67.6,1465,2.4,,11.1,3.1,,,,,,,,,,,,,,,,,,,,,,74,75.1,1582,1.4,,9.7,2.1,,,,,,,,,,,,,,,,,,,,,,,,,,,,
"Bolsinger, Mike",502211,2015,27,21,109.1,466,21,9.7,0.243,0.369,0.309,0.306,1.2,3.7,34.2,21.8,41.3,55.9,15.2,24.2,4.7,R,1768,7,87.7,2177,-1.3,,11.5,1.5,17.7,80.3,2316,11.2,,12.5,1.4,0.6,83,1694,-6.1,,13,1.6,36.3,79.6,2382,6.8,,17,1.8,,,,,,,,38.5,87.5,2195,4.1,,11.9,1.5,,,,,,,,,,,,,,,,,,,,,,,,,,,,,,,,,,,,,,,,,,
"Samardzija, Jeff",502188,2015,30,32,214,910,17.9,5.4,0.263,0.413,0.33,0.323,4.2,3.1,31.8,21.4,50.9,40.8,22.6,28.6,8,R,3336,41,94.5,2483,-10.7,,17.4,1.6,22.4,86.2,2159,2.4,,5.8,2.1,,,,,,,,4.1,83.2,2071,4.6,,8,1.8,13.1,94.5,2374,-16.6,,18.3,2.3,9.5,92.1,2484,-2.3,,13.7,1.3,9.9,85.7,1326,-11.5,,14.6,1.9,,,,,,,,,,,,,,,,,,,,,,,,,,,,,,,,,,,
"Warren, Adam",476589,2015,27,43,131.1,534,19.5,7.3,0.241,0.356,0.287,0.296,4.2,2.3,30.2,20.7,44.8,45.8,22.4,25.3,6.5,R,2154,32.7,93.4,2161,-4.5,,18.2,1.5,29.1,87.7,2182,7.8,,10.9,1.9,15,84.9,1773,-14,,16,1.8,11,79.9,2065,9.3,,15,1.9,10.3,92.7,2088,-13.2,,18.1,1.6,1.9,91.8,2107,0.9,,17.5,1.7,,,,,,,,,,,,,,,,,,,,,,,,,,,,,,,,,,,,,,,,,,
"Blanton, Joe",430599,2015,34,36,76,309,25.6,5.2,0.252,0.402,0.282,0.298,4.7,3.8,39.9,27.4,49.4,49.8,17.8,23.9,8.5,R,1134,27.2,91.2,2172,-4.4,,16.4,1.3,31.4,84.8,1836,5.5,,6.5,1.3,15.5,86,1884,-12.1,,14,1.3,4.5,78.7,2422,8.5,,14.9,1.7,21.4,91.5,2052,-12,,16.7,1.1,,,,,,,,,,,,,,,,,,,,,,,,,,,,,,,,,,,,,,,,,,,,,,,,,
"García, Luis",472610,2015,28,72,66.2,304,20.7,12.2,0.247,0.341,0.322,0.302,2.5,2.5,32.4,29.2,44.5,65.2,9.3,22.5,2.9,R,1127,28.3,96.1,2112,-4.2,,12.1,1.4,40.9,85.4,1988,8.9,,9.5,1.9,,,,,,,,,,,,,,,30.8,96.2,2102,-9,,12.4,1.5,,,,,,,,,,,,,,,,,,,,,,,,,,,,,,,,,,,,,,,,,,,,,,,,,
"Norris, Daniel",596057,2015,22,13,60,251,17.9,7.6,0.237,0.409,0.314,0.312,8.6,1.6,31.9,23,42.4,41.6,23.8,22.7,11.9,L,1035,58.7,92.5,2405,9.1,,20.5,2,15.5,83.7,1902,-3.8,,5.9,2.5,15.7,86,1548,11,,13.5,2,10,75.5,2551,-4.6,,17,1.9,,,,,,,,,,,,,,,,,,,,,,,,,,,,,,,,,,,,,,,,,,,,,,,,,,,,,,,,
"Atchison, Scott",425786,2015,39,23,19.2,87,13.8,4.6,0.329,0.572,0.376,0.397,5.7,0,38.6,15.4,47.9,42.9,25.7,28.6,2.9,R,338,33.7,90.7,2234,-8.2,,17.6,1.1,56.2,85.8,2214,7.5,,9.2,1.3,,,,,,,,10.1,78.5,2798,10.2,,18,1.6,,,,,,,,,,,,,,,,,,,,,,,,,,,,,,,,,,,,,,,,,,,,,,,,,,,,,,,,
"Logan, Boone",457429,2015,30,60,35.1,168,26.2,10.1,0.242,0.361,0.335,0.319,4.9,1,30.4,35.6,46,45.1,19.6,29.4,5.9,L,652,35.6,93.3,2283,9.4,,16.4,1.6,52.5,82.8,2222,-0.7,,3.1,1.5,,,,,,,,,,,,,,,12,92.7,2193,15.5,,17.8,1.4,,,,,,,,,,,,,,,,,,,,,,,,,,,,,,,,,,,,,,,,,,,,,,,,,
"Bumgarner, Madison",518516,2015,25,32,218.1,869,26.9,4.5,0.227,0.357,0.266,0.277,4.6,3.7,30.1,26.8,50.5,42.8,19.2,29.7,8.3,L,3299,48.8,92.7,2311,6.7,,17,1.2,1.3,86.5,,-3.4,,6.4,1.3,2,85.5,1615,13.9,,16.7,1.5,17,76.9,2311,-11.2,,15.1,2,0.7,92.5,2320,11.8,,18.5,1.4,30.2,86.8,2177,-3.1,,6.3,1.3,,,,,,,,,,,,,,,,,,,,,,,,,,,,,,,,,,,,,,,,,,
"Hoover, J.J.",543331,2015,27,67,64.1,264,19.7,11.7,0.217,0.36,0.292,0.305,5,8.4,26.8,25,45.4,43.6,21.8,25.1,9.5,R,1114,69.2,94,2376,-3.7,,16.7,1.3,11.6,84.7,2067,7.9,,8.8,1.5,3.6,88.2,1778,-8.7,,14.7,1.3,15.6,75.5,2436,15.1,,18.9,1.5,,,,,,,,,,,,,,,,,,,,,,,,,,,,,,,,,,,,,,,,,,,,,,,,,,,,,,,,
"Rodney, Fernando",407845,2015,38,68,62.2,277,20.9,10.5,0.223,0.347,0.338,0.304,3.8,6,28.6,25.4,40.8,52.2,18.7,23.6,5.5,R,1089,10.6,95.6,2170,-5.4,,18.5,1.7,,,,,,,,38.6,83.2,1919,-16,,17.5,1.7,,,,,,,,50.9,95.3,2083,-12.1,,16.8,1.9,,,,,,,,,,,,,,,,,,,,,,,,,,,,,,,,,,,,,,,,,,,,,,,,,
"Noesí, Hector",456051,2015,28,10,32.2,154,14.3,11,0.258,0.424,0.393,0.339,4.4,1.8,29.8,24,49.9,39.5,16.7,28.9,14.9,R,604,48.3,93.8,2169,-11.2,,18.9,1.6,22,89.7,2111,0.2,,8.2,1.2,20.5,87.5,1907,-15.6,,17.7,1.3,3.1,81.6,2334,10.7,,14.1,1.4,6,93.8,2211,-14.5,,16.7,1.5,,,,,,,,,,,,,,,,,,,,,,,,,,,,,,,,,,,,,,,,,,,,,,,,,
"Shaw, Bryan",543766,2015,27,74,64,265,20.4,7.2,0.246,0.415,0.302,0.315,3.1,3.1,29.8,23.1,48.2,47.1,20.9,27.7,4.2,R,1039,,,,,,,,22.6,82.7,2563,15.7,,16.9,4.5,0.5,84.2,1334,-6.8,,8.5,1.6,1.5,80.8,2451,17.9,,19.4,1.4,,,,,,,,75.4,92.6,2321,6,,10.7,1.3,,,,,,,,,,,,,,,,,,,,,,,,,,,,,,,,,,,,,,,,,,
"De La Rosa, Jorge",407822,2015,34,26,149,634,21.1,10.3,0.237,0.374,0.32,0.31,5.6,5.1,31.3,26.3,48.1,53.9,15.5,25.9,4.6,L,2443,29.9,92.1,1877,12.2,,17.7,1.8,1,86.2,1719,1.2,,6.2,2.4,1.5,82.9,1325,7.9,,9.2,1.3,6.3,73.5,2517,-9.2,,15.6,2.8,1.3,92,1848,9.1,,12.9,1.6,25.3,87.7,1886,2.5,,8,1.8,34.8,82.7,1373,11.3,,12,1.5,,,,,,,,,,,,,,,,,,,,,,,,,,,,,,,,,,,
"Salazar, Danny",517593,2015,25,30,185,757,25.8,7,0.233,0.389,0.293,0.302,5.6,2.6,37.5,25.6,50.1,45.2,25.9,23.3,5.6,R,3044,51.9,95.6,2346,-8.3,,19.2,1.6,9.3,85.5,1821,3.6,,8.2,2,18.7,86.1,1274,-6.6,,10,2.1,3.7,80,2442,6.8,,14.6,1.9,16.4,95,2301,-13.9,,18.4,1.7,,,,,,,,,,,,,,,,,,,,,,,,,,,,,,,,,,,,,,,,,,,,,,,,,
"Strickland, Hunter",519326,2015,26,55,51.1,191,26.2,5.2,0.208,0.35,0.238,0.268,3.1,3.9,31.8,29.3,54.3,39.5,21.7,30.2,8.5,R,732,62,97.7,2406,-3.2,,12.7,1.1,0.4,89.4,2301,8,,13.4,2,4.6,88.3,1479,-13.1,,15.2,1.3,23.8,85.6,2107,8.8,,9.6,1.4,9.2,96.3,2299,-11.2,,14.5,1.6,,,,,,,,,,,,,,,,,,,,,,,,,,,,,,,,,,,,,,,,,,,,,,,,,
"Vargas, Jason",450306,2015,32,9,43,183,14.8,6.6,0.261,0.437,0.323,0.329,7,4.2,35,19.7,42.8,41.3,27.3,23.8,7.7,L,687,42.1,88.2,2299,9.6,,22,1.6,,,,,,,,29.4,81.8,2355,16.9,,22.5,1.5,14.4,75.2,2187,-4.4,,9.1,2.3,13.7,88.4,2255,16.4,,22.8,1.4,0.4,86.5,2275,1.2,,18.5,1.4,,,,,,,,,,,,,,,,,,,,,,,,,,,,,,,,,,,,,,,,,,
"Narveson, Chris",429780,2015,33,15,30.1,121,26.4,7.4,0.232,0.477,0.307,0.332,10,6.3,35,24.8,45.6,41.3,25,26.3,7.5,L,451,25.7,89.6,2285,9.4,,23,1.1,,,,,,,,23.5,83.8,2021,11.5,,19.7,1.2,12,75.1,2782,-6.6,,16.9,1.4,17.7,89.9,2225,13.2,,23,1,21.1,84.9,2104,-0.4,,8.8,1.4,,,,,,,,,,,,,,,,,,,,,,,,,,,,,,,,,,,,,,,,,,
"McHugh, Collin",543521,2015,28,32,203.2,859,19.9,6.2,0.233,0.352,0.308,0.287,4.8,4.8,29.2,23.5,47.9,47.1,22.2,23.2,7.5,R,3230,30.5,91,2141,-5.8,,17.8,1.4,,,,,,,,4.2,82.8,1620,-10.6,,14.2,1.4,23.5,73.3,2545,16.8,,21.8,1.7,2,91.1,2149,-10.1,,15.4,1.5,39.8,87.4,2359,6.8,,11.2,1.6,,,,,,,,,,,,,,,,,,,,,,,,,,,,,,,,,,,,,,,,,,
"Hughes, Jared",453172,2015,29,76,67,284,12.7,6.7,0.274,0.405,0.316,0.33,4.5,3.6,35.6,20.6,52.4,64.9,10.4,21.2,3.6,R,959,3.3,93.8,2173,-12.1,,16.7,1.3,14.5,87.3,1832,1.6,,4.8,1.3,4,88.1,2026,-4.9,,5.5,1.2,,,,,,,,78.2,93.7,2053,-15.8,,16.1,1.1,,,,,,,,,,,,,,,,,,,,,,,,,,,,,,,,,,,,,,,,,,,,,,,,,
"Tonkin, Michael",543859,2015,25,26,23.1,99,19.2,9.1,0.246,0.379,0.3,0.305,5.7,5.7,41.4,17.2,46.7,57.1,15.7,20,7.1,R,359,72.4,94.9,2282,-14.1,,17.4,1.3,25.1,83.4,2135,7.3,,9.3,1.4,1.4,88.6,1841,-14.1,,15.1,1.4,,,,,,,,1.1,95.4,2362,-19.2,,20.5,1.5,,,,,,,,,,,,,,,,,,,,,,,,,,,,,,,,,,,,,,,,,,,,,,,,,
"Bergman, Christian",548357,2015,27,30,68.1,286,12.9,5.2,0.286,0.44,0.354,0.337,6.8,3.4,35.5,14.6,49.4,40.6,22.6,28.6,8.1,R,1115,46.4,90.2,2113,-10.7,,16.6,1.6,21,86.7,2147,1.8,,9.5,1.7,23,82.7,1825,-11.6,,14.1,1.3,8,78.5,2062,4.3,,8.8,1.4,1.6,90,2076,-14.8,,16.3,1.6,,,,,,,,,,,,,,,,,,,,,,,,,,,,,,,,,,,,,,,,,,,,,,,,,
"Miller, Justin",502522,2015,28,34,33.1,129,29.5,8.5,0.19,0.33,0.246,0.264,7.5,2.5,37.5,28.1,52,37.5,20,31.3,11.3,R,527,59,94.9,2354,-5.7,,15,1.1,38.7,87.2,2245,4.6,,6.8,1.5,1.9,88.8,1963,-11.4,,13.4,1.4,,,,,,,,0.4,95.4,2271,-6.4,,7.6,1.5,,,,,,,,,,,,,,,,,,,,,,,,,,,,,,,,,,,,,,,,,,,,,,,,,
"Gregerson, Luke",502381,2015,31,64,61,239,24.7,4.2,0.196,0.298,0.249,0.238,4.8,3.6,26.8,30.6,51.7,61.9,14.9,18.5,4.8,R,862,11.1,89.8,2328,-3.2,,7.7,1.1,41.1,82.8,2259,9.7,,10.4,1.3,1.5,79.3,1735,-6.1,,9.4,1.5,0.1,77.6,2054,3.2,,7.4,,44.2,90,2352,-7.7,,8.5,1,2,89.5,2372,1.4,,5.2,1.3,,,,,,,,,,,,,,,,,,,,,,,,,,,,,,,,,,,,,,,,,,
"Guthrie, Jeremy",425386,2015,36,30,148.1,664,12.7,6.6,0.302,0.497,0.376,0.371,6.5,4.2,34.9,15.4,46.1,37.2,25.2,30.7,6.8,R,2464,28.9,92.6,2191,-7.8,,19.4,1.7,5.4,86.3,2134,2.7,,9.9,1.3,16.4,85.6,1590,-11.3,,16.1,1.5,16.6,77.9,2052,6.6,,8.7,2.1,17.6,92.1,2079,-13.7,,19.2,2,15.1,89.7,2203,-0.8,,13.3,2,,,,,,,,,,,,,,,,,,,,,,,,,,,,,,,,,,,,,,,,,,
"Rusin, Chris",543734,2015,28,24,131.2,594,14.5,6.9,0.281,0.437,0.371,0.336,6.3,2.4,34.5,18.8,47.9,53.4,14.2,28.4,3.9,L,2129,16.5,90.5,2132,8.5,,15.1,1.4,,,,,,,,17.5,82.1,1584,12.5,,14.2,1.6,11.6,81.2,2281,-1.1,,4.5,2.5,28.2,89.8,2128,15.4,,17.5,1.5,26.3,87.1,2267,1.3,,7,1.4,,,,,,,,,,,,,,,,,,,,,,,,,,,,,,,,,,,,,,,,,,
"Chacín, Jhoulys",468504,2015,27,5,26.2,111,18.9,9,0.303,0.568,0.318,0.402,2.5,0,45,23,41.8,51.2,18.8,26.3,3.8,R,426,20.2,89.3,2186,-3,,13.9,1.2,23.9,80.9,1872,14.9,,15.6,1.5,8.7,83.5,1523,-8.1,,12,1.4,4.2,76.6,2255,14.8,,16.4,1.4,27.2,89.1,2073,-11.7,,14.8,1.4,15.7,86.5,2228,1.8,,8.1,1.2,,,,,,,,,,,,,,,,,,,,,,,,,,,,,,,,,,,,,,,,,,
"Reed, Addison",592665,2015,26,55,56,241,21.2,7.9,0.216,0.324,0.303,0.262,4.7,3.5,28.1,20.8,47.8,43.3,22.8,24.6,9.4,R,929,65,93.2,2138,-4.2,,16.5,1.2,31.6,86.9,1893,4.3,,6.9,1.9,1,86.3,1816,-4.6,,8.4,1.6,,,,,,,,1.2,93.7,2140,-8.6,,14.4,1.3,1.2,92,2102,2.2,,16.5,1.4,,,,,,,,,,,,,,,,,,,,,,,,,,,,,,,,,,,,,,,,,,
"Bettis, Chad",518452,2015,26,20,115,502,19.5,8.4,0.251,0.401,0.333,0.319,4.5,3.9,31.8,22.9,46.2,52.6,16.2,27,4.2,R,1874,49,92.5,1995,-1.5,,11.6,2.2,5.4,86.8,2014,5.3,,6.8,1.6,16.1,85.8,1553,-9.4,,10,1.9,15,74.6,2161,12.2,,13.8,2.1,14.5,92.3,1887,-9.5,,12.7,2.3,,,,,,,,,,,,,,,,,,,,,,,,,,,,,,,,,,,,,,,,,,,,,,,,,
"Hendricks, Kyle",543294,2015,25,32,180,739,22.6,5.8,0.245,0.36,0.296,0.294,3.8,2.5,29.2,20.3,43.8,53.5,14.2,27.1,5.2,R,2789,2.9,90.9,2320,-2.3,,14.9,1.2,,,,,,,,20,80.7,2119,-5.6,,12.3,1.2,7.3,78.3,2472,11.9,,13.3,1.6,60.6,88.8,2063,-10.8,,14.1,1.2,9.2,88.3,2240,-1.7,,13.9,1.1,,,,,,,,,,,,,,,,,,,,,,,,,,,,,,,,,,,,,,,,,,
"O'Flaherty, Eric",447714,2015,30,41,30,159,13.2,11.3,0.262,0.367,0.394,0.326,3.4,3.4,33.1,21.3,48.1,61,9.3,25.4,4.2,L,549,10.9,90.8,2032,7.7,,15.7,1.5,27.3,84.1,2136,-1.8,,4.6,1.6,1.5,86.4,1695,12.3,,16.1,1.5,,,,,,,,60.3,90.6,2006,16.9,,19.4,1.2,,,,,,,,,,,,,,,,,,,,,,,,,,,,,,,,,,,,,,,,,,,,,,,,,
"Socolovich, Miguel",462515,2015,28,28,29.2,125,21.6,8,0.216,0.299,0.253,0.259,2.3,1.1,20.5,25.9,45.5,50,18.2,21.6,10.2,R,487,40.2,90.9,1935,-12.2,,19.4,1.6,30,82.3,1924,2.8,,5.1,1.4,29.8,81.9,1558,-11.8,,16.7,1.7,,,,,,,,,,,,,,,,,,,,,,,,,,,,,,,,,,,,,,,,,,,,,,,,,,,,,,,,,,,,,,,
"Corbin, Patrick",571578,2015,25,16,85,357,21.8,4.8,0.263,0.434,0.321,0.321,6.2,1.9,41.5,22.8,51,48.1,16.2,31.9,3.8,L,1254,24.1,92.7,2250,8.5,,16.9,1.4,28.9,81.8,1791,-1.9,,3.7,1.9,6,84.3,1741,14,,16.3,2.4,,,,,,,,41,93.1,2214,14.9,,18.4,1.4,,,,,,,,,,,,,,,,,,,,,,,,,,,,,,,,,,,,,,,,,,,,,,,,,
"LeCure, Sam",459967,2015,31,19,20,83,18.1,8.4,0.241,0.338,0.291,0.291,4.9,0,37.7,15.9,37.3,59,13.1,23,4.9,R,303,13.2,87.8,1958,-7.3,,16.7,1.7,3.6,80.4,1983,5.9,,7.6,1.5,20.8,81.5,1579,-10.8,,15,1.3,19.5,74.6,1728,5.1,,9,2,42.9,87.9,1957,-13.8,,17.6,1.4,,,,,,,,,,,,,,,,,,,,,,,,,,,,,,,,,,,,,,,,,,,,,,,,,
"Rodón, Carlos",607074,2015,22,26,139.1,607,22.9,11.7,0.243,0.377,0.323,0.327,4.9,4.1,38,25,44.3,48.8,18.8,27.8,4.6,L,2441,29,94.2,2255,10,,19.3,2,30.4,87.8,2125,-5,,7.6,2.5,8.8,85.1,1460,15.1,,16.3,1.6,,,,,,,,31.7,93.7,2113,16.1,,19.5,2,,,,,,,,,,,,,,,,,,,,,,,,,,,,,,,,,,,,,,,,,,,,,,,,,
"Miller, Shelby",571946,2015,24,33,205.1,860,19.9,8.5,0.226,0.338,0.29,0.285,3.3,3.3,27.7,21.1,49.4,49,20.7,22.1,8.2,R,3217,33.2,94.9,2301,-7.8,,17.7,1.6,,,,,,,,2.2,87,1778,-13.5,,16,1.4,9.8,78.6,2178,12.6,,16.2,1.5,33.5,94.5,2241,-13.3,,17.3,1.5,21.2,87.7,2033,1.5,,7.6,1.5,,,,,,,,,,,,,,,,,,,,,,,,,,,,,,,,,,,,,,,,,,
"Karns, Nate",501992,2015,27,27,147,621,23.3,9,0.243,0.401,0.307,0.317,4.1,4.6,37.3,22.5,44.7,43.4,23.6,25.3,7.7,R,2407,58,92.2,2366,-3.2,,20.8,1.7,,,,,,,,12.7,85.7,1524,-10.3,,14.3,1.6,29.2,81.2,2310,12.5,,16.6,2.4,,,,,,,,,,,,,,,,,,,,,,,,,,,,,,,,,,,,,,,,,,,,,,,,,,,,,,,,
"Hembree, Heath",592390,2015,26,22,25.1,106,14.2,8.5,0.26,0.437,0.336,0.326,4.9,2.4,30.5,21,51,30.5,30.5,29.3,9.8,R,387,68.7,95,2325,-5.1,,19.4,1.7,20.4,89.1,2443,6.4,,11.2,2.1,9,89.6,2205,-9.7,,16,1.4,1.8,81.4,2266,9.1,,11.3,1.5,,,,,,,,,,,,,,,,,,,,,,,,,,,,,,,,,,,,,,,,,,,,,,,,,,,,,,,,
"McFarland, T.J.",519008,2015,26,30,40.1,188,13.8,9.6,0.257,0.368,0.347,0.305,4.2,2.8,38.9,15.7,47.2,65.3,11.8,20.8,2.1,L,667,2.5,92.3,2175,14.6,,20.1,1.4,19.5,82.3,1970,-3.9,,5.2,1.6,9.9,85,1782,18.2,,18.8,1.1,,,,,,,,68.1,92.1,2141,19.4,,20.5,1.5,,,,,,,,,,,,,,,,,,,,,,,,,,,,,,,,,,,,,,,,,,,,,,,,,
"Lackey, John",407793,2015,36,33,218,896,19.5,5.9,0.244,0.381,0.295,0.295,3.2,3.9,32.5,20.1,50.7,48,18.8,25.6,7.5,R,3102,35.9,92.2,2194,-5.9,,15.3,1.5,,,,,,,,2.7,84.3,1956,-16.1,,17.9,2.3,9.6,78.6,2082,7.6,,11.1,2.5,31.2,92.2,2185,-13.9,,16.9,1.5,20.6,83.9,1694,5.2,,6.6,1.3,,,,,,,,,,,,,,,,,,,,,,,,,,,,,,,,,,,,,,,,,,
"De La Rosa, Rubby",523989,2015,26,32,188.2,809,18.5,7.8,0.248,0.397,0.336,0.312,3,2.2,32.8,24.5,48.9,50.8,18.8,25.3,5.1,R,3003,44.6,95.1,2302,-10.8,,17.4,2.3,17.2,85.9,1912,3.7,,5.4,2.5,21.1,87,2060,-11.3,,14.8,2.2,1.1,79.5,1769,4.8,,6.5,1.5,16,94.2,2154,-15,,16.8,2.1,,,,,,,,,,,,,,,,,,,,,,,,,,,,,,,,,,,,,,,,,,,,,,,,,
"Morrow, Brandon",453344,2015,30,5,33,126,18.3,5.6,0.264,0.388,0.295,0.303,6.3,3.1,39.6,21.6,48.8,47.9,13.5,31.3,7.3,R,479,52,94,2240,-5.2,,17.7,1.7,23.2,87.3,2123,5.9,,9.2,1.9,,,,,,,,9.4,80.4,2181,6.9,,10.9,1.6,0.8,95.4,2261,-9.4,,14.2,1.4,,,,,,,,14.6,85.1,1425,-9.4,,13.5,1.9,,,,,,,,,,,,,,,,,,,,,,,,,,,,,,,,,,,
"Bedrosian, Cam",592135,2015,23,34,33.1,156,21.8,12.2,0.247,0.389,0.361,0.332,5.9,3,35.6,19.9,40.5,44.6,20.8,32.7,2,R,624,64.9,95.1,2282,-3.5,,20.7,1.4,25.2,82.3,2505,9.5,,13.5,2.6,1,89.4,1547,-8.9,,16.5,1.5,,,,,,,,,,,,,,,9,94.1,2228,1.9,,17.7,1.3,,,,,,,,,,,,,,,,,,,,,,,,,,,,,,,,,,,,,,,,,,
"Shields, James",448306,2015,33,33,202.1,860,25.1,9.4,0.232,0.381,0.335,0.308,4,3.1,37.7,28.5,45.8,46.6,21.5,26.7,5.2,R,3315,24.9,91.7,2278,-6,,17.9,1.4,,,,,,,,21.3,84.9,1737,-12,,14.7,1.6,19,78.7,2442,10.8,,15,2.5,16.6,91.4,2156,-12,,16.6,1.4,18.2,86.5,2334,8,,9.8,1.8,,,,,,,,,,,,,,,,,,,,,,,,,,,,,,,,,,,,,,,,,,
"Buchanan, David",571527,2015,26,15,74.2,351,12.5,8.3,0.304,0.478,0.414,0.371,4.4,1.5,35.6,16.2,47.6,50.9,13.8,29.5,5.8,R,1226,37.2,89.8,2120,-6,,14.9,1.4,,,,,,,,22.1,82,1891,-15.2,,18.4,1.6,12.2,78.9,2229,6.5,,15.1,1.8,22.9,90.2,1985,-14.7,,18,1.6,5.6,89,2134,1.9,,10,1.5,,,,,,,,,,,,,,,,,,,,,,,,,,,,,,,,,,,,,,,,,,
"Cashner, Andrew",488768,2015,28,31,184.2,804,20.5,8.2,0.244,0.375,0.335,0.307,4.6,2.6,34.6,19.6,45.6,50.3,18.2,26.3,5.3,R,3101,40.2,95.5,2211,-9.5,,18.2,2.1,21.9,85.7,2033,4.2,,6.1,2.6,9.3,86.3,1639,-11.9,,15,1.7,0.8,80.3,2042,10,,10.5,1.5,27.8,95.3,2126,-13.9,,17.8,2.1,,,,,,,,,,,,,,,,,,,,,,,,,,,,,,,,,,,,,,,,,,,,,,,,,
"Anderson, Chase",502624,2015,27,27,152.2,640,17.3,6.3,0.252,0.386,0.325,0.309,5.6,1.9,31.1,19.3,47,44.4,19.9,28.8,6.8,R,2451,41.9,92.2,2099,-6.8,,18.5,1.5,,,,,,,,24,82.1,2258,-16.5,,20.3,1.6,14.1,77.3,2081,8.3,,15.1,1.7,19.7,91.8,2075,-13.8,,18.1,1.4,0.3,89,2224,4.4,,8.9,1.6,,,,,,,,,,,,,,,,,,,,,,,,,,,,,,,,,,,,,,,,,,
"Scahill, Rob",543746,2015,28,28,30.2,142,16.9,11.3,0.243,0.365,0.323,0.307,2,3,30.7,21.3,44.7,60.4,13.9,23.8,2,R,515,16.7,94.5,2430,-7.8,,15.1,1.5,25.4,87.2,2310,6.5,,7.4,1.6,2.3,87.1,1895,-15,,15.9,1.4,12.2,79.3,2917,14.8,,19.1,1.4,43.3,94.1,2266,-14.9,,16.2,1.3,,,,,,,,,,,,,,,,,,,,,,,,,,,,,,,,,,,,,,,,,,,,,,,,,
"Arrieta, Jake",453562,2015,29,33,229,870,27.1,5.5,0.202,0.281,0.225,0.241,3.6,3.8,24.7,25,47.4,57.6,14,24.5,4,R,3427,18,95.1,2292,-7.7,,17.2,1.4,28.9,90.8,2222,6.9,,9,2,4.6,89.5,1944,-16.1,,16.8,1.3,15.3,81.2,2689,11.8,,20.5,1.6,33.1,95.3,2262,-13.1,,17.7,1.3,,,,,,,,,,,,,,,,,,,,,,,,,,,,,,,,,,,,,,,,,,,,,,,,,
"González, Miguel",456068,2015,31,26,144.2,622,17.5,8.2,0.264,0.426,0.344,0.335,5.1,2.9,34.8,19.9,49,42.3,19.4,30.4,7.9,R,2434,42.9,91.7,2359,-6.8,,21,1.3,16,85.2,2168,6.3,,9.6,1.8,15.7,84.5,1274,-10,,12.5,2.7,10.1,77.1,2621,11.8,,16,1.9,15.4,91.7,2266,-14,,20,1.5,,,,,,,,,,,,,,,,,,,,,,,,,,,,,,,,,,,,,,,,,,,,,,,,,
"Nicolino, Justin",592593,2015,23,12,74,301,7.6,6.6,0.279,0.478,0.325,0.353,5.1,2.4,34.5,10.8,49.6,45.9,21.2,27.5,5.5,L,1041,56.4,89.3,2004,15.4,,20.9,1.7,,,,,,,,17.8,81.7,1601,16.1,,18.1,1.3,8.2,76,2093,-4.5,,8.4,1.9,,,,,,,,17.7,86.1,2021,1.8,,9.1,1.4,,,,,,,,,,,,,,,,,,,,,,,,,,,,,,,,,,,,,,,,,,
"Wood, Travis",475243,2015,28,54,100.2,419,28.2,9.3,0.238,0.384,0.289,0.304,5.4,1.1,32.2,24,46.5,36.8,24.5,29.9,8.8,L,1700,43.8,91,2173,4,,19.1,1.8,5.3,80,1530,-7.9,,9.2,2,5.7,80.7,1871,14,,18.1,1.9,4.4,70.5,1710,-6.3,,13.6,2.9,20,90,2097,11,,20.1,1.9,20.8,86.5,2061,-2.9,,11.2,1.7,,,,,,,,,,,,,,,,,,,,,,,,,,,,,,,,,,,,,,,,,,
"Farquhar, Danny",543144,2015,28,43,51,219,21.9,7.8,0.24,0.417,0.348,0.319,3.3,3.3,31.4,24.6,46.8,40.5,21.6,28.8,9.2,R,817,27.8,93.5,2371,-6.8,,17.3,1.4,,,,,,,,14.1,85.5,1536,-10.9,,12.3,1.9,15.9,75.2,2544,13.9,,18.5,1.8,1.6,92.9,2419,-10.6,,13.4,1.7,40.6,89.5,2297,1.9,,11.4,1.4,,,,,,,,,,,,,,,,,,,,,,,,,,,,,,,,,,,,,,,,,,
"Leone, Dominic",608678,2015,23,13,15,74,12.2,12.2,0.298,0.519,0.373,0.395,9.1,0,40,24.1,46.3,45.5,12.7,38.2,3.6,R,279,43.4,93.8,2298,-3.4,,13.8,1.5,22.6,81.9,2015,7.5,,9.7,1.6,1.4,87.3,1606,-10.6,,13,1.5,,,,,,,,15.8,94.1,2308,-8.3,,10.6,1.4,16.8,89.2,2293,4.1,,6.5,1.5,,,,,,,,,,,,,,,,,,,,,,,,,,,,,,,,,,,,,,,,,,
"Godley, Zack",643327,2015,25,9,36.2,150,22.7,11.3,0.266,0.455,0.306,0.36,5.2,1,31.3,24.1,48.4,46.9,25,28.1,0,R,570,23.7,92.4,2306,-1.9,,11.1,1.2,,,,,,,,7.5,83.6,1365,-6.9,,8.3,1.5,11.8,81,2019,4.8,,11.3,1.3,21.4,91.8,2259,-10.9,,13.5,1.4,35.6,90.7,2264,2.8,,10.2,1.2,,,,,,,,,,,,,,,,,,,,,,,,,,,,,,,,,,,,,,,,,,
"Shreve, Chasen",592741,2015,24,59,58.1,251,25.5,13.1,0.209,0.368,0.324,0.307,3.3,3.3,30.7,27.5,43.6,47.1,23.5,19,10.5,L,1104,50.2,92,2304,12,,22,1.1,14.2,83.9,1677,-0.8,,5.5,1.6,35.3,83.4,1067,10.5,,11.7,1.9,,,,,,,,0.3,91.8,2458,16.1,,23.6,1.5,,,,,,,,,,,,,,,,,,,,,,,,,,,,,,,,,,,,,,,,,,,,,,,,,
"Brooks, Aaron",605156,2015,25,13,55.1,250,15.2,5.6,0.296,0.51,0.381,0.373,5.7,2.1,40.7,18,49.5,44.8,20.1,28.9,6.2,R,884,41,92.2,2065,-9.5,,18.8,1.4,14.5,85.7,2036,5.4,,8.3,1.8,21.3,83.1,1775,-13.9,,14.7,1.6,4.2,77.7,2130,14.8,,15.6,1.7,19.1,91.8,1967,-13.9,,18,1.8,,,,,,,,,,,,,,,,,,,,,,,,,,,,,,,,,,,,,,,,,,,,,,,,,
"Smyly, Drew",592767,2015,26,12,66.2,275,28,7.3,0.235,0.443,0.305,0.32,5.6,5.1,35.6,25.9,48,39,25.4,25.4,10.2,L,1134,54.6,90.8,2182,9.1,,23.4,1.6,,,,,,,,1.9,79.5,1625,10.5,,17.8,1.4,23.9,76.8,1821,6,,6.7,1.7,,,,,,,,19.6,83.6,2075,5.5,,10.7,1.6,,,,,,,,,,,,,,,,,,,,,,,,,,,,,,,,,,,,,,,,,,
"Greene, Shane",572888,2015,26,18,83.2,373,13.4,7.2,0.287,0.463,0.379,0.351,6.9,2.1,33.8,16.2,48,46.2,18.6,26.6,8.6,R,1318,10,93.3,2294,-5.7,,16.9,1.3,31.1,87,2351,7.5,,10.2,1.8,9.3,85.8,1853,-15.8,,16.4,1.5,8.6,79.3,2154,13.2,,14,2.2,39.5,92,2187,-14.6,,18.2,1.5,,,,,,,,,,,,,,,,,,,,,,1.5,80.7,2250,16.9,,17.5,1.7,,,,,,,,,,,,,,,,,,,,,
"Rodriguez, Eduardo",593958,2015,22,21,121.2,521,18.8,7.1,0.265,0.406,0.306,0.321,3.7,3.7,31.4,19,47,45,18.3,28.5,8.1,L,2005,66.5,94.7,2147,9.8,,18.2,1.5,11.9,86.5,1954,-0.1,,6.2,1.9,19.2,87.5,1896,19.2,,21.2,1.5,,,,,,,,2.4,93.4,2160,16.4,,19.5,1.5,,,,,,,,,,,,,,,,,,,,,,,,,,,,,,,,,,,,,,,,,,,,,,,,,
"Medina, Yoervis",500721,2015,26,17,21,97,16.5,11.3,0.245,0.402,0.346,0.329,5.7,1.4,35.7,21,42.9,38.6,25.7,31.4,4.3,R,389,59.6,93.4,2123,-10.6,,16.8,1.3,,,,,,,,2.8,86.8,1778,-8.6,,13.3,1.4,33.2,84,2283,11.1,,15,1.1,4.4,93,2142,-13.8,,14.3,1.3,,,,,,,,,,,,,,,,,,,,,,,,,,,,,,,,,,,,,,,,,,,,,,,,,
"Graveman, Kendall",608665,2015,24,21,115.2,502,15.3,7.6,0.287,0.444,0.333,0.351,5.2,2.4,38.2,18.4,44.7,51.3,16,28.3,4.5,R,1897,4.5,90.7,2105,-6.4,,15.3,1.5,9.2,78.4,2139,13.9,,14.7,4.3,11.9,83.9,1596,-10.5,,11.5,1.7,0.8,77.7,1977,15,,15.6,1.5,50.2,91.3,2098,-12.7,,15.8,1.5,23.4,86.4,2073,5.7,,8.9,1.8,,,,,,,,,,,,,,,,,,,,,,,,,,,,,,,,,,,,,,,,,,
"Wacha, Michael",608379,2015,23,30,181.1,762,20.1,7.6,0.24,0.374,0.294,0.301,5.1,4.6,33.4,21.3,50.8,47.5,20.6,24.8,7.2,R,2919,58.3,94.8,2103,-7.7,,19.9,1.7,,,,,,,,16.5,87.1,1518,-12.2,,14.9,1.7,12.6,76.4,2046,6.3,,12.4,1.6,,,,,,,,12.6,89.8,2035,1.6,,10.1,1.6,,,,,,,,,,,,,,,,,,,,,,,,,,,,,,,,,,,,,,,,,,
"Rollins, David",543716,2015,25,20,25,118,17.8,6.8,0.314,0.456,0.397,0.363,6.9,1.1,39.1,24.2,51.1,41.4,17.2,33.3,8,L,450,60,93,2283,7.9,,16,1.5,16.2,83.4,2142,1.4,,4.2,1.4,23.6,85.9,1634,15.7,,17.4,1.5,,,,,,,,0.2,93.1,2439,5.7,,5.8,,,,,,,,,,,,,,,,,,,,,,,,,,,,,,,,,,,,,,,,,,,,,,,,,,
"Ray, Robbie",592662,2015,23,23,127.2,545,21.8,9,0.243,0.37,0.318,0.308,3.3,2.4,35.8,21,46.8,45.3,20.1,29.5,5.1,L,2250,46.1,94.1,2293,12.8,,21,2,20.1,83.1,1913,1.5,,4.7,2.8,8,84.5,1809,11.6,,18.2,2.9,0,52.2,2172,8.1,,24.6,,25.8,93.5,2271,17.1,,21.4,1.6,,,,,,,,,,,,,,,,,,,,,,,,,,,,,,,,,,,,,,,,,,,,,,,,,
"Richards, Garrett",572070,2015,27,32,207.1,865,20.3,8.8,0.226,0.353,0.293,0.294,3.8,4.6,31.6,25.8,46.1,56.4,15.1,21.9,6.6,R,3242,29.1,96.4,2507,0.6,,12.5,1,33.3,87.9,2722,7,,9.7,1.5,0,93.2,2416,-16.2,,17.5,,5.7,79.9,3103,13,,23.7,1.9,10.8,96.1,2523,-8.6,,13.7,1.2,21.1,95.8,2437,5.8,,11.8,1.2,,,,,,,,,,,,,,,,,,,,,,,,,,,,,,,,,,,,,,,,,,
"Nicasio, Juan",504379,2015,28,53,58.1,260,25,12.3,0.235,0.334,0.321,0.297,1.9,4.9,20.4,26.1,47.1,46.9,21.6,26.5,4.9,R,1060,73.3,95.7,2115,-8.5,,16.7,1.7,24.6,86.9,1914,4.1,,6.1,1.5,0.7,87.5,2022,-9,,16.4,1.5,,,,,,,,1.4,94.4,2118,-14.1,,16.5,1.9,,,,,,,,,,,,,,,,,,,,,,,,,,,,,,,,,,,,,,,,,,,,,,,,,
"Gott, Trevor",641627,2015,22,48,47.2,202,13.4,7.9,0.232,0.329,0.274,0.279,1.9,2.6,25.6,15,44.1,57.7,15.4,23.7,3.2,R,725,1.4,96,2093,-13.6,,17.4,1.4,,,,,,,,2.9,83.3,1499,-12.5,,17.1,4.4,13.5,81.5,1981,12.8,,17.5,1.6,82.2,96.9,2079,-15.4,,17.6,1.2,,,,,,,,,,,,,,,,,,,,,,,,,,,,,,,,,,,,,,,,,,,,,,,,,
"Osuna, Roberto",532077,2015,20,68,69.2,271,27.7,5.9,0.203,0.34,0.253,0.262,8.9,2.2,34.1,32,49.8,35.8,27.9,27.4,8.9,R,1084,62,96.2,2432,-5.8,,20,1.5,12.8,88.3,2199,6.1,,8.5,1.9,14,82.9,1807,-13.7,,18.5,1.8,,,,,,,,10.1,96,2375,-12.1,,19.5,1.5,1.1,90.2,2153,4.1,,8.2,1.4,,,,,,,,,,,,,,,,,,,,,,,,,,,,,,,,,,,,,,,,,,
"Marquis, Jason",150302,2015,36,9,47.1,216,17.1,6.5,0.259,0.381,0.387,0.309,5.5,0.6,35.4,21.3,46.1,48.8,17.1,30.5,3.7,R,773,,,,,,,,19.4,82.6,1977,1.6,,6.8,1.5,21.2,78.8,1239,-10.3,,11.7,1.7,,,,,,,,59.4,88.3,1782,-16.5,,17.9,1.2,,,,,,,,,,,,,,,,,,,,,,,,,,,,,,,,,,,,,,,,,,,,,,,,,
"García, Jaime",448802,2015,28,20,129.2,510,19,5.9,0.233,0.334,0.256,0.279,4.5,4.2,30.5,20.1,48.5,62.4,13.2,21.1,3.4,L,1851,24,90.6,2272,4.1,,11.1,1.5,18.9,84.1,2198,-4.3,,6.7,1.7,15.8,83.6,2033,14.1,,15.3,1.5,5.9,73,2714,-9.7,,16.7,2,33.4,90.8,2228,12,,14.2,1.1,1.9,90.9,2366,-2.3,,11.3,1.2,,,,,,,,,,,,,,,,,,,,,,,,,,,,,,,,,,,,,,,,,,
"Gray, Jon",592351,2015,23,9,40.2,185,21.6,7.6,0.255,0.367,0.364,0.308,6.2,3.9,41.9,22.6,46.6,45.7,20.9,27.9,5.4,R,673,63.2,95,2049,-9.1,,16.8,1.7,19,87.5,2117,3.5,,7.3,1.8,17.4,85.9,1794,-8.8,,14.5,1.8,,,,,,,,0.4,96.2,2052,-14.2,,16,1.5,,,,,,,,,,,,,,,,,,,,,,,,,,,,,,,,,,,,,,,,,,,,,,,,,
"Peña, Ariel",516414,2015,26,6,27.1,120,22.5,11.7,0.246,0.418,0.325,0.333,11.7,2.6,40.3,30.2,46.5,40.3,20.8,31.2,7.8,R,494,39.5,92,2215,-10.9,,20.8,1.3,34,83.5,1876,-0.2,,4.3,1.6,6.7,86.9,1731,-11.4,,17.9,1.5,,,,,,,,19.8,92.9,2239,-15.9,,22,1.2,,,,,,,,,,,,,,,,,,,,,,,,,,,,,,,,,,,,,,,,,,,,,,,,,
"Oberholtzer, Brett",519085,2015,25,8,38.1,171,15.8,9.9,0.261,0.376,0.353,0.323,4.8,2.4,38.1,17.8,45.3,49.2,16.7,27.8,6.3,L,655,39.1,89.1,2098,9.9,,20.4,1.2,12.8,83.1,2026,0.8,,8.5,1.2,21.7,80.1,1616,14.1,,18.4,1,7.5,78.2,1755,-1.4,,7.2,1.5,18.9,89.3,2108,16.3,,22.5,1.2,,,,,,,,,,,,,,,,,,,,,,,,,,,,,,,,,,,,,,,,,,,,,,,,,
"Bauer, Trevor",545333,2015,24,31,176,744,22.8,10.6,0.229,0.376,0.314,0.309,6.1,2.4,33.9,22.6,45.3,40.6,24.1,25.9,9.4,R,2864,41.1,93.5,2221,-6.5,,18.8,1.5,0.1,84.1,,14.6,,14.7,1.5,12,85.8,1645,-10.6,,14.5,1.9,11.6,78,2497,11.2,,19.1,2,13.3,93.7,2222,-12.4,,18.8,1.6,21.9,85.1,2150,7.1,,8.9,2.1,,,,,,,,,,,,,,,,,,,,,,,,,,,,,,,,,,,,,,,,,,
"Brigham, Jake",502010,2015,27,12,16.2,84,14.3,9.5,0.314,0.417,0.419,0.346,7.9,3.2,31.7,17.9,47.1,44.4,14.3,34.9,6.3,R,304,43.1,92.3,2223,-7.2,,15.1,1.3,28.9,85.3,2023,2.5,,4.2,1.4,3.6,85.3,1782,-13,,14.8,1.6,3.9,78.1,2475,11.3,,14.1,1.6,20.4,91.6,2001,-14,,15.3,1.5,,,,,,,,,,,,,,,,,,,,,,,,,,,,,,,,,,,,,,,,,,,,,,,,,
"Jansen, Kenley",445276,2015,27,54,52.1,200,40,4,0.155,0.285,0.225,0.213,1.8,5.5,29.1,32.6,56,36.4,26.4,20,17.3,R,794,8.8,93.6,2523,-4.3,,16.2,1.6,10.5,83.5,2037,7.9,,9.2,1.5,,,,,,,,,,,,,,,,,,,,,,80.7,93.1,2594,5,,15.7,1.7,,,,,,,,,,,,,,,,,,,,,,,,,,,,,,,,,,,,,,,,,,
"Adams, Austin",542866,2015,28,28,33.1,149,15.4,8.7,0.26,0.421,0.334,0.33,7.1,4.4,37.2,24.2,54,47.8,22.1,23.9,6.2,R,528,72.5,97.6,2316,-3.4,,17.7,1.4,19.5,87.5,1995,6.8,,8.2,1.9,8,90,1896,-12,,14.9,1.6,,,,,,,,,,,,,,,,,,,,,,,,,,,,,,,,,,,,,,,,,,,,,,,,,,,,,,,,,,,,,,,
"Hernandez, David",456696,2015,30,40,33.2,144,22.9,7.6,0.239,0.449,0.339,0.335,8.2,2.1,39.2,23.5,48.6,40.2,18.6,32,9.3,R,587,53.2,95,2425,-9.5,,18.6,1.2,,,,,,,,1.9,89.1,1805,-8.4,,15.6,1.5,36.5,82,2045,15,,15.4,1.3,8.5,94.6,2380,-13.7,,18.3,1.4,,,,,,,,,,,,,,,,,,,,,,,,,,,,,,,,,,,,,,,,,,,,,,,,,
"Mujica, Edward",465629,2015,31,49,47.1,194,15.5,3.6,0.234,0.408,0.335,0.293,8.3,3.8,36.5,22.3,54.8,48.1,22.4,19.9,9.6,R,691,34.9,91,2246,-7.9,,18.2,1.3,19.8,83.2,1864,8.7,,9.8,1.7,,,,,,,,,,,,,,,14.6,91,2075,-15,,16.5,1.3,,,,,,,,30.7,85.9,1777,-10.2,,10.7,1.3,,,,,,,,,,,,,,,,,,,,,,,,,,,,,,,,,,,
"Jiménez, Ubaldo",434622,2015,31,32,184,791,21.2,8.6,0.241,0.362,0.32,0.305,5,4,31.8,21.2,41.9,50.4,17.6,25.7,6.3,R,3048,24.2,91.3,2130,-8.1,,19.1,1.7,14.6,83.8,2165,9.1,,12.2,2.1,,,,,,,,4.9,75.9,2541,12.9,,15.8,3.5,39.4,90.8,2016,-13.5,,18.7,2,0,90.2,2339,5.2,,17.5,,16.8,84.7,1440,-10.5,,13.2,1.8,,,,,,,,,,,,,,,,,,,,,,,,,,,,,,,,,,,
"Miller, Andrew",453192,2015,30,60,61.2,246,40.7,8.1,0.157,0.243,0.218,0.225,2.5,4.1,28.1,42.5,44.1,49.6,20.7,22.3,7.4,L,962,44.5,94.9,2102,9,,18.2,1.9,54.3,84.4,2310,-8.8,,9.8,1.5,,,,,,,,,,,,,,,1.2,96.4,2077,13.7,,17.9,1.4,,,,,,,,,,,,,,,,,,,,,,,,,,,,,,,,,,,,,,,,,,,,,,,,,
"Cravy, Tyler",572788,2015,25,14,42.2,193,18.1,11.4,0.265,0.46,0.367,0.359,3,0,29.1,18.2,43.2,42.5,18.7,29.1,9.7,R,757,44.9,91.5,2054,-6.4,,17.2,1.6,16.4,85.4,2030,2.5,,8.2,2,21.3,85,1516,-12.5,,13.9,1.4,9.9,79.6,1656,6.2,,8.2,1.9,7.5,91.1,2010,-14.1,,17.8,1.6,,,,,,,,,,,,,,,,,,,,,,,,,,,,,,,,,,,,,,,,,,,,,,,,,
"Neris, Héctor",593576,2015,26,32,40.1,170,24.1,5.9,0.22,0.416,0.334,0.307,7,2.6,33,30.1,48.8,39.1,23.5,28.7,8.7,R,680,30,93.6,2398,-8.6,,18.4,1.1,16.9,86.8,1819,-0.3,,5.7,1.6,0.4,87.4,1844,-21.6,,22.9,1.4,,,,,,,,27.6,93.9,2230,-16.3,,19.8,1.3,,,,,,,,25,86,1332,-11,,11.7,1.5,,,,,,,,,,,,,,,,,,,,,,,,,,,,,,,,,,,
"Hinojosa, Dalier",648737,2015,29,19,24.2,102,22.5,10.8,0.192,0.314,0.225,0.27,4.5,0,26.9,22,46.6,46.3,25.4,20.9,7.5,R,425,55.3,93.6,2279,-5.6,,20.1,1.6,23.5,85.9,1878,3.9,,4.9,1.7,12.5,87.1,1832,-9.9,,15.8,1.5,,,,,,,,8.7,94.4,2297,-9.2,,19.4,1.2,,,,,,,,,,,,,,,,,,,,,,,,,,,,,,,,,,,,,,,,,,,,,,,,,
"Dickey, R.A.",285079,2015,40,33,214.1,884,14.3,6.9,0.254,0.398,0.307,0.314,5.4,2.6,30.5,19.5,49.4,43.1,22,26.2,8.6,R,3181,11.3,82.3,1810,-13.4,,17.2,1.4,,,,,,,,,,,,,,,,,,,,,,,,,,,,,,,,,,,,,,,,,,,88.7,76.7,1359,-0.7,,9.6,3.2,,,,,,,,,,,,,,,,,,,,,,,,,,,,
"Machi, Jean",466948,2015,33,59,58,257,16.3,8.6,0.253,0.46,0.332,0.347,7.3,4.2,35.4,20.5,46.1,51,18.8,26.6,3.6,R,867,51.3,93.3,1757,-9.9,,15,1.2,,,,,,,,35.8,86.8,1192,-10.5,,11.4,1.5,10.5,81.9,2175,11,,12,1.5,2.4,92.8,1752,-15.2,,15.9,1.3,,,,,,,,,,,,,,,,,,,,,,,,,,,,,,,,,,,,,,,,,,,,,,,,,
"Villarreal, Pedro",543881,2015,27,29,50,214,13.6,5.6,0.267,0.4,0.334,0.31,5.9,2.9,32.4,16.7,52.5,42.9,16.5,32.4,8.2,R,778,12,92.9,2174,-7.3,,16.8,1.2,19.8,89.7,2269,0.5,,10.3,1.3,4.2,86.9,1782,-9.9,,12.8,1.7,23.3,85,2053,2.4,,5.3,1.9,40.7,93,2158,-13,,16.9,1.3,,,,,,,,,,,,,,,,,,,,,,,,,,,,,,,,,,,,,,,,,,,,,,,,,
"Severino, Luis",622663,2015,21,11,62.1,255,22,8.6,0.236,0.388,0.309,0.309,6.9,2.9,30.3,23.1,44.8,51.4,17.7,24,6.9,R,1025,50.7,96,2285,-7,,18.3,1.4,31.3,89.6,2060,6.9,,8.8,1.8,14.1,88.6,2035,-15.6,,18.2,1.8,,,,,,,,0.5,96,2130,-13.3,,19.2,1.6,3.3,92,2188,-1,,8.5,1.5,,,,,,,,,,,,,,,,,,,,,,,,,,,,,,,,,,,,,,,,,,
"Patton, Spencer",607359,2015,27,27,24,109,25.7,11,0.266,0.492,0.378,0.38,4.6,4.6,32.3,28.8,44.4,40,23.1,35.4,1.5,R,476,64.1,92.7,2168,-5.6,,17,1.4,29.2,83,1809,7,,8.9,1.8,1.5,82.3,1342,-8.4,,12,1.4,,,,,,,,5.3,91,2066,-12.8,,17.2,1.5,,,,,,,,,,,,,,,,,,,,,,,,,,,,,,,,,,,,,,,,,,,,,,,,,
"Qualls, Chad",430589,2015,36,60,49.1,202,22.8,4.5,0.222,0.359,0.291,0.275,6.2,4.1,31.7,24.2,50.8,60.7,12.4,21.4,5.5,R,729,,,,,,,,42.1,86.6,2313,7.5,,9.4,1.6,0.7,83,1507,-10.8,,11.8,1.6,,,,,,,,57.2,92,1981,-13.1,,14.2,1.4,,,,,,,,,,,,,,,,,,,,,,,,,,,,,,,,,,,,,,,,,,,,,,,,,
"Alvarez, Jose",501625,2015,26,64,67,283,20.8,8.1,0.229,0.334,0.281,0.283,6.1,5.1,27.6,24.6,47.7,51.5,17.3,27.6,3.6,L,999,30.7,91.5,2273,11.4,,20.1,1.2,22.9,84.9,2102,-1.9,,6.9,2.5,17.1,79.4,1572,15.1,,16.7,1.6,8.3,75.7,1878,-8.3,,9,1.9,20.9,91.2,2192,18.7,,21.9,1.3,,,,,,,,,,,,,,,,,,,,,,,,,,,,,,,,,,,,,,,,,,,,,,,,,
"Conley, Adam",543045,2015,25,15,67,281,21,7.5,0.228,0.371,0.313,0.294,5.1,3.5,27.8,23,50.5,41.4,20.2,24.2,14.1,L,1101,64.7,91.8,2310,16.8,,22.5,2,14.9,85.1,2095,3.2,,6.3,1.6,20.4,84.1,2038,20.1,,22.8,1.6,,,,,,,,,,,,,,,,,,,,,,,,,,,,,,,,,,,,,,,,,,,,,,,,,,,,,,,,,,,,,,,
"Haren, Dan",429717,2015,34,32,187.1,768,17.2,4.9,0.249,0.424,0.315,0.312,5.9,2.2,33.7,15.4,45.1,32.7,26.8,27.5,13.1,R,2898,30.1,86.6,2160,-7.9,,19.3,1.2,,,,,,,,,,,,,,,14.2,76.8,2212,8.3,,11.3,1.8,11.2,85.9,1962,-13,,18.6,2,41,83.9,2219,4.2,,12.3,1.3,3.5,81.7,1383,-7.6,,11.7,1.3,,,,,,,,,,,,,,,,,,,,,,,,,,,,,,,,,,,
"Neshek, Pat",450212,2015,34,66,54.2,223,22.9,5.4,0.222,0.362,0.305,0.277,4.4,1.3,23.4,21.9,52.8,33.5,31,27.8,7.6,R,845,,,,,,,,38.6,84,2097,2.6,,6,1.8,7.8,69.1,1328,-7,,10.9,2.3,,,,,,,,53.6,90.5,2073,-13.7,,16.6,1.8,,,,,,,,,,,,,,,,,,,,,,,,,,,,,,,,,,,,,,,,,,,,,,,,,
"Boyd, Matthew",571510,2015,24,13,57.1,252,17.1,7.9,0.259,0.514,0.412,0.362,6.4,2.1,37.2,20.6,45,33.5,32.4,20.7,13.3,L,1003,56.8,91.7,2372,10.1,,21.8,2,16.9,80.5,1757,-2.2,,4.4,2,17.8,79.2,1912,11.6,,20.5,1.6,8.4,71.4,2142,-9.8,,14.6,1.9,,,,,,,,,,,,,,,,,,,,,,,,,,,,,,,,,,,,,,,,,,,,,,,,,,,,,,,,
"Verlander, Justin",434378,2015,32,20,133.1,535,21.1,6,0.217,0.319,0.276,0.26,2.6,1.8,27.6,22.5,48.7,36.7,27.6,20.9,14.7,R,2147,58.6,93.4,2491,-11.1,,21.6,1.9,17,86.3,2340,2.1,,8.4,1.6,9.2,84.8,2046,-15.4,,19.1,1.4,15.1,79.9,2457,9.8,,13.2,1.9,,,,,,,,,,,,,,,,,,,,,,,,,,,,,,,,,,,,,,,,,,,,,,,,,,,,,,,,
"Weaver, Jered",450308,2015,32,26,159,669,13.5,4.9,0.241,0.414,0.33,0.309,6,3.9,28.5,20.1,44.7,37.3,25.1,25.8,11.8,R,2433,24.4,84.1,2166,-1.5,,19.3,2.3,12,76.4,1925,10.3,,11.2,1.7,18.7,75.4,1855,-9.9,,17.9,1.6,21.9,67.9,2140,14.1,,15.1,1.7,19.7,83.5,2022,-9.4,,18.3,1.9,3.3,83.8,2199,4.5,,18.7,1.7,,,,,,,,,,,,,,,,,,,,,,,,,,,,,,,,,,,,,,,,,,
"Grilli, Jason",276351,2015,38,36,33.2,140,32.1,7.1,0.221,0.359,0.269,0.275,8.2,1.2,30.6,29.9,52.1,27.1,30.6,29.4,12.9,R,587,66.4,94.6,2401,-11.8,,19.2,1,31.9,83.1,2192,11.8,,12.7,1.2,0.2,86.5,2257,-15.3,,18.7,,,,,,,,,1.5,94.6,2196,-15.4,,18.3,1.4,,,,,,,,,,,,,,,,,,,,,,,,,,,,,,,,,,,,,,,,,,,,,,,,,
"Hudson, Tim",218596,2015,39,24,123.2,525,12.2,7,0.29,0.428,0.327,0.346,3.1,1.9,34.1,18.6,47.2,57.1,13.7,25.4,3.8,R,1848,7,88.5,2126,-6.8,,13.9,1.1,,,,,,,,,,,,,,,11.6,75.8,2260,14.6,,16.8,1.6,47.3,88.7,2025,-13.3,,14.4,1.3,22.8,83,2102,4,,5,1.4,11.2,80.9,1369,-9.1,,10.3,1.4,,,,,,,,,,,,,,,,,,,,,,,,,,,,,,,,,,,
"Gibson, Kyle",502043,2015,27,32,194.2,821,17.7,7.9,0.252,0.39,0.304,0.311,4.6,4.3,34.4,22.7,46.5,55.5,15.6,24.3,4.6,R,3211,20.1,92.6,2216,-7,,17.7,1.4,18.5,85.6,2186,5.5,,7.4,1.5,19.2,84.3,1695,-13.1,,14.3,1.3,4.2,81.3,1945,6.4,,7.8,1.6,38.1,92.2,2111,-13.5,,17,1.8,,,,,,,,,,,,,,,,,,,,,,,,,,,,,,,,,,,,,,,,,,,,,,,,,
"Elías, Roenis",606273,2015,26,22,115.1,490,19.8,9,0.253,0.413,0.32,0.332,6.5,4.7,35.3,22.7,45.8,45.3,19.7,27.6,7.4,L,1838,29.3,92.3,2372,8.9,,18,1.6,,,,,,,,24.9,85.1,1831,18.5,,19.2,1.6,22,79.3,2607,-13.4,,16.2,1.8,23.9,91.9,2350,15.3,,19.2,1.6,,,,,,,,,,,,,,,,,,,,,,,,,,,,,,,,,,,,,,,,,,,,,,,,,
"Rogers, Esmil",469134,2015,29,18,33,153,20.3,9.2,0.255,0.396,0.362,0.328,5.7,0.9,25.5,25,48.4,43.4,16,30.2,10.4,R,578,44.1,94.1,2463,-5.5,,19.3,1.2,20.1,85.4,2347,9.3,,10.8,2.3,1.4,87,1800,-11.6,,15,1.4,19.9,79.8,2568,16.5,,19.3,1.9,11.1,93.7,2399,-14.5,,17.1,1.2,3.5,90.5,2359,4.9,,14.5,1.5,,,,,,,,,,,,,,,,,,,,,,,,,,,,,,,,,,,,,,,,,,
"Torres, Carlos",448614,2015,32,59,57.2,243,19.8,7.4,0.25,0.373,0.313,0.291,4,4.5,32.8,21.5,50.6,49.2,15.3,28.8,6.8,R,897,39.4,92.8,2240,-0.6,,11.2,1.6,,,,,,,,0.9,84.1,1642,-1.9,,7.2,1.5,16.9,81.7,2425,14.2,,19.9,2.1,2.9,93.4,2019,-10.8,,14.5,1.7,39.9,90.2,2246,6.8,,9.1,2,,,,,,,,,,,,,,,,,,,,,,,,,,,,,,,,,,,,,,,,,,
"Paxton, James",572020,2015,26,13,67,297,18.9,9.8,0.251,0.421,0.309,0.329,5.7,1.9,37.7,19.1,41,49.5,23.1,22.6,4.7,L,1109,66.4,94.9,2037,8.8,,17.6,1.6,,,,,,,,11.5,86.5,1884,9.4,,14.1,1.3,14.3,81.8,1818,0.1,,9.2,1.5,3.9,93.7,2050,11.8,,12.4,1.5,3.9,89.9,1931,4,,10.5,1.3,,,,,,,,,,,,,,,,,,,,,,,,,,,,,,,,,,,,,,,,,,
"Rodriguez Jr., Fernando",451775,2015,31,56,58.2,242,26.9,9.9,0.219,0.385,0.263,0.304,2.6,4.6,23.7,28.5,50.7,41.4,27,23,8.6,R,979,64.7,94.3,2429,-5.1,,18.4,1.2,,,,,,,,2.7,87.9,1690,-11.5,,13.9,1.5,15.9,79.8,2549,7.3,,17.1,1.9,,,,,,,,16.8,90.6,2240,4.2,,11,1.2,,,,,,,,,,,,,,,,,,,,,,,,,,,,,,,,,,,,,,,,,,
"May, Trevor",543507,2015,25,48,114.2,492,22.4,5.3,0.247,0.38,0.323,0.295,6.5,3.4,34.7,23.4,49.1,41.2,23.6,28.1,7.1,R,1856,47.8,93.8,2328,-5.6,,17.7,2.1,5.1,84.9,1950,7.7,,8.3,1.8,18.2,85.7,1900,-8.2,,16.6,1.7,16,77.9,2295,15.4,,19.1,2.1,12.9,92.4,2130,-12.2,,16.9,1.8,,,,,,,,,,,,,,,,,,,,,,,,,,,,,,,,,,,,,,,,,,,,,,,,,
"Uehara, Koji",493157,2015,40,43,40.1,160,29.4,5.6,0.179,0.284,0.241,0.224,5.8,1.9,19.2,38.9,52,28.8,31.7,25,14.4,R,629,33.9,87.6,2383,-8.9,,22.4,1,1,81.9,2037,4.3,,10.6,1.5,,,,,,,,,,,,,,,5.1,88.1,2435,-13,,21.5,1.2,,,,,,,,60.1,79.6,1679,-11.4,,14.1,1.1,,,,,,,,,,,,,,,,,,,,,,,,,,,,,,,,,,,
"Leake, Mike",502190,2015,27,30,192,778,15.3,6.3,0.274,0.432,0.296,0.33,5.8,4.1,35.9,14.5,46.8,52.6,15.5,27.8,4.1,R,2734,5.4,90.9,2169,-1.9,,6.5,1.3,9.5,81.7,2288,12.2,,13.1,1.4,7.3,86.1,1683,-13.1,,15.1,1.4,13.3,80.4,2569,14.9,,19.2,1.6,46.4,91.5,2080,-11.8,,13,1.3,18.1,90.3,2164,2.6,,6.9,1.3,,,,,,,,,,,,,,,,,,,,,,,,,,,,,,,,,,,,,,,,,,
"Howell, J.P.",434442,2015,32,65,44,190,20.5,7.4,0.222,0.32,0.299,0.276,2.2,2.2,22.2,25,42.3,60,12.6,23.7,3.7,L,753,0.1,88.2,2011,13,,17.7,,,,,,,,,7,81.2,1647,12.9,,15.2,1.3,34.3,80.9,2218,-7,,9.8,1.4,58.6,87.6,2007,16.7,,17.3,1.1,,,,,,,,,,,,,,,,,,,,,,,,,,,,,,,,,,,,,,,,,,,,,,,,,
"Mitchell, Bryan",571951,2015,24,20,29.2,143,20.3,11.2,0.261,0.374,0.359,0.328,6.3,7.3,42.7,21.1,46.1,50,12.5,30.2,7.3,R,592,49.2,96.8,2233,-9.2,,18.8,1.1,,,,,,,,2.9,89.5,1789,-13.6,,18.2,1.4,27,83,2738,13.5,,18.2,1.5,1,96.4,2260,-12.3,,17.4,1.4,19.9,92.2,2378,3.7,,9.4,1.7,,,,,,,,,,,,,,,,,,,,,,,,,,,,,,,,,,,,,,,,,,
"Ross, Tyson",475115,2015,28,33,196,823,25.8,10.2,0.212,0.304,0.292,0.277,4.2,2.7,32.8,30,43.2,62.2,11.6,22.7,3.5,R,3212,19.4,93.6,2537,-4.5,,14.7,1.6,45,87.2,2427,4.7,,6,2,1.8,89.4,2233,-9.1,,14.1,1.3,,,,,,,,31.9,93.5,2423,-11.9,,13.9,1.5,1.9,92.1,2543,3.2,,10.3,1.1,,,,,,,,,,,,,,,,,,,,,,,,,,,,,,,,,,,,,,,,,,
"Syndergaard, Noah",592789,2015,22,24,150,603,27.5,5.1,0.212,0.332,0.279,0.26,3.5,3.5,28,27.7,48.1,47.6,20.8,25.1,6.5,R,2372,37.9,97.7,2147,-4.8,,17.1,1.3,2.3,87.9,2038,7.1,,8.2,2.3,14.2,88.8,1724,-14.5,,16.2,1.4,21.8,81.2,2033,14.4,,15.1,1.9,23.8,97.7,2102,-12.3,,17.8,1.2,,,,,,,,,,,,,,,,,,,,,,,,,,,,,,,,,,,,,,,,,,,,,,,,,
"Frías, Carlos",516910,2015,25,17,77.2,333,12.9,7.8,0.278,0.392,0.333,0.327,6.1,3.8,31.8,21.4,47.8,57.9,13,26.1,3.1,R,1177,27.4,95.3,2341,-10.2,,15.7,2.1,,,,,,,,9,87.8,1614,-13.7,,15.5,1.8,4.5,80.1,2131,3.4,,5.6,2.3,28.9,95.2,2322,-15.4,,16.9,2,30.2,90.4,2280,1,,7.8,2.1,,,,,,,,,,,,,,,,,,,,,,,,,,,,,,,,,,,,,,,,,,
"Kelly, Ryan",502462,2015,27,17,16.2,74,13.5,8.1,0.248,0.454,0.406,0.333,13.8,3.4,46.6,21.3,47.1,46.6,31,17.2,5.2,R,259,28.6,93.1,2191,-7.5,,17.5,1.4,47.1,88.7,2170,1.3,,8.9,1.2,,,,,,,,11.2,79.5,2290,9.8,,14,1.5,13.1,92.2,1883,-12.8,,15.7,1.3,,,,,,,,,,,,,,,,,,,,,,,,,,,,,,,,,,,,,,,,,,,,,,,,,
"Hochevar, Luke",460024,2015,31,49,50.2,214,22.9,7.5,0.219,0.358,0.319,0.284,3.4,4.7,25.7,23.3,48.7,37.8,23,25.7,13.5,R,870,38.9,95.1,2319,-9,,20.3,1.2,,,,,,,,,,,,,,,19,79.8,2322,10.2,,17,1.5,2.6,94.5,2335,-12.9,,17.7,1.5,39.5,90.2,2364,2.8,,9.1,1.4,,,,,,,,,,,,,,,,,,,,,,,,,,,,,,,,,,,,,,,,,,
"Sanchez, Aaron",592717,2015,22,41,92.1,380,16.1,11.6,0.253,0.371,0.297,0.324,3.3,2.2,37.5,18.9,41.7,61.8,15.4,21.3,1.5,R,1424,15.4,95.1,2295,-8.2,,16.8,1.9,1.2,87.4,2367,4.9,,8.2,2,6.3,90,2011,-16.6,,17.9,1.7,13.1,79.6,2785,14.1,,21,1.7,62.9,95.8,2284,-16,,18.6,1.7,1.2,92.4,2198,5.1,,10.6,1.4,,,,,,,,,,,,,,,,,,,,,,,,,,,,,,,,,,,,,,,,,,
"Gray, Sonny",543243,2015,25,31,208,831,20.3,7.1,0.235,0.362,0.262,0.29,4.8,2.2,34.6,22.5,46.8,52.9,16.6,23.8,6.7,R,3077,37.1,93.7,2366,1.9,,15.4,1.4,16.4,86.6,2163,10.2,,11,1.6,7.1,88.1,1791,-8.3,,13.2,1.7,13.8,81.9,2610,17.3,,19.9,1.5,24.2,93.5,2294,-8.4,,15.5,1.3,1.4,90.8,2340,6.8,,10.4,1.3,,,,,,,,,,,,,,,,,,,,,,,,,,,,,,,,,,,,,,,,,,
"Keuchel, Dallas",572971,2015,27,33,232,911,23.7,5.6,0.224,0.318,0.254,0.264,2.6,3.9,28,25,44.5,62.1,9.8,23.8,4.2,L,3486,11.4,89.5,2146,5.5,,15.4,1.7,19.4,79.8,2022,-8.4,,10,1.5,13.6,79.6,1617,18.3,,21,1.4,,,,,,,,50.3,90,2044,16.3,,18.8,1.2,5.3,85.4,2022,-0.5,,8.5,2.2,,,,,,,,,,,,,,,,,,,,,,,,,,,,,,,,,,,,,,,,,,
"Rodriguez, Wandy",434643,2015,36,17,86.1,392,18.4,9.2,0.278,0.434,0.343,0.344,6.8,2.1,38.8,15.4,41.6,43.8,21.4,27.8,7.1,L,1589,27.1,89,2271,8.5,,23,1.3,,,,,,,,4.8,82.4,1640,16.1,,20.9,1.5,34.4,75,2652,-8.7,,15.7,2,33.7,88.8,2126,15.7,,22.7,1.4,,,,,,,,,,,,,,,,,,,,,,,,,,,,,,,,,,,,,,,,,,,,,,,,,
"Matz, Steven",571927,2015,24,6,35.2,149,22.8,6.7,0.213,0.283,0.288,0.251,4.8,4.8,31.7,20.8,45.8,49,21.2,24,5.8,L,576,0.3,94.8,2165,7.9,,18.1,1.5,1.9,87.6,2070,-0.9,,2.8,1.4,9.9,84.1,2150,17.1,,18.5,1.4,19.8,77.6,2323,-10.9,,16.4,1.6,68.1,95,2080,15.4,,18.6,1,,,,,,,,,,,,,,,,,,,,,,,,,,,,,,,,,,,,,,,,,,,,,,,,,
"Wolf, Randy",150116,2015,38,8,34.2,161,17.4,9.3,0.304,0.481,0.387,0.376,7.7,1.7,41,16.2,46.5,46.2,17.9,30.8,5.1,L,619,15.7,89.3,2103,6.7,,18.4,1.4,24.6,83.7,2051,-4.4,,7.4,1.8,11.1,78.5,1669,13.1,,16.8,1.9,15.7,69.7,2335,-8.2,,15.8,2.3,33,88.6,1997,13.6,,19.2,1.6,,,,,,,,,,,,,,,,,,,,,,,,,,,,,,,,,,,,,,,,,,,,,,,,,
"Archer, Chris",502042,2015,26,34,212,868,29,7.6,0.222,0.346,0.272,0.281,6.4,2,39.1,29.7,47.2,47.3,19.7,26,6.9,R,3449,54,95.8,2187,-3.8,,20,1.5,39.3,88.4,1935,8.1,,8.9,2.1,6.7,86.5,1914,-11,,15.6,1.8,,,,,,,,,,,,,,,,,,,,,,,,,,,,,,,,,,,,,,,,,,,,,,,,,,,,,,,,,,,,,,,
"Harrison, Matt",457448,2015,29,3,16,69,7.2,8.7,0.279,0.43,0.375,0.335,6.9,1.7,39.7,8.9,37.3,41.4,13.8,36.2,8.6,L,271,0.4,83,1908,-3.6,,10.1,,,,,,,,,17.7,76.9,1705,15.1,,17.9,1.5,6.3,74.2,1806,1,,7.2,1.6,67.9,87,1940,16.5,,20.1,2,7.7,82.6,1838,2.1,,7,1.5,,,,,,,,,,,,,,,,,,,,,,,,,,,,,,,,,,,,,,,,,,
"Milone, Tommy",543548,2015,28,24,128.2,543,16.8,6.6,0.255,0.416,0.315,0.319,5.5,3.9,29.2,19.9,45,44.3,20.7,24.8,10.1,L,2064,57.6,88.2,2221,8.3,,21.6,1.3,,,,,,,,25.4,81.9,1663,16.8,,19.6,1.1,13.1,73.7,2422,-7.6,,11.6,1.6,1.6,87.1,1928,17.6,,21,1.1,2.4,86.1,2123,-0.9,,15.7,1.3,,,,,,,,,,,,,,,,,,,,,,,,,,,,,,,,,,,,,,,,,,
"Thornburg, Tyler",592804,2015,26,24,34.1,151,22.5,7.9,0.262,0.423,0.312,0.333,6.9,2.9,33.3,21.6,47.3,35.3,23.5,33.3,7.8,R,641,53.8,92.8,2273,-0.8,,19.3,1.7,,,,,,,,28.5,84.4,1563,-9.9,,14.8,2,17.3,75.8,2247,8,,17.2,2.1,,,,,,,,0.3,91.5,2354,5.7,,16.4,1.5,,,,,,,,,,,,,,,,,,,,,,,,,,,,,,,,,,,,,,,,,,
"Matzek, Tyler",554431,2015,24,5,22,102,14.7,18.6,0.245,0.347,0.372,0.352,6.2,3.1,38.5,22.3,32.6,43.1,21.5,30.8,4.6,L,399,32.3,92.3,2046,7,,17.2,1.7,41.9,84,2050,-2.8,,4.8,1.6,20.8,89.3,2237,15,,20.1,1.4,5,79.9,2447,-3.6,,7.3,1.5,,,,,,,,,,,,,,,,,,,,,,,,,,,,,,,,,,,,,,,,,,,,,,,,,,,,,,,,
"Diekman, Jake",518617,2015,28,67,58.1,260,26.5,11.9,0.199,0.302,0.31,0.281,3.2,3.8,31.2,28.2,46.2,56.7,17.2,19.7,6.4,L,1096,,,,,,,,24.3,85.3,1936,-5.6,,7.2,1.8,3.8,89.2,1546,16.1,,17,1.5,,,,,,,,71.9,97.1,2093,15,,20,1.5,,,,,,,,,,,,,,,,,,,,,,,,,,,,,,,,,,,,,,,,,,,,,,,,,
"Martin, Chris",455119,2015,29,24,20.2,99,18.2,6.1,0.282,0.468,0.337,0.349,6.8,0,41.9,14.2,43.2,55.4,16.2,28.4,0,R,388,54.1,94.9,2201,-2.6,,15.4,1.2,,,,,,,,,,,,,,,14.9,83,2011,8,,9.9,1.7,6.7,94.3,2118,-10.1,,15.8,1.4,24.2,89.5,2058,6.2,,10.6,1.2,,,,,,,,,,,,,,,,,,,,,,,,,,,,,,,,,,,,,,,,,,
"Rasmussen, Rob",519169,2015,26,20,15.1,79,21.5,10.1,0.301,0.478,0.413,0.371,5.6,3.7,48.1,22.5,48.3,37,18.5,37,7.4,L,331,55.9,93.8,2115,11.4,,18,1.2,32,86.7,2143,-0.6,,4.6,1.6,4.5,83.2,1448,15.8,,18.8,1.5,7.6,76.3,2577,-4.8,,20.8,1.6,,,,,,,,,,,,,,,,,,,,,,,,,,,,,,,,,,,,,,,,,,,,,,,,,,,,,,,,
"González, Severino",605894,2015,22,7,30.2,143,19.6,4.9,0.286,0.485,0.39,0.36,4.8,4.8,34.6,22.1,49.2,38.5,19.2,33.7,8.7,R,553,54.1,89.7,2382,-7.6,,15.7,1.6,,,,,,,,16.5,83.7,1715,-13.6,,14.9,1.7,17.7,77.8,2485,11.5,,12.2,1.9,10.8,88.6,2265,-13.5,,15.6,1.4,0.9,88.5,2369,0.3,,15.4,1.4,,,,,,,,,,,,,,,,,,,,,,,,,,,,,,,,,,,,,,,,,,
"Pinder, Branden",572038,2015,26,25,27.2,122,20.5,11.5,0.286,0.49,0.353,0.37,8.4,4.8,42.2,27.7,46.5,32.5,20.5,38.6,8.4,R,478,54.4,95.3,2289,-5.1,,15.4,1.6,44.8,85.3,1661,7.9,,9.8,2.2,,,,,,,,,,,,,,,,,,,,,,0.8,95,2158,3.6,,8.3,1.5,,,,,,,,,,,,,,,,,,,,,,,,,,,,,,,,,,,,,,,,,,
"Heaney, Andrew",571760,2015,24,18,105.2,438,17.8,6.4,0.253,0.422,0.297,0.321,6.4,2.5,37.4,20.2,46.9,40.8,20.2,29.4,9.5,L,1641,0.1,84.8,1941,10.6,,19.1,,18.5,80.1,2218,-1.3,,5.2,2.5,18.5,83.6,2039,17.4,,19,1.3,,,,,,,,62.9,91.9,2363,14.8,,20.9,1.4,,,,,,,,,,,,,,,,,,,,,,,,,,,,,,,,,,,,,,,,,,,,,,,,,
"Wilhelmsen, Tom",452666,2015,31,53,62,266,22.6,10.9,0.209,0.302,0.304,0.272,4,3.4,21.7,26.1,44.9,44.6,22.9,24,8.6,R,1056,43.8,95.6,2272,-2.8,,13,1.4,25.9,88.1,2132,4.4,,7.1,1.7,8,88.2,1763,-9.6,,13.1,1.9,10.6,78.4,2389,10.1,,17.2,1.4,11.6,95.9,2122,-11.6,,14.2,1.5,,,,,,,,,,,,,,,,,,,,,,,,,,,,,,,,,,,,,,,,,,,,,,,,,
"Whitley, Chase",595032,2015,26,4,19.1,84,19,6,0.24,0.428,0.332,0.321,8.2,1.6,41,25,45.8,50.8,26.2,21.3,1.6,R,323,31,89.6,2093,-8.5,,19.7,1.4,25.4,82.6,1981,6.8,,8.3,1.4,22.9,82.2,1576,-14.7,,15.8,1.6,9.3,77,1539,6.8,,8,1.4,11.5,89.9,2041,-13.9,,19.2,1.3,,,,,,,,,,,,,,,,,,,,,,,,,,,,,,,,,,,,,,,,,,,,,,,,,
"Kennedy, Ian",453178,2015,30,30,168.1,712,24.4,7.2,0.251,0.44,0.347,0.327,7.1,2.3,39.8,24.9,46.9,41.3,21.3,30,7.5,R,2890,59.6,91.9,2358,-9.3,,19.9,1.4,8,85.6,1833,3.8,,6.4,1.4,14.5,83.9,1880,-12.5,,16.2,1.2,15.2,77.7,2492,11.9,,19.1,1.5,2.7,92.4,2388,-14.9,,20.3,1.5,,,,,,,,,,,,,,,,,,,,,,,,,,,,,,,,,,,,,,,,,,,,,,,,,
"Papelbon, Jonathan",449097,2015,34,59,63.1,259,21.6,4.6,0.22,0.335,0.278,0.272,4.3,4.9,36.4,25.3,56.2,51.6,20.1,20.1,8.2,R,893,66,92,2094,-13.3,,19.5,1.4,17.1,80.1,1612,3.1,,4.5,1.4,,,,,,,,,,,,,,,1.5,92.7,2046,-18.3,,21.1,1.5,,,,,,,,15.5,86.6,1358,-13.9,,14.7,1.8,,,,,,,,,,,,,,,,,,,,,,,,,,,,,,,,,,,
"Cain, Matt",430912,2015,30,13,60.2,271,15.1,7.4,0.304,0.568,0.38,0.399,8.3,2.4,40.8,19.8,47.3,36.4,23.3,32,8.3,R,992,39.1,91.6,2404,-8.9,,16.8,1.2,21.7,86,2473,3.8,,5.6,1.6,17.4,85.6,1836,-11.8,,13.1,1.6,10.6,77.3,2556,13.8,,17.1,1.7,11.2,91,2403,-14.4,,17,1.4,,,,,,,,,,,,,,,,,,,,,,,,,,,,,,,,,,,,,,,,,,,,,,,,,
"Jennings, Dan",543359,2015,28,53,56.1,244,18.9,9.8,0.223,0.291,0.288,0.264,1.7,4.6,28.2,21.8,43.6,64.9,12.1,18.4,4.6,L,912,48.5,93,2257,10.3,,14.2,1.3,41.3,84.7,2230,-5.7,,7.6,1.4,,,,,,,,,,,,,,,10.2,93,2253,13.8,,14.4,1.3,,,,,,,,,,,,,,,,,,,,,,,,,,,,,,,,,,,,,,,,,,,,,,,,,
"Goeddel, Erik",592340,2015,26,35,33.1,132,25.8,6.8,0.223,0.328,0.24,0.268,5.7,1.1,41.4,29.1,45.5,43.7,25.3,24.1,6.9,R,491,56,93.6,2186,-6,,17.1,1.2,0.6,84.6,999,1.5,,4.7,1.4,21,84.9,1228,-7.9,,8.9,1.4,22,78.2,2267,9.9,,18.4,1.4,,,,,,,,0.4,90.1,2205,5,,8,1.5,,,,,,,,,,,,,,,,,,,,,,,,,,,,,,,,,,,,,,,,,,
"Lyons, Tyler",544928,2015,27,17,60,255,23.5,5.9,0.261,0.467,0.323,0.336,10.1,4.5,34.1,21.2,46.3,41.9,20.1,29.1,8.9,L,956,33.8,90.8,2155,6.6,,17.8,1.4,32.2,81.5,2107,-15.5,,16,1.5,13.2,83.5,1589,12.8,,15.8,1.5,2.9,75.8,2353,-11.6,,17.3,1.6,17.9,90.4,2026,13.1,,16.3,1.4,,,,,,,,,,,,,,,,,,,,,,,,,,,,,,,,,,,,,,,,,,,,,,,,,
"Hernández, Félix",433587,2015,29,31,201.2,825,23.2,7,0.234,0.352,0.299,0.291,4.8,2.8,34.6,24.6,47,57.7,15.5,22.6,4.2,R,3036,12.7,92.6,1945,-4.8,,12.9,1.4,5.9,85,2121,3.9,,7.5,1.4,25.4,88.5,1779,-10.2,,11.6,1.4,22.1,80.7,2393,13.1,,20.4,1.5,33.9,92.1,1915,-12.3,,14.2,1.6,,,,,,,,,,,,,,,,,,,,,,,,,,,,,,,,,,,,,,,,,,,,,,,,,
"Maurer, Brandon",543506,2015,24,53,51,206,18.9,7.3,0.231,0.311,0.251,0.268,4,4,22.5,28,47.1,48.3,17.2,24.5,9.9,R,788,36.7,95.9,2374,-9.2,,20,1.5,42.8,88.9,2323,4.2,,6.6,2,17.6,87,1970,-13.4,,16.7,1.9,,,,,,,,2.9,94,2182,-14.2,,18,1.6,,,,,,,,,,,,,,,,,,,,,,,,,,,,,,,,,,,,,,,,,,,,,,,,,
"Villanueva, Carlos",453646,2015,31,35,61,250,22,8.4,0.23,0.357,0.293,0.292,7,1.7,35.5,27.4,46.5,42.4,26.2,22.7,8.7,R,912,29.6,89,2168,-6.8,,19.9,1.4,37.3,83.3,1923,2.9,,5.7,1.7,13.4,81.9,1388,-8.4,,14.7,2.1,7.5,73.3,2022,6.7,,9.2,2.9,12.3,88.7,2179,-13.2,,20.9,1.2,,,,,,,,,,,,,,,,,,,,,,,,,,,,,,,,,,,,,,,,,,,,,,,,,
"Walker, Taijuan",592836,2015,22,29,169.2,705,22.3,5.5,0.251,0.428,0.311,0.318,5.6,2.2,33.8,23.3,47.8,40.6,21.2,29.6,8.6,R,2625,62.9,94.8,2125,-7.1,,17.3,1.7,,,,,,,,,,,,,,,7.7,74.7,1920,13.3,,17.8,1.8,2.6,95.8,2134,-11.8,,15.7,1.5,8.8,90.1,2169,2.8,,11,1.7,17.9,89.4,1486,-11.6,,13.5,1.6,,,,,,,,,,,,,,,,,,,,,,,,,,,,,,,,,,,
"Roe, Chaz",475054,2015,28,36,41.1,177,21.5,9.6,0.227,0.335,0.343,0.287,0.8,0.8,28.1,23.9,43.4,54.5,20.7,19.8,5,R,694,19.9,93.5,2450,-6.1,,18.4,1.3,0.6,83,,16.8,,17,1.6,0.6,85.3,1856,-12.8,,14.6,1.6,,,,,,,,46.1,93.1,2327,-12.1,,14.9,1.2,,,,,,,,,,,,,,,,,,,,,,32.9,82.9,2572,16.8,,17.3,1.4,,,,,,,,,,,,,,,,,,,,,
"Tillman, Chris",501957,2015,27,31,173,740,16.2,8.6,0.257,0.411,0.331,0.326,5.6,0.9,32.3,18.3,45.8,45.7,21.1,25,8.2,R,2939,61.8,92.1,2258,-5.6,,20.2,1.6,7.2,86.3,2125,7.3,,9.5,2,13.6,83.3,1593,-8.4,,16.3,1.8,14.2,75.7,2107,10.5,,20.4,1.7,,,,,,,,3.2,91,2280,2.4,,21.1,1.5,,,,,,,,,,,,,,,,,,,,,,,,,,,,,,,,,,,,,,,,,,
"Osich, Josh",592612,2015,26,35,28.2,120,22.5,6.7,0.187,0.325,0.276,0.251,1.2,1.2,25.9,32.7,55.3,49.4,27.1,18.8,4.7,L,459,35.5,96.3,2394,6.4,,14.4,1.4,,,,,,,,16.3,85.9,1780,12.5,,18.5,1.6,,,,,,,,11.8,96.3,2383,11.3,,15.3,1.3,36.4,91,2287,0.8,,6.2,1.5,,,,,,,,,,,,,,,,,,,,,,,,,,,,,,,,,,,,,,,,,,
"Jeffress, Jeremy",502026,2015,27,72,68,285,23.5,7.7,0.248,0.357,0.29,0.297,3.1,2.6,30.1,26.3,46.3,59.6,9.8,29.5,1,R,1050,27.6,96.2,2222,-7,,17,1.2,,,,,,,,1.5,89.4,1496,-11.6,,12.2,1.3,21,80.8,2046,12.3,,16.6,1.6,49.9,95.9,2059,-15.6,,18.1,1.2,,,,,,,,,,,,,,,,,,,,,,,,,,,,,,,,,,,,,,,,,,,,,,,,,
"McCarthy, Brandon",435221,2015,31,4,23,94,30.9,4.3,0.233,0.466,0.38,0.316,6.6,6.6,42.6,25.8,49.6,39.3,31.1,24.6,4.9,R,367,45.8,94.5,2282,-10.1,,17.6,1.2,,,,,,,,,,,,,,,21.5,81.9,2326,10.1,,13.4,1.5,14.2,93.4,2173,-15.2,,17,1.8,18.5,91.7,2259,-2.7,,12,1.4,,,,,,,,,,,,,,,,,,,,,,,,,,,,,,,,,,,,,,,,,,
"Lester, Jon",452657,2015,31,32,205,827,25,5.7,0.225,0.343,0.289,0.277,3.5,4.2,28.4,24.2,45.9,50.5,17,25.6,6.9,L,3182,45.2,92.6,2222,7.2,,17.8,1.5,,,,,,,,4.7,85.1,1653,14.1,,15.8,1.6,15.4,75.5,2360,-11.8,,13.4,2.3,10.8,91.5,2010,13.2,,15.5,1.7,23.9,88.5,2289,-3.2,,8.8,1.5,,,,,,,,,,,,,,,,,,,,,,,,,,,,,,,,,,,,,,,,,,
"Rosenthal, Trevor",572096,2015,25,68,68.2,287,28.9,8.7,0.206,0.305,0.274,0.26,2.2,3.4,28.7,25.1,51.5,47.2,19.1,24.7,9,R,1193,74.4,98.3,2364,-9.5,,19.8,1.3,6.1,88.5,2078,4.5,,6.9,2.2,17.1,88.3,1652,-13.7,,18.5,1.5,2.4,81.1,1945,7.3,,8.9,1.5,,,,,,,,,,,,,,,,,,,,,,,,,,,,,,,,,,,,,,,,,,,,,,,,,,,,,,,,
"Capuano, Chris",425626,2015,36,22,40.2,196,19.4,11.2,0.256,0.401,0.385,0.335,3.8,4.5,35.3,27.1,45.5,45.9,22.6,27.1,4.5,L,740,,,,,,,,26.5,82,2207,-1.8,,4,1.6,24.5,78.4,1556,16.4,,18,1.6,5.5,75.1,2177,-4.5,,10.3,1.6,43.5,89.2,2416,18.7,,22.9,1.6,,,,,,,,,,,,,,,,,,,,,,,,,,,,,,,,,,,,,,,,,,,,,,,,,
"Cingrani, Tony",571561,2015,25,35,33.1,155,25.2,16.1,0.214,0.33,0.351,0.311,3.4,2.3,34.1,30.1,43.4,40.9,20.5,33,5.7,L,654,85.8,92.4,2182,14,,21,1.6,12.8,81.1,1901,0.7,,4.3,1.6,1.2,86.7,1231,14.2,,16.3,1.6,,,,,,,,0.2,91.6,2139,13.9,,19.6,,,,,,,,,,,,,,,,,,,,,,,,,,,,,,,,,,,,,,,,,,,,,,,,,,
"Duffey, Tyler",608648,2015,24,10,58,242,21.9,8.3,0.234,0.382,0.309,0.303,4.1,0.6,36.1,24.3,45.8,50.9,20.1,24.3,4.7,R,906,32.3,91,2144,-3.7,,14.9,1.7,,,,,,,,2.4,84.7,1799,-14.6,,16.4,1.5,39.8,79.3,2379,14.6,,19.7,2.2,20.8,90.3,2278,-11.4,,14.2,1.6,4.6,90.6,2144,2.3,,12.8,1.6,,,,,,,,,,,,,,,,,,,,,,,,,,,,,,,,,,,,,,,,,,
"Bassitt, Chris",605135,2015,26,18,86,361,17.7,8.3,0.253,0.379,0.305,0.323,3.1,5.4,27.9,20,46.2,46.1,18.2,27.1,8.5,R,1419,22.1,94,2175,-8.3,,16.2,1.7,22,85.9,2168,7.1,,9.1,2.3,7.3,83.9,1978,-14.9,,17.3,1.6,14.4,71.6,2308,18.5,,21.8,1.5,34.1,93.5,2121,-13.8,,17,1.7,,,,,,,,,,,,,,,,,,,,,,,,,,,,,,,,,,,,,,,,,,,,,,,,,
"Billingsley, Chad",451532,2015,30,7,37,165,9.1,4.8,0.315,0.487,0.379,0.365,5.7,2.8,39.7,14.6,47.6,46.1,19.1,29.1,5.7,R,576,30.4,91.7,2245,-3.2,,14.7,1.4,8.9,77.2,2611,10.5,,17.7,1.7,9.9,84.9,1621,-15.3,,16.6,1.3,3.1,66.6,2304,10.4,,17.6,1.9,29.3,90.8,2057,-12.7,,17.6,1.5,18.4,87.3,2281,4,,7.6,1.6,,,,,,,,,,,,,,,,,,,,,,,,,,,,,,,,,,,,,,,,,,
"Siegrist, Kevin",543779,2015,25,81,74.2,312,28.8,10.9,0.204,0.33,0.269,0.289,5.4,1.6,31.4,27.1,44.1,32.4,33,23.8,10.8,L,1274,74.6,94.7,2215,9.6,,19.8,1.4,,,,,,,,18.4,85.9,2123,16.3,,19.9,1.6,6.7,81.2,1580,-6.9,,8.9,1.9,0.3,94.2,2173,15.5,,19,1.4,,,,,,,,,,,,,,,,,,,,,,,,,,,,,,,,,,,,,,,,,,,,,,,,,
"Caminero, Arquimedes",491708,2015,28,73,74.2,318,23,9.1,0.235,0.368,0.293,0.306,3.3,2.9,35.2,26.1,51.8,48.1,19,25.7,7.1,R,1106,46.3,98.9,2468,-8.4,,16.1,1.6,22.4,91.7,2248,4.3,,8.4,1.9,,,,,,,,,,,,,,,19.7,97.8,2254,-13.1,,16,1.6,,,,,,,,11.6,90.1,1567,-11.3,,12,1.7,,,,,,,,,,,,,,,,,,,,,,,,,,,,,,,,,,,
"Schultz, Bo",544759,2015,29,31,43,173,17.9,8.1,0.254,0.405,0.279,0.321,4.7,1.6,39.4,25,49.1,48,18.1,29.1,4.7,R,635,63.1,96.2,2299,-11.9,,19,1.6,13.4,86.5,1885,3.4,,5.2,1.5,0.9,88.7,1886,-10.3,,13.4,1.5,,,,,,,,2.7,96.2,2254,-16.1,,17.6,1.5,19.8,91.7,2411,0.7,,7.1,1.3,,,,,,,,,,,,,,,,,,,,,,,,,,,,,,,,,,,,,,,,,,
"Wilson, Alex",543935,2015,28,59,70,273,13.9,4,0.225,0.337,0.265,0.264,3.2,3.6,26.6,15.6,51.8,53.2,25.2,15.3,6.3,R,1010,26.9,93.3,2263,-5.3,,18.7,1.1,38.4,87.4,2273,5.7,,7.8,1.2,1.7,88.1,1979,-15.6,,19.7,1.3,5.5,84.3,1887,5.5,,6.5,1.3,26,92.7,2041,-12.2,,18.4,1.1,1.4,93,2338,2.2,,17,1.4,,,,,,,,,,,,,,,,,,,,,,,,,,,,,,,,,,,,,,,,,,
"Colon, Bartolo",112526,2015,42,33,194.2,815,16.7,2.9,0.268,0.427,0.316,0.314,5.1,2.3,34.7,14.4,48.6,44.1,23.2,27,5.7,R,2683,29.1,90.9,2255,-6.9,,17.2,1.9,9.7,82.8,2178,2.9,,6.3,1.8,7.4,82.6,1727,-13.2,,16.4,2.4,0.3,81.5,1758,-6.9,,13.2,1.5,53.5,87.8,2110,-15.4,,17.4,1.8,,,,,,,,,,,,,,,,,,,,,,,,,,,,,,,,,,,,,,,,,,,,,,,,,
"Kazmir, Scott",431148,2015,31,31,183,763,20.3,7.7,0.247,0.396,0.298,0.317,5.2,5,34.3,23.1,48.5,44.8,20.7,26.5,8,L,2940,2.4,92.5,2224,6.4,,20.7,1.9,7.2,81.5,1917,2.3,,5.2,1.7,18,76.4,1388,16.9,,18.7,2.4,4.3,76.8,1782,0.8,,5.3,1.9,55.9,91.8,2203,14.6,,22.7,2.1,12.2,87.2,2114,3,,11.1,1.7,,,,,,,,,,,,,,,,,,,,,,,,,,,,,,,,,,,,,,,,,,
"Lincecum, Tim",453311,2015,31,15,76.1,333,18,11.4,0.262,0.419,0.324,0.338,7.3,3.8,38.5,26.4,44.6,45.3,22.2,27.8,4.7,R,1316,24.2,88.1,2235,2.8,,16.7,1.4,11.9,79.1,1961,4.3,,9.4,1.3,27.7,81.9,1342,-3.4,,8.5,2.3,15.1,74.3,2158,6,,15.6,3.4,21,87.7,2100,-6.4,,15.6,1.4,,,,,,,,,,,,,,,,,,,,,,,,,,,,,,,,,,,,,,,,,,,,,,,,,
"Correia, Kevin",429781,2015,34,5,23.1,114,12.3,7,0.34,0.506,0.416,0.384,5.4,1.1,38,15.3,46.6,44.6,21.7,30.4,3.3,R,421,19.7,88.9,2320,-4.9,,14.8,1.1,24.7,86.8,2449,4.3,,10.5,1.3,17.8,84.2,1583,-12.9,,14.1,1.2,14.3,76.4,2240,10.2,,19.2,1.6,17.3,88.5,2346,-11.7,,16.1,1.3,6.2,89,2458,1.6,,12.5,1.1,,,,,,,,,,,,,,,,,,,,,,,,,,,,,,,,,,,,,,,,,,
"Layne, Tommy",518927,2015,30,64,47.2,207,21.7,13,0.237,0.334,0.306,0.31,3,5.3,27.8,22.4,40.4,56.4,14.3,23.3,6,L,792,16.9,90.4,2133,8.1,,15.4,1.4,24.9,85.2,2014,0.3,,6.3,1.7,3.2,83,1378,16,,17,1.5,7.1,81.7,2214,-12.1,,13.9,1.9,48,90.2,2038,18.9,,20.1,1.9,,,,,,,,,,,,,,,,,,,,,,,,,,,,,,,,,,,,,,,,,,,,,,,,,
"Herrera, Kelvin",516969,2015,25,72,69.2,286,22.4,9.1,0.226,0.351,0.258,0.296,4.6,6.7,29.9,27,53.4,46.4,21.1,26.3,6.2,R,1086,60.6,98.9,2251,-7.7,,19.3,1.6,4.3,87.9,2032,8.7,,10.6,2.1,18,90.1,1857,-15,,17.8,1.7,1.6,81.4,2857,13.6,,18.5,1.7,15.5,98.4,2196,-13.7,,19.3,1.6,,,,,,,,,,,,,,,,,,,,,,,,,,,,,,,,,,,,,,,,,,,,,,,,,
"Tazawa, Junichi",547749,2015,29,61,58.2,247,22.7,5.3,0.241,0.418,0.323,0.305,4.5,4,34.5,25.1,49.7,41.8,26.6,22,9.6,R,950,60.4,94.2,2277,-5.4,,18.6,1.2,8.2,82,2632,10.7,,17.8,3.1,0.4,89.4,2117,-9.4,,19.7,1.7,10.1,75.7,2647,13.3,,21.2,2.9,0.1,92.5,2422,-10.1,,19.5,,,,,,,,,,,,,,,,,,,,,,,,,,,,,,,,,,,,,20.7,87.4,1549,-9.6,,13.1,1.7,,,,,,,
"Marimon, Sugar Ray",516970,2015,26,16,25.2,117,12,12,0.248,0.41,0.389,0.329,5.6,1.1,32.6,19.6,42.8,40.4,29.2,21.3,9,R,416,36.3,91.8,2084,-8.1,,18.4,1.2,,,,,,,,16.1,82.6,1845,-16.2,,18.4,1.2,21.9,79.9,2020,7.4,,11.7,1.9,25.7,92,2030,-14.3,,18.4,1.2,,,,,,,,,,,,,,,,,,,,,,,,,,,,,,,,,,,,,,,,,,,,,,,,,
"Fields, Josh",451661,2015,29,54,50.2,209,32.1,9.1,0.171,0.274,0.263,0.232,7.4,4.1,29.5,28.7,49.1,36.9,28.7,23,11.5,R,848,67.6,95,2289,0.5,,20.9,1.8,11.8,84.9,1847,6.2,,8.2,2.2,4.5,79.5,1596,-8.8,,13.5,2.3,16.2,79.2,2026,7,,15.8,2.9,,,,,,,,,,,,,,,,,,,,,,,,,,,,,,,,,,,,,,,,,,,,,,,,,,,,,,,,
"Robertson, David",502085,2015,30,60,63.1,250,34.4,5.2,0.226,0.368,0.247,0.278,6.7,1.3,36.9,32,47.4,37.6,20.1,32.9,9.4,R,973,6.5,93.5,2495,-2.1,,17.6,1.3,,,,,,,,2,86.9,2066,-10.9,,19.5,1.7,30.6,83.2,2546,11.2,,15.8,1.9,0.7,91.7,2206,-11.5,,20.6,1.4,60.2,92.7,2480,3.7,,18,1.3,,,,,,,,,,,,,,,,,,,,,,,,,,,,,,,,,,,,,,,,,,
"Gómez, Jeanmar",491646,2015,27,65,74.2,319,15.7,5.3,0.271,0.394,0.3,0.309,6.4,2.8,30,19.3,45.6,51.2,13.2,30.8,4.8,R,1156,1.6,88.9,2114,-0.5,,10.9,1.3,19.6,85.1,2071,4.3,,6.7,2.1,14.4,84.4,1935,-17.1,,17.9,1.7,,,,,,,,64.3,92.1,2048,-16.9,,18.8,1.4,,,,,,,,,,,,,,,,,,,,,,,,,,,,,,,,,,,,,,,,,,,,,,,,,
"Matusz, Brian",451085,2015,28,58,49,206,27.2,9.7,0.207,0.37,0.28,0.294,7.1,0.8,28.3,30.3,47.5,36.2,28.3,26.8,8.7,L,823,49.6,91.4,2479,7.7,,21,1.4,27.3,84.4,2153,-3.2,,5.5,1.6,13.7,82.7,1733,11.9,,19.9,1.7,2.9,77.6,2500,-10.6,,13.1,1.9,6.4,90.3,2387,15.3,,21.8,1.2,,,,,,,,,,,,,,,,,,,,,,,,,,,,,,,,,,,,,,,,,,,,,,,,,
"Albers, Matt",458006,2015,32,30,37.1,149,18.8,6,0.206,0.325,0.258,0.261,2.7,3.6,23.4,17.4,42.6,58.6,17.1,19.8,4.5,R,557,0.5,92,2167,-9.9,,16.4,1.4,10.1,84.5,2057,3.8,,7.3,1.6,20.5,82.2,1627,-8.8,,10.8,3.2,1.8,81.9,1799,7.1,,7.6,1.4,67.1,90.4,1977,-15.9,,17.8,1.7,,,,,,,,,,,,,,,,,,,,,,,,,,,,,,,,,,,,,,,,,,,,,,,,,
"Peralta, Joel",407908,2015,39,33,29,121,19.8,6.6,0.251,0.454,0.317,0.325,9,3.4,23.6,18,50.6,33.7,27,28.1,11.2,R,478,49.8,90.1,2396,-8.2,,19.7,1.4,,,,,,,,,,,,,,,19.7,77.1,2347,7.3,,11,1.9,,,,,,,,,,,,,,,30.5,81.5,1232,-9.6,,12.6,2,,,,,,,,,,,,,,,,,,,,,,,,,,,,,,,,,,,
"Smith, Josh A.",595001,2015,27,9,32.2,161,18.6,13,0.261,0.435,0.396,0.363,8.6,1,35.2,20.9,44.1,39,21.9,34.3,4.8,R,650,46.5,90.6,2308,-5.6,,15,1.6,24.9,83.8,2326,7,,7.9,1.9,10.6,79.5,1866,-13.9,,14.7,1.5,14.8,77.3,2620,16.1,,19,3.3,3.2,87.5,2111,-12.5,,14.6,1.5,,,,,,,,,,,,,,,,,,,,,,,,,,,,,,,,,,,,,,,,,,,,,,,,,
"Boyer, Blaine",430641,2015,33,68,65,268,12.3,7.1,0.259,0.386,0.296,0.302,4.2,4.6,31.5,17.7,48.9,49.1,20.4,25.5,5.1,R,916,35.7,93,2284,-5.2,,15.2,1.6,25.1,86.2,2326,6.5,,8.7,1.9,0.7,87,1840,-12.9,,15.6,1.7,9.6,74.8,2412,10.5,,15.4,2.3,28.9,93.6,2244,-11.9,,14.4,1.5,,,,,,,,,,,,,,,,,,,,,,,,,,,,,,,,,,,,,,,,,,,,,,,,,
"Anderson, Cody",594736,2015,24,15,91.1,365,12.1,6.6,0.262,0.424,0.282,0.322,6.1,3.4,35.1,17.1,50.5,47.3,19.3,25.3,8.1,R,1289,53.9,92.8,2250,-10.8,,18.8,1.6,,,,,,,,23,84.6,2210,-14.9,,17.1,2.1,10.2,85.3,2126,-3,,13.9,5.4,,,,,,,,13,89.6,2046,1,,11.5,1.4,,,,,,,,,,,,,,,,,,,,,,,,,,,,,,,,,,,,,,,,,,
"Tomlin, Josh",458708,2015,30,10,65.2,251,22.7,3.2,0.242,0.48,0.275,0.324,6,2.7,36.4,21.1,49,38.6,26.1,27.7,7.6,R,948,44,89.3,2393,-3.5,,17.5,1.5,3.3,85.3,2402,5.7,,11.8,1.7,11.1,84.7,1928,-7.6,,15.4,2.5,14.1,76.1,2506,7.6,,14.8,2.5,2.7,88.4,2286,-10,,17.2,1.5,24.8,85.2,2494,5.3,,9.9,1.7,,,,,,,,,,,,,,,,,,,,,,,,,,,,,,,,,,,,,,,,,,
"Venditte, Pat",519381,2015,30,26,28.2,119,19.3,10.1,0.2,0.362,0.296,0.291,10.7,1.2,26.2,22.6,43.4,33.3,32.1,20.2,14.3,L,148,,,,,,,,61.5,72.7,2529,-16.1,,17.1,1.4,2,76.9,1658,4.1,,16.2,1.6,,,,,,,,36.5,83.6,2496,11.7,,15.6,1.3,,,,,,,,,,,,,,,,,,,,,,,,,,,,,,,,,,,,,,,,,,,,,,,,,
"Venditte, Pat",519381,2015,30,26,28.2,119,19.3,10.1,0.2,0.362,0.296,0.291,10.7,1.2,26.2,22.6,43.4,33.3,32.1,20.2,14.3,R,341,,,,,,,,51.6,73.7,2530,7.2,,19.8,1.7,1.5,78.6,1508,-1.5,,17.9,1.5,,,,,,,,46.9,85.5,2382,-5.6,,15.7,1.7,,,,,,,,,,,,,,,,,,,,,,,,,,,,,,,,,,,,,,,,,,,,,,,,,
"Romero, Enny",544836,2015,24,23,30,140,22.1,9.3,0.251,0.392,0.349,0.316,3.1,1,37.5,25.6,45.7,49,19.8,25,6.3,L,598,66.9,96.7,2336,14.7,,23.7,1.7,12,84.5,2051,1.7,,4.3,1.9,1,90.7,2188,20.7,,24.1,2.1,,,,,,,,0.3,93.9,2280,18,,20.3,1.5,19.7,90,2299,4.4,,9,1.7,,,,,,,,,,,,,,,,,,,,,,,,,,,,,,,,,,,,,,,,,,
"Oberg, Scott",623184,2015,25,64,58.1,259,17,12,0.247,0.401,0.364,0.34,2.2,3.4,28.1,20.5,43.6,55.6,17.4,23,3.9,R,995,49.8,95.8,2117,-7.9,,13.9,1.4,19.3,85.3,2435,6.3,,7.9,2.1,5.8,88.3,1902,-12,,13.9,1.3,11.3,78.5,2934,13.9,,20.3,1.4,13.8,95.4,2085,-14.2,,15.4,1.4,,,,,,,,,,,,,,,,,,,,,,,,,,,,,,,,,,,,,,,,,,,,,,,,,
"Breslow, Craig",444520,2015,34,45,65,280,16.4,8.2,0.249,0.425,0.347,0.319,8.1,3.3,35.4,21.3,48.9,38.3,28.7,22,11,L,1009,43.5,90.5,2068,11.7,,22.1,1.5,16.7,86.2,2255,1.1,,8.1,1.5,24.7,79.4,1677,12.5,,21.2,1.7,4.7,74.1,2158,-4.2,,9.6,2.4,10.5,89.8,2003,17.2,,21.6,1.6,,,,,,,,,,,,,,,,,,,,,,,,,,,,,,,,,,,,,,,,,,,,,,,,,
"Burnett, A.J.",150359,2015,38,26,164,699,20.5,7,0.261,0.406,0.315,0.323,4.8,2.4,38.7,21.1,45.1,55,14.1,26.8,4,R,2490,11.7,91.7,2082,-6.2,,13.8,1.4,,,,,,,,8.8,86.3,1678,-10.8,,12,1.8,29.4,82.3,2023,8.7,,12.8,1.5,50.1,91.5,1992,-12.4,,14.8,1.3,,,,,,,,,,,,,,,,,,,,,,,,,,,,,,,,,,,,,,,,,,,,,,,,,
"Rea, Colin",607067,2015,24,6,31.2,133,19.5,8.3,0.269,0.46,0.305,0.345,5.3,2.1,41.1,13.6,41.9,49.5,18.9,30.5,1.1,R,525,34.9,91.7,2062,-4.6,,16.5,1.2,,,,,,,,,,,,,,,19,78.5,2124,12.8,,17.3,1.7,24.4,91.8,2008,-10.9,,16.6,1.3,17.7,86.7,2007,4.6,,9.3,1.5,4,80.9,836,-5.5,,10.2,1.5,,,,,,,,,,,,,,,,,,,,,,,,,,,,,,,,,,,
"Garza, Matt",490063,2015,31,26,148.2,666,15.6,8.6,0.271,0.424,0.359,0.335,5.4,4,32,17.2,48.6,47.3,17.9,28,6.8,R,2380,43.4,93.3,1987,-6.4,,17.5,1.4,15.5,85.7,1774,5.4,,6.8,2,3,85.6,1596,-9.9,,16.2,1.6,14.2,74.5,2141,8.6,,18,1.7,23.8,93.1,1925,-12.3,,18.5,1.3,,,,,,,,,,,,,,,,,,,,,,,,,,,,,,,,,,,,,,,,,,,,,,,,,
"Fister, Doug",450729,2015,31,25,103,449,14,5.3,0.273,0.434,0.341,0.329,3.4,3.9,32.6,12.8,44.4,46.6,18,30.3,5.1,R,1644,6.2,86.8,1973,-8.4,,17,1.4,,,,,,,,12.5,79,1627,-13.9,,15.6,1.7,6.8,71.6,1955,7.9,,16.8,1.4,63.7,86.7,1944,-13.8,,17.4,1.6,10.9,82.3,1953,4.2,,7.1,1.9,,,,,,,,,,,,,,,,,,,,,,,,,,,,,,,,,,,,,,,,,,
"Alvarez III, Henderson",506693,2015,25,4,22.1,102,8.8,6.9,0.303,0.417,0.332,0.336,1.2,2.3,31.4,12.4,45.8,60.5,12.8,24.4,2.3,R,296,25.3,91.8,1931,-6,,16.1,1.3,17.9,83.4,1908,8.1,,8.8,1.8,29.4,87.6,1542,-8.5,,11.8,1.7,1.7,75.2,1429,8.6,,10.3,1.9,25.7,91.8,1882,-12.7,,16.3,1.3,,,,,,,,,,,,,,,,,,,,,,,,,,,,,,,,,,,,,,,,,,,,,,,,,
"Otero, Dan",519096,2015,30,41,46.2,204,13.7,2.9,0.306,0.489,0.374,0.351,4.8,4.2,38.7,15.9,49.2,50,18.5,28,3.6,R,719,17.8,90.6,2187,-9.9,,17.6,1.3,8.9,85.3,1981,3.8,,8.1,2.4,10.3,83.3,1333,-11,,11.6,1.4,4.5,78.7,1995,11.7,,13.3,1.4,58.6,90.2,2079,-15.1,,16.5,1.2,,,,,,,,,,,,,,,,,,,,,,,,,,,,,,,,,,,,,,,,,,,,,,,,,
"Iwakuma, Hisashi",547874,2015,34,20,129.2,516,21.5,4.1,0.26,0.411,0.29,0.309,6.5,3.1,34.2,23.2,50.6,53,19.1,21.9,6,R,1861,18.1,89.7,2259,-10.3,,17.3,1.9,17,81.3,2102,6.2,,7.7,2.2,,,,,,,,7,72.9,2243,13.8,,16.8,3,35.7,88.3,1998,-14.7,,16.3,2,1.6,86.4,2163,-0.7,,10.2,1.5,20.7,84,1541,-12,,13.4,2.5,,,,,,,,,,,,,,,,,,,,,,,,,,,,,,,,,,,
"Sipp, Tony",448609,2015,31,60,54.1,216,28.7,6.9,0.191,0.297,0.265,0.247,5.1,1.4,26.8,30.7,49.2,41.3,27.5,22.5,8.7,L,848,46.9,91.6,2164,10.7,,21.2,1.1,29.2,80.7,1680,3.9,,5.4,1.4,20.5,79.2,772,14.6,,16.9,1.4,,,,,,,,3.3,90.4,2108,15.9,,20.2,1.4,,,,,,,,,,,,,,,,,,,,,,,,,,,,,,,,,,,,,,,,,,,,,,,,,
"Báez, Pedro",520980,2015,27,52,51,208,28.8,5.3,0.198,0.334,0.296,0.257,5.1,5.1,28.7,30.4,53.8,41.2,28.7,22.8,7.4,R,827,58.5,97.8,2341,-6.5,,17.1,1.5,14.5,89.3,1920,3.1,,6.2,2,11.4,87.9,1795,-10.6,,14.4,1.7,,,,,,,,15.6,97.2,2244,-12.5,,17.2,1.5,,,,,,,,,,,,,,,,,,,,,,,,,,,,,,,,,,,,,,,,,,,,,,,,,
"Flande, Yohan",456071,2015,29,19,68.1,296,14.5,8.4,0.274,0.474,0.364,0.355,5.3,2.2,40.1,18.4,43.4,61.2,12.8,23.3,2.6,L,1054,7.9,91.3,1934,6.9,,13.9,1.3,30.4,85.5,1808,1.3,,6.7,1.6,16.4,85.8,1739,9.9,,10.7,1.2,,,,,,,,45.4,91.3,1959,12.2,,15.2,1.1,,,,,,,,,,,,,,,,,,,,,,,,,,,,,,,,,,,,,,,,,,,,,,,,,
"Betancourt, Rafael",429783,2015,40,45,39.1,175,22.9,6.9,0.221,0.349,0.314,0.266,4.1,0,32.5,24.7,52.6,24.4,25.2,33.3,17.1,R,685,62.9,91.4,2563,-3.9,,18.6,1.2,17.4,79.3,2219,6.4,,7.3,1.9,12,84.8,1705,-9.1,,14.4,1.3,,,,,,,,,,,,,,,7.7,90.6,2526,1,,18.1,1.4,,,,,,,,,,,,,,,,,,,,,,,,,,,,,,,,,,,,,,,,,,
"Storen, Drew",519322,2015,27,58,55,228,29.4,7,0.206,0.313,0.268,0.265,5.7,2.9,26.4,28.6,45.6,43.6,17.1,29.3,10,R,849,36,94.8,2330,-7.4,,16.4,1.1,35.5,83.2,1926,15.4,,16.1,1.2,10.6,87.8,2034,-14.4,,14.8,1.1,,,,,,,,17.9,94.3,2058,-15.8,,17.2,1.3,,,,,,,,,,,,,,,,,,,,,,,,,,,,,,,,,,,,,,,,,,,,,,,,,
"Feldman, Scott",444857,2015,32,18,108.1,451,13.5,6,0.279,0.415,0.319,0.325,3,3.3,31.7,17.1,45.5,50.7,18.7,26.4,4.1,R,1763,9,90.6,2177,-1.5,,12.7,1.5,,,,,,,,3.3,84.7,1640,-10.4,,13.4,1.5,25.1,75.1,2458,17.4,,20.9,2.1,23.9,90.8,2125,-9.8,,14.7,1.5,38.7,88.9,2205,7.1,,11.9,1.5,,,,,,,,,,,,,,,,,,,,,,,,,,,,,,,,,,,,,,,,,,
"Buehrle, Mark",279824,2015,36,32,198.2,827,11,4,0.285,0.456,0.321,0.335,6.5,5.2,33,11.7,48.1,47.7,20.7,24.7,6.9,L,2818,26.4,84.5,2076,2,,12.7,1.6,,,,,,,,21.1,78.7,1625,14.1,,16.2,1.7,8.6,71.7,2137,-8.2,,11.9,2,24.5,83.5,1973,12.6,,15.6,2,19.5,79.9,1907,-2,,8.5,1.7,,,,,,,,,,,,,,,,,,,,,,,,,,,,,,,,,,,,,,,,,,
"Pérez, Williams",554234,2015,24,23,116.2,514,14.2,9.9,0.273,0.427,0.353,0.35,5.5,2.1,39.9,15.1,42.9,50.9,18.4,27.6,3.1,R,1863,0.1,89,1851,-10.2,,13.9,,,,,,,,,16,79.7,1409,-11.1,,11.5,2.1,12.3,77.3,1841,6.6,,9.7,2,71.7,91.2,1897,-16.7,,17.5,1.5,,,,,,,,,,,,,,,,,,,,,,,,,,,,,,,,,,,,,,,,,,,,,,,,,
"Goforth, David",592341,2015,26,20,24.2,111,21.6,7.2,0.254,0.381,0.364,0.298,6.3,6.3,34.2,26.8,52.5,51.9,12.7,29.1,6.3,R,390,29.7,95,2420,-0.2,,17.1,1.1,42.8,89.7,2135,4.8,,7.2,1.7,0.5,85.6,1245,-10.8,,12,1.5,0.3,78.7,1183,6.6,,13,,26.7,94.6,2294,-9.3,,16.1,1.3,,,,,,,,,,,,,,,,,,,,,,,,,,,,,,,,,,,,,,,,,,,,,,,,,
"Liriano, Francisco",434538,2015,31,31,186.2,773,26.5,9.1,0.228,0.342,0.282,0.291,4.1,4.1,28.2,32.9,44.9,53.8,15.2,26.4,4.7,L,2978,3.1,92.7,2031,9.1,,17.5,1.7,32.5,85.5,2056,-1.3,,4.5,2.3,20.4,85,1784,16.7,,18.3,1.4,0.2,72.8,1844,-0.1,,8.2,2.8,43.8,93.1,2027,15.7,,18.9,1.6,,,,,,,,,,,,,,,,,,,,,,,,,,,,,,,,,,,,,,,,,,,,,,,,,
"Romo, Sergio",489265,2015,32,70,57.1,230,30.9,4.3,0.201,0.287,0.268,0.232,3.4,5.4,23,36,47.9,47.3,14.2,27.7,10.8,R,873,24.4,88.1,2335,-12.2,,16.8,1,57.7,77.9,2630,17.5,,18.6,1.6,4.4,82.7,1848,-15.5,,15.9,1.6,1.6,77.8,2087,18.2,,18.7,1.5,11.9,87.8,2219,-17.2,,17.6,1,,,,,,,,,,,,,,,,,,,,,,,,,,,,,,,,,,,,,,,,,,,,,,,,,
"Pineda, Michael",501381,2015,26,27,160.2,668,23.4,3.1,0.242,0.383,0.322,0.287,5.1,3.9,34.2,25.7,51,50.2,17.4,26,6.4,R,2548,38.7,93.4,2106,-1.6,,11.6,1.8,34.5,86.1,1860,6.2,,7.1,2.4,11.8,88.8,1856,-13.5,,16,2,0,73.6,999,13.1,,13.1,,1.2,94.4,2104,-6.4,,9.7,1.3,13.8,93.3,2121,3.5,,10.9,1.8,,,,,,,,,,,,,,,,,,,,,,,,,,,,,,,,,,,,,,,,,,
"Friedrich, Christian",543184,2015,27,68,58.1,270,16.7,9.3,0.286,0.414,0.354,0.343,6,4.5,31.7,23.8,49.1,49.2,13.1,33.2,4.5,L,967,42.6,91.8,2168,2.8,,15.7,1.3,35,86.5,2214,-3.7,,6.5,1.7,3.6,86.8,2274,4.7,,9.3,1.7,12.2,78,2626,-5.6,,13.2,1.5,6.6,91.5,2117,9.7,,17.7,1.4,,,,,,,,,,,,,,,,,,,,,,,,,,,,,,,,,,,,,,,,,,,,,,,,,
"Scherzer, Max",453286,2015,30,33,228.2,899,30.7,3.8,0.202,0.34,0.259,0.253,5.7,3.4,29.8,30.7,55.2,38.4,23.5,26.7,11.5,R,3353,59.3,94.8,2498,-12.6,,18.9,1.8,17.9,86.6,2217,2.7,,4.9,1.6,13.1,85.4,1474,-14.5,,15,1.5,8.1,80.1,2189,7.3,,8.9,1.7,,,,,,,,1.6,89.9,2292,-2.4,,6.4,1.3,,,,,,,,,,,,,,,,,,,,,,,,,,,,,,,,,,,,,,,,,,
"Bradley, Archie",605151,2015,22,8,35.2,161,14.3,13.7,0.264,0.406,0.34,0.352,5.3,2.6,42.1,18.5,38.7,59.6,14,21.1,5.3,R,640,73,92.8,2390,-8.1,,18.4,1,,,,,,,,2.8,85.2,1530,-8.9,,12.5,1.3,24.2,81.5,1900,5.9,,12.7,1.7,,,,,,,,,,,,,,,,,,,,,,,,,,,,,,,,,,,,,,,,,,,,,,,,,,,,,,,,
"Pérez, Oliver",424144,2015,33,70,41,183,27.9,8.2,0.209,0.302,0.299,0.269,1.8,1.8,23.9,27.7,46.9,40.7,23,28.3,8,L,722,39.1,92.6,2250,14.4,,20.6,1.5,42.7,79.8,1858,-12.3,,12.9,1.8,0.1,84.1,1845,16.3,,16.4,,,,,,,,,18.1,92,2123,19.6,,20.8,1.6,,,,,,,,,,,,,,,,,,,,,,,,,,,,,,,,,,,,,,,,,,,,,,,,,
"Harang, Aaron",421685,2015,37,29,172.1,748,14.4,6.8,0.268,0.467,0.345,0.345,6.3,2.4,37,16.9,48.1,38.6,23.5,28.6,9.3,R,2832,35.1,89.6,2349,-7.6,,19.8,1.9,17.2,81.7,2009,2.9,,4.5,1.6,10.2,84.1,1640,-12.6,,16.4,1.3,4.7,74.2,1990,4.3,,10.3,3,32.8,89.9,2251,-15,,20.2,1.9,,,,,,,,,,,,,,,,,,,,,,,,,,,,,,,,,,,,,,,,,,,,,,,,,
"Hendriks, Liam",521230,2015,26,58,64.2,261,27.2,4.2,0.233,0.341,0.264,0.271,4.5,4,35,23.7,52.3,49.2,18.6,25.4,6.8,R,1030,30.4,95.5,2192,-2.7,,18.2,1.9,26.5,88,1926,4.4,,6.9,2.4,2.2,89.3,1551,-6.9,,12,1.5,4.8,77.6,1954,7,,14.3,1.4,36.1,95.3,2150,-9.6,,18.5,1.5,,,,,,,,,,,,,,,,,,,,,,,,,,,,,,,,,,,,,,,,,,,,,,,,,
"Sánchez, Aníbal",434671,2015,31,25,157,660,20.9,7.4,0.241,0.387,0.33,0.304,4.9,3.4,31.1,23,45.5,41.1,22.9,26.9,9.1,R,2526,35.4,92.4,2392,-2.6,,19.1,1.6,18.6,87.1,2316,6.3,,9.3,1.8,1.7,74.1,1357,-7.7,,14.5,2.6,8.5,78.3,2031,6.4,,9.6,2,11,92.7,2275,-10.8,,19.1,1.5,8.9,91.7,2420,3.2,,17.1,2.3,16,86.3,1651,-11.9,,15.4,1.9,,,,,,,,,,,,,,,,,,,,,,,,,,,,,,,,,,,
"Grace, Matt",594840,2015,26,26,17,84,16.7,9.5,0.262,0.327,0.366,0.299,4.9,6.6,44.3,15.2,42.9,59,11.5,26.2,3.3,L,301,1,91.7,1829,6.2,,19.6,1.4,21.3,82.7,1758,-2,,3.9,1.8,4.3,84.8,1560,15.6,,16.9,1.3,,,,,,,,73.4,91.7,1760,16.4,,18.4,1.6,,,,,,,,,,,,,,,,,,,,,,,,,,,,,,,,,,,,,,,,,,,,,,,,,
"Carpenter, David",502304,2015,29,30,24.2,107,14,8.4,0.262,0.365,0.345,0.314,4.9,2.4,37.8,24.6,50,41.5,23.2,25.6,9.8,R,385,70.4,95.6,2168,-10.7,,19.7,1.3,29.1,86.8,2021,6.9,,8.3,1.6,0.5,90.3,1578,-14.2,,16.6,1.5,,,,,,,,,,,,,,,,,,,,,,,,,,,,,,,,,,,,,,,,,,,,,,,,,,,,,,,,,,,,,,,
"Ohlendorf, Ross",456027,2015,32,21,19.1,85,22.4,8.2,0.253,0.411,0.334,0.309,10.2,3.4,33.9,23.6,46,35.6,20.3,33.9,10.2,R,379,59.9,94.4,2195,-8.2,,21,1.3,34.6,82.3,1677,6.1,,6.9,1.5,5.5,86.6,2157,-12.4,,20.2,1.5,,,,,,,,,,,,,,,,,,,,,,,,,,,,,,,,,,,,,,,,,,,,,,,,,,,,,,,,,,,,,,,
"Ross Jr., Robbie",543726,2015,26,54,60.2,259,20.5,7.7,0.25,0.39,0.315,0.311,2.7,9.3,29,22,47.4,51.4,15.3,26.2,7.1,L,998,61.5,93,2051,6.3,,14.9,1.4,16.7,86.9,1962,-1.6,,4.7,1.5,0.1,87,1413,16.3,,16.4,,19.7,77.4,2210,-3.7,,5.8,3,0.3,94.7,2149,8.3,,10.5,1.5,1.6,93.4,2055,-1.9,,11.4,1.5,,,,,,,,,,,,,,,,,,,,,,,,,,,,,,,,,,,,,,,,,,
"Clippard, Tyler",461325,2015,30,69,71,301,21.3,10.3,0.206,0.364,0.267,0.296,5.9,2,26.2,25.9,49.8,22.8,36.1,27.2,13.9,R,1229,45.6,92.1,2299,-3,,19.3,1.1,,,,,,,,38.2,79.5,2074,-9.2,,19.2,1.3,1.1,74.3,1755,9.5,,14.4,1.4,,,,,,,,,,,,,,,15.1,82.6,1544,1.4,,6.5,1.4,,,,,,,,,,,,,,,,,,,,,,,,,,,,,,,,,,,
"Eovaldi, Nathan",543135,2015,25,27,154.1,673,18,7.3,0.257,0.379,0.316,0.311,4.6,2.8,34.8,21.2,47.2,53,17,25.2,4.8,R,2637,47.1,97.4,2170,-9.4,,17.9,1.8,23.4,84.9,1651,7.1,,8.1,1.9,5.3,85.4,962,-4.9,,7.9,1.6,9.1,75.9,2059,12.9,,17.8,1.7,0.8,98,2176,-15.3,,18,1.6,,,,,,,,14.3,90,1465,-9,,10.7,1.8,,,,,,,,,,,,,,,,,,,,,,,,,,,,,,,,,,,
"Cahill, Trevor",502239,2015,27,26,43.1,187,19.3,8.6,0.265,0.405,0.318,0.331,3.8,3.8,41.4,22.7,44.2,63.9,9,25.6,1.5,R,674,3.1,93.1,2163,-9.9,,15.8,1.5,16.5,88.6,2046,0.4,,6.4,1.4,15.9,83.9,1532,-13.4,,13.7,1.7,12.6,80.7,2583,8.4,,15.5,1.8,51.9,92,2166,-17.3,,18.7,2.1,,,,,,,,,,,,,,,,,,,,,,,,,,,,,,,,,,,,,,,,,,,,,,,,,
"Barrett, Aaron",502578,2015,27,40,29.1,122,28.7,4.9,0.236,0.386,0.281,0.301,12.8,3.8,37.2,29.2,48.7,44.9,11.5,33.3,10.3,R,478,14.4,94.7,2090,-3.9,,16,1.1,39.3,86,2056,13.5,,14.2,1.4,1.5,86.7,1714,-11.3,,14.3,1.8,,,,,,,,44.8,94.8,2025,-13.4,,17.5,1.3,,,,,,,,,,,,,,,,,,,,,,,,,,,,,,,,,,,,,,,,,,,,,,,,,
"Pérez, Martín",527048,2015,24,14,78.2,338,14.2,7.1,0.27,0.392,0.318,0.318,3.4,3.4,33.3,17.6,48.6,60.2,12.5,22.3,4.9,L,1212,22.5,92.7,2078,10,,18.3,1.3,10.9,86.4,2067,-0.8,,6.6,1.5,21.1,84.6,1649,15.2,,18.9,1.4,9.4,78.6,2060,-2.7,,7.3,2.1,36.1,91.9,2004,16.6,,19.4,1.7,,,,,,,,,,,,,,,,,,,,,,,,,,,,,,,,,,,,,,,,,,,,,,,,,
"Abad, Fernando",472551,2015,29,62,47.2,205,22,9.3,0.223,0.425,0.342,0.311,6.4,6.4,36.4,24,48.5,40.7,24.3,27.9,7.1,L,821,25.7,91.4,2227,6.9,,16.4,2.2,0.1,79.4,,-7.2,,11.1,,13.5,73.2,1951,11.5,,19.9,3,11.9,77.3,2152,-5,,10.3,2.5,35.1,91,2209,11.7,,17,2.4,13.6,86.1,2220,-0.6,,7,1.5,,,,,,,,,,,,,,,,,,,,,,,,,,,,,,,,,,,,,,,,,,
"Thompson, Aaron",457744,2015,28,41,32.1,137,12.4,8,0.275,0.422,0.293,0.33,5.5,3.7,35.8,24.4,46.4,38.5,27.5,27.5,6.4,L,492,44.3,90.3,1883,7.9,,20,1.4,48.6,81.7,1923,-0.8,,3.8,1.8,6.7,83.2,1432,14.5,,18.8,1.4,0.4,73.3,1658,-3.5,,7,1.5,,,,,,,,,,,,,,,,,,,,,,,,,,,,,,,,,,,,,,,,,,,,,,,,,,,,,,,,
"Roark, Tanner",543699,2015,28,40,111,466,15,5.6,0.269,0.451,0.336,0.333,5.5,3.6,27.9,17.5,46.8,49.3,16.4,29.3,4.9,R,1788,2.8,93.3,2078,-3.1,,18.7,1.5,15,86.2,2108,3.8,,5.8,1.8,6.9,83.3,1931,-13.6,,16.8,1.4,11.2,76.9,2597,14.5,,20.1,1.8,64,93.4,2045,-11.6,,18.4,1.6,,,,,,,,,,,,,,,,,,,,,,,,,,,,,,,,,,,,,,,,,,,,,,,,,
"Hellickson, Jeremy",476451,2015,28,27,146,636,19,6.8,0.267,0.46,0.334,0.341,4.1,1.7,36.7,23.1,47.7,44.8,19.3,30.5,5.4,R,2470,41.9,90.7,2139,-10.2,,18.9,1,0.2,89.2,2099,-7.6,,17,1.4,22.2,80.8,1855,-8.6,,13.4,1.3,20.5,77.6,2784,12.5,,19.5,2.4,14.6,90.6,2097,-13.8,,18.2,1.1,0.6,87.7,2321,1.3,,16,1.4,,,,,,,,,,,,,,,,,,,,,,,,,,,,,,,,,,,,,,,,,,
"Verrett, Logan",548337,2015,25,18,47.2,190,20.5,7.9,0.219,0.388,0.262,0.293,6,4.5,29.1,24.6,49.6,46.3,28.4,21.6,3.7,R,685,36.2,91.2,2210,-6.7,,17.7,1.4,24.1,84.6,2166,-0.5,,3.3,1.5,14.9,84.5,1755,-13.5,,14.7,1.9,5,78.4,2183,1.5,,6.2,1.9,19.9,90.3,2206,-14.1,,18.5,1.5,,,,,,,,,,,,,,,,,,,,,,,,,,,,,,,,,,,,,,,,,,,,,,,,,
"Ramos, Cesár",459987,2015,31,65,52.1,221,19.5,6.8,0.268,0.359,0.304,0.311,4.4,1.9,32.5,20.3,46.3,48.8,16.9,29.4,5,L,789,45,90.3,2150,14,,20.2,1.2,36.5,84.3,2112,-2,,7.3,1.4,4.4,83.1,1838,14.1,,20.2,1.5,11.8,70.9,2582,-11.4,,20.1,1.4,2.3,91.4,,16.5,,17,1.3,,,,,,,,,,,,,,,,,,,,,,,,,,,,,,,,,,,,,,,,,,,,,,,,,
"Danks, John",433579,2015,30,30,177.2,768,16.1,7.3,0.249,0.402,0.344,0.312,6,3.6,30.4,19.9,48.1,39.7,25,25.8,9.6,L,2911,34.3,90,2358,10.6,,22.3,1.6,0.3,80.3,2079,-1.1,,9.5,2.3,29.1,81.5,1786,15.2,,19.9,1.7,12.2,76.2,1774,-4.4,,6.5,2.2,10.4,90,2269,16.4,,21.9,1.5,13.7,86.5,2368,0.4,,14.3,2,,,,,,,,,,,,,,,,,,,,,,,,,,,,,,,,,,,,,,,,,,
"Avilán, Luis",501593,2015,25,73,53.1,220,22.3,6.8,0.228,0.34,0.287,0.278,3.9,5.8,21.9,27.7,52.3,50.3,17.4,25.8,6.5,L,814,22.9,94.2,2253,12.8,,19.2,1.2,,,,,,,,29.7,82.1,2084,16,,16.9,1.7,6.8,78,1849,-10.1,,12.3,1.4,39.9,94.1,2208,16.9,,19.7,1.3,0.7,87.5,2154,9.9,,14,1.6,,,,,,,,,,,,,,,,,,,,,,,,,,,,,,,,,,,,,,,,,,
"Roberts, Ken",594977,2015,27,15,13.2,65,9.2,4.6,0.26,0.394,0.381,0.316,7.3,5.5,41.8,15.3,47.2,56.4,12.7,25.5,5.5,L,235,63.8,89.1,2038,10.8,,15.7,1.2,,,,,,,,11.9,82.4,1697,7.4,,9,1.4,23.8,77.4,2611,-8.2,,13,1.4,,,,,,,,0.4,89.5,2186,-2.1,,10.4,,,,,,,,,,,,,,,,,,,,,,,,,,,,,,,,,,,,,,,,,,,
"Frieri, Ernesto",457117,2015,29,22,23.1,100,19,11,0.22,0.424,0.341,0.32,2.9,0,40.6,19.2,46.8,30.4,39.1,20.3,10.1,R,378,47.1,91.9,2448,-7.6,,21.4,1.1,40.2,83.1,2007,7.2,,13.7,2.5,7.1,85.1,1834,-11.4,,15.6,2,1.3,80.7,1546,8.2,,14.5,1.4,4.2,92.8,2455,-13.5,,23.4,1.4,,,,,,,,,,,,,,,,,,,,,,,,,,,,,,,,,,,,,,,,,,,,,,,,,
"Despaigne, Odrisamer",628333,2015,28,34,125.2,548,12.6,6,0.28,0.428,0.346,0.337,3.2,3.2,30,14.5,44.3,53.1,14,27.5,5.5,R,1910,30.1,91.5,2099,-2.9,,13.1,1.7,6.8,86.6,2240,2.7,,8.8,1.5,10.7,77.9,1331,-6.4,,13.4,2.1,10.2,78.9,2768,14.1,,17.5,2.4,32.6,91.7,2129,-12.6,,14.8,1.8,9.6,91.3,2099,2.8,,11.9,1.7,,,,,,,,,,,,,,,,,,,,,,,,,,,,,,,,,,,,,,,,,,
"Ventura, Yordano",570649,2015,24,28,163.1,693,22.5,8.4,0.24,0.382,0.307,0.313,6.2,2.1,31.9,24.3,45.5,52.8,18.1,26,3.2,R,2649,29.5,97.2,2200,-10.4,,20,1.9,,,,,,,,14.6,87.9,1425,-11.6,,15.2,1.7,24,84.6,2550,6,,12.1,2.1,28,96.8,2102,-15.1,,19.5,1.8,3.9,92.4,2200,-4.2,,13.2,1.4,,,,,,,,,,,,,,,,,,,,,,,,,,,,,,,,,,,,,,,,,,
"Odorizzi, Jake",543606,2015,25,28,169.1,700,21.4,6.6,0.243,0.418,0.295,0.314,7.4,2.4,33.9,23.2,48.9,40.1,23.4,27.7,8.8,R,2754,36,91.9,2180,-2.7,,21.1,1.3,3.6,82.9,1891,11.3,,13,1.4,,,,,,,,3.3,71.8,2207,10.5,,16.7,1.9,14.8,92,2145,-9.1,,19.7,1.3,12.3,86.7,2081,6.3,,16.9,1.7,29.8,85.6,1457,-8.4,,13.6,1.5,,,,,,,,,,,,,,,,,,,,,,,,,,,,,,,,,,,
"Morton, Charlie",450203,2015,31,23,129,563,17.1,7.3,0.263,0.394,0.333,0.321,5.3,2.9,37.2,18.5,47.1,60.4,13.8,22.7,3.1,R,1973,6.3,92.8,2052,-12.5,,16,1.5,,,,,,,,,,,,,,,23.7,79.3,2973,18.1,,22.4,1.3,61.4,92.5,1951,-14.5,,15,1.3,,,,,,,,8.6,84.8,2038,-15,,15.6,2.2,,,,,,,,,,,,,,,,,,,,,,,,,,,,,,,,,,,
"Rodríguez, Francisco",408061,2015,33,60,57,216,28.7,5.1,0.225,0.338,0.237,0.266,4.9,3.5,28.9,29.6,48.9,47.9,17.6,28.9,5.6,R,827,25.4,90.3,2109,-6.9,,18.7,1,,,,,,,,42.6,83.5,1630,-10.3,,11.7,2,12.2,75.6,2272,12.6,,18.8,1.3,19.8,89.9,1949,-13.5,,18.2,1,,,,,,,,,,,,,,,,,,,,,,,,,,,,,,,,,,,,,,,,,,,,,,,,,
"Lamb, John",543424,2015,24,10,49.2,220,26.4,8.6,0.221,0.372,0.368,0.296,2.8,4.3,29.8,25.6,45,40.4,19.1,31.9,8.5,L,911,56.1,91.6,2130,10,,19.5,1.7,,,,,,,,16.5,77.9,1549,12.3,,16.3,2.3,8.6,70.1,2219,-12,,17.1,2,,,,,,,,18.9,87,1986,-0.4,,7,2.1,,,,,,,,,,,,,,,,,,,,,,,,,,,,,,,,,,,,,,,,,,
"Pressly, Ryan",519151,2015,26,27,27.2,119,18.5,10.1,0.257,0.356,0.287,0.306,7.1,0,36.5,21.2,47.9,49.4,18.8,27.1,4.7,R,420,36.7,95.1,2385,-1.6,,17,1.4,29.8,88,2245,6.6,,8,1.7,1.7,88.4,1900,-8.9,,11.7,1.6,23.6,82.4,2775,16.7,,20,1.5,8.3,94.3,2303,-9.5,,15.4,1.6,,,,,,,,,,,,,,,,,,,,,,,,,,,,,,,,,,,,,,,,,,,,,,,,,
"Niese, Jonathon",477003,2015,28,33,176.2,770,14.7,7.1,0.262,0.395,0.333,0.319,4.6,3.2,32.5,14.4,45.2,57.5,17.5,22.4,2.5,L,2682,25.9,89.6,2050,8.1,,14.6,1.5,2.4,80.6,1957,-3,,4.7,1.8,13,83.3,1347,14,,15.5,1.6,15.3,74.9,2187,-5.6,,10.8,1.8,27.3,89.5,1892,16.3,,17.6,1.6,16.1,87.6,2178,1.2,,9.2,1.3,,,,,,,,,,,,,,,,,,,,,,,,,,,,,,,,,,,,,,,,,,
"Masset, Nick",434665,2015,33,28,25,113,15.9,8,0.31,0.474,0.344,0.363,7.1,1.2,42.9,18.2,47.1,48.8,19,28.6,3.6,R,387,11.9,92.5,2271,-6.3,,16.7,1.3,,,,,,,,,,,,,,,19.4,79.7,2422,11.9,,18.2,1.7,56.8,92.6,2188,-14,,18.4,1.1,5.4,90,2100,-4.3,,13.4,1.3,6.5,87.6,1360,-13.6,,15.7,1.6,,,,,,,,,,,,,,,,,,,,,,,,,,,,,,,,,,,
"Wagner, Tyler",621281,2015,24,3,13.2,67,7.5,10.4,0.314,0.464,0.441,0.384,14.5,5.5,47.3,12.7,44.5,52.7,16.4,27.3,3.6,R,247,40.9,90.3,2129,-10.7,,15.3,1.3,,,,,,,,19,85,1620,-9.9,,11.6,1.5,10.9,78.5,1920,10.8,,14.2,1.7,0.8,90.2,2180,-13.6,,14.6,1.4,28.3,89.6,2158,0.7,,9.9,1.4,,,,,,,,,,,,,,,,,,,,,,,,,,,,,,,,,,,,,,,,,,
"Thornton, Matt",407819,2015,38,60,41.1,171,13.5,6.4,0.272,0.4,0.249,0.313,2.9,10.3,34.6,18.9,48.1,45.6,16.9,27.9,9.6,L,581,36.1,94.2,2131,9.8,,19.3,1.2,18.2,84.1,1837,-2.3,,4.2,1.3,,,,,,,,,,,,,,,35.3,94.3,2140,14.5,,19.7,1.2,10.3,87.7,1373,13.9,,16.5,1.3,,,,,,,,,,,,,,,,,,,,,,,,,,,,,,,,,,,,,,,,,,
"Wada, Tsuyoshi",493159,2015,34,8,32.1,136,22.8,8.1,0.262,0.402,0.328,0.322,6.5,1.1,40.9,16.9,45.3,50.5,18.3,23.7,7.5,L,528,50.4,89.1,2100,9.2,,20,1.1,12.9,82.5,1994,-3.6,,7.2,1.7,14,81.9,1244,11.1,,11.9,1.2,7,73.7,2219,-5.1,,6.7,1.5,10.4,88.3,1917,16.3,,20.4,1.3,5.3,85.9,2024,3.7,,15.2,1.3,,,,,,,,,,,,,,,,,,,,,,,,,,,,,,,,,,,,,,,,,,
"Norris, Bud",502032,2015,30,38,83,377,18.8,8.2,0.275,0.461,0.382,0.352,6.3,2.2,37.3,23.5,44.3,46.5,19.6,27.7,6.3,R,1463,55.4,94.4,2266,-7.1,,19.4,1.7,31.5,86.1,2189,7.2,,8.9,2.2,5.8,86,1841,-10.7,,17.4,1.4,,,,,,,,6.7,94.9,2191,-12.8,,18.8,1.4,0.6,96.1,2254,2.5,,16.8,1.5,,,,,,,,,,,,,,,,,,,,,,,,,,,,,,,,,,,,,,,,,,
"Peralta, Wily",503449,2015,26,20,108.2,478,12.6,7.7,0.28,0.446,0.363,0.346,4.8,4.2,38.5,16.8,44.8,52.8,13.8,29.7,3.7,R,1748,32.1,94.8,1867,-8.4,,17.5,1.6,28.5,83.2,1674,3,,4.5,2.4,5.5,84.1,1525,-10.3,,16.2,1.8,,,,,,,,33.9,95.1,1778,-13.3,,17.5,1.8,,,,,,,,0.1,83.3,1499,-9.8,,15.8,,,,,,,,,,,,,,,,,,,,,,,,,,,,,,,,,,,,
"Ramírez, Erasmo",541640,2015,25,34,163.1,665,18.9,6,0.251,0.383,0.289,0.307,4.3,3.1,33.7,23.8,49.8,49.4,18.2,25.1,7.3,R,2409,39.6,91.5,2221,-11,,18.5,1.8,16.6,84.6,2221,6.5,,10.1,1.6,23.2,81.4,1677,-11.1,,13.5,2.1,4.8,78.2,2102,10.9,,11.8,2,15.8,91.4,2216,-15.4,,17.6,1.8,,,,,,,,,,,,,,,,,,,,,,,,,,,,,,,,,,,,,,,,,,,,,,,,,
"Porcello, Rick",519144,2015,26,28,172,737,20.2,5.2,0.266,0.43,0.34,0.327,5.7,2.4,36.5,20.9,46.9,47,21.1,27.6,4.3,R,2739,31.4,92.1,2497,-5.8,,18.1,1.7,10.1,87.1,2415,3.5,,9.5,2,10.8,82.8,1692,-11.6,,15.5,2.8,13.9,75.5,2714,16,,21.7,2.2,33.8,91.1,2382,-13.8,,17.4,1.8,,,,,,,,,,,,,,,,,,,,,,,,,,,,,,,,,,,,,,,,,,,,,,,,,
"Pomeranz, Drew",519141,2015,26,53,86,357,23,8.7,0.229,0.362,0.286,0.295,3.7,1.7,32.4,25.8,47.6,43.2,17,28.2,11.6,L,1440,60,92.5,2439,7.5,,19.5,1.4,,,,,,,,2.2,85.3,2048,16,,22.8,1.7,30.6,80.5,2085,-6.2,,16.5,1.7,7.2,88.8,2171,15.8,,22.3,1.4,0.1,92.5,2528,3,,9,1.4,,,,,,,,,,,,,,,,,,,,,,,,,,,,,,,,,,,,,,,,,,
"Stults, Eric",445590,2015,35,9,47.2,196,15.8,6.6,0.287,0.516,0.353,0.367,6.6,3.3,32.9,16.4,48.5,38.8,27,29.6,4.6,L,750,31.3,89.1,2065,10.3,,19.6,1.4,25.6,82.1,1830,-1.5,,6.6,1.6,19.9,80.6,1531,14.1,,14.8,1.3,3.9,70,1823,-6.1,,13.4,1.8,19.3,85.9,1865,14.4,,18.5,1.3,,,,,,,,,,,,,,,,,,,,,,,,,,,,,,,,,,,,,,,,,,,,,,,,,
"Frasor, Jason",430630,2015,37,32,28,124,17.7,14.5,0.28,0.439,0.316,0.359,4.8,4.8,36.9,19.8,44.6,47.6,26.2,22.6,3.6,R,531,61.6,92.6,2209,-4.7,,19,1,19.4,84.1,1763,6.8,,7.7,1.5,18.8,87,1387,-9.5,,10.6,1.3,,,,,,,,0.2,89.5,,-17.5,,17.8,,,,,,,,,,,,,,,,,,,,,,,,,,,,,,,,,,,,,,,,,,,,,,,,,,
"Masterson, Justin",475416,2015,30,18,59.1,273,17.9,9.9,0.252,0.385,0.378,0.334,5.9,4.3,35.3,19.1,42.5,52.4,17.6,25.1,4.8,R,1010,28.5,88.1,1978,-5.3,,11.4,3.5,29.4,79.2,1855,18.1,,18.9,2.6,4.4,85.5,1954,-3,,12.4,3.1,,,,,,,,37.7,87.4,2048,-13.3,,13.7,2.2,,,,,,,,,,,,,,,,,,,,,,,,,,,,,,,,,,,,,,,,,,,,,,,,,
"Tolleson, Shawn",474521,2015,27,73,72.1,298,25.5,5.7,0.244,0.401,0.288,0.297,5.9,3.9,39.4,24.8,43.9,43.8,17.7,30.5,7.9,R,1152,62.3,93.5,2051,-3.5,,20.1,1.3,12.8,83.8,2330,6.6,,10.3,1.6,18.5,80.4,1270,-8.1,,11.5,1.7,0.8,80.5,1235,-1.9,,7.6,1.4,5.1,93.7,2028,-8.3,,14.6,1.4,0.5,88.7,2128,3.7,,8.5,1.5,,,,,,,,,,,,,,,,,,,,,,,,,,,,,,,,,,,,,,,,,,
"Francis, Jeff",433585,2015,34,14,22,100,21,9,0.277,0.424,0.357,0.343,8.7,4.3,36.2,23,43.5,43.5,20.3,34.8,1.4,L,400,2.3,86.4,2067,2.6,,11.9,1.5,15,79.2,1783,-0.7,,3.5,1.7,16.5,79,1279,11,,13.6,1.8,21.5,70,2184,-13,,15.9,2,44.8,86.6,1942,15.2,,19.4,2.2,,,,,,,,,,,,,,,,,,,,,,,,,,,,,,,,,,,,,,,,,,,,,,,,,
"Duffy, Danny",518633,2015,26,30,136.2,588,17.3,9,0.254,0.398,0.328,0.329,5.7,3.5,32.5,19.9,47.6,40.6,21.9,27.4,10.1,L,2347,44.7,94.5,2244,4.4,,21.4,1.8,,,,,,,,10.1,85.6,2282,14.1,,22.1,1.5,23.9,81.3,2221,-7.4,,10.9,2.3,20.3,94.2,2200,11.4,,21.7,1.7,1,89.7,2146,1.3,,14.7,1.5,,,,,,,,,,,,,,,,,,,,,,,,,,,,,,,,,,,,,,,,,,
"Smith, Joe",501925,2015,31,70,65.1,271,21,7,0.249,0.365,0.296,0.298,4.7,2.1,35.8,19,46.6,53.9,13,28.5,4.7,R,981,18.6,89.4,2118,-16.4,,18,1.3,30,80.3,1934,16.4,,18.3,1.3,0.1,80.4,1857,-22.2,,22.2,,,,,,,,,51.4,88.6,1888,-15.8,,16.4,1.2,,,,,,,,,,,,,,,,,,,,,,,,,,,,,,,,,,,,,,,,,,,,,,,,,
"Gallardo, Yovani",451596,2015,29,33,184.1,793,15.3,8.6,0.272,0.389,0.32,0.323,5,2.7,34.3,16.9,42.2,51.1,15.4,28.7,4.8,R,3224,27.5,91.2,2096,-2.6,,18.8,1.3,31.9,87.8,2193,6.5,,12.1,1.4,5.9,85.7,1889,-11.8,,17.7,1.7,11.7,79.2,2310,6.7,,11.9,1.6,23,91.1,2071,-8.4,,17.4,1.3,0.1,93.1,2147,-7.8,,18.8,1.4,,,,,,,,,,,,,,,,,,,,,,,,,,,,,,,,,,,,,,,,,,
"García, Jason",592329,2015,22,21,29.2,132,16.7,12.9,0.238,0.351,0.316,0.317,3.3,2.2,27.5,22.6,40.4,44,23.1,27.5,5.5,R,491,33.8,94,2301,-5.2,,18.3,1.3,27.3,85.5,1986,6.6,,8,1.6,8.1,89.7,1519,-11.9,,13.1,1.4,,,,,,,,30.8,93.7,2203,-13.8,,17.7,1.3,,,,,,,,,,,,,,,,,,,,,,,,,,,,,,,,,,,,,,,,,,,,,,,,,
"Lohse, Kyle",346798,2015,36,37,152.1,665,16.2,6.5,0.287,0.482,0.362,0.357,5.3,2.9,32,21.9,46.1,41.2,21,31,6.9,R,2529,0.9,89.8,2294,-3.5,,18.8,1.3,27.2,84.7,2115,6.4,,8.9,1.6,21,79.8,1519,-12.6,,15.6,1.1,6.8,75.3,2248,9,,16.6,1.3,43.9,89.9,2137,-11.2,,18.9,1.1,,,,,,,,,,,,,,,,,,,,,,,,,,,,,,,,,,,,,,,,,,,,,,,,,
"Martinez, Nick",607259,2015,24,24,125,558,13.8,8.2,0.285,0.449,0.346,0.358,6.2,3.6,35.5,17.3,44.7,44.1,17.5,33.4,5,R,2113,39,90.3,2248,-9.2,,19.5,1.3,21.9,81.7,2191,4.7,,6.4,1.6,10.8,83.4,2007,-15.3,,18,1.3,6.2,74.8,2534,10,,17.9,1.5,22.1,90.3,2151,-13.4,,18.2,1.5,,,,,,,,,,,,,,,,,,,,,,,,,,,,,,,,,,,,,,,,,,,,,,,,,
"Furbush, Charlie",518703,2015,29,33,21.2,82,20.7,6.1,0.208,0.351,0.179,0.271,10.3,5.2,29.3,25,45.2,50,17.2,24.1,8.6,L,293,32.1,92,2043,8.6,,16.1,1.3,39.6,81.4,2403,-14.9,,16.3,1.3,0.3,84.3,1919,16.1,,23.9,,5.8,78.2,2561,-14.4,,18.1,1.6,22.2,91.7,2126,16,,17,1.2,,,,,,,,,,,,,,,,,,,,,,,,,,,,,,,,,,,,,,,,,,,,,,,,,
"Lewis, Colby",407890,2015,35,33,204.2,859,16.5,4.9,0.267,0.447,0.317,0.329,6.3,1.8,35.1,19.6,46.8,35.2,26.1,30.3,8.4,R,3168,45.7,88.6,2286,-6.5,,20.4,1.5,35,83.1,2082,6.4,,8.8,1.5,6.8,83.8,1961,-10.9,,18.5,1.4,8.1,77.3,2064,12.7,,14.7,1.7,4.5,88.1,2133,-13.8,,18.4,1.5,,,,,,,,,,,,,,,,,,,,,,,,,,,,,,,,,,,,,,,,,,,,,,,,,
"Gomes, Brandon",460156,2015,30,63,59,245,18,6.1,0.239,0.432,0.316,0.316,6.6,1.6,34.4,24.8,50.2,37.7,31.1,21.9,9.3,R,938,26.4,91.4,2177,-8,,20.8,1.4,30.3,82.3,1852,9.5,,10.8,1.8,,,,,,,,7.6,76.3,1594,11,,11.4,1.6,13.5,91.8,2195,-12.2,,19.8,1.4,,,,,,,,22.2,83.2,1347,-10.9,,13.3,1.8,,,,,,,,,,,,,,,,,,,,,,,,,,,,,,,,,,,
"Torres, Alex",456776,2015,27,39,34.1,154,22.7,16.9,0.199,0.343,0.323,0.311,4.3,3.3,28.3,25.2,40.9,50,16.3,23.9,9.8,L,639,47.7,92.5,2100,7.9,,17.6,1.3,,,,,,,,29.1,84.3,1254,12.3,,13.4,1.7,3.4,79.4,2544,-4.7,,14.6,1.8,12.1,91.7,1889,15,,17.7,1.3,7.7,83.3,2121,-2.3,,4.5,1.5,,,,,,,,,,,,,,,,,,,,,,,,,,,,,,,,,,,,,,,,,,
"Ureña, José",570632,2015,23,20,61.2,274,10.2,9.1,0.29,0.442,0.353,0.353,4.1,2.8,37.2,19,46,48.6,20.6,25.2,5.5,R,992,50.8,94.6,2090,-8.7,,17.7,1.6,18.4,86.2,2129,1.1,,7.4,2,17,88.2,1676,-10.9,,15.9,1.4,2.6,82.2,2025,5.2,,5.9,1.7,11.1,93.6,2033,-13.5,,16.8,1.6,,,,,,,,,,,,,,,,,,,,,,,,,,,,,,,,,,,,,,,,,,,,,,,,,
"Chapman, Aroldis",547973,2015,27,65,66.1,278,41.7,11.9,0.162,0.24,0.247,0.245,4,3.2,26.6,43.1,47.6,37.9,21.8,27.4,12.9,L,1164,75.7,100.1,2472,7.5,,19.7,2,16.7,87.2,1782,-6.7,,9.9,2,7.6,88.4,1964,15.3,,19.9,1.7,,,,,,,,0.1,91.3,1963,14.6,,19,,,,,,,,,,,,,,,,,,,,,,,,,,,,,,,,,,,,,,,,,,,,,,,,,,
"Ryan, Kyle",594986,2015,23,16,56.1,237,12.7,8.4,0.282,0.423,0.346,0.341,3.8,2.2,36.6,18.7,44.4,48.9,17.7,28.5,4.8,L,891,33.6,89.3,2022,4.6,,14.4,1.4,,,,,,,,10.1,82.4,1500,12.2,,16,1.6,7.2,76.4,2210,-8.8,,10.7,1.4,17.3,87.8,1844,12.9,,14.9,1.4,31.9,85.6,2007,-1.9,,9,1.8,,,,,,,,,,,,,,,,,,,,,,,,,,,,,,,,,,,,,,,,,,
"Hatcher, Chris",501822,2015,30,49,39,166,27.1,7.8,0.216,0.334,0.298,0.277,8.6,2.9,35.2,28.3,48.2,43.8,23.8,23.8,8.6,R,644,55.6,96.7,2395,-5.2,,17.8,1,12.7,86.8,1960,5.7,,6.9,1.8,,,,,,,,,,,,,,,8.9,96.6,2326,-12.7,,17.1,1.2,5.1,92,2443,5,,8.5,1.3,17.7,88.6,1521,-11.2,,12.7,1.4,,,,,,,,,,,,,,,,,,,,,,,,,,,,,,,,,,,
"Morales, Franklin",462985,2015,29,67,62.1,258,15.9,5.4,0.251,0.377,0.299,0.301,4.5,2.5,31.2,17,43.9,50.8,17.1,26.1,6,L,949,42.7,92.7,2245,5.6,,16.4,1.8,19.6,88.7,2169,-2.2,,9,1.1,1.1,86.6,1889,7.7,,15.6,1.5,8.5,75.8,2361,-11.5,,15.7,1.3,28.1,93.4,2213,14.2,,19.2,1.6,,,,,,,,,,,,,,,,,,,,,,,,,,,,,,,,,,,,,,,,,,,,,,,,,
"Phelps, David",475479,2015,28,23,112,482,16,6.8,0.274,0.429,0.318,0.334,8.2,1.6,35.9,12.1,42.4,42.7,21.5,31,4.9,R,1854,29.1,91.1,2186,-7.6,,17.5,1.6,16.2,87.9,2236,2.6,,10.9,1.4,7.5,83.2,1990,-15.7,,17.3,1.7,14.7,79,2424,9.6,,14.8,1.7,28.4,90.5,2098,-14.2,,18.4,1.6,4,90.9,2214,-2.1,,15.3,1.2,,,,,,,,,,,,,,,,,,,,,,,,,,,,,,,,,,,,,,,,,,
"Koehler, Tom",543408,2015,29,32,187.1,800,17.1,9.6,0.247,0.409,0.323,0.323,5.9,3.1,37.1,18,44.4,48.6,21,24.5,5.9,R,2964,41.9,92.6,2095,-7.8,,18.1,1.3,14.4,86.1,2119,4.1,,7,1.8,5.1,85.1,1691,-13.6,,15.5,1.5,22.6,79.4,2390,9.4,,18.5,1.7,15.9,93,2082,-12.4,,17.9,1.3,,,,,,,,,,,,,,,,,,,,,,,,,,,,,,,,,,,,,,,,,,,,,,,,,
"Casilla, Santiago",433586,2015,34,67,58,244,25.4,9.4,0.222,0.337,0.298,0.291,2.5,4.5,24.2,24.7,43.8,48.4,16.6,28.7,6.4,R,903,16.5,94.1,2274,-7.8,,16.3,1.5,14.1,89,2301,2.1,,8.4,1.4,3.9,88.2,2064,-14.9,,17.1,1.5,22.8,80,2312,12,,17.2,1.5,42.7,93.8,2270,-14.5,,17.5,1.3,,,,,,,,,,,,,,,,,,,,,,,,,,,,,,,,,,,,,,,,,,,,,,,,,
"Grimm, Justin",518748,2015,26,62,49.2,205,32.7,13.2,0.206,0.36,0.261,0.307,7.3,1.8,40.9,34.6,40.9,45.5,19.1,29.1,6.4,R,866,54.3,95.9,2195,-4.7,,19.1,1.4,6.2,84,2277,6,,11.2,2.6,,,,,,,,37.6,83.8,2228,12.6,,17.7,2,1.8,94.5,2084,-11.7,,18.7,1.6,,,,,,,,,,,,,,,,,,,,,,,,,,,,,,,,,,,,,,,,,,,,,,,,,
"Colomé, Alex",517008,2015,26,43,109.2,457,19.3,6.8,0.266,0.421,0.303,0.322,4.5,1.8,33.2,24,46.1,41.3,21.3,30.2,7.2,R,1691,52.9,94.6,2069,0.4,,20.2,1.3,,,,,,,,13.7,86.4,1324,-3.9,,13,2.3,6.5,79,1772,13.9,,14.4,2.2,2.8,95.8,2063,-8.4,,17,1.2,24.1,87.2,1936,8,,11.4,2.7,,,,,,,,,,,,,,,,,,,,,,,,,,,,,,,,,,,,,,,,,,
"Moore, Matt",519043,2015,26,12,63,278,16.5,8.3,0.263,0.449,0.362,0.346,5.9,2.9,37.6,21.4,48.3,41.5,26.3,24.4,7.8,L,1054,55.3,92.6,2338,14.8,,23.6,1.5,,,,,,,,11.9,84.4,1768,19.8,,22,1.7,23.1,80,2524,-6.4,,14.6,1.2,3.5,91.8,2230,20.3,,24.3,1.5,6.2,90.1,2326,3.3,,14.1,1.7,,,,,,,,,,,,,,,,,,,,,,,,,,,,,,,,,,,,,,,,,,
"Wojciechowski, Asher",592879,2015,26,5,16.1,79,20.3,8.9,0.28,0.44,0.403,0.342,5.4,1.8,35.7,16.9,41.8,21.4,32.1,35.7,10.7,R,311,58.8,91.5,2027,-5.7,,13.9,1.4,19.3,82.4,2092,16.1,,17.8,1.4,12.9,80.4,1727,-9.6,,12.9,1.7,,,,,,,,,,,,,,,9,87.9,2086,1.7,,6.7,1.5,,,,,,,,,,,,,,,,,,,,,,,,,,,,,,,,,,,,,,,,,,
"Badenhop, Burke",488674,2015,32,68,66.1,285,12.6,7,0.277,0.435,0.303,0.329,8.3,1.3,41,16.4,42.9,48,22.7,27.1,2.2,R,1033,,,,,,,,15.4,82.1,1926,7.1,,8,1.5,,,,,,,,,,,,,,,59.4,89.2,2111,-15.4,,16.8,1.3,,,,,,,,25.2,83.9,1660,-13.8,,14.2,1.3,,,,,,,,,,,,,,,,,,,,,,,,,,,,,,,,,,,
"Owens, Henry",596064,2015,22,11,63,272,18.4,8.8,0.242,0.452,0.319,0.336,6.2,2.1,31.1,26.9,48.2,37.4,30.3,21.5,10.8,L,1050,59.8,89.8,2181,15.5,,23,1.7,5.3,77.6,1694,-7.8,,9.9,1.4,24.4,77.8,1623,13.4,,17.6,1.5,10.5,72.3,2258,-10.5,,13.9,1.5,,,,,,,,,,,,,,,,,,,,,,,,,,,,,,,,,,,,,,,,,,,,,,,,,,,,,,,,
"Cedeño, Xavier",458584,2015,28,66,46,189,24.9,7.4,0.213,0.315,0.272,0.266,3.2,4,24.6,32.2,46.6,54,17.5,23,5.6,L,731,44,88.8,2345,-1.7,,10.7,1.6,,,,,,,,1.6,86.1,2310,2,,9.2,1.7,52.5,81.2,2286,-7.1,,9.7,1.6,1.8,90,2414,8.5,,13.1,1.4,,,,,,,,,,,,,,,,,,,,,,,,,,,,,,,,,,,,,,,,,,,,,,,,,
"Feliz, Neftalí",491703,2015,27,48,48,212,18.4,8.5,0.255,0.386,0.346,0.307,5.2,7.8,35.1,23,49.3,38.3,21.4,27.9,12.3,R,816,58,95.2,2436,-9.2,,19.8,2.1,26.7,83.9,2036,8.2,,9.4,2.4,7.2,87.1,1880,-13,,16,1.5,0.2,81.7,2334,11.8,,12.3,1.5,7.8,92.9,2204,-12.4,,13.9,2.5,,,,,,,,,,,,,,,,,,,,,,,,,,,,,,,,,,,,,,,,,,,,,,,,,
"Scribner, Evan",519267,2015,29,54,60,238,26.9,1.7,0.253,0.471,0.322,0.319,7.7,3,37.5,28.5,50.3,40.5,18.5,32.7,8.3,R,921,49.3,91.6,2242,-5.2,,20,1.2,,,,,,,,,,,,,,,27.4,72.3,2803,15.3,,24.7,1.2,0.1,91.7,2069,-8.8,,21.8,,23.2,86.8,2187,5.9,,12.5,1.7,,,,,,,,,,,,,,,,,,,,,,,,,,,,,,,,,,,,,,,,,,
"Foltynewicz, Mike",592314,2015,23,18,86.2,399,19.3,7.3,0.265,0.438,0.382,0.338,9,2.8,32.9,21.1,50.8,35.6,26.3,32.2,5.9,R,1480,50.4,95.7,2422,-11.2,,18.9,2.3,14.2,84.5,1768,5.4,,6.7,2.2,3.6,85,1556,-9.2,,13.3,1.9,11.1,75.9,2225,9,,15.1,2,20.6,95.4,2271,-16.3,,18.3,2.1,,,,,,,,,,,,,,,,,,,,,,,,,,,,,,,,,,,,,,,,,,,,,,,,,
"Rienzo, André",516589,2015,26,14,19.2,89,16.9,14.6,0.233,0.399,0.328,0.335,1.7,0,38.3,17.6,44.5,48.3,26.7,23.3,1.7,R,353,10.2,91.1,2234,-6.2,,17.6,1.3,7.6,88.1,2524,5.3,,12.4,1.4,2.8,84.9,1581,-10.2,,14.7,1.7,12.2,78.7,2505,11,,14.7,1.6,35.1,91,2089,-12.5,,18.4,1.1,32,87.7,2426,5.4,,10.7,1.3,,,,,,,,,,,,,,,,,,,,,,,,,,,,,,,,,,,,,,,,,,
"Finnegan, Brandon",605232,2015,22,20,48,197,22.8,10.7,0.236,0.411,0.312,0.329,6.2,2.3,33.8,24.2,44.6,55.4,18.5,21.5,4.6,L,751,1.3,92.5,1956,5.9,,18.6,2.2,20.9,82.8,2020,-8.3,,9.1,1.8,6.7,85.7,1513,13.6,,16.1,1.3,,,,,,,,71.1,93.2,2122,14.3,,19.6,1.5,,,,,,,,,,,,,,,,,,,,,,,,,,,,,,,,,,,,,,,,,,,,,,,,,
"Stauffer, Tim",431162,2015,33,18,20.2,100,14,9,0.289,0.456,0.458,0.349,9.2,7.9,46.1,15,41.6,52.6,23.7,22.4,1.3,R,380,10.3,90.4,2157,-4.6,,12.6,1.3,15.3,84.4,1967,3.3,,7.4,1.2,15.5,79.7,954,-6.3,,10.5,1.2,6.6,73,2369,14.5,,21.2,1.5,52.4,89.2,1992,-12.6,,15.2,1.1,,,,,,,,,,,,,,,,,,,,,,,,,,,,,,,,,,,,,,,,,,,,,,,,,
"Hahn, Jesse",534910,2015,25,16,96.2,406,15.8,6.2,0.261,0.363,0.277,0.307,4.5,2.9,28.5,17,47.2,53.1,13.6,29.4,3.9,R,1522,15.4,92.4,2239,-9,,18.2,1.5,4.8,81.8,2377,12.8,,13.4,1.6,10.2,84.9,1617,-12.5,,13.8,1.7,17.3,75.1,3002,17.3,,22.9,1.6,52.3,92.6,2199,-14.1,,17.3,1.5,,,,,,,,,,,,,,,,,,,,,,,,,,,,,,,,,,,,,,,,,,,,,,,,,
"Parnell, Bobby",458730,2015,30,30,24,113,11.5,15.9,0.276,0.356,0.357,0.339,2.4,1.2,29.3,19.2,43.4,54.9,18.3,24.4,2.4,R,404,71.3,93.7,1998,-11.6,,16.1,2.2,,,,,,,,,,,,,,,25.5,82.5,2149,4.4,,10.2,1.6,2,94.2,1946,-13.6,,14.5,1.6,,,,,,,,1.2,88.1,1918,-14.1,,17.5,1.4,,,,,,,,,,,,,,,,,,,,,,,,,,,,,,,,,,,
"Wilson, Tyler",592869,2015,25,9,36,149,8.7,7.4,0.267,0.383,0.327,0.321,4,3.2,41.9,12.7,45.4,54,20.2,21.8,4,R,518,53.5,90.7,2184,0.7,,15.1,1.3,,,,,,,,9.5,83.4,1543,-9.2,,10.8,1.5,21,81.3,2256,13.6,,14.4,2.3,16,90.1,2110,-8.8,,13.3,1.4,,,,,,,,,,,,,,,,,,,,,,,,,,,,,,,,,,,,,,,,,,,,,,,,,
"Broadway, Mike",458678,2015,28,21,17.1,77,16.9,9.1,0.258,0.38,0.359,0.315,3.6,7.1,26.8,24.5,49.3,41.1,23.2,26.8,8.9,R,285,63.2,95.8,2228,-8.9,,13.1,1.3,36.5,85.6,1973,4.6,,6.9,1.6,,,,,,,,,,,,,,,0.4,96.6,2198,-12.4,,12.9,,,,,,,,,,,,,,,,,,,,,,,,,,,,,,,,,,,,,,,,,,,,,,,,,,
"Leon, Arnold",504186,2015,26,19,26.2,115,16.5,7.8,0.27,0.448,0.327,0.341,9.2,1.1,37.9,20.3,47.4,47.1,18.4,26.4,8,R,414,58.9,92.3,2158,-8.3,,19.2,1.5,17.1,85.1,1957,7.8,,10.4,2.3,10.1,82,1667,-11.6,,14.7,1.8,13.8,73.7,2268,13.7,,21.1,1.6,,,,,,,,,,,,,,,,,,,,,,,,,,,,,,,,,,,,,,,,,,,,,,,,,,,,,,,,
"Cotts, Neal",425840,2015,35,68,63.1,268,21.6,8.2,0.236,0.401,0.323,0.313,7.1,4.9,29.9,23.4,47.4,40.8,21.7,29.9,7.6,L,1064,40.2,90.6,2275,3.9,,17.9,1.2,51.9,86.4,2013,-3.8,,9,2.6,0.6,87.3,2265,5.6,,19.9,1.7,,,,,,,,7.3,90.7,2147,13.6,,20.3,1.3,,,,,,,,,,,,,,,,,,,,,,,,,,,,,,,,,,,,,,,,,,,,,,,,,
"Delgado, Randall",517414,2015,25,64,72,307,23.8,10.7,0.205,0.309,0.299,0.275,3.5,4.5,28.5,29.8,45.5,43.5,20.5,26,10,R,1268,39.9,93.7,2197,-5.9,,18.9,1.8,24.4,82.5,1629,8.2,,9.2,2,20.9,84.5,1889,-13,,16.9,2.1,0.8,74.4,1918,10.5,,11.7,1.5,14,92.7,2138,-11.5,,18.6,2,,,,,,,,,,,,,,,,,,,,,,,,,,,,,,,,,,,,,,,,,,,,,,,,,
"Sale, Chris",519242,2015,26,31,208.2,854,32.1,4.9,0.209,0.321,0.285,0.26,6.3,3.6,26.7,32.7,49.4,42.9,22.5,27.8,6.9,L,3317,,,,,,,,19.7,79.4,2205,-11.9,,13.1,2.7,27.9,86.3,2100,20.7,,21.7,2.3,,,,,,,,52.4,95.2,2280,18.2,,21.4,2.5,,,,,,,,,,,,,,,,,,,,,,,,,,,,,,,,,,,,,,,,,,,,,,,,,
"Webb, Ryan",444436,2015,29,40,50.2,204,15.2,5.9,0.251,0.347,0.292,0.29,4.4,1.3,32.7,19.8,47.4,60.4,13.2,25.8,0.6,R,663,,,,,,,,22.5,83.8,2082,5.7,,6.7,1.3,15.2,84.7,1756,-14.2,,14.7,1.3,,,,,,,,62.3,92.6,1884,-15.7,,16.1,1.4,,,,,,,,,,,,,,,,,,,,,,,,,,,,,,,,,,,,,,,,,,,,,,,,,
"Fernández, José",605228,2015,22,11,64.2,265,29.8,5.3,0.231,0.341,0.279,0.274,2.9,2.9,37.6,30,50.4,43.5,17.1,30.6,8.8,R,992,48.6,96.8,2474,-8.3,,18.4,1.7,,,,,,,,12.9,88.9,1636,-14.9,,16,1.6,31.7,83.7,2165,15.7,,16,1.7,6.9,94.5,2289,-15,,18.6,1.3,,,,,,,,,,,,,,,,,,,,,,,,,,,,,,,,,,,,,,,,,,,,,,,,,
"Allen, Cody",592102,2015,26,70,69.1,286,34.6,8.7,0.202,0.306,0.265,0.261,6.9,3.1,32.5,31.9,44.6,35,23.8,31.9,9.4,R,1135,60.2,95.6,2444,-8.8,,20.7,1,2.2,90.7,2480,3.9,,19.1,3.2,0.8,87.9,1338,-7.4,,13.3,1.3,35.9,86.3,2462,12.8,,15.3,1.4,0.9,95.3,2427,-9.1,,18.3,1.4,,,,,,,,,,,,,,,,,,,,,,,,,,,,,,,,,,,,,,,,,,,,,,,,,
"Araujo, Elvis",542587,2015,23,40,34.2,150,22.7,12.7,0.218,0.284,0.281,0.278,2.1,7.2,23.7,29.6,48.1,51.5,15.5,23.7,9.3,L,612,61.6,93.7,2329,4.9,,18.6,1.6,34,85.4,1845,-5.2,,7.2,2.4,4.4,87.9,2147,12,,17.2,1.8,,,,,,,,,,,,,,,,,,,,,,,,,,,,,,,,,,,,,,,,,,,,,,,,,,,,,,,,,,,,,,,
"Happ, J.A.",457918,2015,32,32,172,717,21.1,6.3,0.254,0.387,0.304,0.304,5.8,2.9,37.4,19.8,45.8,43.5,22,27.2,7.3,L,2822,57.1,92.6,2372,9.9,,18.8,1.5,13.6,84.9,2139,-1.8,,5.5,1.6,9,85.6,1829,16.1,,19,1.6,10.3,78.9,2200,-4.5,,10.7,1.7,9.9,91.3,2143,16,,17.1,1.4,,,,,,,,,,,,,,,,,,,,,,,,,,,,,,,,,,,,,,,,,,,,,,,,,
"Morgan, Adam",605388,2015,25,15,84.1,352,13.9,4.8,0.263,0.465,0.333,0.336,7.1,3.2,35.5,20.2,50.5,31.2,28.7,30.1,9.9,L,1246,56.6,89.5,2329,9.8,,20.6,1.5,20.8,81.5,2087,-2.5,,6.9,1.9,19.2,78.5,1693,10.7,,17,2,3.5,74.4,2115,-6.7,,10.8,2.1,,,,,,,,,,,,,,,,,,,,,,,,,,,,,,,,,,,,,,,,,,,,,,,,,,,,,,,,
"Davies, Zach",605200,2015,22,6,34,139,17.3,10.8,0.249,0.344,0.277,0.305,3,1,29,25.2,41.9,58,8,29,5,R,539,,,,,,,,,,,,,,,24.9,78.8,1671,-14.3,,16.3,1.1,8.3,71.9,2375,14,,20.3,1.3,63.3,89.3,2031,-15,,18.3,1,3.5,84.7,2242,2.2,,10.4,1.4,,,,,,,,,,,,,,,,,,,,,,,,,,,,,,,,,,,,,,,,,,
"Liz, Radhames",467785,2015,31,14,23.1,106,25.5,11.3,0.247,0.371,0.363,0.323,1.6,4.7,26.6,28.4,45.4,39.1,18.8,32.8,9.4,R,380,60.5,95.5,2167,-5.8,,16.5,2.6,20.8,81.8,1730,12.4,,14.3,2.3,6.1,86.7,1073,-8.6,,10.1,1.7,,,,,,,,12.6,92.8,1891,-14.5,,17,2.1,,,,,,,,,,,,,,,,,,,,,,,,,,,,,,,,,,,,,,,,,,,,,,,,,
"Medlen, Kris",450665,2015,29,15,58.1,243,16.5,7.4,0.26,0.406,0.309,0.322,6,0,35.5,20.6,45.6,51.4,19.7,20.8,8.2,R,927,20.4,91.5,2325,-7,,20,1.4,,,,,,,,18.9,84.9,1973,-14.3,,19.2,1.5,21.3,79.1,2770,10.6,,17,1.5,39.5,91.6,2168,-14.1,,19.1,1.2,,,,,,,,,,,,,,,,,,,,,,,,,,,,,,,,,,,,,,,,,,,,,,,,,
"Wilson, Justin",458677,2015,27,74,61,244,27,8.2,0.229,0.35,0.271,0.292,8.3,3.8,37.2,26.6,52,45.5,17.9,28.2,8.3,L,1048,48.9,95.9,2368,6.6,,21.1,1.2,1.9,95.6,2393,7.1,,20.2,1.4,,,,,,,,4.9,82.9,2097,-4.5,,7.5,2.5,26.9,95.7,2286,13.2,,22.4,1.3,17.5,91,2252,-0.1,,11.7,2.1,,,,,,,,,,,,,,,,,,,,,,,,,,,,,,,,,,,,,,,,,,
"Greinke, Zack",425844,2015,31,32,222.2,843,23.7,4.7,0.211,0.318,0.225,0.255,3.2,3.2,27.8,26.8,48.1,49.2,16.7,27.1,7,R,3230,43.7,92.4,2406,-2.2,,16.7,1.6,19.2,87.4,2330,6.9,,7.8,1.6,18.2,88.7,1741,-11.6,,12.4,1.9,9,74.2,2436,11.4,,18.4,3.1,9.9,91.8,2192,-11,,14.9,1.7,,,,,,,,,,,,,,,,,,,,,,,,,,,,,,,,,,,,,,,,,,,,,,,,,
"Copeland, Scott",571577,2015,27,5,15.1,69,8.7,2.9,0.353,0.455,0.387,0.361,3.3,1.6,39.3,14.3,44.4,50.8,9.8,32.8,6.6,R,251,19.9,90.7,1896,-12.1,,15.9,1.3,17.9,79.2,2011,6.9,,10.6,3.7,9.2,85.5,1258,-10.1,,11.5,1.4,6.4,73.8,1988,8.7,,17.3,1.4,46.6,90.9,1861,-13.8,,15.1,1.4,,,,,,,,,,,,,,,,,,,,,,,,,,,,,,,,,,,,,,,,,,,,,,,,,
"Guaipe, Mayckol",515052,2015,24,21,26.2,121,18.2,10.7,0.236,0.375,0.407,0.317,3.6,4.8,37.3,23.6,47.1,51.8,21.7,22.9,3.6,R,449,31.8,93.8,2337,-8.7,,15.2,1.5,38.5,84.2,2117,4.7,,6.5,1.6,3.6,87.9,1741,-10.1,,14.8,1.6,0.2,79.8,1953,-1.9,,9.2,,25.8,93.7,2329,-13.9,,15.9,1.5,,,,,,,,,,,,,,,,,,,,,,,,,,,,,,,,,,,,,,,,,,,,,,,,,
"Ogando, Alexi",468396,2015,31,64,65.1,277,19.1,10.1,0.235,0.394,0.334,0.315,6.2,2.6,32.1,25.1,47.9,43.5,28,20.7,7.8,R,1111,52.7,95.2,2296,-4.2,,17.3,1.2,27.5,87.3,2257,6.7,,9.3,2.7,8.6,88.1,1671,-5.8,,13.3,1.7,,,,,,,,6.8,94.6,2238,-11.6,,15.6,1.4,4.2,95.2,2322,1.6,,16.3,1.4,,,,,,,,,,,,,,,,,,,,,,,,,,,,,,,,,,,,,,,,,,
"Cueto, Johnny",456501,2015,29,32,212,866,20.3,5.3,0.243,0.389,0.294,0.3,5,4.2,31.8,21.8,49.9,43.9,20.9,27.2,8,R,3260,28.7,93.3,2284,-8.7,,18.7,1.5,10.3,83.6,2101,4.2,,6.7,2,16.6,84,1558,-10.5,,11.8,2,0.3,75.4,1993,3.6,,8.6,2.3,21.2,93.2,2242,-14.6,,19.1,1.7,22.8,88.6,2261,-0.8,,10.5,1.5,,,,,,,,,,,,,,,,,,,,,,,,,,,,,,,,,,,,,,,,,,
"Jungmann, Taylor",543380,2015,25,21,119.1,501,21.4,9.4,0.247,0.392,0.309,0.32,3.5,3.8,32.2,20.9,42.8,47.8,15.6,30.4,6.2,R,2036,55.2,92.6,2265,-3.4,,14.6,1.3,,,,,,,,6.8,84.8,1816,-10.5,,15.7,1.5,25,76.4,2618,15.5,,20.7,1.3,13,92.3,2258,-11.6,,15.8,1.5,,,,,,,,,,,,,,,,,,,,,,,,,,,,,,,,,,,,,,,,,,,,,,,,,
"Madson, Ryan",425492,2015,34,68,63.1,248,23.4,5.6,0.201,0.327,0.25,0.255,7.5,4.6,32.2,28.4,49.8,56.3,21.8,16.1,5.7,R,893,49.8,94.8,2175,-13.2,,19.9,1.8,,,,,,,,29.6,83.8,2054,-14.8,,18,1.7,,,,,,,,0.7,95.3,1993,-17,,18,1.5,19.9,90.4,2061,0.1,,8.9,1.7,,,,,,,,,,,,,,,,,,,,,,,,,,,,,,,,,,,,,,,,,,
"Webb, Daniel",543900,2015,25,27,30,150,14.7,14.7,0.282,0.432,0.388,0.364,4.8,2.9,40,25.9,46.1,50.5,13.3,28.6,7.6,R,532,46.8,95.2,2389,-10.7,,17.5,1.4,22.9,85.5,2182,3.1,,4.8,1.5,10.5,85.8,1628,-13.5,,15.2,1.3,,,,,,,,19.7,95,2229,-15.2,,16.5,1.5,,,,,,,,,,,,,,,,,,,,,,,,,,,,,,,,,,,,,,,,,,,,,,,,,
"Fiers, Mike",571666,2015,30,31,180.1,761,23.7,8.4,0.23,0.388,0.308,0.303,4.1,2.5,29.4,21.7,48,39.9,24.5,27,8.6,R,3020,58.5,89.9,2185,-3.3,,20,1.4,0.1,77.7,1746,5.2,,5.5,1.4,15.7,83.5,1792,-12.1,,15.4,2.1,15.9,72.9,2540,8.7,,22.9,1.9,,,,,,,,9.8,84.6,2177,6.7,,10.9,2.4,,,,,,,,,,,,,,,,,,,,,,,,,,,,,,,,,,,,,,,,,,
"Graham, J.R.",543242,2015,25,39,63.2,283,18.7,7.4,0.268,0.467,0.351,0.349,3.9,4.4,38,22.5,49,51.2,20,24.4,4.4,R,1071,58,95.5,2087,-5.7,,16.7,1.6,32.2,85,1861,6.7,,8.9,2.3,1,84.2,1162,-9.4,,10.3,1.6,0.1,80.1,2261,11.2,,11.2,,8.7,93.9,2010,-13.6,,16,1.7,,,,,,,,,,,,,,,,,,,,,,,,,,,,,,,,,,,,,,,,,,,,,,,,,
"Hill, Rich",448179,2015,35,4,29,106,34,4.7,0.175,0.258,0.188,0.222,0,4.8,25.4,27.2,46.5,50.8,19,17.5,12.7,L,434,46.3,90.9,2329,15.5,,23.1,1.2,2.8,78.2,2164,-7.5,,8.9,1.5,8.1,84,1527,16.2,,17.9,1.7,39.9,74.3,2716,-17,,21.6,1.7,3,89.9,2319,21.2,,23.7,1.4,,,,,,,,,,,,,,,,,,,,,,,,,,,,,,,,,,,,,,,,,,,,,,,,,
"Mattheus, Ryan",458919,2015,31,58,56,253,14.6,7.1,0.24,0.336,0.325,0.285,3.1,5.6,23,18.8,48.7,56.6,11.2,28.1,4.1,R,934,27.9,93.6,2187,-7.6,,15.9,1.5,11,84.4,1844,6.1,,7.4,1.5,,,,,,,,,,,,,,,49.1,93.5,2127,-12.5,,16.3,1.5,5.7,88.2,2291,5.2,,7.7,2,6.2,83.8,975,-4.1,,6.7,2,,,,,,,,,,,,,,,,,,,,,,,,,,,,,,,,,,,
"Buchholz, Clay",453329,2015,30,18,113.1,469,22.8,4.9,0.241,0.333,0.292,0.278,5.7,3,32,23,49.8,49.1,22.5,24.6,3.9,R,1716,16.6,92.9,2309,-3.3,,16.1,1.2,,,,,,,,17.1,80.4,1585,-9.8,,13.6,1.6,15.1,78.5,2602,17.4,,20.7,1.8,26.7,92.5,2226,-11.5,,15.5,1.3,23.9,88.5,2395,6.7,,11.5,1.3,0.6,87.1,1737,-7.7,,11.4,1.5,,,,,,,,,,,,,,,,,,,,,,,,,,,,,,,,,,,
"Vincent, Nick",543883,2015,28,26,23,100,22,10,0.229,0.33,0.308,0.288,7.4,1.5,27.9,20.1,52.6,33.8,23.5,32.4,10.3,R,412,35,90,2413,-5.5,,17.4,1.1,53.2,87,2433,6,,10.9,1.3,5.8,84.1,1828,-13.1,,14,1.3,0.2,75.6,3160,17.1,,23.6,,5.8,90.5,2235,-13.4,,17.7,1.3,,,,,,,,,,,,,,,,,,,,,,,,,,,,,,,,,,,,,,,,,,,,,,,,,
"Morris, Bryan",457768,2015,28,67,63,277,17,9.4,0.248,0.34,0.321,0.304,5,2.5,34.8,25.1,49.6,62.7,13.9,20.9,2.5,R,1006,13.2,95.7,2112,-3.2,,12.3,1.3,,,,,,,,,,,,,,,12.9,84.8,2336,0.5,,8,1.3,36.3,95.7,2009,-10.3,,13.1,1.4,37.6,90.1,2109,3.3,,4.5,1.6,,,,,,,,,,,,,,,,,,,,,,,,,,,,,,,,,,,,,,,,,,
"Heston, Chris",518790,2015,27,31,177.2,746,18.9,8.6,0.248,0.393,0.32,0.321,4.2,3,36.6,22.5,41.6,53.6,15.9,25.4,5.1,R,2776,2.3,90.2,2109,-6,,14,1.4,12.9,77,2099,15.4,,15.8,1.6,12.1,82.6,1932,-13.7,,14.4,1.5,14.1,74.6,2279,16.8,,19.7,1.7,58.5,89.5,2063,-14.7,,16.1,1.5,,,,,,,,,,,,,,,,,,,,,,,,,,,,,,,,,,,,,,,,,,,,,,,,,
"Treinen, Blake",595014,2015,27,60,67.2,280,23.2,11.4,0.214,0.31,0.303,0.281,2.2,3.9,35.4,24.9,46,64.6,8.3,24.3,2.8,R,1008,6,97.1,2493,-8,,16.6,1.2,30,87.5,2302,5.4,,8.2,1.7,0.4,88.2,1589,-11.4,,13.1,1.5,,,,,,,,63.7,97,2352,-15.9,,17.4,1.4,,,,,,,,,,,,,,,,,,,,,,,,,,,,,,,,,,,,,,,,,,,,,,,,,
"López, Javier",425657,2015,37,77,39.1,147,17.7,10.9,0.184,0.225,0.204,0.228,1,2.9,24.8,20.7,44.4,68.6,8.6,16.2,6.7,L,533,,,,,,,,19.5,78.4,1760,-1.7,,5.4,1.3,3.8,79.5,2062,16.8,,18,1.6,4.1,71.8,2018,-12.9,,13.8,1.4,72.6,85.1,2136,15.8,,16.4,1.1,,,,,,,,,,,,,,,,,,,,,,,,,,,,,,,,,,,,,,,,,,,,,,,,,
"Simon, Alfredo",430580,2015,34,31,187,820,14.3,8.3,0.273,0.457,0.348,0.352,7.3,2.7,39.1,18.6,46.8,45.8,20.7,25.5,8,R,3011,16.7,93.5,2252,-8,,18.4,1.2,0,83.9,1524,-7.1,,9.3,,0.6,86.1,1512,-10.6,,11.9,1.4,8.9,77.3,2171,10.5,,13.9,2.3,29.4,93.5,2045,-14.9,,18.3,1.4,10.3,88.9,2111,1.4,,9.5,2.3,34.1,85.2,1567,-11.5,,13.6,2.7,,,,,,,,,,,,,,,,,,,,,,,,,,,,,,,,,,,
"Kimbrel, Craig",518886,2015,27,61,59.1,239,36.4,9.2,0.164,0.258,0.254,0.232,3.9,3.1,26.4,36.6,46,46.5,14,31,8.5,R,1004,69.7,98,2451,-7.6,,17.4,1.1,0.2,98.7,,-5.3,,17.8,1.5,,,,,,,,30.1,87.4,2551,11.9,,16.3,1.2,,,,,,,,,,,,,,,,,,,,,,,,,,,,,,,,,,,,,,,,,,,,,,,,,,,,,,,,
"Santiago, Héctor",502327,2015,27,33,180.2,776,20.9,9.1,0.224,0.407,0.313,0.312,7.3,2.4,35.8,21.4,44.1,30.8,31,25,13.3,L,3143,,,,,,,,8.1,79.4,1810,-3.9,,5.9,2.3,16.5,83.5,1944,16.7,,20.5,1.6,3.1,73.4,2051,-7.5,,9.2,1.7,61.2,90.9,2204,13,,22,2,10.8,86.6,2144,-0.5,,11.8,2.1,,,,,,,,,,,,,,,,,,,,,,,,,,,,,,,,,,,,0.2,79.5,1994,10.3,,12.3,1.9
"Farmer, Buck",571656,2015,24,14,40.1,186,12.9,9.1,0.273,0.495,0.416,0.371,4.9,4.2,35.9,19.2,44.8,47.9,19,26.8,6.3,R,687,54.6,93.2,2333,-8.9,,17.4,1.4,,,,,,,,20.8,86,1898,-12.5,,13.1,1.5,18.2,80.8,2050,5.3,,6.8,2,5.5,92.7,2256,-15.7,,17.4,1.5,0.9,89.4,2232,0.7,,8.6,1.4,,,,,,,,,,,,,,,,,,,,,,,,,,,,,,,,,,,,,,,,,,
"Jordan, Taylor",518863,2015,26,4,17,77,14.3,7.8,0.325,0.499,0.311,0.382,5,0,43.3,19.4,50.6,48.3,18.3,30,3.3,R,252,32.5,92.5,2028,-6.1,,13.6,1.5,21.8,84.1,1858,0.6,,4.2,1.6,11.5,84,1270,-13.3,,13.8,1.4,,,,,,,,34.1,91.4,1880,-13.7,,15.7,1.7,,,,,,,,,,,,,,,,,,,,,,,,,,,,,,,,,,,,,,,,,,,,,,,,,
"Detwiler, Ross",446321,2015,29,41,58.1,288,14.2,12.5,0.277,0.459,0.42,0.371,4.9,4.9,34.6,18.1,44.1,45.9,19.5,31.2,3.4,L,1165,31.2,92.9,2187,12,,21.3,1.7,12.8,78.6,2059,-2.8,,11.2,2.4,11.6,85.2,1662,16.4,,20.3,2.6,0.4,84.2,2020,2.6,,12.5,2.4,44,91.9,2055,18.4,,21.5,1.8,,,,,,,,,,,,,,,,,,,,,,,,,,,,,,,,,,,,,,,,,,,,,,,,,
"Eickhoff, Jerad",595191,2015,24,8,51,203,24.1,6.4,0.229,0.407,0.27,0.302,7.8,3.5,36.9,23.4,47.9,38.3,22,30.5,9.2,R,739,49.3,91.7,2202,-6.2,,19,1.3,16,82.4,1926,4.6,,6.6,1.4,6.8,84.8,1905,-12.1,,18.3,1.5,19.2,75.9,2436,9,,16.7,1.6,8.8,91.1,2076,-13.8,,17.1,1.3,,,,,,,,,,,,,,,,,,,,,,,,,,,,,,,,,,,,,,,,,,,,,,,,,
"Alburquerque, Al",456379,2015,29,67,62,271,21.4,12.2,0.247,0.358,0.322,0.313,3.4,1.1,31.8,27.3,43.3,50.3,19.6,25.7,4.5,R,1065,14.6,94.4,2365,-9.5,,19.4,1.5,56.3,86.1,2288,1.7,,6.1,1.9,,,,,,,,,,,,,,,29.1,93.4,2281,-14.4,,19.4,1.9,,,,,,,,,,,,,,,,,,,,,,,,,,,,,,,,,,,,,,,,,,,,,,,,,
"Nova, Iván",467100,2015,28,17,94,413,15.3,8,0.263,0.414,0.344,0.334,3.5,3.5,37.4,17.5,46.7,51.6,18.7,24.2,5.5,R,1528,18.5,93.8,2264,-9.1,,16.9,1.5,,,,,,,,5.4,87.3,1941,-14.8,,17.3,1.5,29.8,80.5,2351,6.8,,12.6,1.5,46.3,93.5,2129,-14.8,,17.2,1.4,,,,,,,,,,,,,,,,,,,,,,,,,,,,,,,,,,,,,,,,,,,,,,,,,
"Locke, Jeff",502046,2015,27,30,168.1,736,17.5,8.2,0.25,0.368,0.321,0.306,4.3,3.5,30,21.7,45.3,53.1,15.4,27,4.4,L,2761,3.1,92,2105,7.7,,19.2,1.6,,,,,,,,22.7,81.7,1373,10.1,,14.1,1.6,15.9,80,1750,-6.6,,11.9,2.4,58.3,91.9,1994,14.7,,19.3,1.5,,,,,,,,,,,,,,,,,,,,,,,,,,,,,,,,,,,,,,,,,,,,,,,,,
"Lorenzen, Michael",547179,2015,23,27,113.1,515,16.1,11.1,0.292,0.463,0.377,0.368,6,3,36,21,46.1,42.5,14.1,39.3,4.1,R,1969,59.4,94.7,2320,-9.1,,17.9,1.6,17.3,86.5,2218,4.3,,6.9,2.5,7.4,85.7,1851,-11.4,,15.2,1.5,10.3,80.8,2197,5.6,,12.4,1.5,5.6,95.1,2309,-13.3,,17.2,1.8,,,,,,,,,,,,,,,,,,,,,,,,,,,,,,,,,,,,,,,,,,,,,,,,,
"Yates, Kirby",489446,2015,28,20,20.1,92,22.8,7.6,0.266,0.577,0.421,0.387,7.9,3.2,42.9,23,45.8,30.2,36.5,22.2,11.1,R,408,55.9,93,2302,-12.3,,19.6,1.2,18.4,85.1,2193,3.7,,7.3,1.4,8.8,84.1,1814,-13.3,,17.1,1.7,16.9,78.2,2230,14.5,,18.4,1.6,,,,,,,,,,,,,,,,,,,,,,,,,,,,,,,,,,,,,,,,,,,,,,,,,,,,,,,,
"Loup, Aaron",571901,2015,27,60,42.1,186,24.7,3.8,0.248,0.366,0.337,0.298,3.9,5.5,33.9,23.1,44.8,59.1,11.8,25.2,3.9,L,723,,,,,,,,14.2,81.4,2241,-7.9,,9.7,2.9,20.5,83,2035,20.5,,20.8,1.5,,,,,,,,65.3,93.9,2127,19.8,,21.5,1.5,,,,,,,,,,,,,,,,,,,,,,,,,,,,,,,,,,,,,,,,,,,,,,,,,
"Hale, David",571735,2015,27,17,78.1,346,17.6,5.8,0.256,0.427,0.366,0.319,3.8,1.5,35,24.8,49,48.7,15.6,31.2,4.6,R,1291,42.8,91,2100,-6.3,,11.3,1.5,,,,,,,,18.6,79.8,1476,-7.9,,9.2,1.6,18.4,81.7,1778,8.1,,9.6,2,19.9,90.9,2102,-11.2,,12.7,1.4,0.3,90.1,2047,2.7,,6.5,1.5,,,,,,,,,,,,,,,,,,,,,,,,,,,,,,,,,,,,,,,,,,
"Pelfrey, Mike",460059,2015,31,30,164.2,714,12,6.3,0.293,0.433,0.339,0.347,3.9,3.7,37.1,13.9,45.4,52.7,18.2,24.5,4.6,R,2657,11.6,93.6,1936,-10,,16.8,1.6,9.1,84.3,1849,4.6,,7.2,1.9,,,,,,,,3.4,73.5,1859,8.5,,12.5,2.6,61.7,93.9,1904,-13.3,,16.3,1.5,,,,,,,,14.2,81.3,784,-6.9,,9,2.5,,,,,,,,,,,,,,,,,,,,,,,,,,,,,,,,,,,
"Worley, Vance",474699,2015,27,23,71.2,310,15.8,6.8,0.276,0.417,0.328,0.326,5.5,1.3,34.5,13.8,46.4,47.9,23.1,25.2,3.8,R,1130,9.6,89.8,2260,-1,,13.7,1.6,29.6,84.4,1946,4.9,,5.9,1.7,1.3,85.2,2055,-8.1,,13.6,1.6,2.9,76.5,2023,11.6,,14.4,1.8,53.5,89.5,2239,-8.8,,14.5,1.8,3.1,89.7,2286,2.7,,12.5,1.5,,,,,,,,,,,,,,,,,,,,,,,,,,,,,,,,,,,,,,,,,,
"Melancon, Mark",453343,2015,30,78,76.2,293,21.2,4.8,0.219,0.305,0.237,0.255,4.7,4.2,28.4,24.2,50.5,58.1,15.3,21.4,5.1,R,1073,13.3,91.9,2302,-1.6,,10.9,1.8,,,,,,,,,,,,,,,27,81.4,2615,8.1,,18.5,1.5,,,,,,,,59.4,91.2,2233,5.8,,9,1.8,0.3,85.3,1252,-2.6,,8.2,1.5,,,,,,,,,,,,,,,,,,,,,,,,,,,,,,,,,,,
"Rosscup, Zac",573127,2015,27,33,26.2,117,24.8,10.3,0.241,0.426,0.364,0.331,3.9,1.3,31.6,28.4,46.7,38.2,30.3,28.9,2.6,L,519,37.8,93.5,1968,6.1,,20,1.4,41.6,86.9,1934,-7.6,,10.2,2.3,,,,,,,,,,,,,,,20.6,93.4,1932,11.9,,20.3,1.3,,,,,,,,,,,,,,,,,,,,,,,,,,,,,,,,,,,,,,,,,,,,,,,,,
"Manship, Jeff",453249,2015,30,32,39.1,144,22.9,6.9,0.216,0.298,0.199,0.261,4,2,26,23.5,47.3,52,15,26,7,R,550,2,92.8,2156,-7.6,,17.6,1.4,,,,,,,,0.2,87.6,1722,-12.4,,18,,43.5,84.3,2081,4,,5,1.5,54.4,92.5,2090,-13.1,,17.1,1.3,,,,,,,,,,,,,,,,,,,,,,,,,,,,,,,,,,,,,,,,,,,,,,,,,
"Brach, Brad",542960,2015,29,62,79.1,324,27.5,11.7,0.201,0.312,0.277,0.272,3.6,1.5,27.4,30.3,47.7,46.2,21.3,23.9,8.6,R,1298,53.7,94.7,2283,-6.7,,16.9,1.4,12.1,85.9,2127,7.1,,8,1.5,,,,,,,,,,,,,,,7.5,93.8,2119,-14.2,,16.8,1.7,,,,,,,,26.7,86.8,1969,-14.9,,15.3,1.4,,,,,,,,,,,,,,,,,,,,,,,,,,,,,,,,,,,
"De Fratus, Justin",518603,2015,27,61,80,362,18.8,8.8,0.249,0.407,0.354,0.326,4.7,1.2,35.8,22.6,47.7,46.3,23.3,26.1,4.3,R,1437,48.2,92.4,2048,-10.2,,17.2,1.7,31.9,82.1,1877,3,,5.4,1.9,10.2,85.6,1245,-13.4,,14.1,1.4,,,,,,,,9.6,90.8,1833,-16.6,,18,1.3,,,,,,,,,,,,,,,,,,,,,,,,,,,,,,,,,,,,,,,,,,,,,,,,,
"Axford, John",446099,2015,32,60,55.2,250,24.8,12.8,0.224,0.346,0.31,0.301,4.5,2.6,36.5,25.5,43.9,56.4,18.6,21.8,3.2,R,1056,67.7,96.8,2252,-2.5,,14.3,1.6,14.2,89.9,2164,5.3,,6.6,2,,,,,,,,17.9,79.1,2278,5.9,,16.7,1.6,0.2,97.3,2259,-6.1,,8.8,1.5,,,,,,,,,,,,,,,,,,,,,,,,,,,,,,,,,,,,,,,,,,,,,,,,,
"Rondón, Bruce",541652,2015,24,35,31,145,24.8,13.1,0.213,0.341,0.338,0.303,2.3,4.5,26.1,27.4,47.4,44.3,22.7,26.1,6.8,R,573,59.7,98.3,2226,-6.1,,17.7,2.2,34,87.2,2069,3.5,,4.8,1.7,6.3,90.4,1896,-15.1,,18.1,1.7,,,,,,,,,,,,,,,,,,,,,,,,,,,,,,,,,,,,,,,,,,,,,,,,,,,,,,,,,,,,,,,
"McGowan, Dustin",430661,2015,33,14,23.1,118,17.8,16.9,0.283,0.472,0.407,0.384,9.1,5.2,32.5,25.9,44.8,41.6,19.5,32.5,6.5,R,469,51.8,94.4,2334,-4.2,,17.9,2,23.9,87.9,2206,6.2,,7.3,2.2,8.1,86.7,1827,-15.1,,17,1.8,0.2,82.1,2006,4.1,,4.2,,16,93.3,2170,-14,,18.9,1.8,,,,,,,,,,,,,,,,,,,,,,,,,,,,,,,,,,,,,,,,,,,,,,,,,
"O'Rourke, Ryan",594951,2015,27,28,22,97,24.7,15.5,0.215,0.367,0.291,0.308,3.4,10.3,27.6,31.5,45.1,43.1,22.4,19,15.5,L,390,40.8,91.2,1987,10.6,,18.3,1.2,43.8,79.1,1874,-5.5,,9.6,1.6,9,83.5,1266,12,,15.5,1.4,1.5,71.5,2091,-3.8,,5.5,1.5,4.9,91.2,1977,18.3,,21,1.4,,,,,,,,,,,,,,,,,,,,,,,,,,,,,,,,,,,,,,,,,,,,,,,,,
"Kluber, Corey",446372,2015,29,32,222,886,27.7,5.1,0.228,0.367,0.283,0.284,6,2.2,32.1,26.9,51.1,44.3,22.7,27.2,5.8,R,3262,21.4,93.2,2381,-3.8,,16.3,1.5,26.8,88.9,2463,6.6,,8.9,1.6,4.8,85.6,1743,-11.2,,13.4,1.6,15.5,83.3,2398,19,,19.6,1.6,31.5,93.5,2165,-12.2,,16.8,1.5,,,,,,,,,,,,,,,,,,,,,,,,,,,,,,,,,,,,,,,,,,,,,,,,,
"Deduno, Samuel",465679,2015,31,9,21,96,17.7,9.4,0.3,0.474,0.386,0.388,6,0,32.8,20.5,43.8,49.3,22.4,26.9,1.5,R,367,15.8,88.4,1984,-2.2,,5.8,1.4,,,,,,,,7.9,82.7,1558,-0.5,,5.1,1.6,37.6,79,2432,16.3,,18.9,1.5,,,,,,,,38.7,88.2,1964,3.1,,6.1,1.2,,,,,,,,,,,,,,,,,,,,,,,,,,,,,,,,,,,,,,,,,,
"Martinez, Carlos",593372,2015,23,31,179.2,755,24.4,8.3,0.229,0.344,0.302,0.29,5.2,4,33.6,24,47.4,56.4,13.2,25.2,5.2,R,2823,31.6,96.4,2093,-8.5,,16.5,2.2,,,,,,,,17.3,87.4,1990,-16.6,,17.5,2,25.8,85.7,1897,9.9,,10.7,2.2,25.3,95.5,1971,-16,,17.4,1.8,,,,,,,,,,,,,,,,,,,,,,,,,,,,,,,,,,,,,,,,,,,,,,,,,
"Thomas, Ian",621962,2015,28,14,23.1,97,23.7,11.3,0.221,0.317,0.306,0.285,1.6,3.2,38.1,26.1,45.2,50.8,14.3,27,7.9,L,406,53.4,90.6,2129,9.7,,19,1.4,,,,,,,,26.8,79.5,1943,15.4,,17.9,1.8,10.8,74.1,2158,-7,,17.3,1.8,,,,,,,,8.9,87.4,2068,1.4,,10.2,1.4,,,,,,,,,,,,,,,,,,,,,,,,,,,,,,,,,,,,,,,,,,
"Tropeano, Nick",607374,2015,24,8,37.2,161,23.6,6.2,0.253,0.38,0.306,0.299,6.2,2.7,30.1,27,44.4,41.6,20.4,32.7,5.3,R,649,9.7,91.2,2265,-9.1,,19,1.4,21.6,80.7,1926,1.3,,3.8,1.5,23,82.8,1955,-15.1,,18.5,1.4,,,,,,,,45.8,91.8,2258,-13.9,,20.2,1.2,,,,,,,,,,,,,,,,,,,,,,,,,,,,,,,,,,,,,,,,,,,,,,,,,
"Hutchison, Drew",571800,2015,24,30,150.1,664,19.4,6.6,0.27,0.451,0.357,0.346,5.2,3.3,34.8,21.3,48.3,40.4,19.6,30.8,9.2,R,2505,64.6,93,2340,-7.1,,18,1.6,23.1,84.9,2206,5.7,,7.2,2.4,11.7,86.2,1728,-13.2,,15.6,1.6,0,81.9,2476,4,,5.2,,0.6,92.3,2234,-15.1,,17.8,1.5,,,,,,,,,,,,,,,,,,,,,,,,,,,,,,,,,,,,,,,,,,,,,,,,,
"Street, Huston",434718,2015,31,62,62.1,255,22.4,7.8,0.21,0.337,0.273,0.262,4.5,1.1,24.7,30.2,47.3,36.5,27,29.2,7.3,R,1008,,,,,,,,37.7,83.7,2111,-0.1,,6.7,1.4,21.4,82,1730,-12.6,,16.2,1.5,,,,,,,,40.9,89.1,2227,-14.1,,20.2,1.6,,,,,,,,,,,,,,,,,,,,,,,,,,,,,,,,,,,,,,,,,,,,,,,,,
"Venditte, Pat",519381,2015,30,26,28.2,119,19.3,10.1,0.2,0.362,0.296,0.291,10.7,1.2,26.2,22.6,43.4,33.3,32.1,20.2,14.3,L,148,,,,,,,,61.5,72.7,2529,-16.1,,17.1,1.4,2,76.9,1658,4.1,,16.2,1.6,,,,,,,,36.5,83.6,2496,11.7,,15.6,1.3,,,,,,,,,,,,,,,,,,,,,,,,,,,,,,,,,,,,,,,,,,,,,,,,,
"Venditte, Pat",519381,2015,30,26,28.2,119,19.3,10.1,0.2,0.362,0.296,0.291,10.7,1.2,26.2,22.6,43.4,33.3,32.1,20.2,14.3,R,341,,,,,,,,51.6,73.7,2530,7.2,,19.8,1.7,1.5,78.6,1508,-1.5,,17.9,1.5,,,,,,,,46.9,85.5,2382,-5.6,,15.7,1.7,,,,,,,,,,,,,,,,,,,,,,,,,,,,,,,,,,,,,,,,,,,,,,,,,
"Aardsma, David",430911,2015,33,33,30.2,128,27.3,10.9,0.232,0.449,0.32,0.328,7.7,3.8,39.7,31.5,51,29.5,29.5,34.6,6.4,R,479,67.8,92.1,2260,-7.5,,19.4,1.3,26.1,81.6,1936,0.9,,3.4,1.3,,,,,,,,,,,,,,,,,,,,,,,,,,,,,6.1,84.3,1383,-9.8,,12.9,1.5,,,,,,,,,,,,,,,,,,,,,,,,,,,,,,,,,,,
"Salas, Fernando",477569,2015,30,72,63.2,269,27.5,4.5,0.227,0.402,0.3,0.291,3.9,2.2,28.3,27,52,38.3,28.9,25.6,7.2,R,1018,58.3,91.2,2130,-6.1,,20.8,1.6,,,,,,,,14.7,85.4,1718,-10.2,,15.1,1.6,25.8,83.7,1877,3.1,,5.9,2,1.2,90.9,2031,-11.2,,15.1,1.6,,,,,,,,,,,,,,,,,,,,,,,,,,,,,,,,,,,,,,,,,,,,,,,,,
"Harris, Will",501789,2015,30,68,71,276,24.6,8,0.22,0.362,0.234,0.289,5.4,2.7,28.1,21.2,44.7,52.4,20.5,22.7,4.3,R,1123,12.3,93,2387,-0.9,,14.3,1.4,,,,,,,,0.9,85.5,1557,-7,,10.5,1.5,19.5,81.2,2554,14.3,,21.6,1.1,,,,,,,,67.3,92.3,2371,5.8,,15.5,1.2,,,,,,,,,,,,,,,,,,,,,,,,,,,,,,,,,,,,,,,,,,
"Motte, Jason",435400,2015,33,57,48.1,206,16.5,5.3,0.238,0.382,0.29,0.282,8.8,2.5,29.6,13.8,52.6,32.1,27.7,28.3,11.9,R,781,78.2,95.7,2332,-9.2,,19.3,1.5,,,,,,,,,,,,,,,2.3,81.9,1852,3.8,,5.4,1.9,5.2,94.2,2200,-16,,17.9,1.5,14.2,89.9,2150,1.7,,8.9,2,,,,,,,,,,,,,,,,,,,,,,,,,,,,,,,,,,,,,,,,,,
"Gorzelanny, Tom",452733,2015,32,48,39.1,181,19.9,12.7,0.27,0.446,0.378,0.359,8.3,2.5,35.8,29.3,42,41.7,29.2,22.5,6.7,L,667,15.4,91.3,2303,9.7,,20.1,1.8,31,79.5,2037,-8.1,,9.1,1.7,9.9,85.1,2086,18.4,,20.5,1.6,,,,,,,,43.6,91.3,2201,17.2,,20.2,1.5,,,,,,,,,,,,,,,,,,,,,,,,,,,,,,,,,,,,,,,,,,,,,,,,,
"Cunniff, Brandon",594792,2015,26,39,35,151,24.5,14.6,0.232,0.372,0.298,0.321,5.4,7.6,34.8,30.8,43.6,46.7,19.6,26.1,7.6,R,599,49.2,93.8,2135,-6,,17.5,1.4,34.9,83,1850,12.7,,13.8,1.9,1.8,84.1,1547,-13.6,,14.9,1.6,,,,,,,,14,94,2012,-13.2,,16.5,1.5,,,,,,,,,,,,,,,,,,,,,,,,,,,,,,,,,,,,,,,,,,,,,,,,,
"Smith, Carson",605476,2015,25,70,70,285,32.3,8.1,0.179,0.253,0.244,0.24,3.1,4.3,31.3,31.6,41.2,65.6,14.1,17.8,2.5,R,1049,0.8,94.2,2218,-10.7,,13.2,1.4,44.7,85.5,2606,11.4,,13.4,1.5,2.6,87.5,1815,-10.7,,13.2,1.3,,,,,,,,52,93.2,2209,-15.4,,16.1,2,,,,,,,,,,,,,,,,,,,,,,,,,,,,,,,,,,,,,,,,,,,,,,,,,
"Duke, Zach",435043,2015,32,71,60.2,254,26,12.6,0.206,0.346,0.314,0.299,5.2,4.6,30.1,25.8,44.5,58.8,17.6,19.6,3.9,L,1039,4.6,89.7,2070,6.3,,12.1,1.5,15.6,82.8,1656,-4.5,,8.6,1.5,8.8,85.9,1464,14.1,,14.7,1,21.2,76.6,2163,-11.3,,12.5,1.2,49.9,89.9,1882,15.6,,16.3,1.3,,,,,,,,,,,,,,,,,,,,,,,,,,,,,,,,,,,,,,,,,,,,,,,,,
"Marksberry, Matt",621408,2015,24,31,23.1,108,19.4,14.8,0.215,0.374,0.334,0.316,8.6,2.9,34.3,25.4,42.4,38.6,30,22.9,8.6,L,400,65.5,93,2034,7.8,,18.4,1.5,32.8,81.4,1861,-3.4,,5.4,2.1,1.5,85.6,1719,14.6,,18,1.6,0.3,79.9,2162,-11.8,,12.6,,,,,,,,,,,,,,,,,,,,,,,,,,,,,,,,,,,,,,,,,,,,,,,,,,,,,,,,,
"Wood, Alex",622072,2015,24,32,189.2,801,17.4,7.4,0.265,0.398,0.316,0.319,4.2,2.7,32.7,19.5,45,52.3,17.4,25.7,4.7,L,2895,,,,,,,,,,,,,,,18.9,83.6,1815,18.1,,18.7,2.3,22.1,80.8,1768,-4.6,,6.8,1.7,59,89.7,1915,15.9,,18.9,1.2,,,,,,,,,,,,,,,,,,,,,,,,,,,,,,,,,,,,,,,,,,,,,,,,,
"Kershaw, Clayton",477132,2015,27,33,232.2,890,33.8,4.7,0.191,0.273,0.231,0.228,3.5,4.2,24.4,32.5,51.4,52.2,15.1,25.1,7.6,L,3385,53.5,94.3,2215,0.7,,19.2,1.1,27.9,88.6,2105,-4.9,,8.2,1.9,0.3,88.3,2036,10.3,,18.9,1.5,18.2,74,2271,-2.5,,18.3,1.2,0.1,94.2,2250,9.4,,21.7,1.4,,,,,,,,,,,,,,,,,,,,,,,,,,,,,,,,,,,,,,,,,,,,,,,,,
"Givens, Mychal",571710,2015,25,22,30,117,32.5,5.1,0.221,0.301,0.236,0.256,6.9,4.2,30.6,28.5,45.9,41.7,23.6,29.2,5.6,R,466,62.4,94.9,2368,-5.3,,14.2,1.5,30.5,85.1,1442,7.6,,8.5,1.7,7.1,85.5,1970,-8.9,,9.8,1.7,,,,,,,,,,,,,,,,,,,,,,,,,,,,,,,,,,,,,,,,,,,,,,,,,,,,,,,,,,,,,,,
"Gonzalez, Gio",461829,2015,29,31,175.2,758,22.3,9.1,0.24,0.368,0.312,0.303,5.6,4.1,34.1,23.1,44.9,55.2,14.7,26.4,3.7,L,2937,33.2,92.8,2241,11.8,,19.6,1.3,,,,,,,,16.1,84.5,1672,15.8,,17,1.4,18.2,78.7,2814,-11.1,,19.2,1.4,32.4,92.4,2167,17.9,,20.6,1.3,,,,,,,,,,,,,,,,,,,,,,,,,,,,,,,,,,,,,,,,,,,,,,,,,
"Hunter, Tommy",488984,2015,28,58,60.1,249,18.9,5.6,0.253,0.398,0.305,0.306,6.4,2.1,32.6,21.7,52.3,46,21.9,25.7,6.4,R,870,34.6,97.2,2441,-5.8,,18.2,1.3,0.2,83.1,2769,16.6,,16.8,1.4,0.1,89.1,,0.6,,4.5,,31.1,85,2430,10.9,,12.2,2.6,24.9,96.7,2446,-11.5,,16.8,1.4,9,92.9,2441,2.5,,10.4,2.2,,,,,,,,,,,,,,,,,,,,,,,,,,,,,,,,,,,,,,,,,,
"Miley, Wade",489119,2015,28,32,193.2,831,17.7,7.7,0.252,0.39,0.323,0.311,6,3.1,31.5,20.9,43.3,50.5,20.1,25.3,4.1,L,3194,34.4,91.4,2220,8.2,,19.5,1.6,15,85.1,2020,-1.5,,4.8,2.5,19.3,83.6,1956,17.2,,21.1,1.6,8.5,77.5,2351,-3.4,,11.2,1.7,22.8,91.3,2108,16.7,,22.3,1.6,,,,,,,,,,,,,,,,,,,,,,,,,,,,,,,,,,,,,,,,,,,,,,,,,
"Barnes, Matt",598264,2015,25,32,43,199,19.6,7.5,0.255,0.444,0.383,0.335,5.6,1.4,36.4,21.9,49.1,42,20.3,30.1,7.7,R,790,61.6,95.5,2236,-7.3,,18.6,1.6,1.6,87.6,1952,0.5,,8.4,1.4,14.2,86.8,2042,-10.9,,15.6,1.7,22.5,82.5,2071,6,,11.6,1.6,,,,,,,,,,,,,,,,,,,,,,,,,,,,,,,,,,,,,,,,,,,,,,,,,,,,,,,,
"Hudson, Daniel",543339,2015,28,64,67.2,290,24.5,8.6,0.247,0.403,0.3,0.317,6.2,1,33.5,29.1,48.4,43.3,16.5,32,8.2,R,1151,37.9,96.7,2356,-9.6,,18.2,1.3,15.3,88.3,2211,0.4,,5.1,1.8,26.5,85.4,2436,-16.8,,19,1.1,,,,,,,,20.3,96.7,2344,-12.7,,17.9,1.3,,,,,,,,,,,,,,,,,,,,,,,,,,,,,,,,,,,,,,,,,,,,,,,,,
"Nesbitt, Angel",553970,2015,24,24,21.2,98,14.3,8.2,0.277,0.385,0.322,0.338,9.7,4.2,36.1,19.7,50.3,52.8,12.5,26.4,8.3,R,375,34.7,95.1,1962,-11.1,,19.3,1.3,6.9,84,2000,3,,3.7,1.5,15.2,87.7,1725,-13.5,,15.9,1.4,,,,,,,,17.1,94.5,1954,-14.9,,19.2,1.3,26.1,90.4,2111,-1.1,,11.7,1.6,,,,,,,,,,,,,,,,,,,,,,,,,,,,,,,,,,,,,,,,,,
"Garces, Frank",571057,2015,25,40,38,172,17.4,12.8,0.287,0.469,0.375,0.373,5.9,2.5,30.3,22.7,45.6,36.1,21.8,31.9,10.1,L,673,54.7,91.4,1970,10.8,,17.4,1.8,,,,,,,,12.9,83.1,1609,15.8,,19.5,1.9,31.1,77.1,2471,-9.7,,12.4,2.3,1.3,91.2,1805,11.5,,12.5,1.3,,,,,,,,,,,,,,,,,,,,,,,,,,,,,,,,,,,,,,,,,,,,,,,,,
"Peavy, Jake",408241,2015,34,19,110.2,448,17.4,5.6,0.234,0.422,0.296,0.307,6.4,3.2,33.5,18.5,49.6,39.9,25.9,25.4,8.7,R,1739,25.8,90.6,2475,-10.8,,18.8,1.4,3.5,84.4,2377,3.2,,6.4,2,6.7,83.1,1789,-15.4,,16.8,1.1,10.2,80.7,2137,4.9,,7.4,1.5,23.1,90.8,2465,-15.2,,18.7,1.5,30.8,86.4,2512,0.8,,7.5,1.4,,,,,,,,,,,,,,,,,,,,,,,,,,,,,,,,,,,,,,,,,,
"Sabathia, CC",282332,2015,34,29,167.1,726,18.9,6.9,0.253,0.378,0.343,0.304,5.4,2.8,31.1,21.4,46.2,48.2,20.5,25.3,6,L,2693,25.2,90.8,2114,6.8,,16.4,1.7,22.5,79.6,1823,-11.2,,11.8,1.5,14,83.9,1950,11.1,,15,1.2,,,,,,,,38.3,89.8,2049,15.8,,19.2,2.3,0,90.2,1980,0.3,,19.3,,,,,,,,,,,,,,,,,,,,,,,,,,,,,,,,,,,,,,,,,,,
"Teheran, Julio",527054,2015,24,33,200.2,843,20.3,8.7,0.265,0.422,0.322,0.336,7.5,2.4,36.6,25.8,45.9,41.5,21.4,29,8.1,R,3261,42.4,92.1,2266,-8.5,,16.8,1.8,22.7,81.2,1740,5.2,,6.3,2,8.2,83.3,1507,-13,,15.2,1.9,7.8,72.4,2252,12.1,,15,2,19,91.1,2045,-14.8,,16.9,1.7,,,,,,,,,,,,,,,,,,,,,,,,,,,,,,,,,,,,,,,,,,,,,,,,,
"Parra, Manny",448159,2015,32,40,32.1,130,17.7,4.6,0.28,0.419,0.289,0.319,4,4,32.7,23.3,48.3,47.5,21.8,28.7,2,L,493,49.5,93,1823,12.5,,18.6,1.3,34.1,83.3,1925,-0.9,,3.3,1.3,,,,,,,,,,,,,,,11.2,93.7,1734,15.7,,17.9,1.3,,,,,,,,5.3,83.9,770,11.9,,13.1,1.5,,,,,,,,,,,,,,,,,,,,,,,,,,,,,,,,,,,
"Pino, Yohan",464416,2015,31,7,19.1,82,15.9,3.7,0.27,0.461,0.319,0.327,9.1,6.1,54.5,13.8,49.5,39.4,28.8,24.2,7.6,R,279,44.1,89.8,2502,-6.8,,21.8,1.5,31.5,83,2148,3.3,,7.9,1.6,3.6,83.1,2087,-13.3,,19.2,1.5,4.3,74.2,2494,9.4,,10.3,1.4,16.5,88.3,2379,-12.9,,18.1,1.2,,,,,,,,,,,,,,,,,,,,,,,,,,,,,,,,,,,,,,,,,,,,,,,,,
"Robles, Hansel",570663,2015,24,57,54,216,28.2,7.9,0.186,0.314,0.282,0.255,3.7,2.9,30.9,28,49.4,33.8,30.9,24.3,11,R,885,70.5,96.4,2448,-12.1,,19.6,1.7,27.3,88.2,2282,0.4,,4.9,1.7,0.7,88.8,1885,-15,,19.6,1.5,,,,,,,,1.5,95.8,2482,-17.6,,20,1.4,,,,,,,,,,,,,,,,,,,,,,,,,,,,,,,,,,,,,,,,,,,,,,,,,
"Olmos, Edgar",543607,2015,25,6,14,67,6,11.9,0.286,0.44,0.338,0.355,7.4,1.9,37,8.8,38.1,50,18.5,24.1,7.4,L,237,26.2,93.5,2153,9.2,,13.4,1.5,0.4,81.7,2877,-15,,15,,24.1,85,1603,15.2,,16.5,1.9,13.9,77.6,2600,-15.9,,18.8,1.5,35.4,92.9,2217,16,,16.9,1.5,,,,,,,,,,,,,,,,,,,,,,,,,,,,,,,,,,,,,,,,,,,,,,,,,
"Vogelsong, Ryan",285064,2015,37,33,135,598,18.1,9.7,0.27,0.453,0.337,0.35,5.4,4.4,36.1,16.9,43,47.1,18.2,28.2,6.5,R,2304,41.2,91.6,2071,-7.9,,17.2,1.5,15.5,88.5,1986,0.4,,13,1.3,8.7,84,1759,-13.7,,17,1.5,20.6,77,1876,4.3,,9.1,1.5,14.1,91.6,2003,-14,,17.6,1.5,,,,,,,,,,,,,,,,,,,,,,,,,,,,,,,,,,,,,,,,,,,,,,,,,
"Johnson, Erik",605304,2015,25,6,35,151,19.9,11.3,0.279,0.535,0.349,0.385,5.8,1.9,44.7,20.8,45.4,26.2,30.1,31.1,12.6,R,635,70.1,92,2198,-4.7,,22.6,1.7,18.4,84.4,1900,5.7,,7.4,1.9,6.3,82.6,1722,-15.2,,19.5,1.5,2.5,74.4,2788,12.9,,16.7,1.7,2.7,91,2043,-10.8,,21.5,1.6,,,,,,,,,,,,,,,,,,,,,,,,,,,,,,,,,,,,,,,,,,,,,,,,,
"Gee, Dillon",518716,2015,29,8,39.2,183,13.7,6,0.29,0.424,0.372,0.328,5.5,5.5,30.8,19.8,50,53.4,17.8,25.3,3.4,R,607,13.7,89.5,2114,-8.4,,17.1,1.6,12.2,82.5,2040,7.3,,8.1,1.5,19.1,82.9,1693,-14.9,,15.7,1.4,9.1,75.1,2436,17.5,,22.4,1.5,39.2,90.2,2202,-15.2,,17.3,1.4,6.8,86.4,2348,2.6,,7.6,1.2,,,,,,,,,,,,,,,,,,,,,,,,,,,,,,,,,,,,,,,,,,
"Britton, Zack",502154,2015,27,64,65.2,253,31.2,5.5,0.167,0.234,0.242,0.209,3.8,2.5,32.7,33.8,50.3,81.1,6.9,11.3,0.6,L,899,,,,,,,,9.8,84,2524,-8.5,,10.1,1.4,,,,,,,,,,,,,,,90.2,96.5,2057,15.7,,16.9,1.4,,,,,,,,,,,,,,,,,,,,,,,,,,,,,,,,,,,,,,,,,,,,,,,,,
"Hernandez, Roberto",433584,2015,34,20,84.2,357,11.8,7.3,0.282,0.421,0.332,0.33,5.9,3.8,35.4,15.9,44,52.4,17.7,26,3.8,R,1312,31.5,89.3,1914,-10,,16.8,1.3,14.8,84.6,1964,3.9,,8.3,3,29.1,83,1810,-11.8,,12.7,1.3,,,,,,,,24.6,89.6,1908,-14.2,,16.9,1.4,,,,,,,,,,,,,,,,,,,,,,,,,,,,,,,,,,,,,,,,,,,,,,,,,
"Doubront, Felix",467094,2015,27,16,75.1,328,17.1,7.9,0.273,0.438,0.351,0.338,5.7,2,33.5,23,45.3,49,17.6,26.5,6.9,L,1264,33.3,91.3,2155,2.9,,15.1,1.6,,,,,,,,18,84.5,1647,6.7,,10.7,2.5,12.9,76.2,2187,-5.1,,15.7,1.7,24.1,91.4,1971,12.7,,18.4,1.5,11.8,87.5,2003,-3.6,,8,1.6,,,,,,,,,,,,,,,,,,,,,,,,,,,,,,,,,,,,,,,,,,
"Jackson, Edwin",429719,2015,31,47,55.2,228,17.5,9.2,0.252,0.381,0.275,0.314,6,1.2,30.1,23.6,47.8,41.6,27.1,26.5,4.8,R,872,59.3,94.1,2281,-4.7,,14.9,2.1,27.9,87.8,1999,1.3,,3.7,1.4,2.8,87.8,2271,-15.2,,20.5,1.2,5.4,79.4,2101,4.1,,10.1,1.8,4.7,92.4,2183,-10.4,,12.8,2.1,,,,,,,,,,,,,,,,,,,,,,,,,,,,,,,,,,,,,,,,,,,,,,,,,
"Collmenter, Josh",518567,2015,29,44,121,499,12.6,4.8,0.285,0.494,0.334,0.351,7.1,5.8,32.1,16.6,46.9,36,20.7,34.5,8.8,R,1916,0.1,87.1,1984,-4.3,,16.9,1.6,,,,,,,,28.3,77.1,1754,-5.3,,17.1,1.6,5,71.2,1867,-1.8,,9.8,1.7,,,,,,,,66.6,85.4,1921,4.2,,18.8,1.6,,,,,,,,,,,,,,,,,,,,,,,,,,,,,,,,,,,,,,,,,,
"Thayer, Dale",445612,2015,34,38,37.2,158,15.8,9.5,0.252,0.399,0.323,0.311,4.2,3.4,25.4,16.9,47.8,40.7,26.3,25.4,7.6,R,602,72.8,92.5,2205,-10.4,,17.2,1.1,19.3,82.5,2033,6.9,,8.1,1.3,6.5,84.9,1411,-13,,13.8,1.3,,,,,,,,1.5,92.3,2229,-16.3,,17.9,1.5,,,,,,,,,,,,,,,,,,,,,,,,,,,,,,,,,,,,,,,,,,,,,,,,,
"Martin, Cody",592533,2015,25,25,30.2,141,19.1,8.5,0.305,0.543,0.418,0.397,10,2,38,18.7,44,35,22,37,6,R,498,60.2,90.1,1997,-5.5,,16.1,1.7,19.1,83,2013,8.1,,9.5,2.4,0.4,79.2,1922,-12.2,,20.5,1.7,14.1,73.5,2462,18,,23.3,1.9,1.6,87,1713,-13.1,,14.9,1.6,4.6,86.8,2057,4,,11,1.4,,,,,,,,,,,,,,,,,,,,,,,,,,,,,,,,,,,,,,,,,,
"DeSclafani, Anthony",543101,2015,25,31,184.2,785,19.2,7,0.251,0.39,0.321,0.308,5.7,2.4,34.3,21.5,48.9,46.7,18.3,27.5,7.5,R,2881,33.8,93.4,2176,-7.7,,17.7,1.5,23.9,87.6,2094,4.4,,6.6,1.9,7.2,86.3,1630,-13.5,,15.1,1.7,6.8,79.7,1854,10.1,,15.5,2.4,28.2,92.8,1944,-13.4,,16.4,1.7,,,,,,,,,,,,,,,,,,,,,,,,,,,,,,,,,,,,,,,,,,,,,,,,,
"Solís, Sammy",519301,2015,26,18,21.1,94,18.1,4.3,0.245,0.341,0.303,0.265,0,4.2,27.8,20.8,48.8,45.8,16.7,29.2,8.3,L,357,,,,,,,,0.3,83.6,1611,-10.4,,13,,11.5,85.3,1570,15.9,,16.7,1.8,15.7,82.2,2253,-3.2,,6.9,1.6,72.5,94.5,2305,16.9,,21.3,1.4,,,,,,,,,,,,,,,,,,,,,,,,,,,,,,,,,,,,,,,,,,,,,,,,,
"Klein, Phil",607309,2015,26,11,17.1,86,14,11.6,0.279,0.474,0.388,0.366,3.1,3.1,35.9,16.3,46,40.6,15.6,29.7,14.1,R,348,46.8,91.3,2328,-3.4,,18.5,1.5,34.5,85.7,2329,5.5,,10.8,1.6,10.3,84.5,1949,-11.1,,14.4,1.6,,,,,,,,8.3,91.4,2243,-12.1,,17.7,1.5,,,,,,,,,,,,,,,,,,,,,,,,,,,,,,,,,,,,,,,,,,,,,,,,,
"Chen, Wei-Yin",612672,2015,29,31,191.1,792,19.3,5.2,0.246,0.4,0.325,0.304,5.1,3.5,31.9,19,51.1,42.7,22.4,23.9,11,L,3009,43.5,92.2,2109,11.3,,21.2,1.5,17,83.8,2052,-3.2,,5.9,2.1,10.2,83.4,1488,14.9,,19.6,1.7,8.5,73.9,2210,-5.8,,13,2.9,20.7,91.3,2005,16.8,,22.4,1.6,,,,,,,,,,,,,,,,,,,,,,,,,,,,,,,,,,,,,,,,,,,,,,,,,
"Stroman, Marcus",573186,2015,24,4,27,103,17.5,5.8,0.236,0.326,0.248,0.278,6.4,1.3,29.5,18,44.8,64.1,10.3,23.1,2.6,R,373,7.2,93.4,2287,-7.5,,17.3,1.4,0.5,86.1,,5.2,,7.6,1.4,12.3,85.1,1438,-11.1,,13.3,1.7,0.3,82.2,,12.4,,12.4,,41.3,92.5,2125,-12.5,,13.3,1.4,11.5,90.7,2262,1,,8,1.3,,,,,,,,,,,,,,,10.2,83.3,2302,16.1,,16.6,1.6,16.6,86.6,2207,5.3,,7.4,1.5,,,,,,,,,,,,,,
"Rondon, Jorge",504083,2015,27,10,14.1,81,11.1,11.1,0.351,0.567,0.465,0.428,9.5,1.6,47.6,17.7,48.3,41.3,17.5,38.1,3.2,R,292,52.7,95.9,2235,-7.7,,17.3,1.8,30.1,87.8,1962,6.4,,7.4,1.8,6.2,86,1508,-8.8,,13,1.9,,,,,,,,11,95.3,2037,-14.8,,17,1.7,,,,,,,,,,,,,,,,,,,,,,,,,,,,,,,,,,,,,,,,,,,,,,,,,
"Wisler, Matt",605538,2015,22,20,109,478,15.1,8.4,0.279,0.506,0.35,0.365,7.7,2.2,36.2,18.9,48.1,35.1,24.9,30.1,9.9,R,1758,36.7,94,2162,-6.5,,16.2,1.2,23.5,82.8,1983,12.7,,13.2,1.7,9.4,87.3,2015,-14.7,,16.5,1.3,5.3,76.8,2204,11.8,,14.7,1.6,25.1,93.7,2219,-14,,17,1.3,,,,,,,,,,,,,,,,,,,,,,,,,,,,,,,,,,,,,,,,,,,,,,,,,
"Ross, Joe",605452,2015,22,16,76.2,314,22,6.7,0.213,0.372,0.277,0.286,5.4,5.4,35.1,25,49.3,53.6,18.5,22.1,5.9,R,1153,0.3,93.7,2008,-4.8,,17.8,1.4,35.6,84.4,1824,0.5,,3,1.5,6.2,87.3,1999,-14.3,,17.4,1.8,,,,,,,,57.8,93.9,1985,-13.8,,17.1,1.7,,,,,,,,,,,,,,,,,,,,,,,,,,,,,,,,,,,,,,,,,,,,,,,,,
"Janssen, Casey",445163,2015,33,48,40,167,16.2,5.4,0.251,0.434,0.305,0.314,7.7,3.8,29.2,16.5,47,33.8,25.4,32.3,8.5,R,592,47.6,88.9,2143,-3.7,,15.7,1.2,7.4,84.4,2027,3.8,,7.4,1.3,2.7,81.9,1350,-9.5,,13,1.6,15.2,74.2,2568,16.6,,19.1,1.4,2,88.9,2134,-8.2,,14.5,1.4,25,88.2,2205,2.7,,12.5,1.2,,,,,,,,,,,,,,,,,,,,,,,,,,,,,,,,,,,,,,,,,,
"Jepsen, Kevin",448178,2015,30,75,69.2,285,20.7,9.5,0.229,0.371,0.251,0.304,6,4,38.2,25,46.4,46.7,21.1,24.1,8,R,1158,64.7,95,2430,-2.9,,19.2,1.4,,,,,,,,9.9,85.6,1914,-10.5,,17.3,1.7,23,82.5,2456,11.1,,17.2,1.3,2.4,95.8,2448,-10.6,,19.4,1.5,,,,,,,,,,,,,,,,,,,,,,,,,,,,,,,,,,,,,,,,,,,,,,,,,
"Bellatti, Andrew",571479,2015,23,17,23.1,95,18.9,10.5,0.244,0.516,0.3,0.366,15.2,0,36.4,28.5,45.7,37.9,33.3,24.2,4.5,R,346,57.5,93.5,2426,-9.3,,21,1.2,21.7,82.3,1638,8.9,,9.5,1.3,20.8,85.3,1669,-6.3,,16.4,1.3,,,,,,,,,,,,,,,,,,,,,,,,,,,,,,,,,,,,,,,,,,,,,,,,,,,,,,,,,,,,,,,
"Lobstein, Kyle",543456,2015,25,13,63.2,280,11.4,8.2,0.284,0.447,0.358,0.346,6.7,3.6,37.8,17.7,44.7,53.8,16,22.7,7.6,L,1005,20.7,87.1,2048,10.6,,19.3,1.4,,,,,,,,14.8,79.6,1641,11.8,,15.7,1.3,7.2,75.5,2114,-4.3,,8.6,1.5,38.9,86.8,1915,16.2,,19.3,1.4,18.4,81.9,2038,-2.1,,7.7,1.3,,,,,,,,,,,,,,,,,,,,,,,,,,,,,,,,,,,,,,,,,,
"Delabar, Steve",447755,2015,31,31,29.1,129,23.3,10.9,0.207,0.386,0.343,0.304,4.8,2.4,34.5,26.6,52.7,42.9,23.8,25,8.3,R,542,57.6,94,2456,-9.4,,21,1.4,10.7,85.9,2144,5.9,,8,1.5,29.9,87.7,1380,-10.6,,12,1.3,,,,,,,,1.8,94.2,2420,-14.8,,21.2,1.6,,,,,,,,,,,,,,,,,,,,,,,,,,,,,,,,,,,,,,,,,,,,,,,,,
"Kelly, Joe",523260,2015,27,25,134.1,587,18.7,8.3,0.271,0.416,0.335,0.333,5.5,0.7,39.8,18.8,42.2,46,20.1,27.5,6.4,R,2378,31.9,96.2,2093,-9.4,,17.7,1.8,14.3,86.3,1779,8.2,,9.5,1.7,11.3,85.5,2049,-14.3,,16.5,1.9,9.1,80.1,2703,13.3,,19.9,1.8,33.5,96,2061,-13.5,,17.5,1.7,,,,,,,,,,,,,,,,,,,,,,,,,,,,,,,,,,,,,,,,,,,,,,,,,
"Jimenez, Cesar",462945,2015,30,19,23,91,27.5,8.8,0.208,0.343,0.259,0.278,3.4,10.3,20.7,25.3,45.8,53.4,12.1,27.6,6.9,L,371,65.5,89.5,2004,13.9,,20.2,1.3,12.9,80.6,1651,2.3,,5.1,1.6,21.6,79.7,1123,14.6,,15.5,1.2,,,,,,,,,,,,,,,,,,,,,,,,,,,,,,,,,,,,,,,,,,,,,,,,,,,,,,,,,,,,,,,
"Davis, Wade",451584,2015,29,69,67.1,251,31.1,8,0.191,0.301,0.202,0.251,4.6,3.9,26.1,27,46.6,39.2,24.2,26.8,9.8,R,1045,54.6,96.5,2397,-3.5,,18.6,1.7,,,,,,,,,,,,,,,18.9,85.1,2387,5.4,,10.6,2.1,1,95.9,2343,-13.2,,19.4,1.7,25.6,93.2,2570,4.7,,11.6,1.5,,,,,,,,,,,,,,,,,,,,,,,,,,,,,,,,,,,,,,,,,,
"Price, David",456034,2015,29,32,220.1,888,25.3,5.3,0.23,0.355,0.27,0.279,5.9,3.1,30.8,25.4,51,42.1,22.8,28.2,6.9,L,3378,35,94.6,2257,10.2,,20.3,1.8,,,,,,,,22.6,85.8,1975,17.2,,20,1.5,8.1,80.2,2045,-11.3,,12.4,1.8,21.2,94.8,2193,15.5,,21.1,1.6,13.2,89.7,2141,-1,,9.1,2,,,,,,,,,,,,,,,,,,,,,,,,,,,,,,,,,,,,,,,,,,
"Wainwright, Adam",425794,2015,33,7,28,111,18,3.6,0.239,0.33,0.258,0.265,5.7,6.9,26.4,18.5,50.9,51.7,17.2,27.6,3.4,R,383,15.7,90.6,2184,-4.2,,17.4,1.8,,,,,,,,1.6,83.1,1820,-16.6,,18.7,1.4,26.6,74.8,2591,15.1,,22.1,1.8,22.5,90.3,2158,-15.3,,19.5,1.8,33.7,86.5,2272,3.4,,11.1,2,,,,,,,,,,,,,,,,,,,,,,,,,,,,,,,,,,,,,,,,,,
"Volquez, Edinson",450172,2015,31,34,200.1,850,18.2,8.5,0.259,0.412,0.305,0.329,5.2,3.6,33.5,22.3,45.7,47.3,24.2,23.9,4.6,R,3294,14.1,94.4,2333,-11.9,,19.8,1.5,,,,,,,,25,85.2,1281,-12.4,,13.2,1.6,23.9,81,2631,10,,13.4,2,37,94.3,2299,-16.2,,20.2,1.5,,,,,,,,,,,,,,,,,,,,,,,,,,,,,,,,,,,,,,,,,,,,,,,,,
"Watson, Tony",453265,2015,30,77,75.1,293,21.2,5.8,0.23,0.334,0.235,0.276,5.7,5.2,26.7,23.7,52.6,49.5,18.6,24.8,7.1,L,1093,,,,,,,,5,83.5,2198,-1.3,,3.6,1.6,19.2,85.7,2416,21,,22.9,1.5,,,,,,,,75.8,94.5,2362,18.1,,21.1,1.2,,,,,,,,,,,,,,,,,,,,,,,,,,,,,,,,,,,,,,,,,,,,,,,,,
"deGrom, Jacob",594798,2015,27,30,191,751,27.3,5.1,0.214,0.323,0.251,0.26,5.3,3.6,29.6,27,51.9,48,20.2,24.7,7.1,R,2967,46.3,95.6,2261,-7.2,,17.4,1.5,15.8,90.2,2340,2.2,,8,1.6,12,86,1739,-11.7,,14,1.4,9.8,82.3,2068,8.1,,10,1.8,16,95.3,2143,-13.4,,17.3,1.7,,,,,,,,,,,,,,,,,,,,,,,,,,,,,,,,,,,,,,,,,,,,,,,,,
"Carrasco, Carlos",471911,2015,28,30,183.2,730,29.6,5.9,0.213,0.329,0.281,0.265,5.4,2.1,34.1,28.5,52,52.6,18.2,24.2,4.9,R,2766,33.9,95.3,2268,-11,,18.1,1.7,15.2,88.4,2235,1,,5.3,1.5,21.1,89,1734,-8.4,,10.2,1.8,8.1,83.8,2380,8.8,,11.5,1.8,21.6,95,2172,-15.2,,17.6,1.4,,,,,,,,,,,,,,,,,,,,,,,,,,,,,,,,,,,,,,,,,,,,,,,,,
"Velasquez, Vince",592826,2015,23,19,55.2,231,25.1,9.1,0.231,0.394,0.315,0.311,9.3,2,34,23.1,48.8,31.3,32,28,8.7,R,975,67,95.2,2278,-3.8,,18.5,1.5,6.9,84.7,2138,9,,9.7,1.5,7.3,87,1637,-9.7,,12.5,1.6,17.2,82.1,2366,10.9,,14.4,1.8,1.6,95.9,2385,-10.2,,14.8,1.5,,,,,,,,,,,,,,,,,,,,,,,,,,,,,,,,,,,,,,,,,,,,,,,,,
"Betances, Dellin",476454,2015,27,74,84,332,39.5,12,0.164,0.25,0.236,0.244,1.3,7.6,28.5,39.8,41.1,49.4,18.4,21.5,10.8,R,1364,48.4,97.6,2401,-1.8,,16.4,1.7,,,,,,,,,,,,,,,43.4,84.2,2250,14.6,,15.3,2.1,,,,,,,,0.2,98.4,,3.8,,17.6,1.5,,,,,,,,,,,,,,,,,,,,,,8,86,2587,12.1,,18.6,1.8,,,,,,,,,,,,,,
"Dyson, Sam",473879,2015,27,75,75.1,309,23,6.8,0.21,0.29,0.27,0.257,0.9,2.3,32.9,25.7,50.6,69.5,6.6,19.7,4.2,R,1102,19.1,96.9,2291,-8.4,,15.9,1.4,5.6,89.2,2401,4.9,,6.8,1.7,16,89.3,1815,-13.3,,13.7,1.6,4.4,83.1,2833,13.5,,15.4,1.5,54.7,96.3,2240,-14.6,,15.3,1.4,0.3,95.9,2285,3.5,,3.6,1.5,,,,,,,,,,,,,,,,,,,,,,,,,,,,,,,,,,,,,,,,,,
"Alvarez, R.J.",571439,2015,24,21,20,100,23,13,0.281,0.613,0.43,0.411,1.6,1.6,43.8,27,47,25,34.4,31.3,9.4,R,391,65.2,94.7,2361,-8.3,,16.6,1.2,22.8,84.6,1922,8.6,,9.5,1.4,12,89.6,1848,-13.3,,14.1,1.6,,,,,,,,,,,,,,,,,,,,,,,,,,,,,,,,,,,,,,,,,,,,,,,,,,,,,,,,,,,,,,,
"Hamels, Cole",430935,2015,31,32,212.1,880,24.4,7,0.231,0.351,0.294,0.288,5.7,4.2,33.4,28.1,50.6,49.6,16,28.2,6.2,L,3326,31.4,92.9,2100,8.3,,19.4,1.6,,,,,,,,23.5,84.9,1722,14.3,,18.1,1.3,12.1,78.8,2235,-8.6,,15.3,1.8,21.2,93.2,2102,15,,19.3,1.8,11.8,89.1,1998,0.7,,10,1.5,,,,,,,,,,,,,,,,,,,,,,,,,,,,,,,,,,,,,,,,,,
"McGee, Jake",459429,2015,28,39,37.1,147,32.7,5.4,0.192,0.31,0.238,0.247,8.9,1.1,42.2,26.9,52.7,38.9,30,22.2,8.9,L,616,50.6,95.2,2309,11.8,,22.7,1.9,4.7,91.4,2219,14.1,,24,1.3,,,,,,,,7.3,75,2127,-3,,11.6,1.6,37.3,95.6,2320,16.4,,24.5,1.6,,,,,,,,,,,,,,,,,,,,,,,,,,,,,,,,,,,,,,,,,,,,,,,,,
"Broxton, Jonathan",455009,2015,31,66,60.1,257,24.5,8.6,0.228,0.368,0.331,0.296,8.7,4.1,32,25.6,51,55.8,11.6,29.7,2.9,R,991,49.4,94.9,2193,-5.9,,15.8,1.7,31.9,87.9,1914,4.5,,6.2,1.8,,,,,,,,2.4,77.2,1718,9.3,,15.7,1.5,16.2,92.9,1997,-13.2,,16.7,2.8,,,,,,,,,,,,,,,,,,,,,,,,,,,,,,,,,,,,,,,,,,,,,,,,,
"Weber, Ryan",543901,2015,24,5,28.1,109,17.4,5.5,0.244,0.372,0.306,0.303,1.2,1.2,35.4,13.6,43.2,65.9,13.4,19.5,1.2,R,407,0.2,89.8,1997,-15,,17.8,,0.2,77.8,1589,12.8,,15.3,,17,82.2,1795,-17.8,,18,1,21.6,76.5,1816,13.4,,18.8,1.5,60.9,90.2,1897,-18.4,,18.9,0.9,,,,,,,,,,,,,,,,,,,,,,,,,,,,,,,,,,,,,,,,,,,,,,,,,
"Tanaka, Masahiro",547888,2015,26,24,154,608,22.9,4.4,0.246,0.439,0.287,0.31,5.4,2.9,36.7,24.5,49.4,47.8,23.4,22.7,6.1,R,2289,20,92.7,2206,-8.7,,19.3,1.6,21.3,84.2,2031,4.4,,7,1.8,,,,,,,,7.1,77,2091,8.7,,11.5,1.7,13.5,91.8,2009,-14.8,,18.4,1.5,9.9,89.6,2216,-0.9,,12.6,1.3,28.2,88.1,1570,-10.2,,11.6,1.5,,,,,,,,,,,,,,,,,,,,,,,,,,,,,,,,,,,
"Tepera, Ryan",572193,2015,27,32,33,128,17.2,4.7,0.232,0.428,0.29,0.314,4.1,1,32,20.2,51.2,47.4,24.7,19.6,8.2,R,465,36.8,95.6,2251,-11,,18.2,1.5,16.8,85.5,2077,7.3,,8.4,1.5,6.9,88.5,1435,-9,,9.9,1.3,,,,,,,,,,,,,,,39.6,90.3,2315,4.7,,9.9,1.2,,,,,,,,,,,,,,,,,,,,,,,,,,,,,,,,,,,,,,,,,,
"Shoemaker, Matt",533167,2015,28,25,135.1,569,20.4,6.2,0.235,0.409,0.326,0.304,5.8,4.8,34.5,21.2,46.5,41.5,24.2,26.3,8,R,2078,31.9,90.9,2170,-3.8,,19.5,1.9,11.4,81.7,1712,4.4,,7.8,1.9,25.7,84.3,1223,-7.2,,11.5,2,7.4,75.6,1831,13.3,,13.8,1.8,23.6,90.7,2047,-12.1,,18.4,1.8,,,,,,,,,,,,,,,,,,,,,,,,,,,,,,,,,,,,,,,,,,,,,,,,,
"Brown, Brooks",453156,2015,30,36,33,147,13.6,10.9,0.244,0.33,0.319,0.304,2.7,3.6,32.7,27,44.6,52.7,15.5,27.3,4.5,R,572,,,,,,,,10.5,86.3,1961,5,,8.7,2.3,33,86.3,1608,-11.1,,13.4,1.7,2.4,83.8,2014,4,,4.6,1.5,54,94,1894,-11,,15.7,1.4,,,,,,,,,,,,,,,,,,,,,,,,,,,,,,,,,,,,,,,,,,,,,,,,,
"Johnson, Jim",462382,2015,32,72,66.2,291,17.2,6.9,0.23,0.324,0.325,0.279,2.3,6,29.2,18.4,48.4,63.9,14.4,19.9,1.9,R,1046,9,94.4,2239,-4.2,,14.7,1.2,,,,,,,,6.4,89,1686,-14.5,,15.3,1.2,18.9,80.5,2177,7.7,,16.1,1.2,65.7,95,2251,-14.2,,16.5,1.3,,,,,,,,,,,,,,,,,,,,,,,,,,,,,,,,,,,,,,,,,,,,,,,,,
"Bass, Anthony",542914,2015,27,33,64,272,16.5,7.4,0.257,0.395,0.325,0.313,4.4,3.4,31.1,21.2,44.5,50,14.6,29.1,6.3,R,1044,23.3,93.2,2008,-3.3,,15.5,1.6,30.4,86,1867,7.1,,9.3,2.8,11.8,84.7,961,-6,,11.1,2.1,1.8,87,1671,-3.5,,15.3,2.9,13.7,93.1,2015,-11.1,,17.2,2,19.1,93.6,2013,2.1,,15.7,1.5,,,,,,,,,,,,,,,,,,,,,,,,,,,,,,,,,,,,,,,,,,
"Putnam, Zach",474029,2015,27,49,48.2,212,30.2,11.3,0.206,0.354,0.314,0.295,5.8,3.3,30.8,36.4,47.9,46.7,19.2,26.7,7.5,R,831,9.9,90.8,2266,-5.8,,16,1.2,0.1,90.4,2256,-0.2,,16.1,,,,,,,,,,,,,,,,10,91.2,2095,-13.5,,18.8,1.3,17.4,88.7,2322,1.6,,13.2,1.3,62.6,85.3,1571,-12.7,,13.7,1.2,,,,,,,,,,,,,,,,,,,,,,,,,,,,,,,,,,,
"Cishek, Steve",518553,2015,29,59,55.1,243,19.8,11.1,0.249,0.394,0.315,0.32,5.4,4.8,32.3,23.8,42,46.7,18.6,30.5,4.2,R,939,0.2,90.3,2168,-7,,11.5,1.5,41.2,81,2086,10.6,,11.1,1.3,1.4,83.4,1821,-17.7,,18.2,1.6,,,,,,,,57.2,91.3,2250,-16.5,,16.9,1.3,,,,,,,,,,,,,,,,,,,,,,,,,,,,,,,,,,,,,,,,,,,,,,,,,
"Kontos, George",502004,2015,30,73,73.1,284,15.5,4.2,0.242,0.396,0.253,0.288,6.1,1.8,28.9,21.1,52.3,44.3,22.4,28.1,5.3,R,1042,19.8,91.7,2335,-6.2,,16,1.4,21.2,85,2196,7.7,,8.5,1,2.8,84.9,2343,-14.3,,18.9,1.4,2.4,80.6,2249,8.2,,11.8,1.5,19.7,91.9,2109,-13.9,,17,1.2,34.2,88.5,2245,2.4,,7.5,1.2,,,,,,,,,,,,,,,,,,,,,,,,,,,,,,,,,,,,,,,,,,
"Holmberg, David",571787,2015,23,6,28.1,136,11,11.8,0.275,0.523,0.433,0.39,2.9,2.9,38.8,13.7,39.6,43.7,21.4,31.1,3.9,L,536,59.7,88.4,2008,14.9,,20.5,1.2,6.9,80.1,1996,-2.7,,5.6,1.8,24.3,82.3,1713,18.3,,19.3,1,9.1,73.5,2365,-6.6,,19,1.3,,,,,,,,,,,,,,,,,,,,,,,,,,,,,,,,,,,,,,,,,,,,,,,,,,,,,,,,
"Rzepczynski, Marc",519240,2015,29,72,35,158,25.9,8.9,0.229,0.325,0.327,0.278,0,4,26,33.3,45.9,70,8,20,2,L,559,0.9,92.4,2114,12.8,,19.1,1.6,39.7,85,2275,-1.9,,6.4,1.5,1.6,85.9,1734,13.9,,14.9,1.5,,,,,,,,57.8,92.4,2065,18.6,,20,1.4,,,,,,,,,,,,,,,,,,,,,,,,,,,,,,,,,,,,,,,,,,,,,,,,,
"Santana, Ervin",429722,2015,32,17,108,457,17.9,7.9,0.278,0.441,0.317,0.341,6.3,2.7,40.9,22.2,46.2,42.7,20.6,27.8,9,R,1670,51.2,93.1,2272,-4.7,,15.4,2.1,36.8,84.6,1928,7.4,,9.9,2.4,10.2,85.6,1523,-9.4,,14.3,1.8,,,,,,,,1.8,88.9,1792,-9.3,,11.5,2.6,,,,,,,,,,,,,,,,,,,,,,,,,,,,,,,,,,,,,,,,,,,,,,,,,
"Mateo, Marcos",456496,2015,31,26,27,113,29.2,8,0.189,0.368,0.316,0.283,5.9,5.9,32.4,22.5,43.8,36.8,26.5,27.9,8.8,R,473,38.5,94.8,2291,-9.1,,15.8,1.7,53.1,85.4,2042,10.3,,11.8,2,,,,,,,,,,,,,,,8.5,95,2336,-14.7,,16.1,1.5,,,,,,,,,,,,,,,,,,,,,,,,,,,,,,,,,,,,,,,,,,,,,,,,,
"Soria, Joakim",465657,2015,31,72,67.2,272,23.5,7,0.221,0.324,0.276,0.272,3.2,3.2,31.7,22.2,49.5,44.1,22.6,25.8,7.5,R,1153,51.3,92.7,2210,-2.2,,17.3,1.6,10.8,79.3,2221,11.8,,13.3,1.9,6.9,86.3,1463,-6.6,,10.1,2,9.4,71.4,2533,14,,22.2,1.8,0.1,92.8,2232,-7.7,,12.8,,21.5,92.7,2194,2.4,,16.8,1.6,,,,,,,,,,,,,,,,,,,,,,,,,,,,,,,,,,,,,,,,,,
"Hammel, Jason",434628,2015,32,31,170.2,710,24.2,5.6,0.254,0.421,0.305,0.315,5.9,2.2,36.4,24.7,48.2,41.1,23.2,29.9,5.9,R,2731,39.4,92.8,2147,-8.1,,18.5,1.1,35.6,84.9,2061,6.1,,7.5,2,4.5,85.6,1715,-13.5,,16.4,1.2,6.3,77.1,2109,11.2,,17.3,1.3,14.3,92.8,2148,-13.6,,18.8,1.3,,,,,,,,,,,,,,,,,,,,,,,,,,,,,,,,,,,,,,,,,,,,,,,,,
"Kendrick, Kyle",452718,2015,30,27,142.1,629,12.7,7.2,0.281,0.487,0.392,0.36,6,3,37.6,15.1,46.4,41.4,19.1,32,7.4,R,2211,,,,,,,,7.7,79.1,2427,7.4,,9.9,2,20.6,82.1,1793,-10.7,,13.4,1.4,,,,,,,,44.4,89.5,2083,-12.3,,16.4,1.3,27.2,87.2,2361,0.3,,11.4,1.7,,,,,,,,,,,,,,,,,,,,,,,,,,,,,,,,,,,,,,,,,,
"Rondón, Héctor",444468,2015,27,72,70,281,24.6,5.3,0.215,0.306,0.249,0.255,3.1,1.5,27.3,23.5,49.4,52.6,16,26.8,4.6,R,1073,33,96.9,2077,-7.6,,17.1,1.6,35.4,86.6,1986,6.3,,7.7,1.7,3.4,91.1,1846,-16.5,,17.2,1.5,0.1,78.9,1170,15.2,,15.6,,26.7,97,1943,-14.1,,17.2,1.3,1.5,92.5,2037,2.6,,10.6,1.4,,,,,,,,,,,,,,,,,,,,,,,,,,,,,,,,,,,,,,,,,,
"Knebel, Corey",608349,2015,23,48,50.1,209,27.8,8.1,0.21,0.361,0.32,0.283,4.5,3,37.9,23,46.6,50,19.7,24.2,6.1,R,827,68.2,95.5,2325,-4.4,,17.5,1.3,,,,,,,,0.4,91.8,2053,-13.7,,18.6,1.7,31.4,81.7,2392,9.3,,18.7,1.4,,,,,,,,,,,,,,,,,,,,,,,,,,,,,,,,,,,,,,,,,,,,,,,,,,,,,,,,
"Ramos, AJ",573109,2015,28,71,70.1,277,31.4,9.4,0.181,0.299,0.254,0.26,3.7,2.5,28.6,36.2,47,44.1,22.4,23.6,9.9,R,1087,41.8,93.1,2527,-3.8,,16.6,1.9,27.5,82.1,2491,11.4,,13.3,1.6,22.9,86.2,1575,-11.9,,12.9,1.6,0.6,77,2321,14.2,,21.1,1.6,2.5,92.8,2156,-13.8,,16.4,1.6,4.7,92.9,2560,0.8,,13.2,2.1,,,,,,,,,,,,,,,,,,,,,,,,,,,,,,,,,,,,,,,,,,
"Kahnle, Tommy",592454,2015,25,36,33.1,155,25.2,18.1,0.214,0.308,0.345,0.311,2.3,1.1,36.4,32.7,42,59.1,18.2,21.6,1.1,R,650,49.7,96.5,2311,0.3,,14.4,1.6,3.1,86.7,1870,5.3,,6.3,1.5,40.6,88.3,1402,-11.9,,13.2,1.7,0.2,82.3,2454,12.8,,13,,6.2,96.5,2329,-4.9,,14.3,1.6,0.3,95,2192,9.2,,17.7,1.4,,,,,,,,,,,,,,,,,,,,,,,,,,,,,,,,,,,,,,,,,,
"Perkins, Glen",450282,2015,32,60,57,238,22.7,4.2,0.23,0.4,0.301,0.285,7.5,3.4,32.8,21.4,55,34.5,26.4,28.2,10.9,L,826,65.6,94.4,2155,12.5,,21.6,1.2,29.8,82.8,2227,-0.5,,4,1.7,,,,,,,,,,,,,,,4.6,93.8,1990,17.9,,21.1,1.3,,,,,,,,,,,,,,,,,,,,,,,,,,,,,,,,,,,,,,,,,,,,,,,,,
"Cosart, Jarred",543054,2015,25,14,69.2,296,15.9,11.1,0.255,0.441,0.331,0.347,4.7,0.5,38.1,18.1,43.8,55.3,15.3,26,3.3,R,1167,53.6,94.7,2232,-0.8,,12.5,1.3,,,,,,,,6.1,85,1510,-8.1,,16.1,1.5,18.3,80.5,2533,8.1,,15.4,1.6,21.1,95.1,2190,-5.8,,12.6,1.3,0.9,93.5,2228,5.6,,10.5,1.4,,,,,,,,,,,,,,,,,,,,,,,,,,,,,,,,,,,,,,,,,,
"Butler, Eddie",572750,2015,24,16,79.1,370,11.9,11.4,0.287,0.464,0.406,0.368,4.3,4.6,32.9,16.1,45.4,51.1,15.7,28.9,4.3,R,1342,43.4,94.3,2112,-9,,17.2,1.5,15.1,87.6,2132,3.8,,5.6,1.8,14.8,87.8,1581,-12.7,,15.1,1.5,4.9,81.1,2425,4.8,,9.8,1.8,21.8,93.5,1936,-14.1,,16.5,1.6,,,,,,,,,,,,,,,,,,,,,,,,,,,,,,,,,,,,,,,,,,,,,,,,,
"Asher, Alec",594742,2015,23,7,29,138,11.6,7.2,0.276,0.495,0.43,0.364,6.3,2.7,30.6,18.8,47.7,39.6,23.4,27,9.9,R,501,44.5,92.2,2238,-6.9,,19.6,1.5,23.6,85.5,2192,4.1,,7.3,1.6,12.2,83.7,1791,-8.7,,18.7,1.7,3.6,79.6,2183,4.7,,7.3,1.7,16.2,91.3,2138,-13.6,,19.8,1.5,,,,,,,,,,,,,,,,,,,,,,,,,,,,,,,,,,,,,,,,,,,,,,,,,
"Belisle, Matt",279571,2015,35,34,33.2,149,16.8,10.1,0.238,0.32,0.306,0.297,1.9,3.8,29.2,20,45.5,54.7,21.7,21.7,1.9,R,587,41.4,91.1,1982,-6.3,,16.6,1.6,29.5,85.9,1869,3.2,,6.3,1.9,3.1,86.4,1838,-5.9,,7.9,1.7,9,75.2,2347,13,,17.3,1.8,17,90.8,1975,-11.6,,16.6,1.8,,,,,,,,,,,,,,,,,,,,,,,,,,,,,,,,,,,,,,,,,,,,,,,,,
"Martín, Rafael",514669,2015,31,13,12.1,56,44.6,8.9,0.237,0.497,0.361,0.356,8,0,52,39.3,49.4,32,24,40,4,R,247,69.2,89.7,2443,-7.2,,16.4,1.1,24.3,80.7,2056,13.8,,15.5,1.3,5.7,83.8,2133,-17.2,,17.8,1.4,,,,,,,,0.8,90.3,2298,-14,,15.1,1.5,,,,,,,,,,,,,,,,,,,,,,,,,,,,,,,,,,,,,,,,,,,,,,,,,
"Bracho, Silvino",611093,2015,22,13,12.1,50,34,8,0.188,0.368,0.29,0.275,14.3,0,35.7,31.3,52.1,21.4,28.6,35.7,14.3,R,211,73.9,93.5,2348,-3,,16.8,1.1,19.9,82.4,1824,8.6,,9.2,1.4,4.3,85.2,1864,-4.8,,9.6,1.6,,,,,,,,1.9,94.8,2449,-8.3,,15.2,1.4,,,,,,,,,,,,,,,,,,,,,,,,,,,,,,,,,,,,,,,,,,,,,,,,,
"Leathersich, Jack",605333,2015,24,17,11.2,52,26.9,13.5,0.206,0.267,0.331,0.281,3.3,0,33.3,28.1,42.3,46.7,10,33.3,10,L,227,85.5,91.8,2212,10.1,,20.9,1.5,,,,,,,,3.5,82.7,1887,15.7,,19.6,1.5,11,76.3,2464,-8.3,,14.6,1.7,,,,,,,,,,,,,,,,,,,,,,,,,,,,,,,,,,,,,,,,,,,,,,,,,,,,,,,,
"Gregg, Kevin",276514,2015,37,11,10.2,51,27.5,9.8,0.294,0.558,0.369,0.396,9.4,6.3,53.1,19,49.3,40.6,18.8,34.4,6.3,R,213,62,91.5,2236,-11.7,,20.1,1.1,,,,,,,,,,,,,,,11.3,79.8,1685,7.9,,9.4,1.7,,,,,,,,11.7,88.6,2083,0.3,,11,1.4,15,83.7,1336,-11.6,,14.6,1.4,,,,,,,,,,,,,,,,,,,,,,,,,,,,,,,,,,,
"Ramírez, José",542432,2015,25,8,7.2,52,9.6,19.2,0.244,0.392,0.487,0.373,5.9,0,26.5,21.3,41.4,44.1,20.6,23.5,11.8,R,214,59.8,96.4,2281,-12,,18.5,1.4,18.7,86.8,2095,4.5,,6.6,1.5,21.5,86.2,2039,-16.1,,18.6,1.5,,,,,,,,,,,,,,,,,,,,,,,,,,,,,,,,,,,,,,,,,,,,,,,,,,,,,,,,,,,,,,,
"Reynolds, Matt",519186,2015,30,18,13.2,62,29,11.3,0.167,0.364,0.393,0.275,0,5.6,27.8,37.3,47.2,44.4,30.6,16.7,8.3,L,225,49.8,88.4,2326,6.6,,19.9,1.2,,,,,,,,13.3,81.5,1407,12.3,,16.4,1.5,36.9,78.4,1700,-8.1,,9.2,1.7,,,,,,,,,,,,,,,,,,,,,,,,,,,,,,,,,,,,,,,,,,,,,,,,,,,,,,,,
"Varvaro, Anthony",460008,2015,30,9,11,51,15.7,11.8,0.291,0.415,0.352,0.345,10.8,2.7,37.8,20.3,39.7,48.6,18.9,29.7,2.7,R,197,57.9,91.6,2284,-6.8,,21,1.7,,,,,,,,19.3,85,2016,-9.9,,16.4,1.3,22.8,79.5,2290,10.7,,14.3,1.6,,,,,,,,,,,,,,,,,,,,,,,,,,,,,,,,,,,,,,,,,,,,,,,,,,,,,,,,
"Edwards, Jon",457754,2015,27,22,16.2,75,29.3,21.3,0.174,0.365,0.361,0.322,0,0,29.7,33.9,38.4,18.9,35.1,35.1,10.8,R,314,56.1,94.8,2476,-2.1,,18.7,1.3,43.9,86.3,2422,4.7,,7.5,3.1,,,,,,,,,,,,,,,,,,,,,,,,,,,,,,,,,,,,,,,,,,,,,,,,,,,,,,,,,,,,,,,,,,,,,,
"Doolittle, Sean",448281,2015,28,12,13.2,57,26.3,8.8,0.202,0.325,0.286,0.265,2.7,8.1,32.4,20.1,54.7,35.1,10.8,35.1,18.9,L,254,82.3,93.2,2235,8.6,,21.3,1.3,,,,,,,,5.9,82.4,1513,11.8,,16,1.5,3.5,80.3,1457,-5,,6.9,1.5,8.3,90.4,2188,10.3,,19.3,1.5,,,,,,,,,,,,,,,,,,,,,,,,,,,,,,,,,,,,,,,,,,,,,,,,,
"Hill, Taylor",592398,2015,26,6,12,51,17.6,7.8,0.318,0.453,0.385,0.369,2.7,5.4,35.1,24.4,43.4,48.6,13.5,32.4,5.4,R,198,21.7,91.1,2223,-9.5,,18.7,1.5,26.8,84.7,1971,9,,9.9,1.3,9.1,86.4,1880,-14.5,,16.3,1.7,0.5,77.3,2569,13.2,,17.1,,41.9,91.6,2214,-14.8,,18,1.3,,,,,,,,,,,,,,,,,,,,,,,,,,,,,,,,,,,,,,,,,,,,,,,,,
"Burawa, Danny",592181,2015,26,13,13,54,20.4,9.3,0.216,0.353,0.307,0.292,2.7,0,24.3,20.8,44,54.1,18.9,27,0,R,218,1.8,95.9,2309,-13.3,,18.5,1.4,28.9,85.8,1597,5.5,,6.4,1.4,,,,,,,,,,,,,,,69.3,95.1,2282,-17.3,,18.6,1.4,,,,,,,,,,,,,,,,,,,,,,,,,,,,,,,,,,,,,,,,,,,,,,,,,
"Tuivailala, Sam",592815,2015,22,14,14.2,65,30.8,12.3,0.186,0.325,0.32,0.275,2.7,10.8,24.3,28.9,43,48.6,13.5,32.4,5.4,R,261,60.2,97,2395,-8.7,,18,1.3,30.3,87.5,2023,2.4,,5.5,1.6,,,,,,,,8.4,81.2,2026,9.3,,13.3,1.5,1.1,99.2,2452,-14,,17.4,1.5,,,,,,,,,,,,,,,,,,,,,,,,,,,,,,,,,,,,,,,,,,,,,,,,,
"Montas, Frankie",593423,2015,22,7,15,66,30.3,13.6,0.183,0.282,0.31,0.261,5.4,2.7,29.7,29.9,47.9,37.8,21.6,27,13.5,R,284,59.5,97.3,2348,-4.7,,18.5,1.7,39.1,86.7,1302,7.3,,10.2,1.6,1.1,87,2060,-12.5,,18.9,1.6,,,,,,,,,,,,,,,0.4,97.9,2296,1.6,,16.2,,,,,,,,,,,,,,,,,,,,,,,,,,,,,,,,,,,,,,,,,,,
"Pestano, Vinnie",502260,2015,30,19,11.2,60,21.7,13.3,0.218,0.43,0.392,0.326,5.3,0,26.3,29.9,47.6,23.7,34.2,31.6,10.5,R,240,65,90.3,2260,-3.7,,12.9,1.1,20.4,79.3,2254,20.6,,20.9,1.3,,,,,,,,,,,,,,,14.6,90.7,2076,-12.1,,13.1,1.1,,,,,,,,,,,,,,,,,,,,,,,,,,,,,,,,,,,,,,,,,,,,,,,,,
"Achter, A.J.",592091,2015,26,11,13.1,58,24.1,10.3,0.279,0.595,0.335,0.402,0,2.6,34.2,25.6,51.3,23.7,34.2,31.6,10.5,R,226,36.3,90.5,2373,-1.2,,17.6,1.4,20.4,79.7,1994,11.5,,14.1,1.8,19.5,83.5,1463,-2.1,,8,1.4,,,,,,,,1.8,89.1,2313,-12.2,,16.1,1.5,22.1,90.4,2365,3,,15.5,1.3,,,,,,,,,,,,,,,,,,,,,,,,,,,,,,,,,,,,,,,,,,
"Mendez, Roman",542669,2015,24,15,13.2,58,17.2,13.8,0.267,0.531,0.381,0.39,5.1,2.6,38.5,20.2,40.2,20.5,33.3,30.8,15.4,R,233,51.1,93.9,2180,-6.2,,18.9,1.5,23.6,83.8,1841,8.5,,10,1.5,15.5,82.9,984,-8.2,,11.5,1.5,,,,,,,,7.7,94.5,2135,-9.8,,13,1.4,,,,,,,,2.1,88.6,1845,-10.7,,13.6,1.5,,,,,,,,,,,,,,,,,,,,,,,,,,,,,,,,,,,
"Moscot, Jon",621209,2015,23,3,11.2,50,12,10,0.241,0.341,0.317,0.294,7.7,5.1,28.2,12.2,44.3,43.6,15.4,25.6,15.4,R,184,41.8,92.3,2253,-6.5,,14.4,1.4,19,82.6,1996,9.7,,10.5,1.5,9.2,82.1,1989,-9.6,,12.9,1.5,10.9,76.5,2195,11.8,,14.5,1.5,19,91,2159,-11.6,,13.3,1.3,,,,,,,,,,,,,,,,,,,,,,,,,,,,,,,,,,,,,,,,,,,,,,,,,
"Ramirez, Noé",598287,2015,25,17,13,61,21.3,11.5,0.245,0.468,0.354,0.363,7.7,0,30.8,30,44.2,38.5,25.6,23.1,12.8,R,249,2.4,90.1,2050,-8.4,,14.7,1.4,,,,,,,,24.5,84.8,1793,-8.4,,9.1,1.2,21.3,78.3,2526,14.2,,14.6,1.2,51.8,90.3,2059,-14.8,,16.5,1.1,,,,,,,,,,,,,,,,,,,,,,,,,,,,,,,,,,,,,,,,,,,,,,,,,
"Coke, Phil",457435,2015,32,18,12.2,56,21.4,8.9,0.265,0.446,0.361,0.322,0,2.6,43.6,22,51.7,59,10.3,28.2,2.6,L,230,47.4,93.2,2179,4.9,,14.1,2,14.8,81.3,2061,-4.4,,8,2.2,5.7,85.6,2215,18.4,,20.2,1.4,,,,,,,,32.2,92.6,2087,12.8,,16.1,1.8,,,,,,,,,,,,,,,,,,,,,,,,,,,,,,,,,,,,,,,,,,,,,,,,,
"Axelrod, Dylan",518420,2015,29,6,12.1,59,20.3,13.6,0.194,0.432,0.359,0.311,5.1,0,28.2,21.4,41.5,33.3,23.1,35.9,7.7,R,228,39.5,88.1,2391,-3.7,,15.1,1.7,17.1,80.8,2215,4.6,,5.2,1.4,18.4,81,1992,-8.1,,13.6,1.5,10.5,73.7,2220,10.3,,11.9,2.2,14.5,87.8,2288,-11.3,,15,1.6,,,,,,,,,,,,,,,,,,,,,,,,,,,,,,,,,,,,,,,,,,,,,,,,,
"Jones, Nate",518858,2015,29,19,19,72,37.5,8.3,0.195,0.367,0.3,0.28,2.6,0,43.6,35.3,48.4,48.7,20.5,23.1,7.7,R,281,0.4,95.9,2361,-9.1,,21.8,,43.8,90,2198,3.9,,5.8,1.4,1.4,89,1937,-13.6,,19,1.6,0.4,81.2,784,16.6,,16.9,,54.1,98.2,2452,-12.3,,19.2,1.2,,,,,,,,,,,,,,,,,,,,,,,,,,,,,,,,,,,,,,,,,,,,,,,,,
"Ramírez, Neil",519166,2015,26,19,14,59,25.4,8.5,0.254,0.468,0.289,0.335,5.1,2.6,59,28.8,41.4,38.5,20.5,30.8,10.3,R,251,63.3,93.6,2336,-5.5,,19.4,1.3,25.9,85.7,2024,7.3,,8.4,1.5,0.4,86.7,1984,-11.9,,18.7,,10.4,76.4,2351,5,,11.2,3.4,,,,,,,,,,,,,,,,,,,,,,,,,,,,,,,,,,,,,,,,,,,,,,,,,,,,,,,,
"Ferrell, Jeff",594815,2015,24,9,11.1,50,12,8,0.313,0.537,0.352,0.388,2.5,2.5,47.5,19.6,50,40,25,27.5,7.5,R,184,62,93.7,2164,-6.6,,19.2,1.3,,,,,,,,25.5,83.4,1658,-13.7,,16.8,1.1,12,77.7,2222,2.5,,7.8,1.7,0.5,92.9,2093,-13.2,,17,,,,,,,,,,,,,,,,,,,,,,,,,,,,,,,,,,,,,,,,,,,,,,,,,,
"Mazzoni, Cory",543508,2015,25,8,8.2,53,15.1,9.4,0.334,0.457,0.548,0.371,7.5,5,55,12.4,48.3,50,7.5,40,2.5,R,201,61.7,95,2285,-5.8,,16.2,1.1,,,,,,,,6.5,86.9,1386,-7,,11.8,1.4,31.3,84.2,2565,13.4,,13.8,1.6,,,,,,,,0.5,95,2351,3.1,,11.1,,,,,,,,,,,,,,,,,,,,,,,,,,,,,,,,,,,,,,,,,,,
"Hessler, Keith",594857,2015,26,18,12.1,57,21.1,7,0.289,0.589,0.406,0.392,7.3,2.4,41.5,22.4,46.4,36.6,24.4,29.3,9.8,L,209,71.3,93.5,2291,7.9,,17.5,1.1,27.3,83,1511,-3.3,,4.8,1.4,1.4,90.6,2283,8.2,,16.6,1.4,,,,,,,,,,,,,,,,,,,,,,,,,,,,,,,,,,,,,,,,,,,,,,,,,,,,,,,,,,,,,,,
"Schugel, A.J.",519263,2015,26,5,9,51,9.8,9.8,0.288,0.486,0.427,0.36,2.4,4.9,48.8,18.9,47.1,61,17.1,22,0,R,185,0.5,90.8,2182,-8.7,,22.8,,,,,,,,,30.8,81,1994,-16.4,,17,1.6,10.8,77.1,2225,8.6,,15.4,1.6,57.8,92.2,2129,-13.4,,19,1.3,,,,,,,,,,,,,,,,,,,,,,,,,,,,,,,,,,,,,,,,,,,,,,,,,
"Cook, Ryan",475857,2015,28,9,8.2,54,11.1,13,0.309,0.545,0.517,0.407,0,2.4,29.3,16.5,46,53.7,19.5,19.5,7.3,R,207,54.1,94.5,2102,-9.1,,17.6,1.3,22.2,85,2481,6.8,,7.4,1.5,10.1,86.7,1332,-11.6,,12.7,1.3,,,,,,,,13.5,93.8,2138,-14.7,,17,1.4,,,,,,,,,,,,,,,,,,,,,,,,,,,,,,,,,,,,,,,,,,,,,,,,,
"Cordier, Erik",449170,2015,29,8,12.1,56,12.5,10.7,0.282,0.475,0.319,0.373,2.4,0,33.3,16.8,49.3,45.2,21.4,19,14.3,R,213,56.3,98.6,2339,-8.2,,18.9,1.1,39.9,88.7,1974,2.2,,7.9,4.2,,,,,,,,,,,,,,,3.8,98.3,2342,-11,,19.1,1.3,,,,,,,,,,,,,,,,,,,,,,,,,,,,,,,,,,,,,,,,,,,,,,,,,
"Flores, Kendry",572309,2015,23,7,12.2,57,15.8,7,0.3,0.458,0.321,0.357,11.6,2.3,46.5,22.5,50.7,37.2,18.6,39.5,4.7,R,197,19.3,91.5,2164,-2.2,,17.6,1.4,22.3,85.6,2211,5.1,,11.3,1.8,10.2,83.4,1802,-6.8,,19.3,1.5,21.8,77.7,2081,6.3,,7.4,2.1,25.9,91.5,2125,-9.9,,18.7,1.4,0.5,88.4,1997,-1.8,,18,,,,,,,,,,,,,,,,,,,,,,,,,,,,,,,,,,,,,,,,,,,
"Floyd, Gavin",425856,2015,32,7,13.1,55,12.7,7.3,0.238,0.351,0.253,0.296,4.7,0,30.2,19.2,47.7,46.5,16.3,32.6,4.7,R,218,50.9,92.3,2162,-4.1,,12.9,1.6,6,88.7,2004,2.2,,7.3,1.6,5.5,86.9,1744,-10.5,,15.3,1.5,15.1,81,2238,11.6,,14.7,1.7,12.4,92.9,2124,-13.8,,16.6,1.6,10.1,88.8,2128,1.4,,7.1,1.3,,,,,,,,,,,,,,,,,,,,,,,,,,,,,,,,,,,,,,,,,,
"Mazzaro, Vin",476570,2015,28,10,12,55,10.9,10.9,0.29,0.442,0.356,0.343,4.7,2.3,27.9,16.7,48,34.9,25.6,34.9,4.7,R,196,35.2,93.1,2082,-9.9,,17.3,1.3,30.6,85.6,1907,3.4,,4.7,1.4,6.6,88.3,1519,-10.3,,12.8,1.3,,,,,,,,27.6,92.7,2038,-13.2,,17.8,1.4,,,,,,,,,,,,,,,,,,,,,,,,,,,,,,,,,,,,,,,,,,,,,,,,,
"Dull, Ryan",623430,2015,25,13,17,66,24.2,9.1,0.193,0.426,0.3,0.299,6.8,2.3,40.9,27.6,41.3,38.6,25,20.5,15.9,R,250,54.4,91.5,2400,-3.4,,15.4,1.2,36.4,83,1391,9.1,,9.5,1.3,9.2,84.9,1164,-4.3,,5,1.3,,,,,,,,,,,,,,,,,,,,,,,,,,,,,,,,,,,,,,,,,,,,,,,,,,,,,,,,,,,,,,,
"Bailey, Homer",456701,2015,29,2,11.1,51,5.9,7.8,0.35,0.642,0.419,0.437,2.3,2.3,50,17.5,46.8,59.1,15.9,22.7,2.3,R,163,24.5,90.9,1986,-6,,14.5,1.6,14.7,85.1,1680,3.6,,7.3,1.6,28.2,85.1,1372,-9.2,,12.6,2.3,0.6,72.3,,8.6,,16.6,,31.9,92.1,2064,-14.8,,19.2,1.6,,,,,,,,,,,,,,,,,,,,,,,,,,,,,,,,,,,,,,,,,,,,,,,,,
"Swarzak, Anthony",461872,2015,29,10,13.1,61,21.3,6.6,0.316,0.472,0.343,0.358,13.6,0,40.9,21,50.5,38.6,22.7,38.6,0,R,194,72.2,92.7,2209,-12.5,,19.8,1.5,27.8,84.2,2307,5.1,,6,1.7,,,,,,,,,,,,,,,,,,,,,,,,,,,,,,,,,,,,,,,,,,,,,,,,,,,,,,,,,,,,,,,,,,,,,,
"Kensing, Logan",434137,2015,32,19,15.1,64,20.3,10.9,0.254,0.453,0.295,0.35,6.8,0,38.6,23.1,45.9,40.9,22.7,29.5,6.8,R,255,28.2,92.6,2258,-8.1,,17.9,1.1,,,,,,,,3.9,87.6,1757,-15.4,,16.3,1.4,45.9,84.1,1991,6.5,,7.5,1.5,22,93.1,2220,-11.4,,15.4,1.2,,,,,,,,,,,,,,,,,,,,,,,,,,,,,,,,,,,,,,,,,,,,,,,,,
"Kelly, Casey",543391,2015,25,3,11.1,56,12.5,5.4,0.337,0.559,0.396,0.409,15.6,4.4,44.4,15.6,44.8,46.7,8.9,44.4,0,R,201,38.8,91.4,2186,-2.6,,11.1,1.4,,,,,,,,22.4,86.8,1999,-0.1,,7.4,1.4,15.9,81.8,2300,9,,13.4,1.4,22.9,91.4,2073,-9.8,,12.6,1.4,,,,,,,,,,,,,,,,,,,,,,,,,,,,,,,,,,,,,,,,,,,,,,,,,
"Drake, Oliver",543118,2015,28,13,15.2,72,23.6,12.5,0.236,0.367,0.314,0.309,6.5,4.3,34.8,30.3,47.7,50,17.4,19.6,13,R,298,41.9,91.1,2210,-2.2,,21.4,1.2,2.7,81.8,942,5.6,,6.5,1.5,,,,,,,,,,,,,,,,,,,,,,,,,,,,,55.4,82.1,1020,-6.9,,9.7,1.3,,,,,,,,,,,,,,,,,,,,,,,,,,,,,,,,,,,
"Olson, Tyler",621397,2015,25,11,13.1,65,12.3,15.4,0.244,0.362,0.421,0.294,8.7,0,32.6,20,41.1,47.8,21.7,19.6,10.9,L,191,25.1,89.2,2194,3.2,,10.3,1.2,,,,,,,,8.4,82.7,1476,14.9,,16.1,1.3,42.4,75.3,2752,-15.8,,18.9,1.4,24.1,89,2267,8.8,,10.5,1.4,,,,,,,,,,,,,,,,,,,,,,,,,,,,,,,,,,,,,,,,,,,,,,,,,
"Claudio, Alex",592222,2015,23,18,15.2,66,19.7,9.1,0.225,0.352,0.31,0.289,4.3,2.2,26.1,24.1,46.2,52.2,15.2,26.1,6.5,L,240,,,,,,,,25,79.8,2033,3.4,,8.1,1.5,20,69,1990,21,,21.2,1.8,20.4,75.2,1558,-2.5,,4.6,1.5,34.6,84.6,1913,19.4,,20,1.3,,,,,,,,,,,,,,,,,,,,,,,,,,,,,,,,,,,,,,,,,,,,,,,,,
"Zych, Tony",543964,2015,24,13,18.1,76,31.6,3.9,0.166,0.279,0.278,0.228,2.1,8.5,23.4,32.8,46.7,53.2,12.8,23.4,10.6,R,271,52.8,96.8,2131,-15.4,,18.7,1.3,44.6,83.8,2065,12.5,,13.3,1.4,2.6,89.3,1439,-11.1,,15.3,1.8,,,,,,,,,,,,,,,,,,,,,,,,,,,,,,,,,,,,,,,,,,,,,,,,,,,,,,,,,,,,,,,
"Santos, Sergio",435045,2015,31,14,16.1,73,24.7,9.6,0.272,0.435,0.333,0.337,10.4,0,45.8,33.9,48,41.7,12.5,41.7,4.2,R,247,52.6,93.2,2282,-3.3,,16.4,1.3,37.2,85.1,2017,6.2,,8.4,1.4,8.9,84.8,1359,-12.2,,14.6,1.5,,,,,,,,,,,,,,,1.2,93,2223,4,,16,1.4,,,,,,,,,,,,,,,,,,,,,,,,,,,,,,,,,,,,,,,,,,
"Riefenhauser, C.J.",592677,2015,25,17,14.2,62,11.3,11.3,0.251,0.49,0.372,0.357,4.2,6.3,25,20.7,45.8,41.7,25,27.1,6.3,L,253,36.8,89.4,2316,7.4,,15.7,1.3,51.8,77.5,1914,-8.9,,9.4,1.5,11.5,79.3,1568,11.1,,16,1.6,,,,,,,,,,,,,,,,,,,,,,,,,,,,,,,,,,,,,,,,,,,,,,,,,,,,,,,,,,,,,,,
"Rumbelow, Nick",592705,2015,23,17,15.2,68,22.1,7.4,0.217,0.369,0.309,0.28,4.2,2.1,35.4,24.8,40.4,45.8,25,22.9,6.3,R,275,57.1,94,1972,-4.8,,19.8,1.5,,,,,,,,30.2,87,1353,-10.6,,14.4,1.9,12.7,81.1,1741,4.4,,7.6,1.8,,,,,,,,,,,,,,,,,,,,,,,,,,,,,,,,,,,,,,,,,,,,,,,,,,,,,,,,
"Marshall, Evan",605359,2015,25,13,13.1,61,11.5,8.2,0.301,0.518,0.424,0.378,0,4.1,38.8,27.7,50.2,51,10.2,34.7,4.1,R,219,16.4,95,2253,-6.8,,16.7,1.2,18.3,85.3,2327,7.8,,10.4,1.4,18.7,86.9,1716,-9.1,,9.8,1.4,,,,,,,,46.6,94.9,2231,-13.8,,16.2,1.2,,,,,,,,,,,,,,,,,,,,,,,,,,,,,,,,,,,,,,,,,,,,,,,,,
"Rasmus, Cory",474284,2015,27,16,20.2,88,30.7,12.5,0.196,0.381,0.301,0.298,6.1,4.1,32.7,33.1,44,38.8,16.3,26.5,18.4,R,369,39.8,92.3,2295,-6.8,,19.2,1.6,13.3,84.3,2093,6.2,,9.7,1.7,30.9,84.3,1626,-12.3,,16,1.8,12.7,74.2,2146,10.4,,16.6,1.8,3.3,92.9,2331,-10.7,,16.1,1.4,,,,,,,,,,,,,,,,,,,,,,,,,,,,,,,,,,,,,,,,,,,,,,,,,
"Balester, Collin",444446,2015,29,15,15.2,77,16.9,16.9,0.238,0.412,0.395,0.352,4,2,34,24.6,43.6,30,30,32,8,R,280,63.9,92.5,2190,-10.4,,17,1.4,,,,,,,,7.5,85.2,1687,-7.7,,13,1.3,20.7,77.8,1867,10.2,,13.7,1.5,7.9,92.9,2148,-14.9,,18,1.5,,,,,,,,,,,,,,,,,,,,,,,,,,,,,,,,,,,,,,,,,,,,,,,,,
"Barraclough, Kyle",607457,2015,25,25,24.1,98,30.6,18.4,0.234,0.376,0.256,0.34,6,0,38,36.9,43.8,34,18,40,8,R,456,61,96.2,2450,-5.4,,18.2,1.1,38.4,83.9,2203,10,,10.6,1.3,0.7,88.9,2062,-11.8,,16.8,1.4,,,,,,,,,,,,,,,,,,,,,,,,,,,,,,,,,,,,,,,,,,,,,,,,,,,,,,,,,,,,,,,
"Capps, Carter",605169,2015,24,30,31,118,49.2,5.9,0.155,0.221,0.216,0.211,3.9,0,29.4,49.8,53.3,43.1,21.6,29.4,5.9,R,445,64.5,98.7,2328,-10.1,,16.8,1.4,,,,,,,,,,,,,,,35.5,84.1,1915,8.8,,9.4,1.4,,,,,,,,,,,,,,,,,,,,,,,,,,,,,,,,,,,,,,,,,,,,,,,,,,,,,,,,
"Redmond, Todd",445170,2015,30,7,16,72,18.1,9.7,0.26,0.537,0.365,0.378,11.8,2,45.1,25.9,48.4,25.5,39.2,21.6,13.7,R,279,1.8,89.9,2177,-5.8,,18.6,1.4,23.7,82.7,1984,4.4,,7,1.6,2.2,83.5,1407,-14.7,,17.1,1.4,,,,,,,,72.4,90.6,2238,-11.8,,18.9,1.5,,,,,,,,,,,,,,,,,,,,,,,,,,,,,,,,,,,,,,,,,,,,,,,,,
"Crockett, Kyle",641490,2015,23,31,17.2,74,20.3,9.5,0.262,0.362,0.308,0.321,5.9,2,33.3,15.9,47,54.9,11.8,31.4,2,L,281,72.2,90,1993,16.4,,19.5,1.8,23.1,80.5,1789,-3.4,,6.4,1.8,4.3,83.3,1561,18.6,,18.8,1.6,,,,,,,,0.4,89,1832,17.6,,19.8,,,,,,,,,,,,,,,,,,,,,,,,,,,,,,,,,,,,,,,,,,,,,,,,,,
"Loewen, Adam",429400,2015,31,20,19.1,93,23.7,18.3,0.269,0.447,0.393,0.388,3.9,0,27.5,28.9,42.2,37.3,19.6,43.1,0,L,389,42.2,92.1,2401,1.5,,16.5,1.3,,,,,,,,8.5,85.3,1460,8.1,,12.2,1.5,30.3,83.1,2023,-9.4,,10.3,1.9,19,92.1,2176,11,,13.6,1.3,,,,,,,,,,,,,,,,,,,,,,,,,,,,,,,,,,,,,,,,,,,,,,,,,
"Erlin, Robbie",572362,2015,24,3,17,65,15.4,3.1,0.271,0.379,0.29,0.304,1.9,0,30.8,18.3,49.5,51.9,13.5,28.8,5.8,L,219,63.5,90.7,2109,13.4,,19.6,1.1,,,,,,,,21.9,83.9,1481,11.8,,16.6,1.4,14.6,74.6,2299,-0.5,,14.6,2.1,,,,,,,,,,,,,,,,,,,,,,,,,,,,,,,,,,,,,,,,,,,,,,,,,,,,,,,,
"House, TJ",543334,2015,25,4,13,73,9.6,16.4,0.327,0.505,0.414,0.416,7.7,1.9,36.5,14.3,37.9,59.6,9.6,30.8,0,L,275,0.4,87.7,1957,17.9,,25.3,,19.3,83.2,1914,3.6,,5.7,1.5,21.5,81.9,1657,19.7,,20.6,1.9,3.6,75.9,2097,-8,,9.6,1.5,55.3,89.2,1957,20.5,,21.8,1.8,,,,,,,,,,,,,,,,,,,,,,,,,,,,,,,,,,,,,,,,,,,,,,,,,
"Coulombe, Danny",543056,2015,25,14,16,72,15.3,12.5,0.268,0.332,0.33,0.317,0,3.8,32.7,16.7,45.3,55.8,15.4,26.9,1.9,L,265,44.2,90.2,2274,4.3,,16.4,1.3,30.9,85.4,2076,0.4,,7.1,1.9,5.3,83.3,1760,2.3,,17.1,1.7,18.5,79.9,2514,-2,,14.7,2.3,1.1,90.5,2105,11,,19.4,1.4,,,,,,,,,,,,,,,,,,,,,,,,,,,,,,,,,,,,,,,,,,,,,,,,,
"Ranaudo, Anthony",519168,2015,25,4,15.1,73,15.1,11,0.248,0.363,0.37,0.314,0,1.9,32.1,14,46.4,30.2,26.4,37.7,5.7,R,293,62.8,91.6,2196,-6,,19.5,1.1,10.9,83.4,2035,4,,8.6,1.7,7.2,84.1,1710,-7.8,,14.5,1.6,19.1,78.7,2146,9.3,,16.7,1.4,,,,,,,,,,,,,,,,,,,,,,,,,,,,,,,,,,,,,,,,,,,,,,,,,,,,,,,,
"Straily, Dan",573185,2015,26,4,16.2,76,18.4,10.5,0.259,0.44,0.327,0.347,5.7,0,39.6,21.8,45.7,41.5,18.9,32.1,7.5,R,291,47.1,89.8,2230,-5.8,,19.4,1.2,31.3,83.4,2048,8.3,,9.4,1.3,20.6,82.8,1304,-8.4,,9.7,1.1,0.3,71.2,2771,13.5,,13.6,,0.7,90.7,2111,-15,,20.7,1.5,,,,,,,,,,,,,,,,,,,,,,,,,,,,,,,,,,,,,,,,,,,,,,,,,
"Guerra, Deolis",500610,2015,26,10,16.2,74,23,4.1,0.288,0.511,0.458,0.362,7.5,1.9,35.8,23.5,48.5,39.6,13.2,37.7,9.4,R,307,46.3,91.4,2247,-8.6,,18.9,1.3,,,,,,,,38.8,81.3,1538,-11.7,,13.6,1.2,15,79.5,2166,7.4,,18.7,1.4,,,,,,,,,,,,,,,,,,,,,,,,,,,,,,,,,,,,,,,,,,,,,,,,,,,,,,,,