"last_name, first_name",player_id,year,player_age,p_game,p_formatted_ip,pa,k_percent,bb_percent,xba,xslg,woba,xwoba,solidcontact_percent,poorlyweak_percent,hard_hit_percent,whiff_percent,swing_percent,groundballs_percent,flyballs_percent,linedrives_percent,popups_percent,pitch_hand,n,n_ff_formatted,ff_avg_speed,ff_avg_spin,ff_avg_break_x,ff_avg_break_z,ff_avg_break,ff_range_speed,n_sl_formatted,sl_avg_speed,sl_avg_spin,sl_avg_break_x,sl_avg_break_z,sl_avg_break,sl_range_speed,n_ch_formatted,ch_avg_speed,ch_avg_spin,ch_avg_break_x,ch_avg_break_z,ch_avg_break,ch_range_speed,n_cu_formatted,cu_avg_speed,cu_avg_spin,cu_avg_break_x,cu_avg_break_z,cu_avg_break,cu_range_speed,n_si_formatted,si_avg_speed,si_avg_spin,si_avg_break_x,si_avg_break_z,si_avg_break,si_range_speed,n_fc_formatted,fc_avg_speed,fc_avg_spin,fc_avg_break_x,fc_avg_break_z,fc_avg_break,fc_range_speed,n_fs_formatted,fs_avg_speed,fs_avg_spin,fs_avg_break_x,fs_avg_break_z,fs_avg_break,fs_range_speed,n_kn_formatted,kn_avg_speed,kn_avg_spin,kn_avg_break_x,kn_avg_break_z,kn_avg_break,kn_range_speed,n_st_formatted,st_avg_speed,st_avg_spin,st_avg_break_x,st_avg_break_z,st_avg_break,st_range_speed,n_sv_formatted,sv_avg_speed,sv_avg_spin,sv_avg_break_x,sv_avg_break_z,sv_avg_break,sv_range_speed,n_fo_formatted,fo_avg_speed,fo_avg_spin,fo_avg_break_x,fo_avg_break_z,fo_avg_break,fo_range_speed,n_sc_formatted,sc_avg_speed,sc_avg_spin,sc_avg_break_x,sc_avg_break_z,sc_avg_break,sc_range_speed
"Margevicius, Nick",676606,2019,23,17,57,263,16,7.2,0.292,0.502,0.379,0.362,6,2.5,34.7,22.7,46,45.7,19.6,29.1,5.5,L,958,54.1,88.3,2159,2.8,-18.1,17.6,1.4,25.3,80.2,1960,-3.8,-42,5.1,1.6,7.2,79,1816,4.2,-32,12.5,1.4,13.5,70.8,1939,-7.4,-67.4,13.7,1.6,,,,,,,,,,,,,,,,,,,,,,,,,,,,,,,,,,,,,,,,,,,,,,,,,,,,,,,,
"Cimber, Adam",643256,2019,28,68,56.2,244,16.8,7.8,0.255,0.393,0.306,0.311,2.2,2.2,34.4,20.2,50.9,56.1,15,23.9,5,R,797,16.9,85.9,2166,-16.8,-37.9,16.9,1.7,32.2,75.4,2153,5.2,-46.2,6.3,1.5,,,,,,,,,,,,,,,50.8,84.9,2133,-13.7,-46.6,16.2,1.6,,,,,,,,,,,,,,,,,,,,,,,,,,,,,,,,,,,,,,,,,,,,,,,,,
"Grace, Matt",594840,2019,30,51,46.2,206,17,4.9,0.313,0.569,0.379,0.383,7.5,3.1,46.5,19.4,46.9,49.7,20.8,27,2.5,L,704,,,,,,,,30.3,83.4,2001,-4.2,-38,5.5,1.3,4.4,85.3,1577,16.4,-32.3,17.6,1.4,0.1,77.8,,-4.7,-50,5.3,,62.5,91.2,1818,14.6,-26,16.6,1.3,2.7,88.9,1882,1.5,-28.7,7.3,1.4,,,,,,,,,,,,,,,,,,,,,,,,,,,,,,,,,,,,,,,,,,
"Familia, Jeurys",544727,2019,29,66,60,274,23,15.3,0.238,0.385,0.356,0.327,6.6,3.6,34.3,28.2,42.2,51.8,21.1,22.9,4.2,R,1041,16.6,95.9,2211,-10.6,-17.3,17,1.4,26.5,88.1,2245,0.1,-31.5,5.1,1.4,,,,,,,,,,,,,,,49.4,95.9,2180,-17.5,-24.2,18.7,1.3,,,,,,,,7.5,92.2,1754,-14.8,-30.2,15.3,1.3,,,,,,,,,,,,,,,,,,,,,,,,,,,,,,,,,,,
"Perdomo, Luis",606131,2019,26,47,72,296,18.6,6.1,0.26,0.408,0.289,0.309,7.2,4.5,42.5,19.6,48.8,53.8,20.4,23.1,2.7,R,1041,0.3,95.1,1977,-6.1,-14.4,18.1,1.5,34.4,86.6,2295,1.1,-37.4,2.5,1.3,,,,,,,,,,,,,,,54.3,94.2,1891,-15,-21.7,18,1.2,,,,,,,,11,88.5,1569,-14.4,-30.6,15.5,1.3,,,,,,,,,,,,,,,,,,,,,,,,,,,,,,,,,,,
"Oberg, Scott",623184,2019,29,49,56,223,26,10.3,0.226,0.365,0.249,0.293,3.5,4.9,36.6,27.8,47.3,51.4,19,22.5,7,R,897,52,94.3,2225,-2,-17.6,13.1,1.2,43.4,85.6,2537,6,-38.7,6.5,1.5,4.5,87.9,1952,-12.1,-29.1,13.7,1.4,,,,,,,,0.2,95.2,2261,-5.9,-22.2,9.5,1.5,,,,,,,,,,,,,,,,,,,,,,,,,,,,,,,,,,,,,,,,,,,,,,,,,
"Cessa, Luis",570666,2019,27,43,81,343,21.9,9,0.228,0.369,0.316,0.297,6.8,3.4,37.6,29.2,47.2,48.3,22.6,22.2,6.8,R,1352,34.2,94.6,2302,-9.2,-15.4,18.9,1.3,49.9,84.9,2491,0.9,-38.6,2.3,1.2,7.2,87.1,1645,-12.2,-28.8,15,1.4,1,80.8,2397,3.7,-47.9,6.3,1.4,7.8,93.8,2221,-15,-20,19.4,1.4,,,,,,,,,,,,,,,,,,,,,,,,,,,,,,,,,,,,,,,,,,,,,,,,,
"Mills, Alec",621219,2019,27,9,36,152,27.6,7.2,0.248,0.451,0.311,0.339,6.5,3.3,35.9,28.1,47.6,48.9,21.7,23.9,5.4,R,553,30.7,89.5,2218,-9.3,-20.5,16.8,1.5,11,78.2,2609,15.1,-48.3,15.5,1.3,19.2,80.7,1727,-14.5,-39.2,15.1,1.4,15.6,67.6,2511,14.5,-73.4,18.1,1.5,23.5,89.9,2202,-16.2,-27,17.7,1.2,,,,,,,,,,,,,,,,,,,,,,,,,,,,,,,,,,,,,,,,,,,,,,,,,
"Yates, Kirby",489446,2019,32,60,60.2,243,41.6,5.3,0.172,0.262,0.228,0.226,5.7,3.3,36.1,34.3,49.7,48.4,27.9,18,5.7,R,1021,57,93.5,2307,-14.2,-17.3,20.8,0.9,0.9,85.2,2265,2.1,-35.7,6.5,1.7,,,,,,,,,,,,,,,,,,,,,,,,,,,,,42.1,86.3,1399,-13.6,-37.6,13.9,1.1,,,,,,,,,,,,,,,,,,,,,,,,,,,,,,,,,,,
"Duke, Zach",435043,2019,36,30,23.1,106,17,17,0.264,0.41,0.36,0.363,5.9,2.9,42.2,22,40.2,50,13.2,29.4,7.4,L,389,6.7,87.7,2158,2.1,-27.4,9.1,1.4,31.6,80.4,2495,-10.8,-39.7,12.4,1.5,,,,,,,,12.1,74.1,2348,-15.4,-60.4,17.8,1.2,49.6,89,1993,13.4,-32.5,14.1,1.1,,,,,,,,,,,,,,,,,,,,,,,,,,,,,,,,,,,,,,,,,,,,,,,,,
"Giles, Ken",571704,2019,28,53,53,208,39.9,8.2,0.18,0.315,0.247,0.245,5.6,3.7,35.2,40,50.6,38.9,23.1,26.9,11.1,R,810,49,96.9,2323,-9.9,-13.3,19.6,1.3,49.4,86.4,2245,-0.9,-35.1,3.8,1.3,,,,,,,,,,,,,,,1.6,97.5,2330,-13.3,-16.5,18.9,1.5,,,,,,,,,,,,,,,,,,,,,,,,,,,,,,,,,,,,,,,,,,,,,,,,,
"Hicks, Jordan",663855,2019,22,29,28.2,110,28.2,10,0.162,0.255,0.231,0.235,3,3,28.6,30.2,41.6,67.2,14.9,16.4,1.5,R,441,0.2,100.9,2201,-9.3,-11.7,18,,33.8,86.9,2481,10.7,-38.1,11.4,2.2,2.3,90.3,1564,-7.1,-33.1,8.3,1.5,,,,,,,,60.3,101.1,2031,-15.8,-16.6,19,1.6,,,,,,,,3.4,91.2,870,-4.8,-32.4,6.1,1.7,,,,,,,,,,,,,,,,,,,,,,,,,,,,,,,,,,,
"Biagini, Joe",607352,2019,29,63,64.2,281,21.4,9.3,0.28,0.498,0.358,0.355,6.7,3.1,33.5,28.3,46.1,46.4,20.6,27.8,5.2,R,1141,16,93.8,2032,-3.7,-14.5,17.6,0.9,,,,,,,,10.9,87,1560,-12,-27.4,15.4,1.2,8.7,77,2821,7.1,-67.1,19.7,1.8,34.8,94.1,2156,-11.4,-16.1,19.2,0.8,29.6,87.8,2243,3.7,-31.6,6.3,1.1,,,,,,,,,,,,,,,,,,,,,,,,,,,,,,,,,,,,,,,,,,
"Kahnle, Tommy",592454,2019,29,72,61.1,248,35.5,8.1,0.203,0.338,0.272,0.268,5.8,5.1,35.5,36.2,51.5,50.7,20.3,24.6,4.3,R,1026,44.2,96.4,2285,-6.5,-13.7,16.8,1.2,3.9,83.4,2466,8.6,-39.6,9,1.5,51.9,90,1483,-13.9,-29,14.9,1.6,,,,,,,,,,,,,,,,,,,,,,,,,,,,,,,,,,,,,,,,,,,,,,,,,,,,,,,,,,,,,,,
"Gonzalez, Gio",461829,2019,33,19,87.1,366,21.3,10.1,0.245,0.413,0.304,0.319,5.2,2,31.2,25.9,44.2,47,21.5,26.3,5.2,L,1399,26.6,89.5,2261,9.1,-18,18.9,1,,,,,,,,31.8,82.3,1623,13,-33.9,14.9,1.4,16.4,75.3,2688,-11.7,-66.9,20.3,1.4,25.2,88.9,2145,15,-23.7,18.8,1.2,,,,,,,,,,,,,,,,,,,,,,,,,,,,,,,,,,,,,,,,,,,,,,,,,
"Wisler, Matt",605538,2019,26,44,51.1,224,28.1,7.1,0.238,0.396,0.339,0.299,6.2,4.8,34.5,31.8,49.1,37.9,24.8,26.2,11,R,935,8.7,92.9,2160,-3.9,-15.1,17.8,1.3,70.5,83.5,2478,5.2,-37.5,7.7,1.8,,,,,,,,0.3,75.4,2651,4.6,-60.9,11.3,1.5,20.5,92.8,2174,-8.8,-16,18.9,1.2,,,,,,,,,,,,,,,,,,,,,,,,,,,,,,,,,,,,,,,,,,,,,,,,,
"Peña, Félix",570240,2019,29,22,96.1,407,24.8,8.4,0.251,0.434,0.297,0.326,5.3,2.6,37.6,29.4,45,44.7,24.4,24.1,6.8,R,1570,4.5,91.2,2091,-9,-17,18.7,1.5,39.4,82.5,2498,1.7,-40.6,3.3,1.7,11.5,83.9,1675,-13.6,-28.6,17.8,1.5,,,,,,,,44.6,91.5,2099,-16.3,-22,19.9,1.4,,,,,,,,,,,,,,,,,,,,,,,,,,,,,,,,,,,,,,,,,,,,,,,,,
"Lauer, Eric",641778,2019,24,30,149.2,651,21.2,7.8,0.246,0.419,0.321,0.312,9.4,1.3,39.4,19.8,47.8,41.8,24.1,25.4,8.8,L,2507,53.1,91.8,2216,9.2,-16.1,19.4,1.6,8,81.6,2393,-2.9,-45,4.9,2.1,3.6,85.9,1982,13.4,-25.2,18.7,1.5,13.7,77.1,2376,-4.8,-55.1,9.1,1.5,,,,,,,,21.5,88,2211,-1.7,-26.6,9.7,1.6,,,,,,,,,,,,,,,,,,,,,,,,,,,,,,,,,,,,,,,,,,
"Maton III, Phil",664208,2019,26,30,36.2,163,20.2,7.4,0.266,0.421,0.338,0.324,5.2,2.6,28.4,24.7,50.7,46.6,23.3,25.9,4.3,R,608,57.2,91,2583,1.1,-20.4,12,1.5,7.2,81.5,3002,15,-49.4,17.2,1.5,,,,,,,,18.9,77,2734,17.8,-52.6,19.1,1.8,,,,,,,,16.6,85,2786,9.8,-39.9,10.6,1.7,,,,,,,,,,,,,,,,,,,,,,,,,,,,,,,,,,,,,,,,,,
"Weber, Ryan",543901,2019,28,18,40.2,181,16,4.4,0.26,0.414,0.333,0.31,7.1,1.4,28.4,14.6,44.8,49.6,18.4,27,5,R,674,3.1,88.4,2121,-16.9,-27.3,19.3,1.4,14.5,78.5,2347,19.2,-52.4,20,1.4,16.6,81.6,1816,-15.6,-39.7,16,1.4,15,76.6,2480,17.3,-61.3,21.1,1.4,49.6,89.4,2092,-19.3,-34.5,19.4,1.2,1.2,86.3,2246,-3,-33.9,5.8,1.7,,,,,,,,,,,,,,,,,,,,,,,,,,,,,,,,,,,,,,,,,,
"Fried, Max",608331,2019,25,33,165.2,702,24.6,6.7,0.247,0.379,0.315,0.297,5.5,4,39.1,25.7,47.4,54.6,16.6,26.1,2.7,L,2669,53.1,93.8,2077,3.2,-18.9,12.8,1.7,15.9,83.7,2562,-12.7,-42.6,13.7,2.2,2.4,84.8,1514,11.5,-31.5,13.4,1.8,24.7,74.5,2844,-9.2,-69.6,20.8,1.7,3.5,93.6,1988,11.7,-22.7,14.7,1.6,0.3,93.5,2115,-3.7,-23.4,8.6,1.5,,,,,,,,,,,,,,,,,,,,,,,,,,,,,,,,,,,,,,,,,,
"Watson, Tony",453265,2019,34,60,54,231,17.7,5.2,0.263,0.446,0.32,0.325,5.8,4.6,31.8,25.9,52.6,46.2,22,23.1,8.7,L,813,0.5,94.3,2347,11.7,-19.5,16.8,1.4,10.6,85.6,2367,-1.9,-33.4,5.7,1.5,38.1,86.1,2380,20.4,-31.5,21.5,1.4,,,,,,,,50.8,93,2328,16.7,-24.2,18.8,1.2,,,,,,,,,,,,,,,,,,,,,,,,,,,,,,,,,,,,,,,,,,,,,,,,,
"Parker, Blake",453284,2019,34,60,61.1,255,25.5,8.6,0.271,0.481,0.315,0.351,4.8,4.2,39.4,27.2,43.9,39.4,25.5,28.5,6.7,R,1020,46.6,91.2,2140,-2.9,-16.3,16.3,1,,,,,,,,,,,,,,,15.5,76,2170,7.3,-59.4,14,1.4,,,,,,,,6.1,88.1,2181,2,-25.2,10.1,1.4,31.9,79.9,1045,-9.1,-40.6,10.1,1.5,,,,,,,,,,,,,,,,,,,,,,,,,,,,,,,,,,,
"Gant, John",607231,2019,26,64,66.1,269,22.3,12.6,0.232,0.327,0.283,0.295,2.9,2.9,31.2,27.4,47.2,46.3,14.9,30.9,8,R,1085,24,95.9,2520,-11,-13.2,20,1.4,,,,,,,,22.6,83.1,1509,-12.2,-32.9,14.2,1.3,10.4,77.1,2653,8.1,-62.9,18,1.5,31.9,95.8,2466,-15.5,-17.1,20.2,1.4,11.2,90.2,2643,2.3,-24.6,9.6,1.5,,,,,,,,,,,,,,,,,,,,,,,,,,,,,,,,,,,,,,,,,,
"Ross, Joe",605452,2019,26,27,64,295,19.3,11.2,0.266,0.455,0.355,0.351,5.5,2,35.8,23.5,47.2,45.3,23.4,24.9,6.5,R,1138,23.6,94.1,2148,-7.5,-16.3,16.4,1.1,20.7,88,1933,2,-29.7,6.2,1.3,7.6,87.9,1690,-14.5,-26.9,16.6,1.3,9,81.3,2106,1.5,-46.4,4.8,1.3,39.2,94,2095,-14.4,-20.6,17.8,1.2,,,,,,,,,,,,,,,,,,,,,,,,,,,,,,,,,,,,,,,,,,,,,,,,,
"Morton, Charlie",450203,2019,35,33,194.2,790,30.4,7.2,0.216,0.337,0.27,0.274,6.2,3.5,32.8,29.6,47.4,48.2,20,25.4,6.4,R,3137,29.8,94.7,2259,-13.6,-18.3,18.7,1.1,,,,,,,,,,,,,,,37.4,78.6,2886,18.6,-55.5,20.9,1.2,19.2,93.9,2102,-18.6,-26.2,19.5,1.2,10.4,85.4,2436,4.1,-36.3,5.6,1.6,3.2,84.8,2124,-20,-35.6,20.4,1.3,,,,,,,,,,,,,,,,,,,,,,,,,,,,,,,,,,,
"Syndergaard, Noah",592789,2019,26,32,197.2,824,24.5,5.9,0.23,0.365,0.301,0.28,4.9,3,31.2,26.8,50.8,48.5,20.8,23.6,7.1,R,3090,29.3,97.8,2197,-6.1,-13.8,16,1.1,15.2,89.1,2178,3.7,-34.3,4.6,1.8,16.2,91.1,1687,-15.6,-24.5,17.8,1.3,9.5,80.4,2275,11.9,-46.1,12.7,1.8,29.8,97.5,2106,-14.2,-19.2,17.2,1.2,,,,,,,,,,,,,,,,,,,,,,,,,,,,,,,,,,,,,,,,,,,,,,,,,
"Chacín, Jhoulys",468504,2019,31,25,103.1,470,21.5,9.8,0.274,0.484,0.365,0.356,5.7,2.5,42.5,20.5,42.8,38.1,25.2,26.1,10.7,R,1945,12.9,90,2158,-7.1,-20.5,16.2,1.6,49.6,79.8,2354,12.8,-41,13.7,1.6,5.6,82.8,1422,-9.5,-35,11.7,2,0.6,77,2582,13.4,-54.7,14.9,1.6,31.4,89.9,2080,-15.6,-26.6,17.9,1.3,,,,,,,,,,,,,,,,,,,,,,,,,,,,,,,,,,,,,,,,,,,,,,,,,
"Hudson, Dakota",641712,2019,24,33,174.2,757,18,11.4,0.263,0.421,0.316,0.337,5.9,2.9,38.8,23.6,44.2,57.4,13.9,24.9,3.8,R,2846,13,93.9,2168,-4.8,-19.2,12.6,1.1,25.7,87.4,2430,2.3,-34.9,4.3,1.4,2.6,88.1,1459,-11.6,-27.1,14.1,1.5,10,81.9,2196,9.4,-44.5,10.3,1.5,48.7,93.5,2134,-12.8,-23.6,14.8,1.2,,,,,,,,,,,,,,,,,,,,,,,,,,,,,,,,,,,,,,,,,,,,,,,,,
"Minor, Mike",501985,2019,31,32,208.1,863,23.2,7.9,0.228,0.389,0.301,0.297,5.4,3.7,30.4,26.2,47.8,41.3,26.2,21.8,10.7,L,3357,44.6,92.5,2650,4.1,-17,16.2,1.3,19.4,86.4,2737,-5.6,-34.7,6.9,1.6,24.6,86.2,2287,17.5,-26.2,21.2,1.5,11.4,80.7,2534,-6.9,-54.5,12.6,2.1,,,,,,,,,,,,,,,,,,,,,,,,,,,,,,,,,,,,,,,,,,,,,,,,,,,,,,,,
"McClain, Reggie",596035,2019,26,14,21,95,11.6,13.7,0.301,0.433,0.344,0.364,4.2,1.4,43.7,15.5,43.8,63.4,9.9,26.8,0,R,354,,,,,,,,18.1,84,2309,0.7,-40.2,2,1.5,4.5,87.8,1936,-16.3,-28.2,18.4,1.3,,,,,,,,77.4,93.7,2170,-18,-25.6,19.2,1.5,,,,,,,,,,,,,,,,,,,,,,,,,,,,,,,,,,,,,,,,,,,,,,,,,
"García, Edgar",658305,2019,22,37,39,172,26.2,15.1,0.244,0.503,0.373,0.358,5.9,1,41.6,32.1,43.2,33.7,38.6,21.8,5.9,R,723,43,93.8,2305,-5.4,-13.8,18.6,1.2,48.7,87.1,2357,4.5,-33.2,7.5,1.3,1.5,89.1,1707,-13.2,-29.9,14.1,1.4,,,,,,,,6.8,94.3,2274,-13.8,-18.8,18.5,1.3,,,,,,,,,,,,,,,,,,,,,,,,,,,,,,,,,,,,,,,,,,,,,,,,,
"Odorizzi, Jake",543606,2019,29,30,159,658,27.1,8.1,0.23,0.4,0.289,0.299,6.9,2.1,36.2,27.7,49.2,36.6,27.7,25.3,10.4,R,2786,57.9,92.9,2236,-10.6,-15.5,20,1.1,,,,,,,,,,,,,,,6.5,75.4,2253,9,-61.9,14.9,1.4,,,,,,,,18.4,85.4,2161,5.7,-31.1,9.4,2.1,17.1,85.2,1489,-11.5,-32.4,13.2,1.3,,,,,,,,,,,,,,,,,,,,,,,,,,,,,,,,,,,
"Germán, Domingo",593334,2019,26,27,143,594,25.8,6.6,0.243,0.444,0.305,0.316,6.8,2.8,40.1,28.2,49.5,38,27.2,25.7,9.1,R,2247,34.4,93.4,2440,-10.3,-16.3,18.8,1.4,,,,,,,,19,87,2414,-17.4,-26.6,20,1.4,36.1,81.7,2599,1.5,-46.8,5.3,1.5,10.5,94,2420,-17.5,-22.5,19.8,1.3,,,,,,,,,,,,,,,,,,,,,,,,,,,,,,,,,,,,,,,,,,,,,,,,,
"Festa, Matt",670036,2019,26,20,22.1,101,20.8,11.9,0.249,0.489,0.355,0.361,4.6,1.5,39,23.5,45,40,24.6,23.1,12.3,R,381,46.2,92.6,2283,-4.8,-17,15.9,1.1,39.4,86.2,2458,7.2,-32.1,9.6,1.5,,,,,,,,7.3,81.7,2586,7.1,-47.7,9.3,1.6,6.3,92,2140,-13.6,-25.2,15.6,1.4,0.8,92.1,2389,2.2,-19.6,13,1.4,,,,,,,,,,,,,,,,,,,,,,,,,,,,,,,,,,,,,,,,,,
"Reyes Jr., Gerardo",622103,2019,26,27,26,117,32.5,9.4,0.18,0.316,0.312,0.261,4.6,0,33.8,35,51.7,38.5,35.4,20,6.2,R,458,59.6,96.9,2417,-11,-18.1,16.7,1.3,24.2,88.1,2437,1.3,-34.4,4.2,2.6,,,,,,,,1.7,82.3,2226,12,-45.5,12.9,1.5,14.4,97,2342,-18.4,-25,19.3,1.3,,,,,,,,,,,,,,,,,,,,,,,,,,,,,,,,,,,,,,,,,,,,,,,,,
"Gonzales, Marco",594835,2019,27,34,203,866,17,6.5,0.254,0.407,0.311,0.311,7.2,3.7,35.2,18,47.7,41.9,23.7,25.3,9.1,L,3162,39.4,88.9,2252,11.3,-18.6,20.1,0.9,,,,,,,,24.1,81.2,2171,16.9,-32.1,19.7,1.1,15.9,76.3,2346,-8.4,-60.7,14.8,1.4,,,,,,,,20.7,85.2,2246,0.5,-27.7,10.4,1.2,,,,,,,,,,,,,,,,,,,,,,,,,,,,,,,,,,,,,,,,,,
"Petit, Yusmeiro",433589,2019,34,80,83,308,23.1,3.2,0.213,0.4,0.24,0.271,7.9,4,34.8,25,49.6,32.2,35.7,20.7,11.5,R,1137,45.3,89.1,2232,-6.3,-16.1,18.6,0.9,,,,,,,,19.3,81.5,1887,-10.2,-24.2,18.8,1.2,14.2,76.4,2125,11.6,-43.3,12.6,1.4,,,,,,,,21.2,85.4,2224,-1.4,-20.5,16.3,1,,,,,,,,,,,,,,,,,,,,,,,,,,,,,,,,,,,,,,,,,,
"Archer, Chris",502042,2019,30,23,119.2,526,27.2,10.5,0.259,0.476,0.334,0.346,4.9,3.1,39.5,29.5,45.9,38,25,30.2,6.8,R,2097,39.6,94.1,2264,-7,-13.4,19.3,1.4,35.6,88.7,2613,5.4,-33.8,6.1,1.7,12.1,87.7,1642,-12.3,-27.8,14.8,1.5,2,82.3,2678,4.1,-48.9,8.6,1.6,10.7,93.9,2239,-11.7,-15.7,19.8,1.5,,,,,,,,,,,,,,,,,,,,,,,,,,,,,,,,,,,,,,,,,,,,,,,,,
"Kennedy, Ian",453178,2019,34,63,63.1,266,27.4,6.4,0.219,0.368,0.291,0.275,6.3,2.9,34.3,24.2,48.3,45.7,22.9,22.9,8.6,R,1096,66.9,94.4,2439,-10.2,-15,18.7,1.2,,,,,,,,1.7,87.9,2027,-14.1,-25.4,17.6,1.3,15.2,80.5,2687,11.8,-57.1,18.4,1.3,,,,,,,,16.1,91.3,2208,-0.4,-23.6,9.5,1.2,,,,,,,,,,,,,,,,,,,,,,,,,,,,,,,,,,,,,,,,,,
"Sampson, Adrian",592716,2019,27,35,125.1,563,17.9,6.4,0.292,0.54,0.382,0.372,7.2,2.2,47.2,21.3,49.5,42,26.6,23.3,8.2,R,2056,,,,,,,,33.2,83.9,2595,3.6,-41.1,4.5,1.7,12.5,87.4,1856,-16,-28.6,18,1.3,0.1,79.3,2516,4.8,-47.5,5.2,1.4,54.2,92.5,2016,-13.1,-19.8,18.3,1.2,,,,,,,,,,,,,,,,,,,,,,,,,,,,,,,,,,,,,,,,,,,,,,,,,
"Lorenzen, Michael",547179,2019,27,73,83.1,343,24.8,8.2,0.214,0.332,0.277,0.271,7,4.4,29.7,30.8,48.8,46.5,21.9,25,6.6,R,1298,21.3,97.2,2538,-10.7,-13,20,1.2,9.8,87.1,2635,5.7,-35.7,6.8,1.7,19.5,87.4,2150,-15.6,-27.1,18.6,1.1,7.2,83.8,2531,2.4,-50.7,10.9,1.8,15.7,96.4,2372,-15.3,-18.1,19.8,1.4,26.5,93.8,2596,-1.4,-21.5,10.8,1.5,,,,,,,,,,,,,,,,,,,,,,,,,,,,,,,,,,,,,,,,,,
"Avilán, Luis",501593,2019,29,45,32,141,21.3,9.9,0.277,0.43,0.338,0.347,4.3,5.3,23.4,27.8,42,44.7,25.5,26.6,3.2,L,600,,,,,,,,,,,,,,,58.3,82.4,2210,14,-34.8,15.6,1.4,12.2,75.4,2450,-10.4,-57.4,12.5,2.1,29.5,90.4,2114,15.5,-23.2,19.2,1.1,,,,,,,,,,,,,,,,,,,,,,,,,,,,,,,,,,,,,,,,,,,,,,,,,
"Ureña, José",570632,2019,27,24,84.2,369,16.8,7,0.282,0.467,0.342,0.341,5,1.4,38.7,20.9,49.1,49.8,20.4,25.4,4.3,R,1372,0.4,94.8,2044,-9.7,-16.6,17.4,1.5,19.9,85.8,2315,1.9,-30.8,7.8,1.7,10.6,90.1,1712,-16.1,-25.4,18.5,1.4,6.2,84.7,2328,4.7,-37.3,5.4,1.5,62.9,95.8,2157,-16.6,-20.7,19.3,1.3,,,,,,,,,,,,,,,,,,,,,,,,,,,,,,,,,,,,,,,,,,,,,,,,,
"Milone, Tommy",543548,2019,32,23,111.2,453,20.8,5.1,0.246,0.472,0.313,0.32,4.8,3.9,31.3,22.7,47.1,37.7,30.5,24.6,7.2,L,1670,43.7,87.1,2192,8.1,-18.1,20.5,1,10.3,79.1,2328,-4.6,-41.9,6.3,1.4,38.1,79.4,1745,15.4,-35.8,17.7,1,7.8,75.3,2471,-4.4,-53.1,5.7,1.8,,,,,,,,,,,,,,,,,,,,,,,,,,,,,,,,,,,,,,,,,,,,,,,,,,,,,,,,
"Gray, Jon",592351,2019,27,26,150,637,23.5,8.8,0.268,0.426,0.323,0.327,3.7,2.8,43.8,26.2,47.6,51.8,19.4,24.1,4.7,R,2372,51.3,96,2066,-11,-18.3,16,1.2,33.5,88.3,2220,1.6,-30.2,5.9,1.4,2.9,86.7,1559,-9.5,-27.4,13.4,1.2,11.1,78.6,2518,10.1,-52,12.6,1.7,1.2,95.4,1799,-13.5,-23.1,15.4,1.3,,,,,,,,,,,,,,,,,,,,,,,,,,,,,,,,,,,,,,,,,,,,,,,,,
"Law, Derek",571882,2019,28,58,60.2,285,23.5,14,0.242,0.387,0.342,0.326,7.4,5.1,38.3,29.8,42.1,50.9,17.1,28,4,R,1193,36.7,94,2132,-3.2,-15.9,15.2,1.5,30.5,84.7,2245,4.5,-41.8,6.4,2.2,12.9,85.8,2014,-14.6,-26.8,17.9,1.8,19.9,76.8,2045,3.6,-57.4,11.2,2.2,,,,,,,,,,,,,,,,,,,,,,,,,,,,,,,,,,,,,,,,,,,,,,,,,,,,,,,,
"Adams, Chance",664856,2019,24,13,25.1,124,18.5,8.9,0.295,0.532,0.44,0.38,2.3,2.3,38.6,18.1,45.7,30.7,36.4,27.3,5.7,R,519,57.2,91.7,2445,-4,-17.4,15.8,1.1,16.8,83.5,2986,9.4,-39.9,9.6,1.4,7.3,85.7,1889,-13.4,-27.7,17.1,1.6,17.3,79,2901,17.4,-51.5,18.7,1.5,1.3,92.8,2439,-11.7,-18.1,18.2,1.4,,,,,,,,,,,,,,,,,,,,,,,,,,,,,,,,,,,,,,,,,,,,,,,,,
"Wright, Kyle",657140,2019,23,7,19.2,93,19.4,14,0.299,0.549,0.401,0.4,6.6,3.3,45.9,23.3,41.6,42.6,21.3,32.8,3.3,R,351,41.9,94.8,2415,-7.6,-16.6,16.1,1.4,25.9,87.1,2477,3.3,-34.5,5,1.9,7.7,85.6,1769,-14.6,-29.1,17,1.4,12,80.7,2682,15.2,-48.5,16.4,1.5,12.5,93.8,2305,-13.1,-24.7,15,1.6,,,,,,,,,,,,,,,,,,,,,,,,,,,,,,,,,,,,,,,,,,,,,,,,,
"Mahle, Tyler",641816,2019,24,25,129.2,556,23.2,6.1,0.248,0.426,0.326,0.312,4.7,3.1,37.6,23.2,46.2,47.8,22.7,24.5,4.9,R,2138,57.1,93.3,2161,-11.7,-17.3,18.4,1.8,,,,,,,,,,,,,,,23.2,80.4,2595,7.5,-50.2,10.6,1.9,,,,,,,,7,90,2457,0.2,-23.8,10.5,1.7,12.8,87,1632,-10.9,-31.6,12,1.8,,,,,,,,,,,,,,,,,,,,,,,,,,,,,,,,,,,
"Stephenson, Robert",596112,2019,26,57,64.2,262,30.9,9.2,0.195,0.318,0.262,0.255,5.8,2.6,26.8,39,50.1,32.7,31.4,25.6,10.3,R,1001,36.1,94.9,2434,-10.8,-14.9,19.3,1.2,57.1,84.5,2799,4.4,-40.4,5.9,1.6,,,,,,,,,,,,,,,,,,,,,,,,,,,,,6.8,87.1,1644,-7.5,-24,15,1.2,,,,,,,,,,,,,,,,,,,,,,,,,,,,,,,,,,,
"Allard, Kolby",663465,2019,21,9,45.1,208,15.9,9.1,0.28,0.399,0.322,0.329,3.3,2.6,35.9,18.8,45.6,46.4,18.3,27.5,7.8,L,837,46.5,92.4,2109,8.9,-17.2,17.9,1.1,,,,,,,,15.1,81.6,1652,13.5,-32.5,17.1,1.5,5.4,77.6,1884,-5,-55.5,9.9,1.5,,,,,,,,33.1,87.7,2151,-3.1,-30.1,7.3,1.4,,,,,,,,,,,,,,,,,,,,,,,,,,,,,,,,,,,,,,,,,,
"Swanson, Erik",657024,2019,25,27,58,245,21.2,4.9,0.259,0.513,0.328,0.341,6.1,0.6,41.3,22.7,48.6,38.5,29.6,22.9,8.9,R,969,67.3,92.7,2275,-8.5,-13.1,20.5,1.5,18.4,85.4,2221,2.7,-32.9,7,2.1,14.3,85.8,1628,-10.2,-24.4,16.3,1.6,,,,,,,,,,,,,,,,,,,,,,,,,,,,,,,,,,,,,,,,,,,,,,,,,,,,,,,,,,,,,,,
"Taylor, Josh",657031,2019,26,52,47.1,195,31.8,8.7,0.211,0.343,0.28,0.277,6.1,5.3,31.6,33.1,49.2,45.6,22.8,25.4,6.1,L,836,46.1,94.8,2292,5.2,-13.8,17.1,1,37.7,87.5,2348,-3.8,-31.5,6.1,1.5,0.1,88.6,2109,6.7,-15.9,19.4,,1.8,80,2277,-6.3,-46.5,7.5,1.6,14.4,94.8,2260,13.6,-18.4,17.9,1.1,,,,,,,,,,,,,,,,,,,,,,,,,,,,,,,,,,,,,,,,,,,,,,,,,
"Ottavino, Adam",493603,2019,33,73,66.1,283,31.1,14.1,0.18,0.287,0.276,0.269,6.6,3.9,29.6,30.5,38.8,40.8,28.3,21.7,9.2,R,1157,2,93.7,2392,-8.8,-18.8,14.7,1.4,,,,,,,,,,,,,,,,,,,,,,39.6,93.9,2388,-14.6,-23.3,16.4,1.2,13.7,88.2,2683,3.2,-25.7,10.6,1.6,,,,,,,,,,,,,,,44.8,81.8,2877,18.5,-40,18.7,1.6,,,,,,,,,,,,,,,,,,,,,
"Webb, Jacob",657097,2019,25,36,32.1,131,21.4,9.2,0.209,0.361,0.284,0.283,5.6,1.1,33.3,26.2,50.6,40,30,21.1,8.9,R,534,54.5,95.1,2450,-12.8,-15,20.4,1.1,33.1,81.6,2472,6.7,-47.5,9,1.1,12.4,85.8,2367,-18.4,-29.2,20.5,1.1,,,,,,,,,,,,,,,,,,,,,,,,,,,,,,,,,,,,,,,,,,,,,,,,,,,,,,,,,,,,,,,
"Biddle, Jesse",592145,2019,27,30,28,152,17.1,14.5,0.334,0.56,0.411,0.425,4,4,43.8,21.8,38.7,48,23,26,3,L,601,54.6,93.8,2532,5,-17.5,14.7,1.1,20.1,87.1,2350,-3.7,-33.7,5.8,2.2,,,,,,,,25.1,77.2,2591,-12.5,-62.7,19.7,1.3,0.2,93.2,2576,9.1,-23.2,12.1,,,,,,,,,,,,,,,,,,,,,,,,,,,,,,,,,,,,,,,,,,,,,,,,,,
"Bass, Anthony",542914,2019,31,44,48,189,22.8,9,0.245,0.387,0.241,0.312,4.7,3.9,36.2,27.5,43.9,54.7,16.4,22.7,6.3,R,714,4.5,95.3,2057,-6.6,-13.8,17.9,1.4,33.2,87.3,2294,5.4,-35.4,5.9,1.6,,,,,,,,,,,,,,,48.2,95.3,2047,-13.6,-17,19.1,1.1,,,,,,,,14.1,86.6,1229,-6.5,-28.1,11.7,1.2,,,,,,,,,,,,,,,,,,,,,,,,,,,,,,,,,,,
"Eovaldi, Nathan",543135,2019,29,23,67.2,302,23.2,11.6,0.24,0.432,0.367,0.337,4.1,2.6,40.7,26.3,44,44.8,26.3,24.2,4.6,R,1264,43.3,97.5,2186,-11.2,-14.5,18.4,1.6,3.2,84.9,2237,7.3,-38.1,8.5,1.6,,,,,,,,17.5,80.5,2174,7.8,-51.9,11.8,1.6,,,,,,,,22.5,93.2,2345,0.8,-22,10,1.9,13.5,87.9,1578,-9.8,-34.2,10.3,2.1,,,,,,,,,,,,,,,,,,,,,,,,,,,,,,,,,,,
"Anderson, Nick",623433,2019,28,68,65,264,41.7,6.8,0.196,0.357,0.269,0.259,6,1.5,41.8,37.8,54,29.1,26.9,31.3,12.7,R,1101,59.9,96,2326,-5.8,-10.3,20.8,1,,,,,,,,,,,,,,,40.1,83.1,2094,1.3,-43,3.4,1.6,,,,,,,,,,,,,,,,,,,,,,,,,,,,,,,,,,,,,,,,,,,,,,,,,,,,,,,,
"Porcello, Rick",519144,2019,30,32,174.1,768,18.6,5.9,0.263,0.482,0.338,0.334,6.8,4.7,37.7,17.9,49.4,38.7,25.8,25.8,9.6,R,2960,31.5,91,2434,-9,-17.9,18,1.3,18.6,84.3,2555,3.4,-34.9,6.2,1.6,11.8,80.8,1600,-13.9,-34.6,16.2,1.6,12.6,74.9,2810,15.1,-58.3,16.9,1.7,25.6,89.5,2289,-16.7,-26.6,18.6,1.5,,,,,,,,,,,,,,,,,,,,,,,,,,,,,,,,,,,,,,,,,,,,,,,,,
"Castillo, Diego",650895,2019,25,65,68.2,290,27.9,9,0.196,0.323,0.292,0.266,3.9,4.5,32,32.4,45.6,56.2,20.2,15.2,8.4,R,1119,3.8,98.4,2046,-8.9,-15,17,1.4,51.5,88.7,2348,5.5,-34.3,6.9,1.6,,,,,,,,,,,,,,,44.8,98.2,2123,-16.2,-19.5,19.4,1.2,,,,,,,,,,,,,,,,,,,,,,,,,,,,,,,,,,,,,,,,,,,,,,,,,
"Sale, Chris",519242,2019,30,25,147.1,612,35.6,6,0.213,0.38,0.294,0.284,7.6,3.2,36.3,31.8,47.4,43.9,24.7,25,6.4,L,2465,35.8,93.4,2383,14.8,-19.7,19.3,2.2,38.4,79,2492,-14,-49.8,14.9,2.4,15.6,85.2,1965,19,-38.7,19.2,1.8,,,,,,,,10.2,92.2,2293,19.6,-28.3,20.3,2,,,,,,,,,,,,,,,,,,,,,,,,,,,,,,,,,,,,,,,,,,,,,,,,,
"deGrom, Jacob",594798,2019,31,32,204,804,31.7,5.5,0.201,0.319,0.25,0.25,5,3,30.8,31.2,53.4,45.2,21.9,23.7,9.2,R,3190,48.2,96.9,2388,-5.7,-12.2,17.4,1.2,32,92.5,2454,3,-24.6,7.6,1.2,15.8,90.3,1702,-13.6,-28.6,14.4,1.5,2.9,84.3,2567,6.2,-40.9,7,1.8,1.1,96.7,2281,-11.4,-15.3,17.6,1.6,,,,,,,,,,,,,,,,,,,,,,,,,,,,,,,,,,,,,,,,,,,,,,,,,
"Kluber, Corey",446372,2019,33,7,35.2,168,22.6,8.9,0.254,0.449,0.353,0.335,8,8,38.4,28.4,47.3,41.1,27.7,24.1,7.1,R,611,12.9,92,2332,-8.5,-18,16.9,1.4,,,,,,,,8.5,84.9,1804,-14.8,-32.8,15.8,1.4,22.9,82.9,2538,18.1,-41.2,18.4,1.3,26.7,91.3,2210,-15.7,-24.4,17.9,1.1,29,88.1,2503,3.4,-29.3,7.5,1.5,,,,,,,,,,,,,,,,,,,,,,,,,,,,,,,,,,,,,,,,,,
"Almonte, Yency",622075,2019,25,28,34,157,18.5,8.9,0.289,0.551,0.359,0.379,4.4,0,41.6,24.6,48.8,33.6,32.7,24.8,8.8,R,606,56.4,95.7,2172,-8.5,-17,15.3,1.2,40.1,85.8,2408,5.4,-37.5,6,1.8,3,89,1767,-13.6,-27.5,15.5,1.3,,,,,,,,0.5,94.7,2159,-13.1,-20.6,16.4,1.5,,,,,,,,,,,,,,,,,,,,,,,,,,,,,,,,,,,,,,,,,,,,,,,,,
"Jeffress, Jeremy",502026,2019,31,48,52,225,20.4,7.6,0.263,0.428,0.319,0.333,4.5,6.4,36.1,20.4,48.7,49,20.4,27.4,3.2,R,860,28.5,94,2185,-7.2,-16.1,16.6,1.4,,,,,,,,,,,,,,,28.4,81,2385,9.4,-48.4,11.4,1.5,34.1,93.7,2016,-16.6,-23,18.5,1.3,,,,,,,,9.1,90.2,1681,-13.8,-28.3,15,1.3,,,,,,,,,,,,,,,,,,,,,,,,,,,,,,,,,,,
"Albers, Matt",458006,2019,36,67,59.2,258,22.1,11.2,0.233,0.377,0.311,0.307,5.3,4.1,33.1,23.8,41.9,52.1,16.6,24.3,7.1,R,1005,10.1,93.2,2139,-12.9,-19.1,17.8,1.4,33.1,83.4,2405,5.4,-39.2,6.3,2.2,10.3,83.7,1530,-14.4,-35,15.3,1.4,,,,,,,,46.4,92.7,2036,-17.5,-25.6,18.6,1.4,,,,,,,,,,,,,,,,,,,,,,,,,,,,,,,,,,,,,,,,,,,,,,,,,
"Paddack, Chris",663978,2019,23,26,140.2,568,26.9,5.5,0.217,0.385,0.268,0.279,6.1,5,32.5,24.7,52.4,40.7,25.7,24.1,9.5,R,2280,61.1,93.9,2230,-7.6,-12.6,19.7,1.4,,,,,,,,28.5,84.5,1707,-12,-29.2,15.4,1.3,10.4,76.1,2145,6.2,-60.7,14.4,1.9,,,,,,,,,,,,,,,,,,,,,,,,,,,,,,,,,,,,,,,,,,,,,,,,,,,,,,,,
"Wilson, Bryse",669060,2019,21,6,20,93,17.2,10.8,0.285,0.513,0.426,0.368,7.5,1.5,44.8,20.2,47.2,34.3,29.9,26.9,9,R,356,66.6,94.7,2225,-9.1,-16.1,17.2,1.6,6.7,86.6,2322,2.5,-32.5,4.9,1.6,13.5,84.9,1765,-15.8,-34,16.7,1.6,7.9,79.8,2286,11,-45,11.4,1.7,5.3,93,2097,-15.9,-25.1,17.3,1.4,,,,,,,,,,,,,,,,,,,,,,,,,,,,,,,,,,,,,,,,,,,,,,,,,
"May, Trevor",543507,2019,29,65,64.1,266,29.7,9.8,0.196,0.355,0.256,0.281,6.3,3.2,34.8,29.9,46.4,34.8,28.5,24.7,12,R,1166,61.6,95.5,2347,-5.2,-13.8,16.3,1.3,14.5,83.9,2556,5.9,-43.2,7.8,1.5,10,87.6,1988,-11.3,-21.7,17.5,1.3,12.6,78.9,2527,10.2,-56.1,15.9,1.5,1.3,96.7,2345,-9.6,-15.3,16.3,1.3,,,,,,,,,,,,,,,,,,,,,,,,,,,,,,,,,,,,,,,,,,,,,,,,,
"Hirano, Yoshihisa",673633,2019,35,62,53,233,26.2,9.4,0.217,0.38,0.308,0.294,8.2,2,29.3,31.7,48.3,46.3,21.1,25.2,7.5,R,934,48,91.1,2199,-8.5,-15.7,19.6,1.3,0.3,73.5,2138,5.5,-60.7,9.9,1.4,,,,,,,,,,,,,,,,,,,,,,,,,,,,,51.7,83.8,1271,-9.3,-36.8,10,1.3,,,,,,,,,,,,,,,,,,,,,,,,,,,,,,,,,,,
"Hill, Tim",657612,2019,29,46,39.2,161,24.2,8.1,0.202,0.321,0.275,0.266,3.8,2.9,34.3,20.3,48.1,58.1,14.3,19,8.6,L,633,31.4,90.4,2241,17.4,-31.5,17.6,1.3,24.5,78,2112,-3.6,-39.1,7.2,1.7,,,,,,,,,,,,,,,44.1,89.9,2087,14.4,-39.3,15.7,1.4,,,,,,,,,,,,,,,,,,,,,,,,,,,,,,,,,,,,,,,,,,,,,,,,,
"McKay, Brendan",656713,2019,23,13,49,216,25.9,7.4,0.256,0.448,0.333,0.322,4.2,0.7,44.4,23.7,49,36.8,29.9,25,8.3,L,878,57.2,93.7,2231,9,-14.1,19.6,1.2,,,,,,,,3.6,86.4,1668,12.2,-23.1,18.4,1.3,26.2,81.7,2032,-8.3,-49.8,12.1,1.2,,,,,,,,13,89.1,2152,0.3,-23.9,11,1.2,,,,,,,,,,,,,,,,,,,,,,,,,,,,,,,,,,,,,,,,,,
"Davies, Zach",605200,2019,26,31,159.2,672,15.2,7.6,0.276,0.464,0.309,0.339,6,2.3,33.3,17.3,43.7,41.5,22.7,28.3,7.6,R,2678,,,,,,,,0.7,80.4,2426,5.3,-43.3,6.1,1.6,31.3,80,1785,-15.3,-35.3,17.6,1.1,3.5,75.5,2636,8.7,-59.3,12.9,1.4,52.6,88.4,2233,-16.1,-22.8,20.8,1.3,11.8,87,2313,-4.6,-24.1,13.6,1.3,,,,,,,,,,,,,,,,,,,,,,,,,,,,,,,,,,,,,,,,,,
"Bumgarner, Madison",518516,2019,29,34,207.2,844,24.1,5.1,0.254,0.459,0.3,0.321,5.3,2.4,41.8,24.6,50.7,37.1,29.1,26.2,7.7,L,3239,42.8,91.4,2405,9.1,-17,18.2,1,,,,,,,,5.3,84.2,1638,13,-29.6,15.9,1.4,18.3,78.8,2645,-11.8,-49.6,12.8,1.5,0.1,92.2,2400,11.9,-23,15.1,1.5,33.4,87.2,2488,-1.1,-28.1,8.5,1.4,,,,,,,,,,,,,,,,,,,,,,,,,,,,,,,,,,,,,,,,,,
"Rogers, Taylor",573124,2019,28,60,69,278,32.4,4,0.184,0.315,0.266,0.238,4.7,2.3,29.7,25.9,45.3,52.6,20.5,21.6,5.3,L,1040,0.1,94.6,2222,7.6,-18.7,15.3,,,,,,,,,,,,,,,,32.3,80.8,2600,-13.3,-42.5,13.7,1.8,49.8,94.8,2074,17.4,-23.7,19,1.1,,,,,,,,,,,,,,,,,,,,,,17.8,84,2512,-9.2,-36.4,10.3,1.4,,,,,,,,,,,,,,,,,,,,,
"Ponce de Leon, Daniel",594965,2019,27,13,48.2,203,25.6,12.8,0.207,0.356,0.287,0.292,2.4,1.6,28.5,26.8,49.4,46.3,26.8,15.4,11.4,R,861,70.7,93.3,2335,-11.6,-15,20.9,1.6,0.1,84.4,2426,3.7,-39.7,3.8,,7.3,83.1,2221,-17.9,-29.3,21.5,1.4,8.5,77.9,2728,9.3,-62.3,17.3,2.1,,,,,,,,13.4,89.1,2473,-1.8,-27,8.9,1.8,,,,,,,,,,,,,,,,,,,,,,,,,,,,,,,,,,,,,,,,,,
"Weaver, Luke",596133,2019,25,12,64.1,260,26.5,5.4,0.253,0.426,0.274,0.309,8.6,4.6,41.4,25.6,47.1,42,24.7,25.9,7.5,R,1053,52,93.8,2308,-8.6,-15.4,18.6,1.7,1.9,85.1,2146,3.3,-32.5,6.8,1.4,24.8,84.5,1572,-11.4,-32,13.5,1.3,9.1,81.3,2217,1.3,-50.9,8.7,1.8,0.1,96,2455,-9.8,-13.8,19.5,,12.1,87.9,2222,3.5,-28.1,9,1.3,,,,,,,,,,,,,,,,,,,,,,,,,,,,,,,,,,,,,,,,,,
"Staumont, Josh",622251,2019,25,16,19.1,88,17,11.4,0.284,0.524,0.363,0.376,11.3,1.6,40.3,22.7,40.5,32.3,30.6,32.3,4.8,R,326,59.5,95.9,2239,-1.3,-14.6,14.8,1.5,,,,,,,,,,,,,,,30.4,81.6,2728,10.6,-55.7,17.6,1.7,6.1,95.7,2250,-5.3,-16.9,13.5,1.4,4,94.9,2245,2.6,-17,13.4,1.7,,,,,,,,,,,,,,,,,,,,,,,,,,,,,,,,,,,,,,,,,,
"Berríos, José",621244,2019,25,32,200.1,842,23.2,6.1,0.245,0.416,0.3,0.304,4.9,4.4,32,23.3,49.1,42.9,25.2,24,7.8,R,3132,32.2,93.1,2190,-9.9,-17,17.6,1.4,,,,,,,,15.9,82.5,1705,-14.5,-36.9,15.1,2.1,0.6,73.1,2189,17,-56.8,17.7,1.6,23.1,92.1,2110,-16.1,-22.8,18.7,1.5,,,,,,,,,,,,,,,,,,,,,,,,,,,,,28.3,81.4,2337,17,-45,17.4,1.6,,,,,,,,,,,,,,
"Zimmermann, Jordan",519455,2019,33,23,112,504,16.3,5,0.297,0.522,0.363,0.363,5.9,2.6,38.4,20.3,46.8,43,21.7,28.9,6.4,R,1866,34.4,90.5,2284,-6.9,-17.9,17.3,0.9,31.6,85.8,2288,3.5,-29.8,8.7,1,2.1,87.1,1708,-12.8,-30.1,14.3,1.2,19.5,80.2,2372,5.4,-48.5,7.7,1.3,12.4,90.3,2201,-12.8,-25.4,15.2,0.9,,,,,,,,,,,,,,,,,,,,,,,,,,,,,,,,,,,,,,,,,,,,,,,,,
"Osich, Josh",592612,2019,30,57,67.2,272,22.4,5.5,0.254,0.455,0.31,0.318,5.1,4.1,36.2,27.5,48.6,41.8,25.5,29.6,3.1,L,1053,10.2,94.4,2367,4.4,-18.8,13.4,1.3,11.4,77.9,2288,-1.3,-51.9,5.2,3,4.7,84.1,1686,12.1,-25.9,18.4,1.6,,,,,,,,6.9,94.4,2359,14.2,-22.7,16.9,1.5,66.8,89.3,2269,-2.4,-28.7,7.1,1.7,,,,,,,,,,,,,,,,,,,,,,,,,,,,,,,,,,,,,,,,,,
"Scherzer, Max",453286,2019,34,27,172.1,693,35.1,4.8,0.203,0.336,0.269,0.253,5.9,4.9,35.5,33.8,52.5,41.3,24.9,26.7,7.1,R,2769,48.4,94.9,2474,-12.2,-16.7,18.9,1.5,20.7,85.6,2365,3.2,-36.1,4.4,1.4,14.5,84.3,1551,-15.7,-36.3,16.1,1.4,8.7,78.5,2719,10.8,-51.3,12.5,1.6,,,,,,,,7.7,89.8,2441,-0.5,-26.6,8.3,1.3,,,,,,,,,,,,,,,,,,,,,,,,,,,,,,,,,,,,,,,,,,
"Kikuchi, Yusei",579328,2019,28,32,161.2,721,16.1,6.9,0.278,0.477,0.368,0.345,5.3,2.4,39.1,19.9,47.7,44.8,21.9,25.1,8.2,L,2628,48.9,92.5,2096,5.7,-16.1,16.8,1.7,28,86,2220,-3.5,-34,5.6,2,7.6,84.5,1772,11.5,-29.1,14.8,2,15.4,75,2527,-6.9,-63.7,16,2,,,,,,,,,,,,,,,,,,,,,,,,,,,,,,,,,,,,,,,,,,,,,,,,,,,,,,,,
"Rodriguez, Jefry",622446,2019,25,10,46.2,203,16.3,10.3,0.26,0.449,0.325,0.337,6,0,43.6,18.6,47.3,49,18.1,26.2,6.7,R,784,28.4,93.9,2370,-8.7,-13.9,19.1,1.7,,,,,,,,8.9,87.8,1739,-14.2,-25.8,17.2,1.5,23,80.9,2412,5.2,-45.6,7,1.7,39.7,93.4,2246,-15.3,-18.9,19.5,1.6,,,,,,,,,,,,,,,,,,,,,,,,,,,,,,,,,,,,,,,,,,,,,,,,,
"Olson, Tyler",621397,2019,29,39,30.2,140,20,11.4,0.227,0.366,0.343,0.304,2.1,5.3,24.5,25.6,44.6,46.8,23.4,24.5,5.3,L,543,42.4,87,2273,-0.2,-30.6,6.9,1,,,,,,,,13.1,81.5,1819,8.5,-41.2,9.1,1.3,42,73.5,2775,-20.5,-57.7,20.9,1.2,2.6,87.7,2249,8.3,-32.5,9.6,1.4,,,,,,,,,,,,,,,,,,,,,,,,,,,,,,,,,,,,,,,,,,,,,,,,,
"Beede, Tyler",595881,2019,26,24,117,523,21.6,8.8,0.263,0.471,0.339,0.343,6.4,1.4,44.3,26.1,46.2,44.8,24.8,24.5,5.8,R,2026,56.1,94.2,2320,-10.5,-16.9,17.7,1.1,11.5,86.3,2199,1.4,-34.6,3.4,1.3,18.7,83.9,1600,-14.2,-34.7,15,1.2,13.7,80.3,2292,7.7,-58.8,16.6,1.6,0,95.6,2260,-18,-18.7,21.3,,,,,,,,,,,,,,,,,,,,,,,,,,,,,,,,,,,,,,,,,,,,,,,,,,
"Waguespack, Jacob",621097,2019,25,16,78,335,18.8,8.7,0.274,0.47,0.325,0.35,6.7,2.1,38.2,21.8,48.9,40.8,21.4,27.3,10.5,R,1333,32.2,92.3,2011,-1.7,-15.3,16.8,1.7,5.3,85.8,2121,5,-33.9,6.2,1.6,8.1,83,1519,-6.4,-26.4,15.3,1.5,14.3,78.7,2168,1.7,-49.7,6.1,2.1,16.2,90.2,1983,-10.5,-17.8,18.9,1.4,24,89.2,1984,2.9,-24.8,9.9,1.4,,,,,,,,,,,,,,,,,,,,,,,,,,,,,,,,,,,,,,,,,,
"Gonsolin, Tony",664062,2019,25,11,40,163,22.7,9.2,0.223,0.377,0.252,0.296,12.7,3.6,37.3,26.7,47,42.7,29.1,20.9,7.3,R,693,47.9,93.6,2456,-7.3,-13.9,19.4,1.3,16.9,88,2553,2.3,-29.3,7.4,1.9,,,,,,,,10.1,80.5,2657,3.4,-57.8,15.1,1.5,,,,,,,,,,,,,,,25.1,86.6,1998,-13.5,-25,18.6,1.4,,,,,,,,,,,,,,,,,,,,,,,,,,,,,,,,,,,
"Guerrero, Tayron",594027,2019,28,52,46,216,19.9,16.7,0.239,0.444,0.352,0.363,6.9,0.8,40.5,28.1,50.2,44.3,30.5,19.8,5.3,R,900,70.1,98.9,2178,-8.9,-12,18.2,1.6,20.4,87.3,1954,4.1,-35,4.7,1.7,,,,,,,,,,,,,,,9.4,99.3,2153,-13.1,-15.3,18.1,1.9,,,,,,,,,,,,,,,,,,,,,,,,,,,,,,,,,,,,,,,,,,,,,,,,,
"Hader, Josh",623352,2019,25,61,75.2,289,47.8,6.9,0.154,0.322,0.247,0.235,5.5,0.8,42,41.8,59,22,33.1,26,18.9,L,1139,,,,,,,,15.5,81.9,2626,-7.5,-39.1,8.9,1.8,0.3,86.8,1471,13.6,-29.6,15.4,1.6,,,,,,,,84.3,95.5,2118,9.6,-12.6,19.6,1.5,,,,,,,,,,,,,,,,,,,,,,,,,,,,,,,,,,,,,,,,,,,,,,,,,
"García, Jarlín",606424,2019,26,53,50.2,206,18.9,7.8,0.245,0.405,0.259,0.31,3.4,3.4,32.4,20.8,46.9,48.3,24.2,21.5,6,L,758,40,93.3,2264,16,-19.9,20,1.2,42.6,84.4,2380,-6.6,-39.1,6.9,1.4,17.4,86.9,2306,18.8,-29.7,20.2,1.2,,,,,,,,,,,,,,,,,,,,,,,,,,,,,,,,,,,,,,,,,,,,,,,,,,,,,,,,,,,,,,,
"Nelson, Jimmy",519076,2019,30,10,22,105,24.8,16.2,0.285,0.49,0.403,0.388,6.7,3.3,35,27.8,37,35,28.3,33.3,3.3,R,407,23.8,92.3,2452,-0.2,-17.6,14.3,1.7,27,85.5,2794,12.2,-38.2,12.7,1.4,0.7,87.2,1431,-7.2,-30.6,9.7,1.5,20.1,82.8,2770,10.3,-54.2,17.2,1.5,28.3,93,2318,-10.3,-21.7,14.2,1.4,,,,,,,,,,,,,,,,,,,,,,,,,,,,,,,,,,,,,,,,,,,,,,,,,
"Wilkerson, Aaron",658792,2019,30,8,16,80,13.8,11.3,0.254,0.398,0.417,0.313,5,3.3,28.3,20.7,42,38.3,28.3,20,13.3,R,333,50.5,89.8,2350,-3.2,-15.9,17.8,1.2,17.4,82.7,2194,5.9,-37.8,6.5,1.4,15,83.2,1554,-7.4,-26,14.7,1.3,17.1,74.5,2348,11.7,-64,18.6,1.3,,,,,,,,,,,,,,,,,,,,,,,,,,,,,,,,,,,,,,,,,,,,,,,,,,,,,,,,
"Martin, Brett",656685,2019,24,51,62.1,280,22.1,6.4,0.266,0.42,0.315,0.322,4.5,2.5,40.4,27.4,51.8,53,13.1,26.8,7.1,L,1022,29,94,2348,2.4,-15.8,15.4,1.3,34,85.1,2276,-3,-37.7,4.2,1.7,,,,,,,,13.8,80.9,2256,-3,-52.1,10.5,1.7,23.3,93.6,2272,11.2,-21.2,15.1,1.3,,,,,,,,,,,,,,,,,,,,,,,,,,,,,,,,,,,,,,,,,,,,,,,,,
"Jackson, Jay",543351,2019,31,28,30.1,132,35.6,13.6,0.21,0.413,0.309,0.32,1.5,1.5,34.9,38.8,47.9,38.5,26.2,26.2,9.2,R,532,41.7,94.4,2383,-11.7,-15.8,19.5,1.3,55.3,85.9,2444,4.8,-36.4,5.8,1.3,3,87.2,1885,-10.6,-24.1,16.2,1.4,,,,,,,,,,,,,,,,,,,,,,,,,,,,,,,,,,,,,,,,,,,,,,,,,,,,,,,,,,,,,,,
"Tanaka, Masahiro",547888,2019,30,32,182,759,19.6,5.3,0.261,0.434,0.314,0.316,7.4,2.6,37.9,23.2,50.4,48.2,21.3,22.9,7.6,R,2787,27.5,91.5,2143,-10.1,-17.3,19,1.4,36.4,83.3,2391,6.7,-39.8,7.5,1.6,,,,,,,,3.2,76.1,2391,9.2,-58.2,13.1,1.7,4.6,90.4,1916,-14.8,-25.5,17.3,1.3,1.6,87.5,2077,-1.6,-28.4,8.6,1.6,26.7,86.8,1589,-12.7,-31.9,14,1.4,,,,,,,,,,,,,,,,,,,,,,,,,,,,,,,,,,,
"Poche, Colin",621363,2019,25,51,51.2,207,34.8,9.2,0.169,0.331,0.278,0.26,7.2,1.8,37.8,34.9,53.7,18.9,40.5,21.6,18.9,L,869,88.5,92.9,2291,3.8,-10.5,20.9,1.3,10,83.9,2493,-8.4,-35,9.4,1.5,,,,,,,,,,,,,,,,,,,,,,,,,,,,,1.5,83.2,1261,8.1,-28,14.1,1.5,,,,,,,,,,,,,,,,,,,,,,,,,,,,,,,,,,,
"Floro, Dylan",571670,2019,28,50,46.2,201,20.9,7,0.255,0.388,0.285,0.297,2.8,4.2,34.3,25.6,51.6,52.4,18.9,22.4,6.3,R,729,20.6,94,2292,-10,-16,18.2,1.2,28.5,87.9,2156,1.5,-29.6,6.5,1.6,3.8,87.2,2124,-16.6,-29.5,18.1,1.3,,,,,,,,47.1,93.7,2233,-16.1,-21.3,19,1.2,,,,,,,,,,,,,,,,,,,,,,,,,,,,,,,,,,,,,,,,,,,,,,,,,
"Cole, Taylor",518566,2019,29,38,51.2,231,21.6,10.4,0.277,0.376,0.325,0.318,7.7,5.8,37.4,26.6,46.7,47.7,18.1,31.6,2.6,R,911,37.2,93.2,2282,-12.6,-15.6,20.1,1.4,21.7,87.4,2395,1.9,-28.8,7.3,1.9,31.8,86.9,1956,-14.5,-29.5,16,1.7,4.8,82.2,2535,6.5,-42.7,7.4,1.9,,,,,,,,4.4,92.5,2271,-6.8,-14.2,18.8,1.4,,,,,,,,,,,,,,,,,,,,,,,,,,,,,,,,,,,,,,,,,,
"Burnes, Corbin",669203,2019,24,32,49,235,29.8,8.5,0.275,0.51,0.417,0.358,2.8,1.4,40.3,36.5,49.7,46.2,20.7,26.9,6.2,R,887,52.5,95.2,2656,-2,-16.6,13.8,1.5,31,87.9,2850,6.3,-35,6.8,1.7,4.1,90.8,1854,-11.6,-27.3,13.3,1.6,7.8,80.9,2853,11.4,-49,13.6,1.5,3.7,95.7,2688,-12.7,-17.5,17.8,1.3,0.9,92.6,2928,6.2,-23.6,10.5,1.4,,,,,,,,,,,,,,,,,,,,,,,,,,,,,,,,,,,,,,,,,,
"Davis, Wade",451584,2019,33,50,42.2,206,20.4,14.1,0.271,0.457,0.374,0.364,7.5,1.5,34.6,24.9,44,39.8,24.8,28.6,6.8,R,839,44.6,93.2,2415,-2.2,-16.3,15.5,1.4,,,,,,,,1.4,90.6,2357,-8.7,-22.9,14.1,1.4,18.8,82.8,2582,6.3,-51.2,12.2,1.7,0.4,92.9,2382,-12.5,-21.9,16.2,1.5,34.8,88.9,2722,4.8,-29.8,7.4,1.6,,,,,,,,,,,,,,,,,,,,,,,,,,,,,,,,,,,,,,,,,,
"Urquidy, José",664353,2019,24,9,41,167,24,4.2,0.234,0.436,0.285,0.296,2.5,3.3,29.2,28.3,45.9,38.3,26.7,23.3,11.7,R,693,47.3,93.2,2305,-9.5,-14.3,20.6,1.6,3.5,85.1,2537,-2,-31.2,8.3,1.6,25.3,84.3,2157,-16.5,-30.2,19.1,1.4,10,79,2594,7.5,-57.5,14.4,1.7,,,,,,,,,,,,,,,,,,,,,,,,,,,,,14,82.3,2587,7.3,-35.9,10.5,1.9,,,,,,,,,,,,,,,,,,,,,
"Ryu, Hyun Jin",547943,2019,32,29,182.2,723,22.5,3.3,0.249,0.37,0.263,0.281,5.5,4.3,30.8,24.7,49.7,52.4,16,27.1,4.5,L,2705,27.3,90.7,2084,10.2,-19.5,16.9,1.4,0.3,80.7,2337,-4,-44.6,5.7,1.7,27.5,80,1487,12.6,-36.8,13.9,1.8,12.2,72.7,2573,-13.4,-66.1,18.8,2.3,13.3,90.1,2021,15.6,-24.7,17.9,1.6,19.4,87,2065,-1.2,-28.9,7.6,1.8,,,,,,,,,,,,,,,,,,,,,,,,,,,,,,,,,,,,,,,,,,
"Hand, Brad",543272,2019,29,60,57.1,242,34.7,7.4,0.226,0.379,0.292,0.284,8.8,3.7,38.2,30.7,47.5,27.9,26.5,36,9.6,L,946,42.5,92.7,2420,11.4,-17.4,19.8,1.5,,,,,,,,,,,,,,,,,,,,,,3.4,91.9,2299,16.7,-24.3,19.3,1.5,,,,,,,,,,,,,,,,,,,,,,54.1,81.2,2474,-15.8,-45.6,16.1,1.4,,,,,,,,,,,,,,,,,,,,,
"Mejía, Adalberto",606167,2019,26,35,31.1,145,20.7,14.5,0.288,0.533,0.351,0.388,5.3,4.3,46.8,23.3,45.8,28.7,31.9,29.8,9.6,L,629,44,93,2576,8.5,-17.1,17.7,1.5,30,84.5,2507,-3.6,-36.9,5.4,2.3,16.1,81.1,1964,15.2,-34.8,17,1.8,,,,,,,,9.9,92,2478,15.5,-24.5,17.9,1.6,,,,,,,,,,,,,,,,,,,,,,,,,,,,,,,,,,,,,,,,,,,,,,,,,
"Melville, Tim",543532,2019,29,7,33.1,143,16.8,9.8,0.279,0.518,0.364,0.367,4.8,1,35,24.7,48,45.2,23.1,22.1,9.6,R,563,33.4,89.2,2006,-8.6,-19.4,17.3,1.4,54.7,83.1,2286,1.6,-37.3,3.5,1.9,6,82.5,2230,-13.2,-25.8,19.6,1.7,5.9,75.4,2358,3.3,-56.4,8.2,2.4,,,,,,,,,,,,,,,,,,,,,,,,,,,,,,,,,,,,,,,,,,,,,,,,,,,,,,,,
"Garrett, Amir",607237,2019,27,69,56,246,31.7,14.2,0.2,0.3,0.307,0.288,6.2,3.9,32.3,38.4,44.2,55,19.4,21.7,3.9,L,949,10.7,95.8,2117,11.7,-16.3,18,1.2,58,85.8,1832,-0.7,-33.4,4.3,1.3,,,,,,,,,,,,,,,31.3,95.1,2065,14.9,-20.9,17.7,1.4,,,,,,,,,,,,,,,,,,,,,,,,,,,,,,,,,,,,,,,,,,,,,,,,,
"Pineda, Michael",501381,2019,30,26,146,600,23.3,4.7,0.252,0.443,0.301,0.313,8.2,2.3,37.4,25.5,52.6,36.5,30.4,27.2,5.9,R,2181,54.2,92.5,1999,-6.1,-18.5,15,1.6,29.4,83.9,2012,-1.4,-37.4,3.2,1.8,15.3,87.1,1864,-15.4,-27.6,17.7,1.5,,,,,,,,1.1,91.9,1953,-10.5,-21.7,15.2,1.5,,,,,,,,,,,,,,,,,,,,,,,,,,,,,,,,,,,,,,,,,,,,,,,,,
"Stammen, Craig",489334,2019,35,76,82,339,21.5,4.4,0.24,0.388,0.298,0.284,6.4,2.4,33.7,21.7,45.4,51,23.7,22.5,2.8,R,1250,0.3,91.8,2129,-9.1,-16.6,17.9,1.4,,,,,,,,0.7,89.1,2009,-12.8,-20.3,19.2,1.4,12.2,81.3,2363,7.6,-54.2,14.6,1.4,71,92.8,2170,-14.5,-21.1,18,1.2,15.8,87.5,2341,2,-31,5.6,1.4,,,,,,,,,,,,,,,,,,,,,,,,,,,,,,,,,,,,,,,,,,
"Stanek, Ryne",592773,2019,27,63,77,327,27.2,11.9,0.223,0.411,0.293,0.314,7.5,5,38.2,34.6,48.1,32.2,31.7,28.1,8,R,1298,55.7,97.5,2364,-9.1,-11.9,20,1,23.6,89.6,2251,0.2,-31,4.6,1.4,,,,,,,,,,,,,,,,,,,,,,,,,,,,,20.7,88.3,1103,-10.3,-31.3,11.9,1.3,,,,,,,,,,,,,,,,,,,,,,,,,,,,,,,,,,,
"Musgrove, Joe",605397,2019,26,32,170.1,718,21.9,5.4,0.25,0.424,0.309,0.307,6.6,2.7,38.7,24.5,51.9,44.9,24.6,24.2,6.3,R,2654,37.6,92.7,2419,-5.2,-19.7,14,1.5,22.1,83.2,2495,11.6,-40.4,11.8,1.2,10.6,85.3,2001,-7.1,-33,9.2,1.5,9.5,82.1,2575,6.9,-52.4,12.7,1.3,11.9,91.5,2278,-10.6,-26.7,12.6,1.6,8.4,88.7,2514,3.1,-28,8.1,1.4,,,,,,,,,,,,,,,,,,,,,,,,,,,,,,,,,,,,,,,,,,
"Littell, Zack",641793,2019,23,29,37,146,21.9,6.2,0.291,0.49,0.297,0.349,2.9,3.8,47.6,27.3,52.5,39,21,29.5,10.5,R,549,49,93.8,2077,-7.8,-15.7,17.3,1.7,47.5,86.4,2143,0.9,-31.5,5.7,1.9,2.2,87.9,1898,-7.8,-27,12,1.7,1.1,74.1,1959,9.7,-64,16.7,1.4,0.2,91.6,1905,-14.1,-21.1,18.2,,,,,,,,,,,,,,,,,,,,,,,,,,,,,,,,,,,,,,,,,,,,,,,,,,
"Ray, Robbie",592662,2019,27,33,174.1,747,31.5,11.2,0.228,0.428,0.322,0.322,5.9,4,38.6,32.6,45.4,40.8,24.4,27.7,7.1,L,3058,42.7,92.4,2257,7.1,-14,19.7,1.5,30.8,84.2,2145,-1.9,-34.7,5.1,1.8,,,,,,,,16.5,81.6,2045,-1.2,-46.5,5,2.4,10,92.2,2182,13.8,-18.4,19.8,1.5,,,,,,,,,,,,,,,,,,,,,,,,,,,,,,,,,,,,,,,,,,,,,,,,,
"Quantrill, Cal",615698,2019,24,23,103,443,20.1,6.3,0.263,0.436,0.311,0.321,4,4,32.5,22.2,48.8,45.2,25.7,23.5,5.6,R,1780,20.1,94.5,2135,-8.1,-14.7,18,1.1,21.5,86.4,2346,3,-35.2,4.2,1.4,17.6,84.6,1429,-8.7,-27.4,14.1,1.3,3.9,79.5,2326,3.2,-48.6,5.8,2,36.9,94.3,2060,-13.9,-17.7,19.2,1.1,,,,,,,,,,,,,,,,,,,,,,,,,,,,,,,,,,,,,,,,,,,,,,,,,
"Cishek, Steve",518553,2019,33,70,64,267,21.3,10.9,0.229,0.367,0.284,0.315,4.6,6.3,25.9,22.5,43.6,50,21.3,18.4,10.3,R,1109,17,90.5,2409,-11.9,-24,14.5,1.3,40,78.9,2282,10.4,-44.1,10.8,1.4,0.8,83.9,1975,-15.9,-36.6,16.1,1.5,,,,,,,,42.1,90.5,2372,-16.6,-29.1,16.9,1.3,,,,,,,,,,,,,,,,,,,,,,,,,,,,,,,,,,,,,,,,,,,,,,,,,
"Warren, Adam",476589,2019,31,25,28.2,124,20.2,9.7,0.265,0.514,0.366,0.362,11.6,3.5,34.9,26.3,39.1,44.2,30.2,24.4,1.2,R,555,30.6,91.4,2151,-4.5,-17.1,16.6,1.1,47.2,85.5,2226,5.7,-33.9,7.3,1.2,17.8,84.9,1771,-15.3,-32.5,16.5,1.3,4.1,78.8,2104,8.3,-57.3,14.8,1.4,0.2,91.7,2027,-14.2,-21.2,18.1,,,,,,,,,,,,,,,,,,,,,,,,,,,,,,,,,,,,,,,,,,,,,,,,,,
"Anderson, Justin",605121,2019,26,54,47,217,27.6,14.7,0.206,0.346,0.333,0.305,5.6,4,34.4,28.4,45.8,36.3,22.6,26.6,14.5,R,896,40.8,94.6,2284,-7.2,-13.6,18.3,1,52.1,84.5,2260,8.4,-35,10,1.5,0.9,88,1830,-11.1,-21.1,18.4,1.6,,,,,,,,6.1,94.7,2279,-13.1,-16.6,19,1,,,,,,,,,,,,,,,,,,,,,,,,,,,,,,,,,,,,,,,,,,,,,,,,,
"Rogers, Josh",642028,2019,24,5,14.1,69,7.2,8.7,0.305,0.71,0.452,0.454,11.1,0,50,13.4,45.2,24.1,44.4,24.1,7.4,L,263,52.5,89.4,2170,11.1,-18.9,19.7,1.6,22.4,80.3,2239,-5,-44.5,5.6,1.8,23.2,82.2,1507,12.7,-31.8,15.8,1.8,1.1,77.8,2444,-9.4,-56.7,13.9,1.5,0.8,87.8,2155,16.9,-27.4,19.1,1.5,,,,,,,,,,,,,,,,,,,,,,,,,,,,,,,,,,,,,,,,,,,,,,,,,
"Armstrong, Shawn",542888,2019,28,55,58,271,23.2,10.7,0.255,0.451,0.347,0.344,6.3,2.9,34.9,26.7,49,30.3,25.1,32,12.6,R,1132,59.7,93.4,2521,-5.6,-14.3,17.9,1.2,12.5,83,2863,13.1,-42.6,13.6,1.6,,,,,,,,,,,,,,,,,,,,,,27.8,89.9,2597,5.2,-24.7,11.1,1.8,,,,,,,,,,,,,,,,,,,,,,,,,,,,,,,,,,,,,,,,,,
"Buttrey, Ty",621142,2019,26,72,72.1,309,27.2,7.4,0.244,0.396,0.298,0.31,6.1,1,41.2,27,46.6,44.7,20.8,26.4,8.1,R,1210,57,97.1,2233,-12.6,-15,19.4,1.4,29.5,83.8,1867,2.5,-43,4.3,1.4,13.4,87.6,1835,-17.3,-32.2,18.1,1.4,,,,,,,,0.1,95.3,2047,-22.5,-24,23.7,,,,,,,,,,,,,,,,,,,,,,,,,,,,,,,,,,,,,,,,,,,,,,,,,,
"Shepherd, Chandler",605469,2019,26,5,19,84,20.2,7.1,0.291,0.519,0.388,0.372,6.8,1.7,49.2,19,48.1,35.6,35.6,25.4,3.4,R,318,47.2,92.1,2179,-9.4,-17.2,18,1,27.7,86,2148,4,-31,7.6,1.4,10.7,85.9,1412,-13.2,-31.6,14.5,1.2,14.5,81.8,2215,9.7,-49.8,13,1.4,,,,,,,,,,,,,,,,,,,,,,,,,,,,,,,,,,,,,,,,,,,,,,,,,,,,,,,,
"Domínguez, Seranthony",622554,2019,24,27,24.2,110,26.4,10.9,0.207,0.308,0.316,0.276,5.9,2.9,30.9,30.6,47.2,55.9,16.2,22.1,5.9,R,464,59.7,97.3,2380,-2.3,-16.1,13.5,1,34.1,89.6,2438,4.5,-32.5,5.5,1.3,4.7,91.1,1669,-15.1,-26.4,16.6,1.4,,,,,,,,1.5,98.3,2393,-15.1,-21.2,17,1.4,,,,,,,,,,,,,,,,,,,,,,,,,,,,,,,,,,,,,,,,,,,,,,,,,
"Brebbia, John",605154,2019,29,66,72.2,304,28.6,8.9,0.205,0.346,0.271,0.274,6.4,4.3,38,28.8,50.8,27.8,33.2,25.7,13.4,R,1213,56.6,93.5,2389,-8.6,-12.9,20.1,1.3,42.8,83.7,2605,7.9,-35.2,9.1,1.7,0.6,87.2,2174,-15.9,-25.8,18.4,1.4,,,,,,,,,,,,,,,,,,,,,,,,,,,,,,,,,,,,,,,,,,,,,,,,,,,,,,,,,,,,,,,
"Turnbull, Spencer",605513,2019,26,30,148.1,656,22.3,9,0.252,0.419,0.329,0.328,7.4,3.2,40.7,24.7,46.9,48.7,20.9,25.1,5.3,R,2658,44.8,93.6,2396,-2.2,-20,11.9,1.4,20.7,86.5,2438,5.2,-36.1,6,1.9,2.9,86.6,1810,-16.8,-33.3,17.5,1.8,12.1,80.3,2571,11.2,-56.1,16.7,2.1,19.5,94.1,2188,-15,-23.7,16.8,1.5,,,,,,,,,,,,,,,,,,,,,,,,,,,,,,,,,,,,,,,,,,,,,,,,,
"Plutko, Adam",592644,2019,27,21,109.1,462,16.9,5.6,0.266,0.464,0.333,0.328,4.5,2,32.8,18.8,49.4,31.9,28.2,28.2,11.6,R,1794,53.9,91.1,2265,-4.2,-14.8,19.1,1.1,0.4,80,2738,10,-42.8,10.4,1.4,11.2,84.1,1630,-8.4,-26.6,15.1,1.4,10.5,77.3,2886,10.2,-54.6,12.6,1.6,,,,,,,,24,85.9,2456,4.2,-29.7,9.5,1.5,,,,,,,,,,,,,,,,,,,,,,,,,,,,,,,,,,,,,,,,,,
"Buchholz, Clay",453329,2019,34,12,59,254,15.4,6.3,0.294,0.554,0.378,0.376,4.6,6.1,36.5,20.4,47.4,45.7,24.4,22.8,7.1,R,963,14.4,89.7,2148,-8.9,-18,18.5,1.6,,,,,,,,19.7,76.6,1538,-10.2,-39.2,12.8,1.7,17.4,75.1,2707,13.7,-61.1,17.8,1.8,20.1,89.2,2120,-14.2,-22.7,18.5,1.5,28.2,84.4,2273,2.6,-30.8,8.9,1.5,,,,,,,,,,,,,,,,,,,,,,,,,,,,,,,,,,,,,,,,,,
"Martinez, Carlos",593372,2019,27,48,48.1,200,26.5,9,0.211,0.335,0.263,0.278,4,4.8,31.2,28.4,49.8,58.7,18.3,18.3,4.8,R,778,29.8,96.6,2125,-9.3,-17.4,16,1.6,28.4,86,2144,8.7,-36,10,1.5,18.6,88.1,1891,-15.6,-38.3,15.9,1.4,,,,,,,,20.8,94.3,2004,-17.2,-28.1,17.7,1.3,2.3,93.9,2293,-2.7,-22,10.5,1.6,,,,,,,,,,,,,,,,,,,,,,,,,,,,,,,,,,,,,,,,,,
"Senzatela, Antonio",622608,2019,24,25,124.2,582,13.1,9.8,0.296,0.478,0.373,0.362,5.2,3.6,44,17.7,45.1,55.1,16.2,25.2,3.6,R,2237,61.9,93.7,2102,-5,-20,12.3,1.6,19.5,84.4,2136,5.6,-38.8,6.1,1.7,8,87,2059,-6.8,-25.9,12.7,2.1,10.6,78.8,2214,5.7,-49.7,7.9,1.7,,,,,,,,,,,,,,,,,,,,,,,,,,,,,,,,,,,,,,,,,,,,,,,,,,,,,,,,
"Smith, Joe",501925,2019,35,28,25,96,22.9,5.2,0.21,0.334,0.245,0.253,7.2,1.4,49.3,21.3,46.5,49.3,24.6,18.8,7.2,R,344,26.5,88.9,2150,-18.7,-32.7,18.9,1,41,79.6,2322,12.3,-33.9,16,1.1,1.5,77.9,1730,-14.8,-53.4,16.7,1.4,,,,,,,,31.1,87.1,1938,-15.7,-44.5,17.9,1,,,,,,,,,,,,,,,,,,,,,,,,,,,,,,,,,,,,,,,,,,,,,,,,,
"Cole, Gerrit",543037,2019,28,33,212.1,817,39.9,5.9,0.181,0.315,0.246,0.237,8.9,3,35.5,37.2,49.9,40.7,26.8,24.3,8.2,R,3360,51.6,97.1,2530,-11.4,-10.9,21.7,1.6,23.2,89.2,2622,4.9,-31.8,6.4,1.5,7.4,88.6,1870,-15.3,-22.9,19.5,1.5,15.4,82.6,2901,11.7,-55.6,18.4,1.9,2.4,97.1,2508,-15.1,-13.8,21.7,1.4,,,,,,,,,,,,,,,,,,,,,,,,,,,,,,,,,,,,,,,,,,,,,,,,,
"Bard, Luke",572703,2019,28,32,49,199,20.1,6.5,0.25,0.427,0.294,0.319,4.3,2.8,32.6,28.3,45.7,36.9,28.4,24.1,10.6,R,794,34.6,94.2,2746,-10.4,-14.6,19.6,1.2,50.4,86,2891,5.4,-36.3,6.3,1.8,5.4,87.2,1823,-16.5,-29.9,17.8,1.6,,,,,,,,9.6,94.2,2755,-13.6,-16.4,20.1,1.6,,,,,,,,,,,,,,,,,,,,,,,,,,,,,,,,,,,,,,,,,,,,,,,,,
"Blevins, Jerry",460283,2019,35,45,32.1,141,26.2,11.3,0.255,0.467,0.29,0.347,9.3,7,37.2,26.7,43.5,29.1,29.1,33.7,8.1,L,558,42.7,88.8,2223,8.3,-19.7,17.1,1,,,,,,,,8.2,82.9,1733,11.6,-30.9,14.5,1.1,49.1,72.3,2439,-14.7,-60,16.3,1.1,,,,,,,,,,,,,,,,,,,,,,,,,,,,,,,,,,,,,,,,,,,,,,,,,,,,,,,,
"Lamet, Dinelson",659275,2019,26,14,73,313,33.5,9.6,0.219,0.386,0.308,0.3,5.2,4,34.1,31.4,46.7,38.2,25.4,27.7,8.7,R,1232,35.9,95.9,2407,-5.6,-14.9,16.6,1.3,12.2,86.2,2653,4.7,-34.3,6.3,1.3,1.5,92.2,1802,-14.4,-21.3,18.7,1.3,31.7,85.5,2710,10.1,-39.6,10.4,1.5,18.8,96.3,2380,-13.3,-16,19.5,1.2,,,,,,,,,,,,,,,,,,,,,,,,,,,,,,,,,,,,,,,,,,,,,,,,,
"Iglesias, Raisel",628452,2019,29,68,67,279,31.9,7.5,0.221,0.377,0.307,0.284,7.2,3,32.9,33.8,49.2,31.1,26.3,29.3,13.2,R,1115,37.3,95.4,2364,-8.1,-15,17.7,1.7,30.7,84.1,2531,10.6,-38.1,11.2,1.8,21.4,89,1872,-16.3,-31.4,16.9,1.3,,,,,,,,10.6,95.4,2428,-15,-19.4,19,1.7,,,,,,,,,,,,,,,,,,,,,,,,,,,,,,,,,,,,,,,,,,,,,,,,,
"Velasquez, Vince",592826,2019,27,33,117.1,516,25.2,8.3,0.248,0.466,0.347,0.335,7.2,1.8,40.1,25.7,49.5,36.5,30.2,24.9,8.1,R,2119,62.5,94.2,2398,-4.1,-13.7,17.5,1.5,20,86.4,2467,5.8,-35,6.6,1.7,,,,,,,,12.2,83.1,2475,4.7,-50.3,11.3,1.7,5.3,92,2025,-12.7,-23.9,15.2,1.8,,,,,,,,,,,,,,,,,,,,,,,,,,,,,,,,,,,,,,,,,,,,,,,,,
"Smith, Burch",572143,2019,29,17,21.1,106,18.9,13.2,0.249,0.443,0.361,0.339,9.9,1.4,38,24.2,50.6,33.8,35.2,23.9,7,R,425,63.3,92.6,2279,-5.7,-15.8,16.7,1.6,0.2,85.7,2247,3.7,-37.4,3.8,,16.2,82.2,1866,-11,-26.1,17.6,1.3,20,78.2,2388,11.3,-58.7,17.4,1.9,0.2,92,2153,-11.1,-21.3,14.9,,,,,,,,,,,,,,,,,,,,,,,,,,,,,,,,,,,,,,,,,,,,,,,,,,
"Hammer, JD",670456,2019,24,20,19,82,15.9,15.9,0.284,0.479,0.315,0.377,7.1,1.8,33.9,21.1,43.5,41.1,23.2,28.6,7.1,R,338,54.7,94.4,2234,-10.3,-14.8,19.5,1.2,45.3,84.5,2469,3.9,-39.1,4.8,1.4,,,,,,,,,,,,,,,,,,,,,,,,,,,,,,,,,,,,,,,,,,,,,,,,,,,,,,,,,,,,,,,,,,,,,,
"Moronta, Reyes",606625,2019,26,56,56.2,245,28.6,13.1,0.199,0.359,0.274,0.299,7.1,3.6,35.7,29,43.3,37.9,26.4,20.7,15,R,1037,58.4,97.2,2385,-5.6,-13.2,16.9,1,34.6,83.4,2577,12.4,-38.9,12.8,1.7,6.9,89.8,2081,-17.7,-27.5,19,1.4,,,,,,,,,,,,,,,,,,,,,,,,,,,,,,,,,,,,,,,,,,,,,,,,,,,,,,,,,,,,,,,
"Swarzak, Anthony",461872,2019,33,59,53.1,234,22.2,11.5,0.251,0.457,0.332,0.335,7.1,3.9,45.8,28.1,44.2,47.7,18.7,25.2,8.4,R,941,35.9,93.4,2284,-8.2,-14.6,18.9,1.2,59.4,86.1,2449,4.5,-34.3,5.8,1.3,,,,,,,,,,,,,,,4.7,92.5,2117,-14.5,-19,19.8,1.3,,,,,,,,,,,,,,,,,,,,,,,,,,,,,,,,,,,,,,,,,,,,,,,,,
"Clarke, Taylor",664199,2019,26,23,84.2,369,18.4,8.1,0.257,0.512,0.361,0.353,6,3.8,39.8,23,48.4,40,28.7,21.5,9.8,R,1511,45.9,93.7,2316,-6.5,-14.3,18.4,1.3,25.4,85.3,2227,4.7,-36.6,5.6,1.5,11.8,86.8,1520,-11.9,-25.8,16.7,1.3,9.7,79.3,2484,4.1,-57.1,12.7,1.7,7.3,93.1,2166,-12.9,-19.3,18,1.2,,,,,,,,,,,,,,,,,,,,,,,,,,,,,,,,,,,,,,,,,,,,,,,,,
"Pivetta, Nick",601713,2019,26,30,93.2,421,21.1,9.3,0.266,0.468,0.359,0.347,4.5,1.7,34.9,24.4,46.1,44.6,23.2,27,5.2,R,1618,49.3,94.6,2340,-9.9,-12.8,20.4,1.7,12.4,85.7,2306,4.7,-36.4,5.6,2.2,0.9,87.5,1928,-13.8,-24.9,17.7,1.4,35.2,80.5,2861,11.7,-59.1,19.8,1.9,2.2,92.8,2146,-14.7,-19.1,19.5,1.9,,,,,,,,,,,,,,,,,,,,,,,,,,,,,,,,,,,,,,,,,,,,,,,,,
"Tomlin, Josh",458708,2019,34,51,79.1,320,15.9,2.2,0.27,0.466,0.308,0.314,7.3,2.3,33.6,19.8,51.2,35.1,30.2,26.3,8.4,R,1136,25.2,89.4,2188,-10.7,-19.7,19.1,1.2,,,,,,,,8.5,84.7,1742,-14.7,-32.6,16.4,1.6,17.3,76.5,2805,7.1,-57.1,11.1,1.3,5.7,88.5,2137,-13.6,-22.9,19,1.3,43.2,86.9,2608,2.5,-27.1,10.7,1.2,,,,,,,,,,,,,,,,,,,,,,,,,,,,,,,,,,,,,,,,,,
"Kershaw, Clayton",477132,2019,31,29,178.1,706,26.8,5.8,0.23,0.393,0.28,0.289,4.2,3.6,34.1,27.4,51.3,49.2,20.3,21.8,8.7,L,2575,43.9,90.3,2477,-1.2,-14.6,19.3,1,39.1,86.9,2668,-4.8,-28.8,9.8,1.3,0.6,85.2,2210,10.6,-19.9,21.5,1.5,16.4,73.5,2463,-3.4,-68,16.6,1.1,,,,,,,,,,,,,,,,,,,,,,,,,,,,,,,,,,,,,,,,,,,,,,,,,,,,,,,,
"Harper, Ryne",607560,2019,30,61,54.1,225,22.2,4.4,0.262,0.45,0.297,0.318,8.6,3.7,37.4,24.2,48.6,39.3,27,25.8,8,R,853,38.7,89.3,1821,0.2,-24.8,9.4,1.3,,,,,,,,0.9,76.1,1076,-0.4,-43.1,4.2,1.5,60.3,74.1,2333,12.9,-59,15.4,3.2,,,,,,,,0.1,87.7,1757,4,-32,5.4,,,,,,,,,,,,,,,,,,,,,,,,,,,,,,,,,,,,,,,,,,,
"Duffey, Tyler",608648,2019,28,58,57.2,238,34.5,5.9,0.2,0.352,0.254,0.261,4.3,2.2,36.7,33,50.7,38.1,27.3,27.3,6.5,R,978,51.4,93.9,2305,-5.9,-15.6,16.7,1.3,,,,,,,,0.5,86,1798,-16.6,-29.9,18.2,1.5,45.5,82.3,2521,5.8,-52.7,13.2,4,2.6,93.9,2430,-15,-21.5,17.9,1.3,,,,,,,,,,,,,,,,,,,,,,,,,,,,,,,,,,,,,,,,,,,,,,,,,
"Ynoa, Gabriel",593679,2019,26,36,110.2,480,14,5.4,0.287,0.537,0.354,0.363,6,2.3,40.9,20.1,50,47.1,27.3,20.8,4.7,R,1815,31.1,93.4,2049,-13.1,-20.1,17.9,1.3,28,84,2280,2.5,-38.6,3.9,1.9,13.7,85.9,2007,-17.3,-29.6,19.4,1.4,2.3,79.9,2306,5.6,-47.2,6.9,1.3,25,93.6,2029,-17.5,-24.4,19.2,1.2,,,,,,,,,,,,,,,,,,,,,,,,,,,,,,,,,,,,,,,,,,,,,,,,,
"Greinke, Zack",425844,2019,35,33,208.2,810,23.1,3.7,0.238,0.389,0.263,0.281,6.1,2.7,33.3,24.1,46.7,46.3,20.7,26.1,6.8,R,3085,41.2,89.9,2326,-2,-17.8,16.8,1.4,16.2,83.7,2517,7.1,-39.7,8.1,2.2,22.1,87.4,1780,-12.5,-32.4,13.2,1.2,14.8,70.6,2446,12.4,-68.9,16.9,2.7,5.3,90.4,2253,-13.3,-22,18.1,1.3,0.1,89.4,2409,5.4,-24,11.7,1.4,0.2,80.1,1703,-9.3,-38.3,12.2,1.6,,,,,,,,,,,,,,,,,,,,,,,,,,,,,,,,,,,
"Shafer, Justin",596101,2019,26,34,39.2,182,21.4,13.7,0.233,0.403,0.355,0.319,8.5,3.4,33.3,26.1,48.1,32.5,24.8,28.2,14.5,R,732,46.7,94.3,2460,-6.4,-13.6,18.4,1.1,27,85.6,2474,5.5,-36.9,7.8,1.6,,,,,,,,,,,,,,,7.1,92.3,2220,-15.5,-22,18.8,2.1,19.1,90.1,2530,1.9,-24.9,9.3,1.4,,,,,,,,,,,,,,,,,,,,,,,,,,,,,,,,,,,,,,,,,,
"Goody, Nick",580792,2019,27,39,40.2,172,29.1,12.2,0.175,0.29,0.291,0.252,7.9,5,29.7,31.8,51.5,25.7,30.7,23.8,19.8,R,709,51.2,92.6,2229,-6,-15.3,17.6,1,48.8,82.3,2390,9.9,-40.7,10.4,1,,,,,,,,,,,,,,,,,,,,,,,,,,,,,,,,,,,,,,,,,,,,,,,,,,,,,,,,,,,,,,,,,,,,,,
"Alexander, Scott",518397,2019,29,28,17.1,76,11.8,9.2,0.303,0.456,0.308,0.353,6.8,1.7,37.3,21.1,47.8,61,11.9,27.1,0,L,278,,,,,,,,7.9,84.2,2311,-3,-42.3,5.3,1.4,3.2,87,1650,14.3,-33,15,1.4,,,,,,,,88.8,92.8,2271,14.3,-26.5,15.4,1,,,,,,,,,,,,,,,,,,,,,,,,,,,,,,,,,,,,,,,,,,,,,,,,,
"López, Jorge",605347,2019,26,39,123.2,548,19.9,7.7,0.271,0.511,0.36,0.361,3.9,2.3,40.6,21.4,44.8,47.3,25.1,24,3.6,R,2059,31.9,94.3,1945,-9.6,-16.7,17.2,1.4,6,88.4,2199,1.4,-29.2,6.5,1.8,7.5,87.5,1574,-14.2,-30.1,15.8,1.8,32.2,81.7,2450,7.1,-53,13.4,1.7,22.5,93.8,1878,-16.2,-22.2,18.6,1.5,,,,,,,,,,,,,,,,,,,,,,,,,,,,,,,,,,,,,,,,,,,,,,,,,
"Duplantier, Jon",641541,2019,24,15,36.2,163,20.9,11,0.259,0.44,0.339,0.347,5.7,4.7,37.7,20.4,44.2,44.3,22.6,28.3,4.7,R,676,28.3,92.2,2198,-6.8,-15.4,17.4,1.4,19.7,83.4,2213,6.2,-38.2,6.7,1.9,9,84,1628,-15.3,-32.3,16.3,1.3,12.4,78.4,2385,9.6,-56.9,15.7,2.1,30.6,92,2129,-15.2,-20.8,18.7,1.4,,,,,,,,,,,,,,,,,,,,,,,,,,,,,,,,,,,,,,,,,,,,,,,,,
"López, Reynaldo",625643,2019,25,33,184,809,20.9,8,0.259,0.47,0.349,0.338,7.8,3,38.3,24.7,48.7,34.9,25.7,28.2,11.1,R,3160,58.5,95.4,2137,-10,-15.2,18.3,1.9,18.3,84.4,2120,3.5,-35.3,5.3,2.2,14.8,84,1609,-11.8,-28.1,16.2,1.9,8.4,78.3,2084,3.4,-49,5.5,2.2,,,,,,,,,,,,,,,,,,,,,,,,,,,,,,,,,,,,,,,,,,,,,,,,,,,,,,,,
"Estévez, Carlos",608032,2019,26,71,72,308,26.3,7.5,0.238,0.42,0.316,0.305,3,2,38.4,30.6,49.8,38.9,29.1,25.1,6.9,R,1240,67.5,97.8,2248,-6,-13.8,16.1,1.3,27.2,87.7,2394,5.8,-35.9,6.3,1.8,3.5,90.5,1717,-11.5,-26.5,13.6,1.4,,,,,,,,1.8,97.4,2215,-10.7,-17.1,16,1.6,,,,,,,,,,,,,,,,,,,,,,,,,,,,,,,,,,,,,,,,,,,,,,,,,
"Anderson, Chase",502624,2019,31,32,139,592,20.9,8.4,0.244,0.421,0.32,0.32,7.1,4.4,32.9,23.4,49.8,35.9,30.2,22,12,R,2300,43.4,93.3,2166,-8.7,-15.1,19.1,1.4,,,,,,,,24.2,82.7,2311,-17.7,-29.7,21.3,1.2,10.3,77.8,2171,7.5,-61.4,15.9,1.4,7.4,93.3,2167,-14,-18.3,19.7,1.3,14.7,90.6,2382,1.2,-21.2,13.1,1.5,,,,,,,,,,,,,,,,,,,,,,,,,,,,,,,,,,,,,,,,,,
"Foltynewicz, Mike",592314,2019,27,21,117,491,21.4,7.5,0.255,0.456,0.319,0.328,6.9,3.7,39.8,23.4,48.8,39.2,28.8,23.9,8.1,R,1888,26.3,94.8,2237,-9,-15.4,17.9,1.9,28.5,85.4,2443,3.5,-33.8,6.9,1.9,9.5,86.7,1876,-13.9,-25.6,17.7,1.8,10.1,79.4,2436,4.7,-47.9,6.5,2,25.6,95,2184,-15.6,-20.5,18.7,1.6,,,,,,,,,,,,,,,,,,,,,,,,,,,,,,,,,,,,,,,,,,,,,,,,,
"Neshek, Pat",450212,2019,38,20,18,78,11.5,1.3,0.294,0.554,0.347,0.353,7.4,4.4,33.8,20.9,49.5,41.2,30.9,23.5,4.4,R,280,,,,,,,,62.1,81.6,2234,3.7,-38.6,5.6,1.3,0.4,63.4,1376,-6.9,-60,13.1,,,,,,,,,37.1,88.5,2099,-15.8,-25.6,19,1.4,0.4,87.9,2022,-15,-27.2,17.2,,,,,,,,,,,,,,,,,,,,,,,,,,,,,,,,,,,,,,,,,,,
"Miller, Andrew",453192,2019,34,73,54.2,236,29.7,11.4,0.209,0.374,0.32,0.309,4.6,3.8,33.1,30.7,43.9,38.2,29,23.7,9.2,L,961,38.1,92.4,2085,7.5,-17.4,15.9,1.7,61.3,82.4,2598,-11.1,-40.7,11.4,1.5,0.1,84.2,2732,-12,-41.3,12.4,,,,,,,,,0.5,94.3,1994,15.7,-24.7,16.7,1.5,,,,,,,,,,,,,,,,,,,,,,,,,,,,,,,,,,,,,,,,,,,,,,,,,
"Strop, Pedro",467008,2019,34,50,41.2,178,27.5,11.2,0.202,0.393,0.314,0.309,2.9,1.9,36.9,29.4,48.4,53.8,20.2,20.2,5.8,R,725,20.6,93.5,2374,-3.6,-16.3,15.4,1.1,39.9,83.1,2429,4.7,-42.6,5.8,1.4,,,,,,,,,,,,,,,16.3,93.5,2361,-11.8,-19.5,16.8,1.2,18.2,88.4,2344,3.3,-29.7,6.8,1.3,5.1,88.7,1758,-11.1,-27.7,13.4,1.2,,,,,,,,,,,,,,,,,,,,,,,,,,,,,,,,,,,
"Gallen, Zac",668678,2019,23,15,80,334,28.7,10.8,0.213,0.354,0.287,0.29,8.6,2.5,35.9,29.3,46.3,39.9,28.3,25.3,6.6,R,1387,47.6,92.9,2370,-5.4,-14.5,18.3,1.7,,,,,,,,15.9,85,1499,-11.7,-32.8,13.1,1.6,18.9,79.2,2404,9.1,-54.4,13.9,1.8,2.2,92.8,2255,-13.8,-20,18.4,1.6,15.4,87,2329,7.1,-32.9,8.6,1.9,,,,,,,,,,,,,,,,,,,,,,,,,,,,,,,,,,,,,,,,,,
"Stroman, Marcus",573186,2019,28,32,184.1,774,20.5,7.5,0.242,0.37,0.299,0.292,5.8,3.1,35.6,24.4,45.1,53.9,17.8,23.1,5.2,R,3045,2.1,93,2459,-6.6,-17.9,16,1.2,,,,,,,,5.3,87,1927,-14,-30.1,15.8,2.1,1.1,75.2,2681,15.4,-55.3,16.1,2,36.5,92.5,2345,-12,-28.1,13.1,0.9,24.4,91,2615,1.1,-27.2,7.2,1.2,,,,,,,,,,,,,,,,,,,,,,30.6,85.7,2839,11.2,-37.8,11.7,1.9,,,,,,,,,,,,,,
"Reid-Foley, Sean",656887,2019,23,9,31.2,150,18.7,14,0.248,0.424,0.352,0.344,7.1,3,37.4,23.6,47.1,42.4,29.3,23.2,5.1,R,612,48.5,92.5,2105,-9,-16.7,17.2,1.5,34,83.8,2166,5,-36.9,5.9,1.2,8.7,85.6,1604,-13.9,-30.6,15.4,1.5,7.4,81.1,2077,12.6,-47.4,14.2,1.6,1.5,92.7,2148,-16.3,-19.5,20.3,1.5,,,,,,,,,,,,,,,,,,,,,,,,,,,,,,,,,,,,,,,,,,,,,,,,,
"Hernández, Darwinzon",650382,2019,22,29,30.1,147,38.8,17.7,0.162,0.226,0.327,0.268,9.8,3.3,31.1,35.5,41,44.3,14.8,34.4,6.6,L,681,74,95.5,2354,2.9,-16.6,13.3,1.6,25.1,82.7,2625,-8.4,-44.1,9.7,1.8,,,,,,,,0.6,76,2588,-12.8,-55.2,14.7,1.5,0.3,97.7,2444,9.4,-18.3,13.7,1.4,,,,,,,,,,,,,,,,,,,,,,,,,,,,,,,,,,,,,,,,,,,,,,,,,
"Houser, Adrian",605288,2019,26,35,111.1,462,25.3,8,0.22,0.347,0.302,0.281,6.3,5.9,35.3,24,44.7,55.4,17.8,21.8,5,R,1810,31.3,94.5,2193,-6.7,-15.7,16.2,1.2,11.9,87.9,2216,3.9,-30.2,7.5,2.1,6.8,85.4,1553,-13.1,-32.7,14.3,1.4,13.9,80.6,2004,3.1,-58.3,16.1,1.4,36.1,94.3,2145,-14.8,-22.6,16.9,1.2,,,,,,,,,,,,,,,,,,,,,,,,,,,,,,,,,,,,,,,,,,,,,,,,,
"Magill, Matt",543483,2019,29,50,50.2,229,27.9,8.7,0.255,0.44,0.316,0.323,9.1,1.4,43.4,32.2,48.4,39.2,21,32.2,7.7,R,885,51,95.2,2334,-7.6,-13.1,18.5,1.2,18.8,88.4,2501,4.5,-32.4,5.7,1.7,0.1,89.7,2361,-10.6,-16.3,20.7,,30.1,85.9,2550,3.4,-43.8,7.6,1.5,,,,,,,,0.1,94.6,2388,3.2,-8.4,21.9,,,,,,,,,,,,,,,,,,,,,,,,,,,,,,,,,,,,,,,,,,,
"Pruitt, Austin",643493,2019,29,14,47,193,20.2,6.2,0.256,0.417,0.314,0.305,2.8,1.4,33.8,24.5,48.8,54.9,17.6,22.5,4.9,R,720,42.9,91.9,2408,-1.5,-17.4,16,0.9,23.3,87.4,2658,5.1,-36.1,6,1.3,19.2,86.1,1873,-11.4,-30,14.3,1.1,13.6,81.6,2999,7.2,-52.8,12.4,1.6,1,91,2412,-10.4,-23.1,15.5,1.4,,,,,,,,,,,,,,,,,,,,,,,,,,,,,,,,,,,,,,,,,,,,,,,,,
"Green, Chad",643338,2019,28,54,69,296,33.1,6.8,0.236,0.422,0.312,0.311,7,0,48.3,29.6,50.8,35.5,21.5,30.8,12.2,R,1318,77.3,96.4,2465,-6.9,-12,19,1.2,20.9,87.6,2252,3.4,-33.4,5.3,1.2,,,,,,,,,,,,,,,,,,,,,,,,,,,,,1.7,88.7,1952,-7.3,-23.1,14.3,1.7,,,,,,,,,,,,,,,,,,,,,,,,,,,,,,,,,,,
"Snell, Blake",605483,2019,26,23,107,441,33.3,9.1,0.204,0.325,0.301,0.265,6.7,0.8,32,38.3,48.9,38.7,22.9,28.5,9.9,L,1890,48.4,95.5,2353,6.3,-10.9,20,1.1,6.7,87.3,2367,-5.1,-31.6,7,1.6,20.4,86.3,1821,13.1,-25.6,17.2,1.6,24.6,81,2464,-5.6,-50.7,10.1,1.7,,,,,,,,,,,,,,,,,,,,,,,,,,,,,,,,,,,,,,,,,,,,,,,,,,,,,,,,
"Peralta, Freddy",642547,2019,23,39,85,382,30.1,9.7,0.222,0.412,0.333,0.306,7.5,2.6,38.6,29.3,49.3,34.2,24.6,28.5,12.7,R,1599,77.7,93.6,2454,-7.2,-14.5,17.6,2.4,,,,,,,,1.8,89.9,1966,-12.4,-22.8,16.2,1.8,20.5,77.2,2424,8.2,-55.6,13.3,1.6,,,,,,,,,,,,,,,,,,,,,,,,,,,,,,,,,,,,,,,,,,,,,,,,,,,,,,,,
"Santiago, Héctor",502327,2019,31,19,33.2,163,24.5,13.5,0.267,0.524,0.395,0.374,4,5,38.6,28,44.5,31.7,31.7,24.8,11.9,L,713,59.3,91.8,2117,13.2,-18.4,20,1.7,16.1,85,2051,-2.8,-33.4,6.6,1.9,19.8,83.9,2054,16.2,-29.9,19.3,2.1,4.6,74.6,2003,-6.4,-56.1,8.1,2.1,0.1,92.5,2078,20.3,-26.2,21.5,,,,,,,,,,,,,,,,,,,,,,,,,,,,,,,,,,,,,,,,,,,,,,,,,,
"Fulmer, Carson",608334,2019,25,20,27.1,133,18.8,15,0.228,0.366,0.338,0.337,4.7,2.4,38.8,24,48,47.1,23.5,21.2,8.2,R,556,43.7,93.6,2376,-7,-14.6,18.3,1.2,,,,,,,,15.6,86.5,1505,-14.5,-29.7,16.5,1.1,8.1,82.8,2795,7.6,-48.4,11,1.2,,,,,,,,32.6,87.9,2615,4.7,-31.5,6.9,1.2,,,,,,,,,,,,,,,,,,,,,,,,,,,,,,,,,,,,,,,,,,
"Banuelos, Manny",544365,2019,28,16,50.2,235,18.7,14,0.285,0.495,0.388,0.373,3.8,5.1,37.8,24.3,43,36.9,28,27.4,7.6,L,946,21.7,92,2132,11.5,-18.8,18.3,1.2,32.9,85.4,2263,-2.1,-34.7,4.9,1.8,8.4,82.6,1663,15,-36,16,1.6,10.9,79,2596,-12,-47.6,12.6,1.8,26.2,91.4,1899,17.3,-27,18.5,1.3,,,,,,,,,,,,,,,,,,,,,,,,,,,,,,,,,,,,,,,,,,,,,,,,,
"Nova, Iván",467100,2019,32,34,187,806,14.1,5.8,0.295,0.477,0.351,0.352,5.4,4.1,38.4,18.4,48.9,46.6,19.4,27.6,6.5,R,3003,17.6,92.5,2246,-12.4,-20.8,17.2,1.4,,,,,,,,16,86.2,2000,-16.5,-29.9,18.2,1.3,16.8,79.9,2258,2.8,-50.5,7.2,1.8,36.7,92.3,2162,-17.2,-25.5,18.7,1.4,13,86.7,2143,-3.6,-28.9,9,1.5,,,,,,,,,,,,,,,,,,,,,,,,,,,,,,,,,,,,,,,,,,
"Gallegos, Giovanny",606149,2019,27,66,74,279,33.3,5.7,0.188,0.346,0.23,0.253,7.8,1.8,35.5,34.6,50.2,33.5,31.7,22.8,12,R,1134,55.2,93.7,2428,-10.7,-14,21.3,1,44.2,85.3,2242,0.5,-39.5,2.9,1.2,0.6,87.2,1943,-11.5,-20.8,20,1.4,,,,,,,,,,,,,,,,,,,,,,,,,,,,,,,,,,,,,,,,,,,,,,,,,,,,,,,,,,,,,,,
"Wick, Rowan",592858,2019,26,31,33.1,140,25,11.4,0.195,0.32,0.244,0.279,1.2,2.3,31.4,25.9,49.4,54.7,24.4,17.4,3.5,R,587,66.1,95.8,2350,-1.6,-12.9,17.1,1.1,3.7,83.5,2361,5.6,-42.7,6.6,1.6,,,,,,,,27.8,76.9,2582,8.9,-65.1,19.6,1.5,,,,,,,,2.4,91.8,2355,4.7,-23.2,11.1,1.6,,,,,,,,,,,,,,,,,,,,,,,,,,,,,,,,,,,,,,,,,,
"Smith, Caleb",592761,2019,27,28,153.1,646,26,9.3,0.226,0.46,0.315,0.323,7.8,3.2,35.9,27.7,49.7,28.4,36.4,23.1,12.1,L,2661,53.8,91.6,2425,14.6,-17.4,22.5,1.4,31.6,83.5,2297,-2.1,-37.5,5.2,1.9,14.7,82.6,1918,15.9,-30.9,19.5,1.2,,,,,,,,,,,,,,,,,,,,,,,,,,,,,,,,,,,,,,,,,,,,,,,,,,,,,,,,,,,,,,,
"Skoglund, Eric",607215,2019,26,6,21,101,4,8.9,0.346,0.675,0.414,0.45,9.2,2.3,49.4,12,48.4,35.6,27.6,27.6,9.2,L,395,39.5,89.8,2091,12.1,-19.3,18.9,1.3,,,,,,,,17.5,84.1,1568,9.7,-29.6,13.3,2,23,78.8,2202,-4.1,-47.8,7.3,3.2,20,89.6,1985,15.2,-23.5,18.4,1.3,,,,,,,,,,,,,,,,,,,,,,,,,,,,,,,,,,,,,,,,,,,,,,,,,
"Fiers, Mike",571666,2019,34,33,184.2,754,16.7,7,0.26,0.463,0.303,0.336,4.9,5.3,38.3,18.2,47.3,40.3,24.9,24.7,10.1,R,2837,32.7,90.4,2322,-9,-15.3,20.9,1.6,17.7,85.8,2481,3.2,-28.3,10.9,2.1,12.5,84.1,1933,-16.2,-33.2,18,1.5,17.4,74,2781,10.9,-70.7,21.2,1.7,19.6,90.2,2256,-15.5,-20.9,20.7,1.4,,,,,,,,,,,,,,,,,,,,,,,,,,,,,,,,,,,,,,,,,,,,,,,,,
"Boxberger, Brad",502202,2019,31,29,26.2,122,22.1,13.9,0.229,0.366,0.326,0.318,6.5,6.5,35.1,29,45.4,40.3,26,23.4,10.4,R,487,48.9,90,2212,-5.5,-20.1,15.9,1.2,18.1,85.3,2242,4.7,-31.7,9.3,1.6,33.1,78.2,1320,-14.2,-43.2,14.8,1.4,,,,,,,,,,,,,,,,,,,,,,,,,,,,,,,,,,,,,,,,,,,,,,,,,,,,,,,,,,,,,,,
"Barraclough, Kyle",607457,2019,29,43,33.2,164,24.4,12.8,0.28,0.565,0.371,0.394,9.9,4,44.6,30.2,45.3,40.6,30.7,24.8,4,R,708,65.5,93.4,2362,-6.8,-17.1,16.1,1.2,14.7,82.5,2403,8.9,-38.1,9.7,1.1,12.3,87.4,1400,-11.6,-30.6,13,1.3,7.5,80.2,2412,9.2,-48,10.4,1.3,,,,,,,,,,,,,,,,,,,,,,,,,,,,,,,,,,,,,,,,,,,,,,,,,,,,,,,,
"Hembree, Heath",592390,2019,30,45,39.2,173,26.6,10.4,0.215,0.436,0.322,0.315,8.5,1.9,34.9,27.3,48.5,23.6,37.7,26.4,12.3,R,718,69.9,93.6,2456,-7.5,-13.9,19,1.4,16.2,87.5,2624,2.6,-29,7.7,1.5,,,,,,,,13.9,81.7,2760,9.8,-48.9,12.4,1.8,,,,,,,,,,,,,,,,,,,,,,,,,,,,,,,,,,,,,,,,,,,,,,,,,,,,,,,,
"Morgan, Adam",605388,2019,29,40,29.2,120,24.2,8.3,0.189,0.327,0.267,0.264,9,1.3,32.1,33,50.3,41,25.6,21.8,11.5,L,463,7.6,92.8,2384,11.3,-18.4,18.3,1.4,38,81.3,2796,-11.5,-39.7,12.7,1.5,20.3,83.5,1753,13,-30.7,16.2,1.4,13.6,77.2,2994,-9.7,-57.4,13.3,1.8,20.5,92.4,2407,17.3,-23.9,19.7,1.2,,,,,,,,,,,,,,,,,,,,,,,,,,,,,,,,,,,,,,,,,,,,,,,,,
"Skaggs, Tyler",572140,2019,27,15,79.2,335,23.3,8.4,0.26,0.424,0.297,0.322,4.8,4.4,33.9,21.5,46.3,37.9,21.1,31.3,9.7,L,1386,50.4,91.3,2193,1.8,-15.5,17.6,1.5,,,,,,,,15.9,83.8,1699,9.7,-28.8,14.8,1.6,33.7,75.1,2609,-10.6,-67.5,20.2,2.3,,,,,,,,,,,,,,,,,,,,,,,,,,,,,,,,,,,,,,,,,,,,,,,,,,,,,,,,
"Zimmer, Kyle",622092,2019,27,15,18.1,102,17.6,18.6,0.29,0.473,0.422,0.391,4.6,4.6,35.4,26.5,46,41.5,15.4,36.9,6.2,R,435,61.1,96.4,2282,-0.7,-13.5,16.1,1.4,25.7,85.2,2179,3.3,-36.6,4.3,1.4,4.8,87.9,1439,-5.7,-27,10.4,1.5,8.3,79.7,2016,5.2,-59.3,16,1.6,,,,,,,,,,,,,,,,,,,,,,,,,,,,,,,,,,,,,,,,,,,,,,,,,,,,,,,,
"Tepera, Ryan",572193,2019,31,23,21.2,91,15.4,8.8,0.274,0.504,0.329,0.352,10.1,4.3,33.3,26.1,51.8,43.5,21.7,23.2,11.6,R,340,20.9,93.4,2275,-9.3,-15.3,18.9,1.1,4.7,82.3,2374,6.5,-43.2,7.4,1.5,6.8,85.6,1225,-10.2,-35.5,11.3,1.7,,,,,,,,35.6,93.7,2251,-16.8,-19.8,20.6,1.1,32.1,88.2,2414,2.5,-28.3,7.9,1.2,,,,,,,,,,,,,,,,,,,,,,,,,,,,,,,,,,,,,,,,,,
"Heaney, Andrew",571760,2019,28,18,95.1,409,28.9,7.3,0.236,0.436,0.325,0.317,5.9,1.2,39.4,31.2,48.6,34.3,31.1,26,8.7,L,1688,,,,,,,,,,,,,,,15.1,84.7,1988,17.2,-30.6,19.2,1.4,27,79.4,2545,-7,-49.3,8.5,1.5,57.9,92.5,2524,14.2,-16.5,21.6,1.4,,,,,,,,,,,,,,,,,,,,,,,,,,,,,,,,,,,,,,,,,,,,,,,,,
"Luciano, Elvis",672773,2019,19,25,33.2,159,17,15.1,0.253,0.428,0.364,0.351,10.5,1.9,41.9,25.3,46,38.1,27.6,27.6,6.7,R,635,55.3,94.1,2286,-13.9,-17.2,20.3,1.1,25.5,84.4,2188,0.9,-37.5,2.6,1.4,19.2,87.8,1747,-15.3,-31.5,16.3,1.3,,,,,,,,,,,,,,,,,,,,,,,,,,,,,,,,,,,,,,,,,,,,,,,,,,,,,,,,,,,,,,,
"Bradford, Chasen",607473,2019,29,12,16.2,69,15.9,5.8,0.274,0.503,0.362,0.341,1.9,1.9,37,23,50.8,51.9,18.5,18.5,11.1,R,247,34.4,90.7,2353,-4.7,-20,14.5,1.3,36.4,84.7,2664,4.8,-38.6,5.4,1.2,11.7,84.4,2203,-11.5,-35.8,12.3,1.4,,,,,,,,17.4,89.9,2323,-12,-27,14.2,1.4,,,,,,,,,,,,,,,,,,,,,,,,,,,,,,,,,,,,,,,,,,,,,,,,,
"Fairbanks, Pete",664126,2019,25,21,21,99,28.3,10.1,0.277,0.468,0.368,0.349,8.2,1.6,45.9,34.1,47,42.6,19.7,32.8,4.9,R,387,43.7,97.4,2393,-2.4,-13.2,15.6,1.2,56.1,89.9,2239,4,-34.5,4.9,1.9,0.3,94,2383,-3.5,-16.5,14.3,,,,,,,,,,,,,,,,,,,,,,,,,,,,,,,,,,,,,,,,,,,,,,,,,,,,,,,,,,,,,,,,
"Roe, Chaz",475054,2019,32,71,51,229,28.4,13.5,0.234,0.345,0.31,0.305,2.3,3.1,28.2,27.7,37.8,44.3,22.1,26.7,6.9,R,925,5.2,92.1,2479,-5,-16.5,17,1,,,,,,,,,,,,,,,0.6,74.9,2646,22,-52.6,22.2,1.5,23.7,92.1,2434,-13.2,-25.9,15,1,6.4,87.1,2699,6.6,-30.5,10.2,1.2,,,,,,,,,,,,,,,64.1,81,2954,22.9,-46.3,23.2,1.4,,,,,,,,,,,,,,,,,,,,,
"Paxton, James",572020,2019,30,29,150.2,633,29.4,8.7,0.221,0.379,0.31,0.291,7.4,4.4,38.5,30.7,49.9,40.3,25.4,22.6,11.8,L,2663,59.9,95.4,2263,11.4,-14.7,19.4,1.5,,,,,,,,1.2,86.2,2073,11.9,-29.3,14.3,1.4,18.9,81.1,2013,-3.3,-48.8,8.1,1.5,,,,,,,,20,88.1,2081,-1.6,-30.7,5.4,1.5,,,,,,,,,,,,,,,,,,,,,,,,,,,,,,,,,,,,,,,,,,
"Carrasco, Carlos",471911,2019,32,23,80,341,28.2,4.7,0.264,0.494,0.356,0.333,7.9,2.6,45.8,31.1,51.7,42.3,23.3,28.2,6.2,R,1274,33.6,93.8,2391,-11.8,-17,18.5,1.5,34.1,84.7,2729,2.4,-39.1,3.7,1.7,18.6,87.8,1447,-10,-34.5,10.4,1.7,1.6,81.2,2886,9.3,-48.3,11.5,1.7,12.1,92.7,2258,-16.8,-23.3,18.9,1.4,,,,,,,,,,,,,,,,,,,,,,,,,,,,,,,,,,,,,,,,,,,,,,,,,
"García, Yimi",554340,2019,28,64,62.1,247,26.7,5.7,0.182,0.366,0.275,0.261,7.5,2.5,27.3,26.4,48.2,30.4,39.8,19.3,10.6,R,997,44.1,94.2,2593,-7.4,-17.8,15.4,1.4,17.7,86.9,2663,3.8,-33.4,6,2.2,5.6,87.3,1946,-16.5,-33.1,16.9,1.4,30.8,83.2,2801,10.2,-42.7,10.6,1.6,1.8,93.5,2507,-13.7,-24.5,15.7,1.4,,,,,,,,,,,,,,,,,,,,,,,,,,,,,,,,,,,,,,,,,,,,,,,,,
"Keller, Brad",641745,2019,23,28,165.1,709,17.2,9.9,0.257,0.415,0.307,0.329,6.7,3.3,38.6,19.7,46,50.8,17.1,26,6.1,R,2711,41.7,93.7,2296,0,-17.2,14.4,1.7,31.4,84.9,2510,7.2,-44,8.9,1.7,1.7,88,1706,-7,-28.7,10.4,1.6,,,,,,,,25.2,92.9,2103,-10.8,-22.1,14.7,1.6,,,,,,,,,,,,,,,,,,,,,,,,,,,,,,,,,,,,,,,,,,,,,,,,,
"Pérez, Oliver",424144,2019,37,67,40.2,173,27.7,6.9,0.218,0.346,0.306,0.272,6.4,2.7,30,28,49.8,45.5,22.7,28.2,3.6,L,652,14.7,91.5,2192,11.6,-18,19.1,1.8,49.2,78.5,2279,-9,-46.6,9.4,1.5,,,,,,,,,,,,,,,36,91.8,2161,18.2,-26,19.6,1.5,,,,,,,,,,,,,,,,,,,,,,,,,,,,,,,,,,,,,,,,,,,,,,,,,
"Fillmyer, Heath",641571,2019,25,12,22.1,109,13.8,11,0.287,0.51,0.394,0.381,8.9,2.5,44.3,19.3,42.4,41.8,26.6,25.3,6.3,R,453,45.3,92.2,2219,-3.1,-17.3,15.7,1.5,19.2,83.3,2371,2.1,-42.4,3.8,1.3,17.7,86.2,1712,-14.6,-30.6,16.2,1.8,9.7,78.6,2478,3.9,-55.2,10.2,1.4,8.2,90.3,2098,-11.3,-22.8,16,1.6,,,,,,,,,,,,,,,,,,,,,,,,,,,,,,,,,,,,,,,,,,,,,,,,,
"Jackson, Luke",592426,2019,27,70,72.2,315,33.7,8.3,0.199,0.34,0.311,0.263,2.8,3.3,33.7,36.7,48.9,60.2,15.5,20.4,3.9,R,1253,37.9,96.1,2304,-7.2,-12.3,18.6,0.9,53.6,87.7,2576,2.2,-42.8,7.9,1.1,0.1,83.7,2134,-9.8,-24.4,18.9,,8.4,83.7,2644,7.7,-53.7,16.1,1.6,,,,,,,,,,,,,,,,,,,,,,,,,,,,,,,,,,,,,,,,,,,,,,,,,,,,,,,,
"Miley, Wade",489119,2019,32,33,167.1,720,19.4,8.5,0.245,0.383,0.311,0.307,4.3,3.1,32.5,22.8,44.6,50.3,22,23.4,4.3,L,2863,15.8,90.8,2210,4,-16.5,17.7,1.7,1,81.7,2398,-4.9,-45.5,6.3,1.4,20.7,81.2,1869,14.9,-31.3,18.5,1.4,9.3,75.6,2428,-7.7,-62.6,14.6,2,6.3,89.5,2056,11.7,-19.6,19.3,1.5,47,87.3,2258,-2.5,-28.3,8.9,1.7,,,,,,,,,,,,,,,,,,,,,,,,,,,,,,,,,,,,,,,,,,
"Leone, Dominic",608678,2019,27,40,40.2,180,25.6,12.2,0.261,0.533,0.342,0.366,6.3,2.7,38.7,30.1,49.1,39.3,27.7,26.8,6.3,R,663,38.3,94.3,2279,-5.8,-15.1,16.8,1.3,14.5,83.7,2479,5.2,-43.3,6.8,1.8,1.4,88.1,1757,-10.5,-23.8,16.2,1.5,,,,,,,,10,93.3,2230,-13.7,-19.5,18.3,1.3,35.9,89.7,2485,3.8,-28,7.6,1.4,,,,,,,,,,,,,,,,,,,,,,,,,,,,,,,,,,,,,,,,,,
"Gibson, Kyle",502043,2019,31,34,160,706,22.7,7.9,0.269,0.437,0.333,0.333,4.6,5,37.8,29.2,46.6,52.5,16.6,25.1,5.8,R,2764,18.2,93.4,2211,-5.6,-15,16.9,1.4,20.8,84.1,2469,5.5,-40,6.1,1.3,16.2,85.3,1660,-13.2,-30.8,14.6,1.3,12.8,80.1,2482,6.6,-51.5,11.3,1.5,32.1,93.2,2098,-13.6,-19.4,17.8,1.3,,,,,,,,,,,,,,,,,,,,,,,,,,,,,,,,,,,,,,,,,,,,,,,,,
"Phillips, Evan",623465,2019,24,25,28,140,28.6,14.3,0.256,0.392,0.361,0.346,14.7,1.3,41.3,30.3,43,40,17.3,36,6.7,R,567,64.7,94.1,2244,-10.1,-15.7,18.8,1.1,18.9,84.3,2458,5.1,-46.3,8.5,1.3,7.4,85.5,1285,-10.9,-34.5,11.8,1.4,,,,,,,,1.8,94.2,2164,-16.2,-19.9,19.8,1.5,,,,,,,,,,,,,,,,,,,,,,7.2,85.6,2507,13.4,-41.3,13.9,1.5,,,,,,,,,,,,,,,,,,,,,
"Díaz, Jairo",545064,2019,28,56,57.2,245,25.7,7.8,0.234,0.375,0.315,0.296,6.2,1.9,42.2,29.5,51.5,49.7,19.3,26.1,5,R,887,25.1,97.2,2202,-4.5,-16,14.3,1.3,44,88.2,2413,1.6,-37.4,2.7,1.3,,,,,,,,,,,,,,,30.9,96.8,2140,-12.4,-20.8,15.5,1.4,,,,,,,,,,,,,,,,,,,,,,,,,,,,,,,,,,,,,,,,,,,,,,,,,
"Urías, Julio",628711,2019,22,37,79.2,326,26.1,8.3,0.207,0.323,0.263,0.269,5.3,8.1,24.9,29.7,51.3,39.2,22,25.4,13.4,L,1344,58.5,95.1,2510,2.3,-13.7,17.6,1.4,17.3,84.6,2583,-5.7,-37.9,7,2,16.3,82.2,1855,13.8,-29.8,17.9,1.9,6.1,77.3,2750,-7.6,-57.5,12.2,2.1,1.9,95.5,2456,8.6,-15.4,17.8,1.4,,,,,,,,,,,,,,,,,,,,,,,,,,,,,,,,,,,,,,,,,,,,,,,,,
"Stewart, Kohl",640464,2019,24,9,25.1,109,9.2,7.3,0.316,0.535,0.363,0.384,7.8,5.6,44.4,19.9,45.8,48.9,23.3,25.6,2.2,R,383,6.3,92,2162,-2.9,-20.4,12.8,1.6,32.1,84.7,2428,6.9,-36.5,8.1,1.8,3.9,85,1824,-15.1,-33.6,15.8,1.7,9.1,77.3,2726,16,-52.6,17.6,1.8,48.6,91.6,2131,-14.1,-26.1,15.7,1.6,,,,,,,,,,,,,,,,,,,,,,,,,,,,,,,,,,,,,,,,,,,,,,,,,
"Hall, Matt",664180,2019,25,16,23.1,113,23.9,13.3,0.254,0.46,0.364,0.349,5.7,4.3,34.3,25.7,38.1,38.6,22.9,31.4,7.1,L,501,66.3,90.5,2303,2,-19.7,14.2,1.3,5.4,81.7,2895,-6.6,-44.8,7.3,1.5,3.4,82.2,1801,8.9,-32.4,12.5,1.5,24,76.7,2927,-12.4,-64.9,20.9,1.2,,,,,,,,1,84,2788,-3.4,-39.2,3.6,1.4,,,,,,,,,,,,,,,,,,,,,,,,,,,,,,,,,,,,,,,,,,
"Dobnak, Randy",677976,2019,24,9,28.1,118,19.5,4.2,0.254,0.362,0.264,0.293,6.9,5.7,42.5,26.8,52.5,54,11.5,26.4,8,R,427,22.7,93.4,2051,-10.7,-23.6,13.8,1.4,27.9,84.1,2392,2.6,-42.3,4.3,1.3,12.9,85.7,1653,-15.4,-33.8,16,1.2,,,,,,,,36.5,92.2,1944,-14.3,-31.7,14.4,1.3,,,,,,,,,,,,,,,,,,,,,,,,,,,,,,,,,,,,,,,,,,,,,,,,,
"Kintzler, Brandon",445213,2019,34,62,57,227,21.1,5.7,0.234,0.39,0.265,0.291,6.8,2.5,42.6,18.4,45.1,56.2,20.4,19.1,4.3,R,855,3.7,93.1,2021,-11,-18.1,17.3,1.4,10.2,86.7,2297,-1.2,-33.3,4,1.5,17.5,87.5,2130,-16.8,-27,19,1.2,,,,,,,,68.5,92.6,2018,-15.8,-23,18.2,1.3,,,,,,,,,,,,,,,,,,,,,,,,,,,,,,,,,,,,,,,,,,,,,,,,,
"Cease, Dylan",656302,2019,23,14,73,326,24.8,10.7,0.242,0.422,0.353,0.323,7.7,4.3,37.5,26.1,44.4,45.7,22.1,26,6.3,R,1364,47.4,96.5,2449,-1.8,-15.1,14.9,1.3,21,84.7,2622,5.3,-43.9,7.2,1.6,8.9,83.1,1626,-1.7,-26.6,13.6,1.9,18.5,79.5,2622,6.1,-63.3,19.3,1.8,4.2,96.3,2403,-7.1,-16.9,14.8,1.3,,,,,,,,,,,,,,,,,,,,,,,,,,,,,,,,,,,,,,,,,,,,,,,,,
"Eickhoff, Jerad",595191,2019,28,12,58.1,245,20.8,7.3,0.251,0.528,0.364,0.351,6.9,2.3,39.1,26.2,45.4,37.9,30.5,20.7,10.9,R,974,36.7,89.4,2415,-9,-16.2,20.3,1.2,29.5,83.8,2564,0.1,-32.9,6.9,1.2,,,,,,,,31.5,74.6,2744,8.2,-61.2,13.6,1.2,2.4,89.7,2391,-14.6,-19.9,20.5,1.3,,,,,,,,,,,,,,,,,,,,,,,,,,,,,,,,,,,,,,,,,,,,,,,,,
"Stripling, Ross",548389,2019,29,32,90.2,370,25.1,5.4,0.234,0.382,0.294,0.284,5.9,2,38.4,24.4,45.9,51.4,21.2,20.8,6.7,R,1444,36,90.6,2274,-3.5,-15.8,18.2,1.5,15.9,86.3,2369,4.9,-31.3,8.6,1.8,14.7,82.7,1584,-9.2,-34.9,11,1.3,28.5,79.8,2650,5.4,-58.7,15.1,1.5,1.9,88.8,2134,-11.2,-20.7,18.3,1.4,2.9,88.5,2314,1.1,-23.2,12.3,1.7,,,,,,,,,,,,,,,,,,,,,,,,,,,,,,,,,,,,,,,,,,
"Voth, Austin",608723,2019,27,9,43.2,174,25.3,7.5,0.217,0.366,0.282,0.28,6.1,1.8,29.8,28.7,48,37.7,27.2,22.8,12.3,R,684,60.4,92.7,2201,-4.3,-15.3,17.3,1.4,11.3,86.7,2503,3.3,-29.2,9,1.4,8,86,1978,-7.7,-26.2,13.6,1.4,20.3,79.5,2827,13.8,-49,14.6,1.4,,,,,,,,,,,,,,,,,,,,,,,,,,,,,,,,,,,,,,,,,,,,,,,,,,,,,,,,
"Burke, Brock",656271,2019,22,6,26.2,120,11.7,9.2,0.269,0.472,0.367,0.35,4.3,3.2,28,13.1,45,51.6,20.4,21.5,6.5,L,476,43.3,92,2194,7.4,-16.8,16.5,1.6,0.6,84.7,2328,-1,-31.9,6.6,1.5,15.3,85.2,2170,10.2,-31,12,1.6,22.3,80.3,2201,-7.8,-42.2,8.3,1.9,18.5,90.8,2093,14.4,-24,16.8,1.5,,,,,,,,,,,,,,,,,,,,,,,,,,,,,,,,,,,,,,,,,,,,,,,,,
"Stratton, Chris",608717,2019,28,35,76,344,20.1,9.6,0.267,0.413,0.366,0.327,5.8,3.3,34.7,24.2,48,40.9,22.7,29.3,7,R,1245,56.5,92.2,2498,-5.7,-16.7,16.4,1.8,24.1,84.5,2922,6.4,-40.1,6.9,1.6,5.9,84.8,2106,-14.1,-31.2,15.5,1.3,13,77.1,3107,16.9,-57.2,19.8,1.6,0.2,91.7,2521,-12.4,-19.5,18,1.5,0.3,91,2453,3,-21.8,11.6,1.5,,,,,,,,,,,,,,,,,,,,,,,,,,,,,,,,,,,,,,,,,,
"Harris, Will",501789,2019,34,68,60,229,27.1,6.1,0.217,0.356,0.235,0.269,3.3,3.9,31.8,29.5,42.4,53.6,19,24.2,3.3,R,912,1.1,92,2520,-1.3,-18.9,13.3,1.4,,,,,,,,,,,,,,,42,81.3,2775,11.7,-56.7,18.6,1,,,,,,,,56.9,91.2,2527,3.8,-21.7,11.7,1,,,,,,,,,,,,,,,,,,,,,,,,,,,,,,,,,,,,,,,,,,
"Montgomery, Mike",543557,2019,29,33,91,402,17.2,8.5,0.307,0.525,0.382,0.382,6.1,3.4,44.7,21.6,45.2,49.7,19,28.6,2.7,L,1575,13.8,91.6,1978,6.3,-20.3,14,1.1,,,,,,,,21.2,84.3,1787,14.7,-31.5,16.5,1.3,21.2,77.7,2281,-6.7,-54.2,11,1.5,26.8,92.3,1888,13.4,-21.9,17,1.2,17,87.7,2050,-1.7,-28.9,7.5,1.8,,,,,,,,,,,,,,,,,,,,,,,,,,,,,,,,,,,,,,,,,,
"Suárez, Ranger",624133,2019,23,37,48.2,205,20.5,5.9,0.264,0.406,0.31,0.304,4,4,34.7,22.3,45.9,56.7,16,25.3,2,L,763,23.5,92.9,2029,5.9,-21.1,12.6,1.1,20.2,84.9,2122,-3.5,-34.9,5.9,1.6,27,84.9,1616,14.4,-32.6,15.8,1.4,,,,,,,,29.4,91.9,1955,15.2,-25.6,17,1.3,,,,,,,,,,,,,,,,,,,,,,,,,,,,,,,,,,,,,,,,,,,,,,,,,
"Bieber, Shane",669456,2019,24,34,214.1,859,30.2,4.7,0.236,0.417,0.28,0.295,6,1.4,43.3,30.6,47.8,44.8,21.7,26.5,7,R,3223,45.7,93.1,2254,-8.3,-13.6,19.7,0.8,26.5,85,2370,1.4,-34.9,4.1,1,7.3,87.6,1725,-15.7,-28.4,17.5,1,20.5,82.7,2303,4,-50.6,11.2,1.2,0,93.7,2189,-13.7,-19.6,18.1,,,,,,,,,,,,,,,,,,,,,,,,,,,,,,,,,,,,,,,,,,,,,,,,,,
"Mikolas, Miles",571945,2019,30,32,184,764,18.8,4.2,0.278,0.451,0.319,0.33,5,3.1,36.6,21.5,49.3,48.8,21.4,25,4.9,R,2804,27.6,93.7,2302,-5.9,-16.4,16,1.5,23.4,87,2327,3.7,-34,5,1.6,3.8,87.7,1667,-13.5,-29,15.8,2.4,21.4,78.3,2588,9.1,-61.4,17.7,1.4,23.8,93.4,2229,-13.8,-19.4,18.4,1.4,,,,,,,,,,,,,,,,,,,,,,,,,,,,,,,,,,,,,,,,,,,,,,,,,
"Brewer, Colten",605155,2019,26,58,54.2,252,20.6,13.1,0.247,0.374,0.344,0.322,1.8,2.4,30.3,27.6,42.7,53.3,17.6,23.6,5.5,R,1016,0.9,95.1,2268,-6.8,-20.5,12.2,1.5,12.9,88.3,2575,7.2,-35,7.9,1.6,0.2,89.3,1894,-7.3,-29,9.7,1.5,44.6,81.9,2825,11.7,-58.8,20,1.5,0.9,94.6,2158,-10.4,-20.5,14.7,1.4,40.6,93.4,2369,2.8,-24.5,8.2,1.3,,,,,,,,,,,,,,,,,,,,,,,,,,,,,,,,,,,,,,,,,,
"Arrieta, Jake",453562,2019,33,24,135.2,594,18.5,8.6,0.266,0.446,0.339,0.337,5.6,1.6,37.6,18,44,52.6,17.4,25.6,4.5,R,2192,1,91.9,2275,-8,-18.6,16.6,1.6,12,89.7,2363,2.9,-26,9.6,1.4,18.2,87.5,1730,-17,-35.7,17.3,1.3,13.4,80.6,2766,13.7,-54.7,17.5,1.5,55.5,92.5,2196,-16.4,-23.2,19,1.2,,,,,,,,,,,,,,,,,,,,,,,,,,,,,,,,,,,,,,,,,,,,,,,,,
"Price, David",456034,2019,33,22,107.1,458,27.9,7,0.244,0.426,0.319,0.311,6.1,4.1,38.3,25.7,48,41.7,23.1,28.8,6.4,L,1861,27.5,91.9,2209,10.8,-18.2,18.5,1.8,,,,,,,,26.5,84.1,1800,16.4,-34,17.6,1.8,2.5,80.4,2264,-5,-45.2,5.6,1.7,26.2,91.9,2188,16.6,-21.9,20.1,1.6,17.3,88.5,2193,3.3,-26,10.3,1.7,,,,,,,,,,,,,,,,,,,,,,,,,,,,,,,,,,,,,,,,,,
"Bummer, Aaron",607481,2019,25,58,67.2,263,22.8,9.5,0.189,0.264,0.235,0.246,5.7,3.4,38.3,24.2,47.3,71.4,10.3,15.4,2.9,L,1039,8.6,95.1,2091,7,-24,9.6,1.4,3.5,84.8,2226,-6.5,-43.4,8.1,1.5,0.6,89.4,1636,11.5,-33.5,12.2,1.6,,,,,,,,67.7,95.6,2033,12.1,-27.3,12.6,1.2,16.5,88.5,2228,-2.8,-34.2,3.8,1.9,,,,,,,,,,,,,,,3.3,84.9,2244,-14.3,-36.2,14.8,1.2,,,,,,,,,,,,,,,,,,,,,
"Hoffman, Jeff",656546,2019,26,15,70,315,21.6,10.8,0.284,0.557,0.39,0.386,5.3,3.3,41.1,21.5,46.6,36.8,28.2,27.3,7.7,R,1256,58.8,93.7,2453,-11.5,-17.5,18.1,1.3,1,83.4,2487,3.4,-38.6,4.5,1.5,0.1,83,2252,-13.7,-36.1,14.5,,28.8,77.1,2625,11.1,-59.7,17.2,1.8,,,,,,,,,,,,,,,11.3,84.3,1419,-10.7,-35.1,11.6,1.4,,,,,,,,,,,,,,,,,,,,,,,,,,,,,,,,,,,
"Kelley, Shawn",518875,2019,35,50,47.1,205,21,5.4,0.281,0.551,0.362,0.363,7.4,3.4,34.9,23.5,52.7,29.5,30.9,30.2,9.4,R,768,39.7,91.9,2396,-3,-14.9,17.6,1.3,60.2,82.4,2431,6.8,-39.3,7.4,1.8,0.1,83.3,2488,-3.9,-27.7,13.2,,,,,,,,,,,,,,,,,,,,,,,,,,,,,,,,,,,,,,,,,,,,,,,,,,,,,,,,,,,,,,,,
"Shawaryn, Mike",642067,2019,24,14,20.1,103,28.2,12.6,0.248,0.543,0.414,0.386,3.6,1.8,50,34.9,46,32.1,32.1,26.8,8.9,R,461,42.3,91.8,2006,-12.2,-20.8,17,1.2,33,85,2559,1.7,-36.9,3.1,1.3,0.9,84.5,1982,-16.6,-32,17.7,1.4,22.1,80.9,2541,7.9,-45.9,8.9,1.3,1.7,87.1,2025,-17.1,-32.9,17.5,1.9,,,,,,,,,,,,,,,,,,,,,,,,,,,,,,,,,,,,,,,,,,,,,,,,,
"Buehler, Walker",621111,2019,24,30,182.1,737,29.2,5,0.228,0.369,0.27,0.277,7.9,1.7,36.4,26.7,50.3,43.1,25.1,27,4.8,R,2831,53.2,96.5,2456,-4.8,-11.7,18.4,1.2,14.2,86.8,2867,11.1,-38,11.7,2.3,0.5,91.6,1516,-12.9,-26.1,14.5,1.4,12,80.7,2915,10.3,-59.2,19.1,1.7,7.1,96.6,2346,-13.4,-16.2,18.9,1.4,13,92.8,2713,5.4,-22.7,11.1,1.6,,,,,,,,,,,,,,,,,,,,,,,,,,,,,,,,,,,,,,,,,,
"Báez, Pedro",520980,2019,31,71,69.2,276,25,8.3,0.182,0.301,0.239,0.249,6.7,2.8,26.6,31.7,51.7,37.2,29.4,18.9,14.4,R,1090,50.6,95.8,2328,-5.5,-11.9,19,1.1,17.2,86.3,1740,2.8,-32.7,5.6,1.6,31.9,86.2,1999,-10.2,-21.7,18.3,1.2,,,,,,,,0.3,96,2307,-11,-15.2,18.5,1.5,,,,,,,,,,,,,,,,,,,,,,,,,,,,,,,,,,,,,,,,,,,,,,,,,
"Wendelken, J.B.",605525,2019,26,27,32.2,131,26,6.9,0.181,0.293,0.23,0.237,9.3,4.7,31.7,27.1,48.1,38.4,36,17.4,8.1,R,485,54.2,94.8,2384,-6.1,-15.1,17.1,1.3,4.9,85.1,2511,4.4,-37.8,5.7,1.5,16.5,86.4,1571,-14.6,-31.5,15.8,1.3,17.9,80.2,2578,12.5,-59.7,19.9,1.5,6.4,93.8,2213,-17,-23.9,18.9,1.3,,,,,,,,,,,,,,,,,,,,,,,,,,,,,,,,,,,,,,,,,,,,,,,,,
"Pérez, Martín",527048,2019,28,32,165.1,737,18.3,9.1,0.245,0.385,0.334,0.306,5.3,5.1,29.7,21.5,49,49.4,19.7,25.2,5.6,L,2771,17.5,94.2,2131,9.8,-15.7,18.5,1.5,,,,,,,,22.2,85.3,1795,14.9,-27.8,18,1.5,4.7,79.2,2637,-5.1,-51.3,8.5,1.4,24.8,93.9,2051,16.8,-21.7,19.5,1.6,30.8,88.5,2307,-2.6,-28.6,7.7,1.7,,,,,,,,,,,,,,,,,,,,,,,,,,,,,,,,,,,,,,,,,,
"Devenski, Chris",606965,2019,28,61,69,298,24.2,7,0.229,0.407,0.327,0.3,3.5,4,35.1,28.2,48.7,34.7,29.7,24.3,11.4,R,1144,44.1,94.7,2369,-10.9,-15.7,19.3,1.5,19.4,81.6,2298,9.4,-42.3,10.2,1.6,36.5,84,1659,-15.1,-35.1,15.9,1.5,,,,,,,,,,,,,,,,,,,,,,,,,,,,,,,,,,,,,,,,,,,,,,,,,,,,,,,,,,,,,,,
"Shaw, Bryan",543766,2019,31,70,72,312,18.6,9.6,0.259,0.437,0.336,0.338,7.3,1.4,40.6,25.1,46.2,49.8,22.8,24.2,3.2,R,1188,,,,,,,,9.3,83.1,2721,12.3,-45.4,13.2,1.7,7.5,84,1549,-6.3,-33.1,9.2,1.7,7.7,80.8,2593,7.9,-55.2,13.7,1.8,,,,,,,,75.4,92.5,2396,4.4,-26.4,8.1,1.6,,,,,,,,,,,,,,,,,,,,,,,,,,,,,,,,,,,,,,,,,,
"Clippard, Tyler",461325,2019,34,53,62,241,26.6,6.2,0.182,0.353,0.26,0.265,4.5,3.9,28.8,28.4,50.7,32.9,32.3,19.4,15.5,R,929,19.3,90.1,2363,-5.9,-14.1,20.9,1,8.7,82.6,1634,4.9,-40.4,7.3,1.4,30.5,78.4,2042,-12.5,-29.1,20.2,1.1,3.9,74.4,2178,6.4,-63.8,14.9,1.3,21.6,89.9,2253,-12.8,-19.1,19.8,0.9,,,,,,,,16,81.8,1138,-4.3,-42.8,7,1.3,,,,,,,,,,,,,,,,,,,,,,,,,,,,,,,,,,,
"Mayza, Tim",641835,2019,27,68,51.1,227,24.2,11.9,0.255,0.438,0.313,0.336,8.3,4.2,36.8,32.5,47.8,52.8,18.8,25,2.8,L,921,19.2,93.6,2114,9.6,-16.6,17.7,1.2,35.6,87.8,2186,0.2,-31.6,4.4,1.5,,,,,,,,,,,,,,,45.2,94.3,2144,15.9,-20.1,19.2,1.2,,,,,,,,,,,,,,,,,,,,,,,,,,,,,,,,,,,,,,,,,,,,,,,,,
"Morin, Mike",573046,2019,28,52,50.2,210,12.4,4.8,0.277,0.453,0.287,0.331,5.9,4.1,27.4,21.5,53.9,41.8,23.5,26.5,8.2,R,717,11.4,91.6,2136,-8.3,-16.5,18.1,1.2,15.5,81.7,2118,5.1,-39.7,6.1,2.1,36.7,72.6,1461,-3.8,-37.7,14.5,2,,,,,,,,36.4,91.1,1999,-14.9,-21.7,18.7,1.3,,,,,,,,,,,,,,,,,,,,,,,,,,,,,,,,,,,,,,,,,,,,,,,,,
"Peralta, Wandy",593974,2019,27,47,39.2,172,18.6,9.3,0.27,0.481,0.349,0.352,7.4,7.4,35,32.4,48.4,52.5,26.2,20.5,0.8,L,645,11.5,95.8,2171,10.5,-15.7,18.6,1.2,38.1,87.5,2253,-0.2,-32.3,4.8,1.4,24.8,87.4,2186,17.8,-30.4,19,1.2,,,,,,,,25.6,95,2199,16.3,-20.8,19.7,1.4,,,,,,,,,,,,,,,,,,,,,,,,,,,,,,,,,,,,,,,,,,,,,,,,,
"Dowdy, Kyle",664871,2019,26,13,22.1,110,15.5,16.4,0.296,0.49,0.377,0.393,5.4,4.1,41.9,21.6,42.2,44.6,16.2,35.1,4.1,R,438,67.4,95.2,2046,-8.3,-15.3,17,1.5,14.2,87.2,2210,4.7,-33.6,5.8,2,4.6,85.3,1706,-14,-25.8,18.3,1.7,13.9,78.1,2477,9.5,-62.7,19.6,1.4,,,,,,,,,,,,,,,,,,,,,,,,,,,,,,,,,,,,,,,,,,,,,,,,,,,,,,,,
"Greene, Shane",572888,2019,30,65,62.2,252,25.4,6.7,0.23,0.416,0.257,0.303,6.5,1.2,39.3,26.1,46,47.6,22.6,20.8,8.9,R,949,1.9,93.9,2295,-7.8,-15.8,18,1.3,0.5,80.6,,14.2,-39.1,15.3,1.4,0.5,85.4,1714,-16.7,-37.6,16.8,1.5,,,,,,,,45.1,92.6,2173,-15.7,-23.1,18.6,1.2,31.1,87.7,2473,6.1,-28.9,10.3,1.4,,,,,,,,,,,,,,,20.9,80.2,2593,16.7,-41.9,17.4,1.4,,,,,,,,,,,,,,,,,,,,,
"Doolittle, Sean",448281,2019,32,63,60,260,25.4,5.8,0.233,0.449,0.321,0.307,7.3,2.8,42,23.4,59.2,26.6,35.6,23.7,14.1,L,1074,88.2,93.5,2215,3.8,-12,20,1.2,5.8,80.9,2424,-8.7,-39.9,9.5,1.6,,,,,,,,,,,,,,,,,,,,,,,,,,,,,6.1,83.7,2136,13.6,-23.4,21.1,1.5,,,,,,,,,,,,,,,,,,,,,,,,,,,,,,,,,,,
"Fry, Paul",643316,2019,26,66,57.1,255,21.6,11.4,0.231,0.357,0.326,0.31,4.2,1.8,35.8,25.7,42.3,58.8,13.9,23.6,3.6,L,1076,52.3,90.7,2404,2.1,-21.9,11.7,1.2,46.3,83.9,2737,-15.5,-44.2,16.2,1.3,1.4,87.7,1840,11.2,-27.8,13.9,1.5,,,,,,,,,,,,,,,,,,,,,,,,,,,,,,,,,,,,,,,,,,,,,,,,,,,,,,,,,,,,,,,
"Melancon, Mark",453343,2019,34,66,67.1,284,23.9,6.3,0.243,0.338,0.292,0.277,5.1,1.5,35.2,25.7,45.1,60.7,10.2,24.5,4.6,R,1068,6.7,92.2,2341,-7.8,-20.2,14.5,1.1,,,,,,,,,,,,,,,31,82.1,2702,3.9,-57.7,16.3,1.2,,,,,,,,59.6,91.8,2349,1.2,-22.1,10.8,1,2.6,83.4,1801,-10.8,-28.9,15.2,1.6,,,,,,,,,,,,,,,,,,,,,,,,,,,,,,,,,,,
"Plesac, Zach",668676,2019,24,21,115.2,475,18.5,8.4,0.274,0.477,0.315,0.348,7.3,4.4,38.7,21.6,47.6,40.1,26.2,25.9,7.8,R,1892,50.6,93.9,2133,-9.4,-14.9,19.1,1.1,18.8,84.9,2028,1.7,-35.4,4.3,1.6,20.6,85.8,1543,-11,-28.1,14.9,1.2,10,79.4,1955,7.3,-55.1,12.7,1.7,,,,,,,,,,,,,,,,,,,,,,,,,,,,,,,,,,,,,,,,,,,,,,,,,,,,,,,,
"Richards, Trevor",670950,2019,26,30,135.1,580,21.9,9.7,0.235,0.41,0.316,0.312,7.1,4.3,34.7,26.3,49,37.8,26.8,26.5,8.9,R,2287,43.7,90.8,2139,-7.9,-15.1,19.8,1,,,,,,,,38.4,83.4,2392,-15.5,-30.6,17.9,1.2,7.3,78.9,2228,3.9,-51.9,8.6,1.6,,,,,,,,10.6,85.2,2030,4.1,-32.3,7.7,2.1,,,,,,,,,,,,,,,,,,,,,,,,,,,,,,,,,,,,,,,,,,
"Bashlor, Tyler",641341,2019,26,24,22,103,19.4,16.5,0.228,0.451,0.357,0.343,9.1,3,40.3,25.1,44.2,33.3,39.4,19.7,7.6,R,381,62.2,95.6,2567,-11.3,-13.4,20.4,1.5,25.7,82.2,2456,4,-48.6,8.4,1.3,12.1,87.4,1716,-15.2,-29,17,1.1,,,,,,,,,,,,,,,,,,,,,,,,,,,,,,,,,,,,,,,,,,,,,,,,,,,,,,,,,,,,,,,
"Lynn, Lance",458681,2019,32,33,208.1,875,28.1,6.7,0.222,0.372,0.294,0.283,6.2,3.9,33.8,28.5,49,40.7,23.8,27.9,7.5,R,3435,54.1,94.6,2482,-6.1,-15.9,16,1.5,,,,,,,,3,86.9,1811,-12.6,-29.6,14.4,2.1,9.5,81.2,2352,7.8,-52,12.6,1.7,17.2,92.8,2308,-12.9,-24.4,14.8,1.5,16.2,89,2583,3.3,-29.6,7,1.9,,,,,,,,,,,,,,,,,,,,,,,,,,,,,,,,,,,,,,,,,,
"Marshall, Evan",605359,2019,29,55,50.2,209,19.6,11.5,0.232,0.384,0.289,0.304,2.8,5.6,30.6,24.6,47.8,52.1,17.4,21.5,9,R,834,23.4,93.7,2469,-10.9,-18,17.9,1.1,,,,,,,,39.2,87.6,1717,-15.4,-34.9,15.7,1.2,16.7,83.2,2734,8.6,-49.5,12.4,1.5,20.7,93.4,2289,-16.6,-24.7,18.2,1.1,,,,,,,,,,,,,,,,,,,,,,,,,,,,,,,,,,,,,,,,,,,,,,,,,
"Adams, Austin",613534,2019,28,30,32,130,40.8,12.3,0.177,0.315,0.271,0.27,6.7,1.7,44.8,40.2,44.2,50,26.7,18.3,5,R,530,32.8,95.1,2601,-7.2,-18.4,14.8,1.1,63.6,89.4,2829,6.6,-34.4,7.5,1.2,,,,,,,,,,,,,,,3.6,95.4,2497,-13.6,-24.9,15.2,1.3,,,,,,,,,,,,,,,,,,,,,,,,,,,,,,,,,,,,,,,,,,,,,,,,,
"Sadzeck, Connor",592712,2019,27,20,23.2,107,25.2,14,0.209,0.391,0.296,0.316,6.3,3.2,34.9,24.9,44.6,46,12.7,27,14.3,R,424,37.7,96.4,2298,-10.8,-15.3,18.3,1.5,51.2,89.9,2287,-0.1,-27.2,7.7,1.5,2.1,90.6,2163,-11.4,-27.8,13,1.6,,,,,,,,9,94.3,2080,-17.7,-23.8,19.3,1.2,,,,,,,,,,,,,,,,,,,,,,,,,,,,,,,,,,,,,,,,,,,,,,,,,
"Wilson, Justin",458677,2019,31,45,39,166,26.5,11.4,0.203,0.308,0.294,0.276,4,6.9,27.7,25.4,49.4,52.5,19.8,24.8,3,L,691,52.5,95,2374,3.9,-12.1,19.3,1.1,8.2,83.8,2566,-6.9,-43,7.7,1.4,,,,,,,,,,,,,,,,,,,,,,39.2,90.1,2459,-5.3,-25.4,10.7,1.3,,,,,,,,,,,,,,,,,,,,,,,,,,,,,,,,,,,,,,,,,,
"Means, John",607644,2019,26,31,155,637,19,6,0.236,0.417,0.295,0.302,7.2,3.6,30.7,22.1,48,31.6,32,26.5,10,L,2680,50.7,91.8,2376,5.9,-13.3,20.8,1.2,14.4,83.6,2326,-4.6,-33.5,8,1.7,28.9,80.9,2332,12.3,-24.6,22.2,1.7,1.8,77.8,2268,-8.2,-51.3,9.8,1.6,,,,,,,,,,,,,,,,,,,,,,,,,,,,,,,,,,,,4.1,76.2,2215,-1.8,-52.8,4.9,1.6,,,,,,,,,,,,,,
"Jiménez, Joe",641729,2019,24,66,59.2,257,31.9,8.9,0.211,0.405,0.334,0.299,4.7,2,33.1,31.4,50.1,29.7,35.1,23,12.2,R,1055,68.3,95.1,2528,-10.9,-12.5,21,1.3,25.9,86.2,2329,5.4,-32.9,7.2,1.7,5.8,89.2,2091,-16.8,-27.3,18.3,1.3,,,,,,,,,,,,,,,,,,,,,,,,,,,,,,,,,,,,,,,,,,,,,,,,,,,,,,,,,,,,,,,
"Shoemaker, Matt",533167,2019,32,5,28.2,108,22.2,8.3,0.249,0.488,0.238,0.341,5.4,0,39.2,28.5,49.5,51.4,17.6,20.3,10.8,R,418,17.2,90.3,2197,-9.2,-17,19.4,1.6,17.7,81.7,2036,1.9,-38.9,4.2,1.5,,,,,,,,2.4,76.4,2005,10.4,-51.8,11.3,1.6,30.1,90.5,2066,-16.1,-21.9,20.1,1.6,,,,,,,,32.5,84.3,1167,-12,-34.1,13.4,1.6,,,,,,,,,,,,,,,,,,,,,,,,,,,,,,,,,,,
"Brennan, Brandon",592165,2019,27,44,47.1,195,24.1,11.8,0.218,0.368,0.272,0.29,2.4,4.8,32.8,33.9,46.8,54.4,17.6,24.8,3.2,R,712,2.9,94.6,2303,-16.4,-20,20.3,1.3,6.5,87.1,2097,-1,-33.4,4.5,1.4,41.9,84.6,1670,-16.7,-34,18,1.3,,,,,,,,48.7,94.7,2228,-19.4,-26.4,20.2,1.1,,,,,,,,,,,,,,,,,,,,,,,,,,,,,,,,,,,,,,,,,,,,,,,,,
"Dyson, Sam",473879,2019,31,61,62.1,249,22.1,5.2,0.228,0.37,0.274,0.282,5.6,4.5,36.5,18.2,49.8,56.2,19.1,20.8,3.9,R,847,9.9,94,2337,-8.9,-20.2,15,1.3,7,82.8,3270,17.3,-51.7,19.8,1.5,10.6,87.3,1986,-17.1,-36.2,17.4,1.3,,,,,,,,45.2,93.8,2251,-17.2,-29.1,17.7,1.2,27.3,91.1,2588,0.9,-26.5,8.5,1.7,,,,,,,,,,,,,,,,,,,,,,,,,,,,,,,,,,,,,,,,,,
"Canning, Griffin",656288,2019,23,18,90.1,384,25,7.8,0.221,0.405,0.312,0.303,5.6,4,32.4,32.3,45.3,38.8,28.8,22.8,9.6,R,1552,42.3,93.9,2335,-9.1,-13.9,20.2,1.2,28.9,88.9,2506,2,-28.6,7.5,1.3,12.8,89.1,1671,-14.9,-26,18,1.3,16,82,2425,9.3,-47.9,11.2,1.4,,,,,,,,,,,,,,,,,,,,,,,,,,,,,,,,,,,,,,,,,,,,,,,,,,,,,,,,
"Britton, Zack",502154,2019,31,66,61.1,244,21.7,12.7,0.199,0.3,0.247,0.276,2.5,2.5,36.5,27.3,42,76.7,8.2,14.5,0.6,L,933,,,,,,,,13.6,80.6,2562,-11.2,-51.5,13.6,1.4,,,,,,,,,,,,,,,86.4,94.7,1999,13,-23.9,15,1.1,,,,,,,,,,,,,,,,,,,,,,,,,,,,,,,,,,,,,,,,,,,,,,,,,
"Maeda, Kenta",628317,2019,31,37,153.2,624,27.1,8.2,0.214,0.342,0.274,0.274,4,5.3,28.7,32.1,48.9,41,24.5,25,9.5,R,2433,34.2,92.1,2287,-6.9,-17.1,17,1.3,31.1,83.5,2525,4.7,-33.9,8.7,1.7,,,,,,,,7.3,77.1,2685,11.2,-59.3,16.2,1.7,3.2,91.9,2228,-15,-23.2,18,1.1,,,,,,,,24.1,84.9,1522,-12.4,-34.4,13.5,1.1,,,,,,,,,,,,,,,,,,,,,,,,,,,,,,,,,,,
"Glasnow, Tyler",607192,2019,25,12,60.2,230,33,6.1,0.176,0.292,0.222,0.231,4.3,2.9,32.1,28.4,43.7,50,18.6,20,11.4,R,902,67.2,96.9,2279,0,-12.7,15.1,1.5,,,,,,,,3.5,92.6,1774,-10.7,-22.6,13.5,1.5,29.3,83.5,2907,5.6,-56.1,18.3,1.6,,,,,,,,,,,,,,,,,,,,,,,,,,,,,,,,,,,,,,,,,,,,,,,,,,,,,,,,
"Rondón, Héctor",444468,2019,31,62,60.2,257,18.7,7.8,0.231,0.401,0.319,0.306,3.8,5.9,34.2,22.6,47.7,50.8,24.9,18.4,5.9,R,972,45.6,96.7,2085,-7.9,-14.4,17.1,1.2,35.5,86.8,2348,5.9,-37.6,6.5,1.6,4.4,90.6,1814,-16.4,-28.2,17.3,1.6,,,,,,,,14.5,96.6,2036,-16.3,-19.4,19.2,1.2,,,,,,,,,,,,,,,,,,,,,,,,,,,,,,,,,,,,,,,,,,,,,,,,,
"Givens, Mychal",571710,2019,29,58,63,260,33.1,10,0.218,0.416,0.303,0.306,8.2,3.4,39.7,34.1,50.2,39,24,30.1,6.8,R,1092,70.2,95.3,2383,-10,-17.7,16.1,1.6,15.3,87.1,2476,4.4,-31.5,7.2,1.9,14.5,84.7,2101,-13,-42.3,13.7,1.2,,,,,,,,,,,,,,,,,,,,,,,,,,,,,,,,,,,,,,,,,,,,,,,,,,,,,,,,,,,,,,,
"Davis, Austin",656354,2019,26,14,20.2,98,24.5,14.3,0.263,0.463,0.389,0.369,7,5.3,35.1,25,47.2,40.4,31.6,26.3,1.8,L,407,58,93.8,2430,12,-16.1,19.7,1.5,6.6,84.5,2533,-3.8,-34.7,6.1,1.5,18.2,84.8,2249,16.8,-28.6,19.4,1.6,17.2,82.6,2622,-5.8,-44.8,7.6,1.7,,,,,,,,,,,,,,,,,,,,,,,,,,,,,,,,,,,,,,,,,,,,,,,,,,,,,,,,
"Minter, A.J.",621345,2019,25,36,29.1,147,23.8,15.6,0.264,0.44,0.36,0.346,6.8,2.3,34.1,30.4,49.8,39.8,23.9,33,3.4,L,588,39.1,96,2326,6.8,-13.8,17.7,1.2,0.2,86.3,2156,-4.8,-30.2,7.9,,16.2,86.1,1696,13.8,-33.2,14.8,1.4,,,,,,,,0.2,94.2,2379,11.9,-20.2,16,,44.4,91.5,2437,-3.3,-25.2,8.8,1.3,,,,,,,,,,,,,,,,,,,,,,,,,,,,,,,,,,,,,,,,,,
"Beeks, Jalen",656222,2019,25,33,104.1,464,19.2,8.6,0.273,0.445,0.337,0.342,8,4,35.9,24.1,45.9,47.5,18.4,27.9,6.1,L,1820,44,92,2005,5.2,-15.7,17.7,1.6,,,,,,,,31.4,87.2,1837,15.6,-28.6,17.5,1.3,18.8,75.1,2586,-10.9,-64.4,17.9,1.6,0.1,92.7,2047,11.9,-18.1,18.5,1.5,5.7,85.9,2167,-1.1,-30.1,7.9,1.9,,,,,,,,,,,,,,,,,,,,,,,,,,,,,,,,,,,,,,,,,,
"Loáisiga, Jonathan",642528,2019,24,15,31.2,139,26.6,11.5,0.239,0.411,0.342,0.323,10.6,2.4,40,33.1,44.9,40,23.5,30.6,5.9,R,591,47.7,96.8,2422,-5,-13,17.2,1.5,,,,,,,,12.9,89.6,1699,-13.4,-24.3,16.8,1.4,30.8,84.2,2805,8,-45.2,10.3,1.6,8.6,96.9,2352,-14.3,-17.4,18.7,1.4,,,,,,,,,,,,,,,,,,,,,,,,,,,,,,,,,,,,,,,,,,,,,,,,,
"Mayers, Mike",594577,2019,27,16,19,89,18,13.5,0.298,0.515,0.37,0.384,8.3,1.7,44.6,28.5,42.3,21.7,30,38.3,10,R,338,51.8,94.8,2353,-9.9,-14,19.7,1.7,37.9,85.7,2199,3.9,-38.2,4.4,2.2,1.8,89.2,2129,-10.3,-18.8,19.3,1.4,8.6,76.8,2620,11.6,-60.1,16.8,1.6,,,,,,,,,,,,,,,,,,,,,,,,,,,,,,,,,,,,,,,,,,,,,,,,,,,,,,,,
"Taillon, Jameson",592791,2019,27,7,37.1,158,19,5.1,0.266,0.439,0.284,0.318,6.8,3.4,39.8,24.1,51.5,50.8,16.9,27.1,5.1,R,555,26.7,94.7,2328,-1.2,-17.2,13.5,1.1,31.9,88.7,2473,5.4,-30,7.8,1.7,5.4,88,1897,-11.7,-27.7,14.5,1.3,15.7,82.2,2746,10.4,-52.7,15.7,1.4,20.4,94.9,2289,-11.7,-19.8,16,1.3,,,,,,,,,,,,,,,,,,,,,,,,,,,,,,,,,,,,,,,,,,,,,,,,,
"Leclerc, José",600917,2019,25,70,68.2,299,33.4,13,0.165,0.268,0.306,0.26,5.2,4.5,28.3,33,44,37.7,24.7,24.7,13,R,1275,41,96.8,2655,-2.9,-12.7,18,1.4,37.1,82,2713,10.9,-41.7,11.4,1.7,11.8,89.8,2206,-13.5,-23.5,17.8,1.5,1.3,76.9,2667,11.2,-60,16,1.6,8.8,96.5,2430,-13.9,-19.4,17.9,1.3,,,,,,,,,,,,,,,,,,,,,,,,,,,,,,,,,,,,,,,,,,,,,,,,,
"Covey, Dylan",592229,2019,27,18,58.2,279,14.7,9.7,0.324,0.555,0.372,0.399,5.8,3.8,37,17.9,45.4,43.8,21.2,30.3,4.8,R,1018,17.7,94.1,2120,-4.1,-16.3,15.8,1.7,,,,,,,,0.1,83.7,1611,-10.3,-32.9,12.3,,9.9,82,2447,3.4,-46.9,6.3,2.2,32.8,94.4,2072,-12.2,-17.8,18.2,1.5,21.3,91,2156,2.9,-24,10.3,1.3,18.2,85.8,1303,-9.2,-33.1,10.6,1.3,,,,,,,,,,,,,,,,,,,,,,,,,,,,,,,,,,,
"Marvel, James",621086,2019,25,4,17.1,84,10.7,7.1,0.313,0.462,0.423,0.365,7.5,3,37.3,20.8,46.5,53.7,16.4,23.9,6,R,331,20.8,90.3,1882,-7.5,-23.1,14.4,1,,,,,,,,19.9,84.5,1264,-10.9,-39.4,11.2,1.1,26.3,79.6,2283,10.5,-56.4,14.8,1.2,32.9,90.6,1835,-14.7,-28.4,16.5,1.1,,,,,,,,,,,,,,,,,,,,,,,,,,,,,,,,,,,,,,,,,,,,,,,,,
"Stumpf, Daniel",621385,2019,28,48,29,135,20.7,11.1,0.266,0.47,0.362,0.342,6.5,2.2,45.7,24.9,44.6,37,27.2,29.3,6.5,L,522,52.1,92.2,2376,9,-15.8,19.6,1.5,37.9,81.4,2257,-3.7,-41.8,5,1.9,10,85.9,1626,14.1,-27.4,17.9,1.3,,,,,,,,,,,,,,,,,,,,,,,,,,,,,,,,,,,,,,,,,,,,,,,,,,,,,,,,,,,,,,,
"Lakins Sr., Travis",664042,2019,25,16,23.1,102,17.6,9.8,0.251,0.409,0.311,0.325,5.5,1.4,42.5,25,44.6,47.9,24.7,24.7,2.7,R,395,39.7,93.7,2217,-4.7,-16,16.7,1.4,,,,,,,,3.5,87.3,1574,-14.6,-31.3,15.9,1.4,19.5,81.7,2747,9.8,-55.2,16,1.5,,,,,,,,37.2,90.4,2497,5.3,-28.3,8.8,1.6,,,,,,,,,,,,,,,,,,,,,,,,,,,,,,,,,,,,,,,,,,
"Sabathia, CC",282332,2019,38,23,107.1,468,22.9,8.3,0.242,0.421,0.351,0.315,5.3,4.4,30.5,25.1,47.5,41.2,28.6,23,7.2,L,1729,1.3,88.8,2098,6.4,-22.9,12.6,1.3,30.2,79.2,2208,-10.7,-41.9,11.4,1.3,12.2,82.7,1885,8.8,-30.8,12,1.2,,,,,,,,14.3,89.1,2051,13.3,-25.2,15.8,1.6,42,88.3,2194,0.1,-23.8,10.6,1.5,,,,,,,,,,,,,,,,,,,,,,,,,,,,,,,,,,,,,,,,,,
"Rodríguez, Richard",593144,2019,29,72,65.1,285,22.1,8.1,0.234,0.412,0.315,0.304,5.1,1,39.2,23.6,48.9,43.9,26.5,16.3,13.8,R,1150,81.9,93.2,2506,-13.7,-16.4,20.5,1.1,14.3,81.6,2421,5.2,-45.9,7.6,1.3,0.4,86.9,1833,-12.7,-21.6,19.1,1.4,,,,,,,,3.3,92.7,2432,-16.7,-21.5,19.5,1.3,,,,,,,,,,,,,,,,,,,,,,,,,,,,,,,,,,,,,,,,,,,,,,,,,
"Gott, Trevor",641627,2019,26,50,52.2,214,26.6,7.9,0.227,0.399,0.261,0.299,6.5,2.9,37,24,48.4,43.5,23.9,23.2,9.4,R,913,66.9,94.7,2155,-8.2,-17.2,16.3,1.1,1.4,86,2314,4.5,-34,6.2,1.5,3.8,89,1333,-15.4,-31.1,16.1,1.5,17.7,81.1,2099,10.8,-53.3,14.7,1.3,10.1,94.4,2048,-16.1,-22.4,18.6,1.2,,,,,,,,,,,,,,,,,,,,,,,,,,,,,,,,,,,,,,,,,,,,,,,,,
"Guerrieri, Taylor",605260,2019,26,20,26.1,123,22,17.9,0.215,0.355,0.372,0.327,6.9,2.8,36.1,19.1,40.5,55.6,19.4,19.4,5.6,R,490,2.2,93.8,2224,-11.5,-17.1,19.2,1.4,,,,,,,,10,86.8,1734,-14,-34.4,14.6,1.3,44.5,80.5,2998,11.1,-63.5,21.8,1.6,43.1,93.8,2165,-16.2,-23.4,18.5,1.2,0.2,87.7,1262,-6.1,-36.2,6.1,,,,,,,,,,,,,,,,,,,,,,,,,,,,,,,,,,,,,,,,,,,
"Herrera, Kelvin",516969,2019,29,57,51.1,235,22.6,9.8,0.263,0.43,0.339,0.32,2.5,4.4,31.6,26.3,49.9,38.6,22.2,27.2,12,R,907,35.4,96.3,2229,-5.6,-15,16,1.6,12.7,81.7,2676,13.6,-45.7,14.2,2.1,19.5,88.6,1781,-13.7,-25.4,17.1,1.7,,,,,,,,21.3,95.4,2192,-11.5,-16.1,18.4,1.4,11.1,91.3,2289,1.8,-23.3,10.6,1.7,,,,,,,,,,,,,,,,,,,,,,,,,,,,,,,,,,,,,,,,,,
"Hellickson, Jeremy",476451,2019,32,9,39,183,16.4,10.9,0.293,0.527,0.375,0.38,6.1,7.6,35.6,16.3,40.9,39.4,25,25,10.6,R,675,2.5,88.6,2126,-10.2,-20.3,18.7,1.5,,,,,,,,25.8,79.8,1861,-8.8,-34.1,13.4,1.7,13.3,73.7,2845,12,-67.7,18.7,2.1,41.3,88.7,2118,-15.8,-23.9,19.8,1.2,17,85.7,2426,-1.1,-24.7,13.7,1.5,,,,,,,,,,,,,,,,,,,,,,,,,,,,,,,,,,,,,,,,,,
"Markel, Parker",571917,2019,28,20,22,110,21.8,15.5,0.262,0.471,0.41,0.373,7.6,0,36.4,27.1,40.9,36.4,28.8,27.3,7.6,R,460,40.4,95.6,2400,-12.1,-15.8,19.1,1,50.9,83.1,2706,10.2,-42.9,10.9,1.6,1.3,84.6,1557,-10.6,-28.5,14.9,1.4,,,,,,,,7.4,95.3,2311,-17.2,-22.1,19.2,1.2,,,,,,,,,,,,,,,,,,,,,,,,,,,,,,,,,,,,,,,,,,,,,,,,,
"Colomé, Alex",517008,2019,30,62,61,249,22.1,9.2,0.243,0.44,0.261,0.326,7.6,0.6,41.2,29,49.8,45.3,24.7,27.1,2.9,R,975,28.8,94.4,2127,-3.7,-13.3,18.3,1.2,,,,,,,,2.9,91.2,2138,-7.2,-23.8,11.9,1.3,,,,,,,,,,,,,,,68.3,90.4,2149,1.2,-26.2,8.4,1.4,,,,,,,,,,,,,,,,,,,,,,,,,,,,,,,,,,,,,,,,,,
"Flynn, Brian",543169,2019,29,11,29.1,139,15.8,12.2,0.315,0.471,0.379,0.38,6.2,3.1,36.1,19.7,43.5,46.4,20.6,28.9,4.1,L,513,20.5,90.7,2264,8.1,-18.2,16.7,1.2,41.7,82.4,2323,-4.2,-39.3,4.8,1.6,1.4,82.6,1671,10.6,-29.2,14.8,1.4,,,,,,,,36.5,90.3,2227,13.3,-23.1,16.7,1.5,,,,,,,,,,,,,,,,,,,,,,,,,,,,,,,,,,,,,,,,,,,,,,,,,
"Trivino, Lou",642152,2019,27,61,60,269,21.2,11.5,0.221,0.338,0.333,0.294,2.8,5.1,32,28.1,48.3,46.6,21.9,20.2,11.2,R,953,33.9,97.4,2111,-9.4,-14.6,17.3,1.1,,,,,,,,4.8,87.6,1765,-16.7,-32.3,17.3,1.3,10.5,79.8,2505,12.6,-51.9,15,1.4,17.3,97.4,2146,-15.7,-18.8,18.8,1.1,33.5,92.1,2434,0.9,-24.8,8.3,1.5,,,,,,,,,,,,,,,,,,,,,,,,,,,,,,,,,,,,,,,,,,
"Hendricks, Kyle",543294,2019,29,30,177,730,20.5,4.4,0.248,0.393,0.29,0.294,5.2,6.1,31.5,22,49.3,43.7,22.7,25.1,8.6,R,2690,20.5,87.2,2044,-6.7,-21.7,16.4,1.2,,,,,,,,28.1,78.6,2115,-13.1,-34.1,17.3,1.1,9.8,71.4,2784,15.7,-68,19.6,1.4,41.6,86.7,1959,-12.7,-26.9,16.3,1.2,,,,,,,,,,,,,,,,,,,,,,,,,,,,,,,,,,,,,,,,,,,,,,,,,
"Gearrin, Cory",518715,2019,33,66,55.1,241,19.5,10.4,0.258,0.407,0.318,0.33,3.6,1.2,36.8,19.9,44.1,46.1,21.8,27.9,4.2,R,903,8.4,91,2311,-16,-25.1,18.5,1.4,40.3,85.2,2826,3.6,-33.9,7,1.7,15,85.3,2225,-17.6,-39.3,17.8,1.1,,,,,,,,36.3,91.3,2276,-19.9,-31.7,20.1,1.2,,,,,,,,,,,,,,,,,,,,,,,,,,,,,,,,,,,,,,,,,,,,,,,,,
"Duffy, Danny",518633,2019,30,23,130.2,555,20.7,8.3,0.26,0.467,0.323,0.341,7,4.4,37.8,24.1,47.6,35.8,27.2,28,9.1,L,2161,44.2,92.3,2242,7.2,-14.6,18.7,1.5,26.3,84,2310,-3.1,-37.6,5.1,1.9,11.5,83.8,2295,14.8,-27.5,18.6,1.5,9,76.1,2346,-8.6,-63.2,17.9,1.6,8.9,92.1,2181,12.8,-18,18.9,1.6,,,,,,,,,,,,,,,,,,,,,,,,,,,,,,,,,,,,,,,,,,,,,,,,,
"Hudson, Daniel",543339,2019,32,69,73,304,23.4,8.9,0.221,0.421,0.277,0.306,5.9,4.5,41.1,22.8,49.7,37.6,29.2,24.3,8.9,R,1216,63.3,96.2,2469,-8.5,-14.5,17.8,0.9,23.3,86.7,2642,2.3,-35.2,4.3,1.8,5.9,88.6,2383,-18,-23.8,21.5,1.4,,,,,,,,7.5,95.6,2445,-16.1,-20,19.3,1,,,,,,,,,,,,,,,,,,,,,,,,,,,,,,,,,,,,,,,,,,,,,,,,,
"Alvarado, José",621237,2019,24,35,30,146,26.7,18.5,0.234,0.362,0.328,0.325,11.3,3.8,35,30.7,41.1,50,17.5,28.7,3.8,L,586,0.9,98,2221,2.6,-11.8,16.7,1.5,,,,,,,,,,,,,,,3.8,86.8,2523,-3,-40.5,5.6,1.4,78.5,98.1,2180,11.6,-14.9,17.9,1.3,16.9,92.4,2533,-1.3,-27.6,5.8,1.5,,,,,,,,,,,,,,,,,,,,,,,,,,,,,,,,,,,,,,,,,,
"Martin, Corbin",656686,2019,23,5,19.1,92,20.7,13,0.257,0.475,0.419,0.354,8.2,0,47.5,23.8,39.5,42.6,26.2,21.3,9.8,R,372,62.6,95.3,2413,-5.5,-14.3,17.3,1.4,7.3,89,2448,4.8,-31,7,1.4,11,87.3,2046,-16.6,-32.4,17.4,1.4,19.1,83.6,2666,10.2,-46.9,12.2,1.5,,,,,,,,,,,,,,,,,,,,,,,,,,,,,,,,,,,,,,,,,,,,,,,,,,,,,,,,
"Kela, Keone",605309,2019,26,32,29.2,119,27.7,9.2,0.203,0.357,0.262,0.28,1.4,2.7,33.8,26.6,44,36.5,25.7,24.3,13.5,R,504,53.2,96.2,2266,-3.8,-11.8,17.9,1.3,,,,,,,,3,90.4,1846,-10,-20.1,16.7,1.3,43.8,81.8,2380,1.7,-47.3,7.1,1.7,,,,,,,,,,,,,,,,,,,,,,,,,,,,,,,,,,,,,,,,,,,,,,,,,,,,,,,,
"Alcantara, Sandy",645261,2019,23,32,197.1,838,18,9.7,0.244,0.424,0.308,0.322,6.5,4.5,34.3,23.5,49.6,45.5,24.1,22.7,7.7,R,3090,30.2,95.6,2356,-9.3,-15.8,17.7,1.6,21.5,86,2478,4.3,-37,5.5,1.6,12.1,89.1,1923,-16.1,-30.5,17,1.4,8.6,82,2481,5.5,-47.5,7.7,2.3,27.6,95.3,2393,-17.2,-22.9,19.1,1.6,,,,,,,,,,,,,,,,,,,,,,,,,,,,,,,,,,,,,,,,,,,,,,,,,
"Scott, Tanner",656945,2019,24,28,26.1,122,30.3,15.6,0.216,0.366,0.363,0.314,6.3,1.6,42.2,33.8,46,51.6,20.3,28.1,0,L,463,55.5,95.9,2412,8,-17,15.5,1.3,41.3,88.7,2586,-4.4,-34.4,5,1.5,,,,,,,,,,,,,,,3.2,95.5,2337,14.6,-24.5,15.7,1.3,,,,,,,,,,,,,,,,,,,,,,,,,,,,,,,,,,,,,,,,,,,,,,,,,
"Rodriguez, Eduardo",593958,2019,26,34,203.1,859,24.8,8.7,0.223,0.375,0.307,0.292,5,4.1,29.4,27.4,46.4,49.5,23.2,21.3,6,L,3495,38.7,93,2202,8.9,-18.1,16.7,1.3,2.4,85.2,2211,-5.3,-34.9,7.4,3.1,23.7,87.7,2049,17.5,-30.1,18.6,1.5,3.2,82.4,2285,-4.1,-46.1,6.8,2.5,15.8,93,2142,15,-22,18.2,1.4,16.2,88.5,2226,-1.2,-27.2,8.5,1.7,,,,,,,,,,,,,,,,,,,,,,,,,,,,,,,,,,,,,,,,,,
"Kittredge, Andrew",552640,2019,29,37,49.2,210,27.6,5.7,0.228,0.369,0.305,0.281,5.1,4.3,34.1,31.3,52.7,50,20.3,24.6,5.1,R,817,18.5,95.2,2351,-9.2,-12.7,19.8,1,37.3,88.3,2744,7.3,-33.8,7.7,1.3,4.5,85.8,1114,-7.4,-34.8,8.6,1.4,,,,,,,,39.7,94.8,2290,-17.6,-20,20.5,1,,,,,,,,,,,,,,,,,,,,,,,,,,,,,,,,,,,,,,,,,,,,,,,,,
"Gaviglio, Sam",543208,2019,29,52,95.2,392,22.4,5.6,0.232,0.428,0.3,0.302,7.2,4.7,35.3,27.8,45.2,48.2,26.6,18.3,6.8,R,1427,,,,,,,,44.3,84.3,2140,0.7,-34.6,5.1,1.3,9.7,82.5,1232,-12.7,-37.1,13.7,1.6,3.6,79.8,2128,5.2,-47,6.6,1.4,42.4,89.2,2092,-13.5,-26,16,1.2,,,,,,,,,,,,,,,,,,,,,,,,,,,,,,,,,,,,,,,,,,,,,,,,,
"Chirinos, Yonny",630023,2019,25,26,133.1,530,21.5,5.3,0.256,0.451,0.286,0.318,4.4,4.7,33.8,22.4,49.6,44.4,22.3,25.2,8.1,R,1985,1,94.3,2399,-8.7,-14.5,19,1.5,21.6,87.5,2335,3.6,-29.6,7.7,1.8,,,,,,,,,,,,,,,55,93.9,2278,-17.2,-20.1,20.6,1.6,,,,,,,,22.5,85.9,1294,-9.6,-33.6,11,1.7,,,,,,,,,,,,,,,,,,,,,,,,,,,,,,,,,,,
"Walden, Marcus",519393,2019,30,70,78,327,23.2,9.8,0.236,0.352,0.28,0.301,5.1,0.9,36,29.1,48.8,55.6,14.5,22,7.9,R,1268,19.3,94.1,2228,-2.7,-19.6,11,1.1,37.2,85.6,2381,10.5,-38.9,11,1.2,,,,,,,,,,,,,,,17.7,94,2100,-11.1,-24.4,12.9,1.1,25.8,91.7,2279,2.4,-26,6.5,1.1,,,,,,,,,,,,,,,,,,,,,,,,,,,,,,,,,,,,,,,,,,
"Lucchesi, Joey",664192,2019,26,30,163.2,686,23,8.2,0.227,0.39,0.298,0.297,6.6,4,36.4,25.3,45.3,48.7,25.3,20,6,L,2641,,,,,,,,,,,,,,,,,,,,,,35.1,78.9,2091,-1.7,-45.2,3,1.8,51.3,90.1,2215,11.8,-20.7,17.6,1.4,13.6,90.5,2232,2.7,-18,15.7,1.3,,,,,,,,,,,,,,,,,,,,,,,,,,,,,,,,,,,,,,,,,,
"Verlander, Justin",434378,2019,36,34,223,847,35.4,5,0.186,0.346,0.243,0.248,6.4,3,33.3,33.6,51.9,36.1,30.5,22.9,10.4,R,3242,49.9,94.6,2577,-10.1,-10.7,23,1.3,28.7,87.5,2612,4.1,-30.2,7.8,1.3,4.2,86.9,1866,-16.3,-26.5,19.5,1.3,17.3,79.4,2821,7.6,-57.4,14.6,1.4,,,,,,,,,,,,,,,,,,,,,,,,,,,,,,,,,,,,,,,,,,,,,,,,,,,,,,,,
"Bolaños, Ronald",671790,2019,22,5,19.2,88,21.6,13.6,0.289,0.444,0.338,0.365,7.1,1.8,48.2,23.9,41,41.1,25,30.4,3.6,R,344,54.9,94.3,2239,-7.9,-15.8,17.1,2,11,83,2574,6.5,-37.4,8.2,2.1,5.2,86.2,1376,-9.4,-27.8,12.9,1.6,20.6,76.4,2650,14.7,-51.9,15.6,2.7,8.1,94.1,2238,-12.6,-18.7,17.5,1.5,,,,,,,,,,,,,,,,,,,,,,,,,,,,,,,,,,,,,,,,,,,,,,,,,
"Williams, Trevor",592866,2019,27,26,145.2,636,17.8,6.9,0.271,0.478,0.351,0.341,6.1,3.2,35.6,22.1,50.3,38.6,27.3,24.8,9.3,R,2327,51.9,91.7,2203,-6.4,-18.2,15.4,1.3,20.1,82.9,2202,6.3,-38,6.9,1.6,12.1,83.6,1814,-14.1,-29.7,16.8,1.3,0.9,76.7,2259,7.5,-50.9,8.6,1.4,15,89.6,1937,-14.2,-26.6,16,1.4,,,,,,,,,,,,,,,,,,,,,,,,,,,,,,,,,,,,,,,,,,,,,,,,,
"Ross, Tyson",475115,2019,32,7,35.1,162,15.4,11.1,0.302,0.548,0.364,0.393,2.5,1.7,43.2,16.9,42.9,50.8,18.6,24.6,5.9,R,594,34,89.6,2498,-0.3,-25.9,9.3,1.5,28.1,83.6,2640,6.5,-42.7,7.1,1.2,,,,,,,,,,,,,,,1.2,89.8,2376,-8.8,-26.2,12.5,1.5,36.7,89.1,2473,2.8,-27.5,8.6,1.5,,,,,,,,,,,,,,,,,,,,,,,,,,,,,,,,,,,,,,,,,,
"Barlow, Scott",605130,2019,26,61,70.1,310,29.7,11.9,0.219,0.356,0.314,0.297,7.9,0,37.1,33.8,46.2,41,26.4,27,5.6,R,1300,35,94.1,2303,-3.9,-16.4,14.3,1.6,43.5,83.8,2445,8.4,-42.1,9.2,1.9,0.2,87.3,1593,-12.7,-26.3,15.1,1.5,13.3,77.2,2516,14.9,-58,19.3,1.7,8,93.8,2200,-12.8,-22.8,14.8,1.6,,,,,,,,,,,,,,,,,,,,,,,,,,,,,,,,,,,,,,,,,,,,,,,,,
"Crichton, Stefan",592233,2019,27,28,30.1,123,26.8,6.5,0.254,0.421,0.25,0.314,10,5,40,24.3,45.8,52.5,21.3,18.8,7.5,R,467,1.9,93.6,2121,-11.5,-18.3,17.9,1.4,,,,,,,,3.4,87.3,1773,-11.4,-31.7,12.5,1.4,33,78.8,2546,12.8,-54.7,15.8,1.2,61.7,93,2047,-16.9,-24.8,18.5,1,,,,,,,,,,,,,,,,,,,,,,,,,,,,,,,,,,,,,,,,,,,,,,,,,
"Payano, Pedro",622797,2019,24,6,22,103,16.5,14.6,0.316,0.49,0.386,0.395,5.7,4.3,40,26.4,42.7,47.1,24.3,24.3,4.3,R,417,,,,,,,,20.6,84.2,2543,3.7,-36.6,5.6,1.2,19.7,83.2,1974,-16.2,-32.6,17.8,1.8,13.2,79.8,2763,8.2,-48.1,9.4,1.4,46.5,93.5,2366,-14.2,-18.5,19.4,1.1,,,,,,,,,,,,,,,,,,,,,,,,,,,,,,,,,,,,,,,,,,,,,,,,,
"Sherfy, James",642073,2019,27,17,18.1,83,26.5,6,0.269,0.455,0.364,0.332,9.1,1.8,36.4,28.3,43.7,21.8,29.1,32.7,16.4,R,316,36.4,92.5,2161,-4.9,-16.5,16.6,1.4,50.9,78.2,2574,8.8,-49.6,9.7,2.2,6.3,85.5,1803,-8.8,-27.4,15.1,1.6,6.3,71.2,2314,8.3,-57.4,8.8,1.6,,,,,,,,,,,,,,,,,,,,,,,,,,,,,,,,,,,,,,,,,,,,,,,,,,,,,,,,
"Newberry, Jake",623470,2019,24,27,31,137,21.2,11.7,0.251,0.526,0.345,0.357,9.9,1.1,40.7,27.5,45.8,34.1,30.8,26.4,8.8,R,539,51.9,93.8,2374,-4.6,-15.7,16.8,1.2,44.5,83.6,2438,5.5,-41.4,6.1,1.4,2.8,87.1,1626,-7.3,-27.2,12.3,1.5,,,,,,,,0.7,90.8,2410,-14.9,-19.3,20.8,1.4,,,,,,,,,,,,,,,,,,,,,,,,,,,,,,,,,,,,,,,,,,,,,,,,,
"Velázquez, Hector",584171,2019,30,34,56.1,247,19.8,11.3,0.258,0.447,0.348,0.341,5.4,3.6,38,23.7,45.7,37.1,22.2,28.1,12.6,R,979,23.2,92.2,2175,-7.7,-15.9,17.7,1.3,16.9,83,2120,6.6,-33.2,10.1,2.4,29.9,85.9,1478,-9.7,-31,11.8,1.5,2.6,76.9,2162,5.4,-53.5,9.1,2.3,27.5,91.1,2052,-14.6,-21.6,18.4,1.4,,,,,,,,,,,,,,,,,,,,,,,,,,,,,,,,,,,,,,,,,,,,,,,,,
"Oh, Seunghwan",493200,2019,36,21,18.1,88,18.2,6.8,0.329,0.574,0.411,0.396,1.5,1.5,36.4,27.8,52,37.9,28.8,30.3,3,R,372,42.5,91.1,2218,-5.5,-18.4,16.2,1,0.3,82.7,2185,3.2,-37.5,4.4,,4.6,82.5,1710,-11.3,-31.3,15,1.7,14,73.4,2454,6.7,-61.3,11,2.7,,,,,,,,38.7,82.2,2192,3.4,-37.2,5.5,1.9,,,,,,,,,,,,,,,,,,,,,,,,,,,,,,,,,,,,,,,,,,
"Brice, Austin",592169,2019,27,36,44.2,199,23.1,9,0.218,0.351,0.292,0.294,5.5,3.1,36.7,26.7,46.2,42.2,21.9,25.8,10.2,R,779,31.5,93.1,2351,-13.9,-23.2,17,1,,,,,,,,4.4,87.1,1809,-17.5,-38.1,17.7,1.4,44.7,81.7,2903,12.4,-44,12.9,1.3,19.5,93.3,2056,-17.6,-33.3,17.8,1.1,,,,,,,,,,,,,,,,,,,,,,,,,,,,,,,,,,,,,,,,,,,,,,,,,
"Workman, Brandon",519443,2019,30,73,71.2,286,36.4,15.7,0.175,0.235,0.208,0.257,5.9,3,31.9,34.8,39,52.6,18.5,23.7,5.2,R,1244,33.7,92.9,2126,-2.5,-13.5,17.3,1.4,,,,,,,,,,,,,,,47,80.6,2608,6.4,-58.2,17.6,1.5,,,,,,,,19.3,87,2196,4.3,-31.9,6.2,1.5,,,,,,,,,,,,,,,,,,,,,,,,,,,,,,,,,,,,,,,,,,
"Manaea, Sean",640455,2019,27,5,29.2,109,27.5,6.4,0.215,0.366,0.224,0.281,7.1,5.7,37.1,28.3,47.7,41.4,21.4,22.9,14.3,L,444,,,,,,,,21.2,79.3,2002,-1.1,-42.8,3.8,1.8,14.9,81,1458,11.7,-39.3,12.1,1.6,0.5,78.7,1871,-9.8,-47.4,10.1,1.5,63.5,89.8,1956,11.3,-22.6,16,1.6,,,,,,,,,,,,,,,,,,,,,,,,,,,,,,,,,,,,,,,,,,,,,,,,,
"Brigham, Jeff",656257,2019,27,32,38.1,161,24.2,8.7,0.26,0.471,0.318,0.334,2.8,4.7,37.4,25.1,48.6,33.6,29,26.2,11.2,R,690,51.4,96.6,2428,-12.2,-13,21.1,1.1,,,,,,,,,,,,,,,,,,,,,,,,,,,,,,,,,,,,,,,,,,,,,,,,,,48.6,83,2991,17.9,-43.1,18.2,1.2,,,,,,,,,,,,,,,,,,,,,
"Wieck, Brad",623364,2019,27,44,34.2,148,33.1,8.8,0.221,0.44,0.314,0.318,8.4,2.4,43.4,27.6,46.9,31.3,32.5,28.9,7.2,L,632,77.4,93.7,2227,4.8,-13.4,17.8,1,11.1,84.1,2058,-2.8,-36.3,4.4,2,,,,,,,,11.6,74.8,2331,-9.7,-63.6,17.4,1.3,,,,,,,,,,,,,,,,,,,,,,,,,,,,,,,,,,,,,,,,,,,,,,,,,,,,,,,,
"Eshelman, Thomas",664045,2019,25,10,36,164,13.4,6.7,0.309,0.557,0.389,0.39,6.2,1.5,41.5,15.4,47,33.1,28.5,30.8,7.7,R,609,27.4,85.5,1854,-2.8,-22.9,14.9,1.4,21.2,80.8,1853,3.8,-36.6,7.2,1.4,17.9,78.7,1284,-5.5,-34.5,11,1.4,15.1,76.2,1944,4.5,-54.9,8.3,1.4,18.4,85.6,1777,-10.8,-23.7,17.5,1.3,,,,,,,,,,,,,,,,,,,,,,,,,,,,,,,,,,,,,,,,,,,,,,,,,
"Suero, Wander",593833,2019,27,78,71.1,296,27.4,8.8,0.259,0.406,0.286,0.317,5.9,3.8,33.3,29.3,49.9,41.4,22.6,30.1,5.9,R,1210,0.2,94.5,2471,-7.2,-20.9,12.3,1.5,,,,,,,,20.6,87.5,2101,-10.6,-29.8,12.6,1.7,7.1,79.5,2829,12.2,-56.6,17.5,1.9,,,,,,,,72.1,92.9,2554,3.2,-20.1,12.4,1.5,,,,,,,,,,,,,,,,,,,,,,,,,,,,,,,,,,,,,,,,,,
"Gómez, Jeanmar",491646,2019,31,16,15.1,73,13.7,8.2,0.299,0.458,0.403,0.353,7.1,0,33.9,13.8,43,55.4,7.1,28.6,8.9,R,270,2.2,91,2035,-13.1,-20.3,18.1,1.5,20.7,83.8,2094,4.3,-36,5.7,1.6,23,84.5,1255,-9.8,-35.8,10.4,1.6,5.6,75.4,2273,10.4,-52.8,11.3,1.5,48.5,91.1,1991,-17.2,-25.1,19,1.1,,,,,,,,,,,,,,,,,,,,,,,,,,,,,,,,,,,,,,,,,,,,,,,,,
"Sanchez, Aaron",592717,2019,26,27,131.1,605,19,11.2,0.261,0.435,0.353,0.343,5.1,2.7,42.2,21.8,44.5,48.3,20.5,24.9,6.3,R,2304,36.4,93.4,2253,-13.7,-17.3,19.7,1.6,,,,,,,,19.4,88,1811,-17.1,-29.1,18.4,1.8,23.1,78.4,2841,14.8,-59.1,20,1.7,21.1,93.8,2241,-17,-20.7,20,1.5,,,,,,,,,,,,,,,,,,,,,,,,,,,,,,,,,,,,,,,,,,,,,,,,,
"Wacha, Michael",608379,2019,27,29,126.2,561,18.5,9.6,0.276,0.49,0.36,0.356,4.5,2.3,35.5,21.1,47.9,49.5,21,24,5.5,R,2199,49.5,93,2032,-6.8,-14.2,18.5,1.7,,,,,,,,23.8,85.5,1606,-11.2,-27.5,15.2,1.6,10.3,75.3,2066,8.5,-60,14.3,1.5,0.9,93.2,1940,-13.1,-18,18.5,1.5,15.5,89.4,2097,1.9,-22.7,11.3,1.6,,,,,,,,,,,,,,,,,,,,,,,,,,,,,,,,,,,,,,,,,,
"Bowman, Matt",621199,2019,28,27,32,137,18.2,9.5,0.226,0.306,0.263,0.261,4,3,29.9,19.6,44.6,55.6,17.2,21.2,6.1,R,549,37.9,92.5,2021,-16.2,-25.6,17.5,1.1,17.7,89.3,2245,4.6,-28.2,8.3,1.6,,,,,,,,11.5,80.6,2462,15.8,-43.7,16.2,1.6,2.7,91.3,1946,-16.5,-36.3,16.9,1.4,14.6,93.5,2117,-6.3,-18,14.8,1.2,15.7,82,1182,-7.9,-40.4,8.9,1.7,,,,,,,,,,,,,,,,,,,,,,,,,,,,,,,,,,,
"Liriano, Francisco",434538,2019,35,69,70,302,20.9,11.9,0.221,0.367,0.309,0.305,4.5,5,29,30.1,47.8,52,22.5,19,6.5,L,1133,8.5,92.8,2069,10,-18.1,17.2,1.4,30.4,87,2289,-2.1,-30.4,7.4,2.5,26,87,1683,14.1,-29,16,1.5,,,,,,,,35.1,93,2047,13.6,-21,17.4,1.3,,,,,,,,,,,,,,,,,,,,,,,,,,,,,,,,,,,,,,,,,,,,,,,,,
"Miller, Shelby",571946,2019,28,19,44,220,13.6,13.2,0.281,0.497,0.384,0.384,7.6,3.2,39.7,18.7,44.7,41.4,29.9,24.2,4.5,R,862,67.4,94.3,2329,-10.3,-14.1,19.5,1.4,,,,,,,,2.3,86.7,1870,-13.4,-27,16.4,1.6,24.4,79.4,2325,7.6,-54.8,13.2,1.2,2.3,93.8,2309,-13.3,-17.1,19.3,1.4,3.6,88.6,2188,3.2,-27.2,8.6,1.3,,,,,,,,,,,,,,,,,,,,,,,,,,,,,,,,,,,,,,,,,,
"Gausman, Kevin",592332,2019,28,31,102.1,451,25.3,7.1,0.259,0.452,0.332,0.328,6.7,4.3,36.5,30,53.1,40.7,23.7,30.3,5.3,R,1643,57,93.9,2249,-10.9,-15.7,19.1,2,1.8,82.3,2310,1.2,-38.2,4.8,2.6,3.5,82.6,1773,-12.3,-28.4,17.4,1.7,,,,,,,,,,,,,,,,,,,,,,37.7,83.5,1576,-13.9,-35.6,14.8,1.8,,,,,,,,,,,,,,,,,,,,,,,,,,,,,,,,,,,
"Sims, Lucas",608371,2019,25,24,43,177,32.2,10.7,0.175,0.34,0.302,0.27,8.1,2,31.3,34,47,26.3,39.4,20.2,14.1,R,751,50.1,93.5,2641,-9.1,-14.8,19.7,1.3,19,83.3,3004,11.5,-35.7,13,1.5,5.6,86.5,1923,-15.1,-35.1,15.5,1.4,24.8,81.6,3120,12,-47.7,13.1,1.6,0.5,95.3,2619,-14.5,-17.3,20.1,1.4,,,,,,,,,,,,,,,,,,,,,,,,,,,,,,,,,,,,,,,,,,,,,,,,,
"Pagán, Emilio",641941,2019,28,66,70,267,36,4.9,0.174,0.306,0.244,0.223,3.8,1.3,34.4,35.1,54.9,35,28,21.7,15.3,R,1074,61.5,95.5,2483,-4.9,-11.5,19.1,1.1,,,,,,,,,,,,,,,2,80.3,2544,7.6,-55.1,14.6,1.7,,,,,,,,36.5,87.5,2351,3.3,-31.6,5.5,1.2,,,,,,,,,,,,,,,,,,,,,,,,,,,,,,,,,,,,,,,,,,
"Lambert, Peter",663567,2019,22,19,89.1,420,13.6,8.6,0.297,0.486,0.395,0.364,9.7,3.4,39.6,16.6,45.3,48,17.8,30.5,3.7,R,1581,52.7,92.7,2256,-8.1,-17.5,17,1.2,12.1,87.6,2164,3.2,-30.4,7.2,1.5,21.9,85.2,1534,-9.6,-30.7,12.2,1.4,12.8,78,2277,5.4,-60.2,14.8,2.1,0.4,92,2247,-10.5,-23.3,14,1.5,,,,,,,,,,,,,,,,,,,,,,,,,,,,,,,,,,,,,,,,,,,,,,,,,
"Ryan, Kyle",594986,2019,27,73,61,260,22.3,11.2,0.233,0.34,0.292,0.295,4.1,4.7,42.1,23.4,43.4,57.3,16.4,21.1,5.3,L,1052,19.5,89.8,2070,3.6,-23.5,11.4,1.1,,,,,,,,0.3,84.3,1773,13.7,-28.7,17.1,1.5,12.8,79.8,2424,-9.4,-48,10.4,1.3,30.5,89.2,1982,9.9,-29.7,11.1,1.2,36.9,87.3,2187,-3.3,-30.8,6.6,1.4,,,,,,,,,,,,,,,,,,,,,,,,,,,,,,,,,,,,,,,,,,
"Ruiz, José",614179,2019,24,40,40,198,17.7,12.1,0.275,0.454,0.39,0.351,2.9,2.9,33.1,24.1,50.1,36.8,25.7,26.5,11,R,753,61.6,96.4,2349,-5,-12.1,18.7,1.3,23.8,88.3,2261,4.6,-32.6,6.6,2.1,13.3,86.9,1870,-12.4,-27.4,15.9,1.6,1.3,82.1,2043,3.8,-44.2,4.5,1.5,,,,,,,,,,,,,,,,,,,,,,,,,,,,,,,,,,,,,,,,,,,,,,,,,,,,,,,,
"Cole, A.J.",595918,2019,27,25,26,118,25.4,6.8,0.227,0.373,0.341,0.277,5,5,23.8,30.2,52.4,31.3,35,23.8,10,R,480,45,94.4,2406,-8.4,-13.4,19.1,1.2,46,83.8,2374,1.6,-33.4,6.2,1.6,1.9,86.6,2198,-16.2,-25.2,19.8,1.6,7.1,78.8,2349,4.9,-45.4,5.3,1.5,,,,,,,,,,,,,,,,,,,,,,,,,,,,,,,,,,,,,,,,,,,,,,,,,,,,,,,,
"Strasburg, Stephen",544931,2019,30,33,209,841,29.8,6.7,0.211,0.337,0.265,0.267,5.2,3.4,33.8,30.5,47.7,51.7,19.1,23.9,5.3,R,3383,28.6,93.9,2167,-9.6,-15.7,17.7,1.3,0.4,87.8,2250,4,-29,7.5,1.5,20.7,87.7,1679,-15.5,-32.1,15.9,1.2,30.7,81.2,2773,12.9,-49.5,15.3,1.4,19.7,93.7,2129,-15.8,-20.2,19,1.2,,,,,,,,,,,,,,,,,,,,,,,,,,,,,,,,,,,,,,,,,,,,,,,,,
"Tinoco, Jesus",622786,2019,24,24,36,161,17.4,13.7,0.276,0.568,0.392,0.396,10.9,2.7,39.1,22.4,44.2,43.6,28.2,21.8,6.4,R,616,4.7,94.5,2235,-6.8,-19.6,13.4,1.3,27.9,87.7,2355,1.5,-33.1,4.8,1.2,,,,,,,,8.6,82.5,2525,6.2,-44.4,7.1,1.5,57.8,93.8,2237,-13.8,-23.5,16.4,1.4,,,,,,,,1,87.4,1686,-14.5,-28.8,16.7,1.4,,,,,,,,,,,,,,,,,,,,,,,,,,,,,,,,,,,
"Roark, Tanner",543699,2019,32,31,165.1,722,21.9,7.1,0.269,0.466,0.34,0.341,5.4,2.6,37.3,20.8,45.9,36.7,25.3,30.3,7.8,R,2884,25.5,92.1,2145,-5.2,-15.3,18.4,1.4,21.8,86.3,2255,2.9,-31.2,7.4,1.9,9.8,84.1,1701,-13.3,-28.9,17.3,1.2,12.8,75.7,2746,12.2,-64.4,19.2,1.3,30,91.9,2087,-13.3,-18.7,19.6,1.3,,,,,,,,,,,,,,,,,,,,,,,,,,,,,,,,,,,,,,,,,,,,,,,,,
"Johnson, Brian",598271,2019,28,21,40.1,193,16.1,11.9,0.257,0.461,0.388,0.34,6.5,5,36.7,22.4,40.5,43.2,28.8,22.3,5.8,L,772,36.5,88.9,2297,7.5,-18.2,17.9,1.7,26.7,77.6,2574,-13.3,-47.6,14.1,1.8,1.6,84.1,1954,9.1,-24.9,16.8,1.4,34.6,74.9,2697,-12.1,-63.6,18.4,1.5,0.6,88.9,2336,12,-23,16.4,1.4,,,,,,,,,,,,,,,,,,,,,,,,,,,,,,,,,,,,,,,,,,,,,,,,,
"Barria, Jaime",642545,2019,22,19,82.2,365,20.5,7.4,0.267,0.521,0.37,0.356,7.7,2.3,40.6,22.1,44.4,36.4,30.7,25.7,7.3,R,1498,31.1,91.7,2248,-5.9,-15.3,19,1.2,47.1,83.9,2239,3.3,-33.9,7.7,2,16.3,83.2,1478,-11.9,-30.9,15.5,1.8,,,,,,,,5.5,91.6,2215,-11.9,-17.8,19.7,1.3,,,,,,,,,,,,,,,,,,,,,,,,,,,,,,,,,,,,,,,,,,,,,,,,,
"Dugger, Robert",667498,2019,23,7,34.1,156,16,10.9,0.265,0.471,0.345,0.355,12.8,1.8,41.3,22.1,46.3,39.4,29.4,25.7,5.5,R,568,34.5,90.3,2191,-9.1,-19.4,17.4,1.3,24.3,79.1,2311,5.6,-45.1,5.9,1.3,3.2,79.2,1454,-11,-33.3,15.3,1.4,13.2,72.8,2350,12.9,-60.9,14.9,1.7,24.8,89.3,2070,-16,-25.6,18.6,1.6,,,,,,,,,,,,,,,,,,,,,,,,,,,,,,,,,,,,,,,,,,,,,,,,,
"Wheeler, Zack",554430,2019,29,31,195.1,828,23.6,6,0.245,0.393,0.294,0.297,6,4.7,32.4,23,50.9,44.7,22.6,25.7,7.1,R,3158,30,96.8,2341,-10.5,-13.1,18.8,1.3,,,,,,,,9.2,88.9,1827,-12.5,-24,16.3,1.4,9.9,80.7,2648,8.1,-54.1,14.2,1.5,28.9,96.5,2256,-13.9,-15.9,19,1.3,20,91.2,2385,2,-26.2,7.2,1.5,1.9,89.1,1267,-12.4,-27.8,14.5,1.5,,,,,,,,,,,,,,,,,,,,,,,,,,,,,,,,,,,
"Faria, Jake",607188,2019,25,16,18.2,95,20,12.6,0.273,0.476,0.433,0.377,1.6,4.8,41.3,28.6,46.3,42.9,20.6,28.6,7.9,R,408,61,93.5,2131,-3.8,-14.1,18.1,1.3,11.8,84.3,1849,3.5,-36.3,5.1,1.7,,,,,,,,,,,,,,,,,,,,,,,,,,,,,27.2,82.4,1143,-8.7,-38.4,9.2,1.3,,,,,,,,,,,,,,,,,,,,,,,,,,,,,,,,,,,
"Pressly, Ryan",519151,2019,30,55,54.1,211,34.1,5.7,0.206,0.332,0.233,0.252,2.4,4,32.5,36,50.8,52.4,17.5,27,3.2,R,803,35.7,95.5,2571,-2.9,-13.1,17.5,1.2,29,90.2,2740,5.2,-32,6.4,1.5,,,,,,,,35.2,83,3305,16.8,-53.8,20.8,1.4,,,,,,,,,,,,,,,,,,,,,,,,,,,,,,,,,,,,,,,,,,,,,,,,,,,,,,,,
"Jansen, Kenley",445276,2019,31,62,63,263,30.4,6.1,0.205,0.341,0.277,0.262,1.8,4.9,26.1,32.2,53.6,36.2,25.8,27,11,R,1049,,,,,,,,12.3,81.8,2387,6.3,-43.8,7.6,1.6,,,,,,,,,,,,,,,13.4,93.2,2333,-8.4,-13.3,19,1.3,74.3,91.7,2556,6.9,-17,16.1,1.4,,,,,,,,,,,,,,,,,,,,,,,,,,,,,,,,,,,,,,,,,,
"Thornton, Trent",663423,2019,25,32,154.1,676,22,8.9,0.256,0.43,0.325,0.327,7.1,4.5,37,24.4,44.4,34,24,31.6,10.4,R,2757,44,92.9,2372,-3.7,-15.8,16.9,1.3,27.1,80.5,3092,11,-52.4,14.4,1.4,8.9,83.3,1497,-8.2,-30.9,12.9,1.7,1.4,73.7,2784,11.2,-63.2,15.4,1.8,2.6,91.9,2315,-12.9,-21.1,17.6,1.6,16,88.1,2690,4.5,-30.8,7.7,1.6,0,80.7,1345,-4.1,-32.4,11.7,,,,,,,,,,,,,,,,,,,,,,,,,,,,,,,,,,,,
"Wang, Wei-Chung",623913,2019,27,25,31,129,14,10.9,0.237,0.425,0.309,0.323,9.4,1,26,20.1,45.1,36.5,29.2,26,8.3,L,518,43.8,91.4,2163,8,-16.2,19.3,1.8,37.6,84.1,2343,-3.8,-33.7,7.5,2.2,15.8,83.6,1921,12.8,-27.9,17.7,1.4,2.5,76.8,2494,-4.5,-53.9,7.7,1.6,0.2,90.6,2151,13.5,-20.6,19.6,,,,,,,,,,,,,,,,,,,,,,,,,,,,,,,,,,,,,,,,,,,,,,,,,,
"Godley, Zack",643327,2019,29,33,92,407,17.2,10.3,0.276,0.478,0.347,0.36,3.1,1.4,35.6,24.3,46.2,43.9,23.2,26.3,6.6,R,1548,0.1,91.3,2255,-7.8,-25.5,11.8,,,,,,,,,6,83.3,1717,-11.6,-39.5,12,1.5,42.1,81.8,2123,2.5,-49.6,7.6,1.5,35.5,89.9,2202,-13.9,-29.9,15.1,1.5,16.3,88.5,2238,-0.8,-28.2,8.2,1.2,,,,,,,,,,,,,,,,,,,,,,,,,,,,,,,,,,,,,,,,,,
"Johnson, DJ",597113,2019,29,28,25,116,20.7,16.4,0.235,0.393,0.328,0.338,1.4,2.9,38.6,25.8,46,45.7,24.3,22.9,7.1,R,489,62.8,93.2,2310,-6.5,-16.7,16.7,1.4,,,,,,,,0.2,83.9,1873,-12.6,-34.8,13.2,,36.2,82.5,2641,4.8,-52,12,1.3,,,,,,,,0.8,91.8,2396,2.5,-23.4,9.7,1.4,,,,,,,,,,,,,,,,,,,,,,,,,,,,,,,,,,,,,,,,,,
"Jackson, Edwin",429719,2019,35,18,67.2,336,15.5,9.5,0.309,0.592,0.449,0.408,8.8,1.6,43.4,23.7,46.2,43.4,22.9,28.1,5.6,R,1315,23.3,93.5,2270,-5.7,-18.4,14.4,1.6,25.2,85.7,2299,3.1,-36.1,4.4,1.8,7.5,87,2221,-15.8,-23.7,20.4,1.6,2.7,77.9,2518,6,-53.6,9.7,1.9,13.9,93.7,2112,-13.2,-19.8,17.6,1.5,27.4,91.6,2339,0.3,-22.9,10.1,1.6,,,,,,,,,,,,,,,,,,,,,,,,,,,,,,,,,,,,,,,,,,
"Smeltzer, Devin",656970,2019,23,11,49,202,18.8,5.9,0.279,0.486,0.326,0.343,6,2.6,35.1,20.6,49.7,39.1,28.5,25.8,6.6,L,732,45.8,89.1,2433,10.7,-18.8,19.7,1.1,,,,,,,,25.5,82.8,1794,14.5,-36.1,15.3,1.3,24.6,76.9,2736,-12.4,-57.7,15.9,1.4,,,,,,,,4.1,83.1,2421,-4.1,-36.1,6.8,1.6,,,,,,,,,,,,,,,,,,,,,,,,,,,,,,,,,,,,,,,,,,
"Peters, Dillon",596071,2019,26,17,72,327,16.8,8,0.279,0.511,0.381,0.361,9.1,5,41.1,20.4,46.9,40.7,25.7,27.4,6.2,L,1274,45.4,91,2245,4.1,-16.5,17.7,1.1,3.9,82.9,2388,-2.9,-43.3,4.3,1.3,21,84,1606,12.4,-29.5,16.2,1.3,24.7,76.7,2909,-10.3,-60.2,15.9,1.4,5,91,2182,12.2,-20,18.3,1.2,,,,,,,,,,,,,,,,,,,,,,,,,,,,,,,,,,,,,,,,,,,,,,,,,
"Wingenter, Trey",622259,2019,25,51,51,218,33,12.8,0.196,0.331,0.282,0.299,8.8,1.8,36.3,36.3,45.9,37.2,23.9,29.2,9.7,R,906,55,95.9,2151,-9.2,-13.7,18.2,1.2,45,85.8,2180,1.8,-38.3,3,1.4,,,,,,,,,,,,,,,,,,,,,,,,,,,,,,,,,,,,,,,,,,,,,,,,,,,,,,,,,,,,,,,,,,,,,,
"Kelly, Joe",523260,2019,31,55,51.1,226,27.4,9.7,0.211,0.335,0.306,0.28,6.5,1.4,40.4,26.4,41.9,62.6,11.5,22.3,3.6,R,881,28,97.5,2155,-9.5,-14.8,17.3,1.1,,,,,,,,12.6,87.6,2073,-17,-29.3,18.5,1.4,36.5,87.2,3103,10.5,-50,16.7,1.8,22.8,98.3,2121,-15.3,-19,18,1.2,,,,,,,,,,,,,,,,,,,,,,,,,,,,,,,,,,,,,,,,,,,,,,,,,
"Bradley, Archie",605151,2019,26,66,71.2,317,27.4,11.4,0.243,0.377,0.311,0.317,7.4,4.8,38.6,23.8,45.4,46.6,15.9,31.2,6.3,R,1283,58.5,95.5,2242,-8.1,-13.8,18.3,1.2,,,,,,,,5.8,88.4,1526,-11.4,-25.8,14.3,1.3,24.6,82.1,1978,3.1,-49,9.4,1.7,11.1,95.1,2134,-14.1,-17.4,19.1,1.3,,,,,,,,,,,,,,,,,,,,,,,,,,,,,,,,,,,,,,,,,,,,,,,,,
"Lyles, Jordan",543475,2019,28,28,141,599,24.4,9.2,0.233,0.426,0.321,0.312,5.8,3,41.3,23.9,47.4,41.8,28.5,21.9,7.8,R,2377,50.2,92.6,2162,-6.9,-14.9,17.9,1.2,9.7,87.5,2333,4.4,-29.9,7.4,1.3,7,85.6,1549,-13.7,-29.8,15.5,1.8,31.3,80.6,2491,5.8,-56.8,15.8,1.6,1.7,91.7,2135,-14.7,-19.3,19.6,1.3,,,,,,,,,,,,,,,,,,,,,,,,,,,,,,,,,,,,,,,,,,,,,,,,,
"Alvarez, Jose",501625,2019,30,67,59,255,20,7.1,0.265,0.413,0.319,0.311,5.4,4.9,32.4,22.7,52,50.3,20.5,24.3,4.9,L,984,13.5,91.4,2392,10,-16.8,18.9,1.6,10.9,83.3,2354,-4.6,-34.1,7.4,2.2,22.1,82,1921,15.2,-35.7,16.5,1.6,7.6,81.6,2395,-7.1,-40,7.4,1.6,38.6,91.4,2347,16.6,-21.4,20.2,1.5,7.3,87,2374,-1.9,-26.9,9.8,1.3,,,,,,,,,,,,,,,,,,,,,,,,,,,,,,,,,,,,,,,,,,
"Hernandez, David",456696,2019,34,47,42.2,199,26.6,10.6,0.255,0.423,0.375,0.32,3.2,2.4,35.2,32.2,50.6,31.5,29.8,30.6,8.1,R,776,27.6,93.6,2367,-10.3,-15.2,19.4,1.1,,,,,,,,0.4,88,2281,-10.1,-26.7,13.7,1.5,16.1,82,2341,5.3,-44.7,6.8,1.3,24.5,93.4,2275,-13.5,-18.6,18.8,1,31.4,85.9,2400,2.1,-32.5,6.5,1.3,,,,,,,,,,,,,,,,,,,,,,,,,,,,,,,,,,,,,,,,,,
"Sadler, Casey",594987,2019,28,33,46.1,194,16,6.7,0.249,0.376,0.284,0.3,4.1,4.1,36.3,22.4,46.1,53.4,23.3,17.8,5.5,R,696,0.6,93.3,2449,-10,-17.2,17.9,1.4,,,,,,,,3,86.8,1762,-13.2,-31.7,14.5,1.3,27.4,81.7,2911,10.8,-50.2,13.5,1.3,37.8,93.4,2341,-15.9,-23.8,17.9,1.2,31.2,90.2,2600,2.3,-27.3,7.8,1.3,,,,,,,,,,,,,,,,,,,,,,,,,,,,,,,,,,,,,,,,,,
"Elías, Roenis",606273,2019,30,48,50,216,21.8,8.3,0.261,0.475,0.306,0.341,6.7,2,37.3,26.5,49,36,23.3,32.7,8,L,803,50.8,93.9,2479,9.1,-13.9,20.8,1.1,,,,,,,,29.3,86.6,2116,18.1,-29.3,20.2,1.4,13.4,77.6,2686,-16.3,-61.3,20.6,2,6.5,93.8,2478,16.6,-17.8,22.2,1.3,,,,,,,,,,,,,,,,,,,,,,,,,,,,,,,,,,,,,,,,,,,,,,,,,
"Holland, Greg",518813,2019,33,40,35.2,152,27,15.8,0.196,0.352,0.296,0.296,10.3,2.3,36.8,30.1,42.7,44.8,31,19.5,4.6,R,598,47.2,91.6,2243,0.1,-17.5,15.8,1.4,43.5,84.3,2070,4.7,-38.9,5.1,1.7,0.2,83.8,1695,-4.5,-33,8.1,,9.2,77.5,2297,4.8,-56.7,11,1.6,,,,,,,,,,,,,,,,,,,,,,,,,,,,,,,,,,,,,,,,,,,,,,,,,,,,,,,,
"Hardy, Blaine",543278,2019,32,39,44.1,182,15.9,7.1,0.251,0.484,0.308,0.34,5.7,7.9,29.3,21.8,48,50,21.4,20,8.6,L,689,19.2,88.2,2235,8.1,-16.3,21,1.3,,,,,,,,44.8,79.2,1982,17.1,-34.1,20.2,1.1,20,76.5,1952,-6.2,-62.7,16,1.3,1.9,88.8,2173,14.5,-20.3,20.8,1.5,14.1,86.1,2357,-1.8,-23.5,14.2,1.4,,,,,,,,,,,,,,,,,,,,,,,,,,,,,,,,,,,,,,,,,,
"Minaya, Juan",573668,2019,28,22,27.2,126,21.4,9.5,0.234,0.39,0.361,0.309,4.7,3.5,41.2,22.3,48.7,29.4,30.6,27.1,12.9,R,478,62.6,93.4,2312,-9.6,-16.7,17.3,1,8.8,84.4,2194,2.7,-36.4,3.7,1.4,20.1,88.1,1571,-12.3,-32.6,12.9,1.4,8.4,83.6,2263,4.4,-40,4.7,1.4,,,,,,,,0.2,87.7,1702,-11.8,-35.7,11.9,,,,,,,,,,,,,,,,,,,,,,,,,,,,,,,,,,,,,,,,,,,
"Hendriks, Liam",521230,2019,30,75,85,332,37.3,6.3,0.182,0.302,0.237,0.229,5.9,1.6,39.6,35.9,51.5,31.9,29.7,25.4,13,R,1317,69.3,96.5,2381,-5.9,-10.7,19.6,1.6,21.6,88.5,2156,2.4,-29.9,5.7,1.4,,,,,,,,7.9,84.4,2117,2.9,-49,10.8,1.5,1.2,93.7,2160,-14.2,-16.6,20.3,1.3,,,,,,,,,,,,,,,,,,,,,,,,,,,,,,,,,,,,,,,,,,,,,,,,,
"Tuivailala, Sam",592815,2019,26,23,23,95,28.4,12.6,0.197,0.328,0.25,0.287,7.4,1.9,37,27.4,43.1,33.3,33.3,22.2,11.1,R,390,33.3,93.5,2199,-10.5,-17.1,18.3,1.1,20.3,86.8,1957,2.3,-31,6.6,1.5,,,,,,,,17.9,78.8,2276,11.3,-54.6,14.5,1.2,28.5,93.3,2137,-16.6,-22.3,19.3,1.1,,,,,,,,,,,,,,,,,,,,,,,,,,,,,,,,,,,,,,,,,,,,,,,,,
"Woodruff, Brandon",605540,2019,26,22,121.2,493,29,6.1,0.232,0.361,0.281,0.283,6.3,6,30.2,25.4,51.3,45.7,20.3,26.7,7.3,R,1978,38.3,96.3,2257,-8.7,-14.3,17.6,1.4,19.8,88.4,2324,3.2,-32.8,4.7,1.4,14.3,87,1792,-16,-27.9,18.1,1.6,1.9,81.2,2298,2.6,-43.5,3.8,1.5,25.8,96,2165,-15.1,-18.4,19,1.4,,,,,,,,,,,,,,,,,,,,,,,,,,,,,,,,,,,,,,,,,,,,,,,,,
"Brasier, Ryan",518489,2019,31,62,55.2,241,25.3,8.7,0.265,0.477,0.306,0.346,5.1,3.8,36.5,31,52.8,33.3,31.4,26.9,8.3,R,978,55.1,96.1,2359,-6,-13,17.5,0.9,31.9,85.2,2481,6.8,-37.3,7.3,1.6,8.9,87.4,1566,-13.7,-28.9,15.5,1.3,,,,,,,,4.1,96.1,2320,-14.3,-16.5,19.3,1.1,,,,,,,,,,,,,,,,,,,,,,,,,,,,,,,,,,,,,,,,,,,,,,,,,
"Guerra, Junior",448855,2019,34,72,83.2,344,22.4,10.5,0.22,0.383,0.275,0.302,4.8,3.5,29.4,26.1,46.8,45.8,22,22,10.1,R,1351,30.9,94.6,2459,-6.5,-12.3,19.6,0.9,,,,,,,,,,,,,,,18.8,82.1,2651,7.2,-49.4,11.1,1.6,29.2,94.8,2356,-14.4,-17,19.8,1,,,,,,,,21,86,1235,-9.2,-27.2,14.4,1.4,,,,,,,,,,,,,,,,,,,,,,,,,,,,,,,,,,,
"Lovelady, Richard",663992,2019,23,25,20,96,17.7,8.3,0.243,0.339,0.393,0.287,7.1,2.9,32.9,17.6,46.9,52.9,17.1,27.1,2.9,L,375,49.1,93.4,2320,8.2,-19.4,13.7,1.3,39.2,87.3,2451,-3.8,-30.2,7.6,2,0.8,89.3,1887,9.3,-26,12.5,1.5,,,,,,,,10.9,94.3,2294,13.4,-24.3,14.5,1.2,,,,,,,,,,,,,,,,,,,,,,,,,,,,,,,,,,,,,,,,,,,,,,,,,
"Reininger, Zac",643617,2019,26,25,28,140,12.1,11.4,0.346,0.673,0.481,0.455,10.3,0.9,43,17.7,43.5,38.3,21.5,34.6,5.6,R,533,33.2,94.4,2310,-7.8,-14.9,18.1,1.3,23.5,83.7,2510,6.7,-38.7,7.8,2.2,3.9,84.2,1624,-12.9,-30.5,15.1,1.5,12.8,80.5,2660,8,-52,12,1.5,26.6,93.1,2179,-14.6,-22,17.7,1.5,,,,,,,,,,,,,,,,,,,,,,,,,,,,,,,,,,,,,,,,,,,,,,,,,
"Gagnon, Drew",543193,2019,29,18,23.2,117,14.5,6,0.273,0.58,0.425,0.377,6.6,6.6,34.9,23.8,50.7,39.6,24.2,23.1,13.2,R,401,54.4,92.1,2008,-12.8,-19.2,18.6,1.3,3.7,84.4,2330,1.1,-39.3,2.3,1.5,32.2,82.1,1934,-15.7,-31.8,18.2,1.1,9.7,79.1,2515,8.6,-54.6,13.4,1.7,,,,,,,,,,,,,,,,,,,,,,,,,,,,,,,,,,,,,,,,,,,,,,,,,,,,,,,,
"McFarland, T.J.",519008,2019,30,51,56,250,14,8,0.301,0.475,0.35,0.351,2.6,5.2,40.1,21.8,49.5,61.9,11.3,24.7,2.1,L,894,0.4,89.2,1859,9.8,-26.7,13.4,1.4,15.5,80.9,2252,-5.3,-46.6,6.5,1.2,16,82,1731,16.4,-39.7,16.8,1.1,,,,,,,,68,89.4,1915,17.5,-36,17.7,1,,,,,,,,,,,,,,,,,,,,,,,,,,,,,,,,,,,,,,,,,,,,,,,,,
"Harvey, Matt",518774,2019,30,12,59.2,266,14.7,10.9,0.304,0.543,0.368,0.393,5.6,1,42.1,20.9,44.9,43.6,21.5,30.3,4.6,R,942,47,93.2,2171,-12.1,-17.7,19.3,1.3,28,87.2,2413,2.3,-31.2,6.4,1.3,10.3,85.7,1774,-14.4,-25.8,19,1.4,14.3,81.4,2516,2.9,-49.8,7.8,1.4,0.3,94.5,2170,-17.7,-21,20.5,1.4,,,,,,,,,,,,,,,,,,,,,,,,,,,,,,,,,,,,,,,,,,,,,,,,,
"McKay, David",641853,2019,24,25,26.1,115,29.6,14.8,0.23,0.388,0.299,0.323,0,0,33.3,22.3,44.2,28.6,34.9,30.2,6.3,R,507,,,,,,,,,,,,,,,,,,,,,,,,,,,,,62.9,93.8,2383,-13,-15.3,20.8,1.2,,,,,,,,,,,,,,,,,,,,,,,,,,,,,37.1,78.4,3054,18.3,-53.9,20.4,1.4,,,,,,,,,,,,,,
"Lockett, Walker",621141,2019,25,9,22.2,103,15.5,5.8,0.305,0.516,0.415,0.369,6.3,2.5,33.8,15.7,48.2,42.5,25,26.3,6.3,R,368,45.7,92.5,2245,-7.2,-24.1,11,1.2,,,,,,,,20.1,86.4,1509,-13.2,-33.5,13.7,1.5,24.2,80,2629,12,-50.6,13.9,1.3,10.1,93.1,2272,-12.8,-26.2,14,1.5,,,,,,,,,,,,,,,,,,,,,,,,,,,,,,,,,,,,,,,,,,,,,,,,,
"Tarpley, Stephen",605501,2019,26,21,24.2,120,28.3,12.5,0.265,0.457,0.413,0.354,4.3,2.9,49.3,32.3,41.3,36.2,21.7,33.3,8.7,L,525,18.3,92.5,2210,4.4,-20.9,12.4,1.4,47.4,81.4,2229,-10.9,-37.2,13,1.6,0.4,88.3,2257,10.7,-30.1,12,1.5,1.7,76.9,2665,-14.7,-64.1,21.7,1.5,32.2,92.5,2131,14,-28.8,14.6,1.4,,,,,,,,,,,,,,,,,,,,,,,,,,,,,,,,,,,,,,,,,,,,,,,,,
"Keller, Mitch",656605,2019,23,11,48,227,28.6,7,0.236,0.346,0.392,0.284,2.1,4.8,35.3,24.9,51.7,40.7,20,35.2,4.1,R,753,59.5,95.4,2473,-6.8,-14.5,17.3,1.2,,,,,,,,3.7,91,1705,-14.1,-23.7,17.2,1.4,15.9,81.1,2770,9.2,-56.9,17.1,1.3,,,,,,,,20.8,87.6,2661,4.1,-35.9,4.7,1.3,,,,,,,,,,,,,,,,,,,,,,,,,,,,,,,,,,,,,,,,,,
"Bettis, Chad",518452,2019,30,39,63.2,287,14.6,7.3,0.266,0.416,0.361,0.323,4.1,2.3,41.6,20.7,46.8,61.2,11.4,21.5,5.9,R,1030,35.8,93,2037,-5.8,-19.6,13.5,2.2,,,,,,,,32.2,87,1370,-8.9,-32.3,9.9,2,12,77.3,2539,12,-56,15.1,3.1,2.5,93.1,2023,-10.2,-21.9,14.2,1.7,17.4,88.7,2292,4.1,-30,6.8,1.9,,,,,,,,,,,,,,,,,,,,,,,,,,,,,,,,,,,,,,,,,,
"Jurado, Ariel",642558,2019,23,32,122.1,541,15,6.7,0.293,0.52,0.362,0.367,5,3.6,43.1,18,46.2,47.6,22.6,25.2,4.5,R,2045,22.9,93.1,2031,-8.7,-16.9,17.5,1.2,15,85.3,2124,1.6,-36.4,3.2,1.7,11.8,85.3,1945,-15.1,-27.7,18.5,1.2,8.9,80.3,2267,5.3,-48.3,7.8,1.4,41.3,92,1770,-16.2,-25,18.1,1.2,,,,,,,,,,,,,,,,,,,,,,,,,,,,,,,,,,,,,,,,,,,,,,,,,
"Gsellman, Robert",607229,2019,25,52,63.2,278,21.6,8.6,0.229,0.349,0.326,0.29,5.3,3.7,30.9,26.1,47.5,45.2,21.8,25,8,R,1072,2.6,95.7,2200,-11,-14.5,19.4,1.3,26.6,90.5,2429,-1.3,-28.9,6.1,1.7,10,87.2,1748,-15.2,-25.4,18.9,1.3,11.7,81.3,2748,11.6,-54.9,16.9,1.5,49.2,95.3,2208,-16.7,-19.2,20.5,1.2,,,,,,,,,,,,,,,,,,,,,,,,,,,,,,,,,,,,,,,,,,,,,,,,,
"Noesí, Hector",456051,2019,32,12,27.2,124,19.4,11.3,0.245,0.475,0.39,0.345,10.6,2.4,38.8,26.4,50.3,32.9,34.1,23.5,9.4,R,497,,,,,,,,29.2,88.1,2202,0.4,-27.2,9,1.3,9.7,86.2,1858,-15.1,-29.5,17.2,1.2,16.7,80.1,2586,6.4,-49,8.1,1.2,44.5,93,2125,-12,-18.5,18.4,1.4,,,,,,,,,,,,,,,,,,,,,,,,,,,,,,,,,,,,,,,,,,,,,,,,,
"Cordero, Jimmy",622772,2019,27,31,37.1,146,21.2,7.5,0.227,0.339,0.267,0.284,3,6.9,29.7,29.3,51.7,60.4,12.9,22.8,4,R,541,18.7,97.4,2146,-4.7,-15.9,13.2,1.8,7.2,83.5,2234,2.1,-45.3,7.1,1.8,17.4,88.5,1657,-11.8,-26.4,14.2,1.6,,,,,,,,49.9,97.4,2128,-14.5,-18.7,17.4,1.5,6.8,90.7,2072,0.9,-27.1,6,1.5,,,,,,,,,,,,,,,,,,,,,,,,,,,,,,,,,,,,,,,,,,
"Lugo, Seth",607625,2019,29,61,80,314,33.1,5.1,0.184,0.32,0.237,0.237,9.5,2.1,33.9,26.5,46.1,43.9,28.6,21.2,6.3,R,1274,34.6,94.5,2220,-7.5,-14.4,18.3,1.7,13,88.1,2435,3.5,-29.1,7.7,1.5,6.5,87.9,1736,-15.2,-26.7,18,1.4,23.7,79.6,3285,12.7,-61.9,21.1,1.9,22.2,94.1,2240,-15.8,-19.2,19.9,1.6,,,,,,,,,,,,,,,,,,,,,,,,,,,,,,,,,,,,,,,,,,,,,,,,,
"Anderson, Brett",474463,2019,31,31,176,743,12.1,6.6,0.283,0.48,0.308,0.347,5.2,3.5,40,17,47.5,55.5,16.3,23.7,4.5,L,2659,18.6,89.4,2028,3.1,-22.9,12.8,2.2,18.7,81.9,2384,-4.6,-50,9.9,1.6,13.4,82.6,1481,14,-34.2,15.9,1.8,5.5,75.6,2393,-7.8,-65.4,17.3,1.8,43.8,90.7,1799,14.7,-25.7,17.1,1.8,,,,,,,,,,,,,,,,,,,,,,,,,,,,,,,,,,,,,,,,,,,,,,,,,
"Flaherty, Jack",656427,2019,23,33,196.1,772,29.9,7.1,0.215,0.366,0.254,0.279,6.3,4.6,30.3,30.7,48,40.7,23,24.6,11.7,R,3178,46.4,94.3,2222,-4.8,-15.8,15.3,1.7,27.6,84.8,2381,6.4,-33.3,8.5,1.9,2,86.2,1700,-11.7,-29.5,13.6,1.8,12.1,78.2,2501,12.9,-56.5,17.3,1.9,11.9,92,2009,-11.5,-23.5,14.1,1.8,,,,,,,,,,,,,,,,,,,,,,,,,,,,,,,,,,,,,,,,,,,,,,,,,
"Montero, Rafael",606160,2019,28,22,29,113,30.1,4.4,0.233,0.458,0.283,0.311,1.4,5.6,30.6,29.8,46.8,40.3,27.8,26.4,5.6,R,459,39.7,95.9,2263,-10.3,-15.9,17.7,1.2,13.7,85.1,2434,8,-37.5,8.4,1.4,39.4,89.9,2062,-16.3,-28.9,17.4,1.4,,,,,,,,7.2,95.2,2239,-15.2,-21.7,17.6,1.2,,,,,,,,,,,,,,,,,,,,,,,,,,,,,,,,,,,,,,,,,,,,,,,,,
"Robles, Hansel",570663,2019,28,71,72.2,283,26.5,5.7,0.213,0.348,0.254,0.259,3.1,0.5,32.8,26.3,50.5,39.6,24.5,27.6,8.3,R,1141,48.9,97.2,2431,-12.8,-13,20.9,1.4,21.5,89.1,2406,0.1,-30.4,5.4,1.9,22.3,89.5,1588,-13.9,-28.7,15.5,1.7,,,,,,,,7.4,96.7,2423,-16.9,-17.7,20.8,1.5,,,,,,,,,,,,,,,,,,,,,,,,,,,,,,,,,,,,,,,,,,,,,,,,,
"Carpenter, Ryan",543001,2019,28,9,40.2,197,12.7,6.6,0.31,0.547,0.415,0.382,8.3,2.5,45.2,16,50,36.9,26.8,30.6,5.7,L,685,22.8,90,2178,10,-19.8,17.5,1.3,28.3,81.5,2689,-5.6,-42.4,6,1.2,14.6,83.3,1864,15.8,-33.9,16.9,1.2,12,76.1,2769,-12.9,-63.5,19.4,1.6,22.3,89.8,2103,15.7,-25.6,18.1,1.3,,,,,,,,,,,,,,,,,,,,,,,,,,,,,,,,,,,,,,,,,,,,,,,,,
"Wainwright, Adam",425794,2019,37,31,171.2,745,20.5,8.6,0.265,0.429,0.33,0.329,5,3.3,39.2,19,42.4,49.4,20,25,5.6,R,2784,13.6,89.6,2191,-3.1,-20.1,14.1,1.5,,,,,,,,2,83.9,1769,-14.4,-31,16.9,1.6,36.8,74.9,2752,18.4,-62.4,22.1,2.1,25.1,90,2171,-12.9,-23.9,16.2,1.4,22.4,84.9,2341,5.5,-32.3,8.4,1.7,,,,,,,,,,,,,,,,,,,,,,,,,,,,,,,,,,,,,,,,,,
"Drake, Oliver",543118,2019,32,50,56,219,32,8.7,0.199,0.355,0.261,0.271,7.8,3.9,40.3,35.9,49.4,51.9,21.7,20.9,5.4,R,941,40.5,93.5,2146,1.4,-12.8,18.2,0.9,,,,,,,,,,,,,,,,,,,,,,,,,,,,,0.1,90.2,2176,5.2,-17.4,16.5,,59.4,84,1089,-2.2,-35.3,6.1,1.3,,,,,,,,,,,,,,,,,,,,,,,,,,,,,,,,,,,
"Bedrosian, Cam",592135,2019,27,59,61.1,258,24.8,8.5,0.218,0.362,0.27,0.293,4.7,2.4,36.5,29.8,44.4,48.5,23.1,23.1,5.3,R,1014,47.8,92.9,2377,-2.5,-14.2,18.1,1.1,50.9,83.2,2630,4.4,-45.1,6.7,2,,,,,,,,,,,,,,,,,,,,,,,,,,,,,1.3,86.1,1791,-10.7,-22.1,19.2,1.4,,,,,,,,,,,,,,,,,,,,,,,,,,,,,,,,,,,
"Mazza, Chris",607391,2019,29,9,16.1,74,14.9,6.8,0.322,0.495,0.383,0.388,9.3,1.9,50,17.6,47.7,40.7,13,42.6,3.7,R,284,3.2,90.6,1777,-16.2,-24.4,18.5,1.5,20.1,82,2286,9.9,-36.9,11.4,1.7,4.2,84.5,1427,-6,-38.6,10.1,1.6,,,,,,,,47.9,92,1836,-15.3,-29.8,15.6,1.2,24.6,88.3,2223,2.6,-28.3,8,1.4,,,,,,,,,,,,,,,,,,,,,,,,,,,,,,,,,,,,,,,,,,
"Boshers, Buddy",542953,2019,31,28,20,91,28.6,11,0.208,0.32,0.333,0.281,3.7,1.9,25.9,22.3,40.9,46.3,25.9,16.7,11.1,L,384,,,,,,,,,,,,,,,6.8,84.4,1579,13.3,-33.1,15.1,1.4,53.6,80.4,2632,-4.1,-55.6,11.9,1.1,39.6,92.6,2094,11,-18.3,18.6,1.1,,,,,,,,,,,,,,,,,,,,,,,,,,,,,,,,,,,,,,,,,,,,,,,,,
"Sneed, Cy",605482,2019,26,8,21.1,93,24.7,5.4,0.259,0.454,0.36,0.321,1.5,3.1,35.4,22,52.9,47.7,20,26.2,6.2,R,344,61.9,92.5,2346,0.7,-15.2,17,1.5,12.2,81.7,2350,9.4,-37.7,11.1,1.8,11.6,79.6,1335,-1.6,-34.4,9.1,1.3,5.8,79.2,2378,7.5,-57.6,15,1.5,0.9,92.6,2383,-4.7,-18.9,13.6,1.5,7.6,91.2,2361,6.2,-19.9,14.5,1.5,,,,,,,,,,,,,,,,,,,,,,,,,,,,,,,,,,,,,,,,,,
"Lester, Jon",452657,2019,35,31,171.2,764,21.6,6.8,0.274,0.456,0.344,0.337,5.7,3.3,34.7,21,45.7,43.9,20.7,29.9,5.5,L,3041,28.3,90.6,2251,7.3,-17.8,17.3,1.2,,,,,,,,11.9,84.3,1939,13.5,-31.4,15.3,1.4,15.4,74.5,2606,-11.5,-55.3,12.6,2,10.2,89.5,2143,13.7,-26.5,15.7,1.4,34.2,87.9,2391,-1.6,-25.1,10.7,1.3,,,,,,,,,,,,,,,,,,,,,,,,,,,,,,,,,,,,,,,,,,
"Corbin, Patrick",571578,2019,29,33,202,835,28.5,8.4,0.227,0.414,0.285,0.304,5.9,2.3,38.7,31.5,47.4,50.8,21.9,23.5,3.8,L,3299,19.4,91.8,2283,8.8,-17.1,17.8,1.6,37.1,81.7,2398,-3.6,-42,4.3,1.9,5.7,81.8,1646,10.6,-30.5,15.1,2.3,3.5,67.8,1989,-3.6,-61.4,4.3,2.4,34.3,91.8,2195,14.7,-21.5,18.4,1.6,,,,,,,,,,,,,,,,,,,,,,,,,,,,,,,,,,,,,,,,,,,,,,,,,
"Osuna, Roberto",532077,2019,24,66,65,253,28.9,4.7,0.212,0.357,0.237,0.264,7.8,3.6,30,33.5,54,39.8,22.3,27.7,10.2,R,945,46.1,96.7,2489,-6,-11.1,19.7,1.3,19.6,88.2,2495,6.8,-31.9,8.2,1.6,18.5,84.4,1875,-13.6,-26.5,18.6,1.7,0.2,83.1,2565,5.5,-41.8,6.8,1.5,2.6,95.7,2356,-12.9,-14.2,20.7,1.5,12.9,91.9,2502,4.9,-21.2,12.8,1.5,,,,,,,,,,,,,,,,,,,,,,,,,,,,,,,,,,,,,,,,,,
"Neris, Héctor",593576,2019,30,68,67.2,275,32.4,8.7,0.19,0.329,0.265,0.269,4.5,3.2,36.1,38.3,48.7,46.2,19.9,24.4,9.6,R,1125,25.8,94.4,2477,-9.6,-15.6,18.3,1,,,,,,,,,,,,,,,,,,,,,,8.9,94.8,2373,-16.1,-21.3,18.7,1.1,,,,,,,,65.3,86.9,1519,-7.7,-36.3,8.4,1.1,,,,,,,,,,,,,,,,,,,,,,,,,,,,,,,,,,,
"Holland, Derek",502706,2019,32,51,84.1,376,21.8,12,0.243,0.5,0.356,0.357,4.5,2,42.1,26.9,45.5,43.7,29.4,20.8,6.1,L,1473,,,,,,,,29.6,81.1,2243,0.6,-38.5,5.2,1.6,4.1,83.9,1864,11.4,-28.4,16.6,2,4.3,77.7,2098,-0.8,-44.5,3.5,1.2,62.1,92.3,2386,15,-18.8,20.6,1.7,,,,,,,,,,,,,,,,,,,,,,,,,,,,,,,,,,,,,,,,,,,,,,,,,
"Giolito, Lucas",608337,2019,24,29,176.2,705,32.3,8.1,0.214,0.368,0.275,0.283,3.4,3.6,34.6,32.4,49.6,36.3,23.8,28.1,11.8,R,2814,55,94.2,2333,-7.6,-12.3,19.8,1.4,14.7,84.6,2036,2.6,-32.3,6.8,1.5,26.2,81.7,1563,-10.2,-27.9,16.3,1.4,4.1,79.4,2512,6.8,-59.6,16.8,1.6,,,,,,,,,,,,,,,,,,,,,,,,,,,,,,,,,,,,,,,,,,,,,,,,,,,,,,,,
"Yacabonis, Jimmy",642231,2019,27,29,41,193,17.1,12.4,0.289,0.55,0.398,0.394,4.5,4.5,40.3,22.8,42.1,35.8,28.4,27.6,8.2,R,770,6.5,93.2,2350,-12.5,-16.8,20.1,1.2,29.7,82.7,2565,6.9,-44.7,8.2,2.1,6.6,87,1677,-16.6,-32.7,17.5,1.5,,,,,,,,57.1,93.7,2272,-16.9,-21.5,20,1.1,,,,,,,,,,,,,,,,,,,,,,,,,,,,,,,,,,,,,,,,,,,,,,,,,
"Soto, Gregory",642397,2019,24,33,57.2,276,16.3,12,0.29,0.499,0.372,0.374,6.1,3,43.9,19.7,46.1,49,25.8,22.2,3,L,1110,6.1,96,2324,3.7,-15.1,14.6,1.4,23.8,84.9,2326,-3.7,-34.6,5.6,2.6,6.1,88.3,2034,13.2,-23.5,17.5,1.5,,,,,,,,64,95.3,2345,13.2,-17.2,18.3,1.8,,,,,,,,,,,,,,,,,,,,,,,,,,,,,,,,,,,,,,,,,,,,,,,,,
"Bauer, Trevor",545333,2019,28,34,213,911,27.8,9,0.223,0.402,0.316,0.31,5.9,3.4,37.7,29.3,45.3,38.8,28.2,23.7,9.3,R,3685,38.5,94.5,2412,-9.7,-13.7,19.7,1.4,,,,,,,,7.7,86,1704,-15.4,-28.3,18.1,1.7,19.7,79.1,2548,8.3,-63.6,20.4,1.7,3.8,94.8,2343,-16,-19.1,19.7,1,16.5,84.6,2640,5.6,-40.6,6.6,1.9,,,,,,,,,,,,,,,13.9,79.6,2737,19,-46.8,19.3,1.7,,,,,,,,,,,,,,,,,,,,,
"Young, Alex",622065,2019,25,17,83.1,349,20.3,7.7,0.248,0.433,0.298,0.318,4.5,4.5,35.6,27.1,47.8,50.2,25.1,19.4,5.3,L,1324,14.3,89.8,2219,10,-19.1,18.6,1.1,,,,,,,,20.1,84.5,1794,14.8,-36,15.3,1.1,20.1,81.5,2379,-2.4,-46.6,4.8,1.3,22.2,89,2208,17.4,-26.4,19.7,1.1,23.3,84.9,2347,-1.5,-30.7,8.6,1.2,,,,,,,,,,,,,,,,,,,,,,,,,,,,,,,,,,,,,,,,,,
"Sobotka, Chad",656977,2019,25,32,29,134,28.4,14.2,0.23,0.414,0.354,0.338,5.4,1.4,33.8,35.4,46.1,44.6,24.3,23,8.1,R,563,56,96.1,2499,-5.1,-11.9,18.9,1.3,43.2,84.8,2959,11.5,-42.7,12.3,1.7,0.4,87.3,2442,0.1,-32.5,14.8,1.6,,,,,,,,0.5,96.1,2474,-12.5,-14.8,19.6,1.5,,,,,,,,,,,,,,,,,,,,,,,,,,,,,,,,,,,,,,,,,,,,,,,,,
"Barnes, Matt",598264,2019,29,70,64.1,285,38.6,13.3,0.188,0.299,0.292,0.27,4.5,3,33.6,36,44.3,48.5,23.9,22.4,5.2,R,1310,47.3,96.6,2411,-10.2,-12,19.9,1.1,,,,,,,,2,88.1,2113,-13.5,-24.8,17.2,1.5,50.7,85.5,2274,3.6,-50,13,1.3,,,,,,,,,,,,,,,,,,,,,,,,,,,,,,,,,,,,,,,,,,,,,,,,,,,,,,,,
"Rodríguez, Dereck",605446,2019,27,28,99,439,16.2,8.2,0.279,0.478,0.347,0.35,5.2,1.8,36.2,20.7,45.7,45.5,24.2,23.3,7,R,1663,40.3,90.7,2051,-3.4,-17.1,16.2,1.8,,,,,,,,20.7,84.5,1935,-13.8,-27.5,17.4,1.6,16.9,75.6,2589,11.7,-61,17.4,1.5,8.2,89.9,2058,-12.1,-19.8,18.3,1.5,14,86.6,2165,3,-28.7,8.5,1.5,,,,,,,,,,,,,,,,,,,,,,,,,,,,,,,,,,,,,,,,,,
"Alexander, Tyler",641302,2019,24,13,53.2,235,20,3,0.269,0.477,0.347,0.324,8.4,3.4,40.8,18.2,52.6,37.4,29.1,26.3,7.3,L,918,31.2,90.6,2257,9.3,-18.1,18.3,1.1,15.6,85.3,2441,-3.5,-32,7.6,1.3,11.4,84.1,1584,12.7,-31,15.2,1.3,18.4,81,2427,-5.2,-43.6,5.9,1.5,23.4,90.7,2227,15,-22.1,19,1.1,,,,,,,,,,,,,,,,,,,,,,,,,,,,,,,,,,,,,,,,,,,,,,,,,
"Wood, Hunter",621056,2019,25,36,45.1,195,20,6.2,0.247,0.392,0.303,0.295,7.7,5.6,31.7,27.2,49.9,33.8,29.6,26.8,10.6,R,752,55.6,93.6,2492,-1.4,-12.2,19.8,1.4,28.1,86.6,2555,6.2,-32.5,8.6,1.7,11.3,86.2,1703,-10.8,-24.5,17.2,1.5,5.1,76.7,2328,7.8,-62.4,16.4,1.4,,,,,,,,,,,,,,,,,,,,,,,,,,,,,,,,,,,,,,,,,,,,,,,,,,,,,,,,
"Chen, Wei-Yin",612672,2019,33,45,68.1,307,20.5,5.9,0.282,0.502,0.378,0.353,9,1.8,40.7,20,50.9,37.6,26.2,29.9,6.3,L,1151,48.1,91.4,2138,3.6,-16.3,17.1,1.3,22.7,85.8,2291,-5.4,-30.6,9,1.8,3.8,84,1372,7.9,-28,13.8,1.4,22.4,74.1,2299,-7.8,-63,14.5,1.8,3,89.7,2058,12.1,-20.6,18.4,1.5,,,,,,,,,,,,,,,,,,,,,,,,,,,,,,,,,,,,,,,,,,,,,,,,,
"Chavez, Jesse",445926,2019,35,48,78,337,21.4,6.5,0.269,0.471,0.331,0.339,3.4,4.2,34.5,18.3,43.1,42.4,23.1,26.9,7.6,R,1306,8.2,91.4,2312,-10.4,-17.5,19.3,1.1,13.3,86.4,2333,5.1,-30.3,8.8,1.3,9.6,85.2,2063,-18.1,-33.9,18.8,1.2,0.3,83.5,2429,6.6,-41.4,7,1.5,37.6,91.1,2124,-17.7,-25,19.8,1.1,31,88.2,2311,-0.4,-24,12.1,1.4,,,,,,,,,,,,,,,,,,,,,,,,,,,,,,,,,,,,,,,,,,
"Ramírez, Neil",519166,2019,30,22,25,112,21.4,13.4,0.251,0.509,0.38,0.358,6.8,0,30.1,29.8,48.8,23.3,39.7,19.2,17.8,R,461,55.7,94.4,2425,-6.4,-11.8,20,1.2,31,84.6,2364,6.3,-38.6,6.7,1.3,,,,,,,,13.2,79.4,2731,8.6,-52.6,12.4,1.6,,,,,,,,,,,,,,,,,,,,,,,,,,,,,,,,,,,,,,,,,,,,,,,,,,,,,,,,
"Sewald, Paul",623149,2019,29,17,19.2,80,27.5,3.8,0.229,0.4,0.3,0.291,5.6,1.9,38.9,21,47.6,16.7,42.6,27.8,13,R,330,69.7,91,2331,-11.6,-19.2,18.4,2,7.9,79.2,2194,9.9,-43.3,10.4,1.6,3.6,81.2,1634,-14.8,-37.5,15.5,1.6,,,,,,,,0.9,88.4,2093,-17.5,-28.4,18.9,1.4,,,,,,,,,,,,,,,,,,,,,,17.9,83,2262,12.4,-35,14.2,1.4,,,,,,,,,,,,,,,,,,,,,
"Brooks, Aaron",605156,2019,29,29,110,482,17,7.1,0.267,0.482,0.348,0.349,6.7,2.2,41.6,19.5,46,44.4,26.7,21.9,7,R,1898,25.7,92,2083,-12.4,-17.9,19.6,1.4,22.4,85.6,2467,1.5,-36,3.6,1.7,20.6,84.7,1642,-14.5,-37.7,14.8,1.6,3.3,78.6,2272,3.1,-50.5,6.1,1.8,28,91.8,2013,-17.2,-23.3,19.9,1.5,,,,,,,,,,,,,,,,,,,,,,,,,,,,,,,,,,,,,,,,,,,,,,,,,
"Crick, Kyle",605195,2019,26,52,49,226,27,15.5,0.179,0.34,0.345,0.304,5.7,2.4,29.3,29.6,45.2,43.9,27.6,20.3,8.1,R,933,50.4,95.3,2368,-6,-17.3,14.5,0.9,37.4,81.5,3246,19.7,-41.3,20,1.3,0.3,89,2193,-12.8,-33.7,13.1,1.5,,,,,,,,11.9,94.9,2274,-16.3,-22.3,18.4,1.1,,,,,,,,,,,,,,,,,,,,,,,,,,,,,,,,,,,,,,,,,,,,,,,,,
"Brault, Steven",643230,2019,27,25,113.1,505,19.8,10.5,0.255,0.435,0.338,0.336,7.6,3.8,38.7,23.3,45.3,45.3,20.9,27.6,6.1,L,2001,50.6,92.1,2068,9.3,-19.4,15.5,1.3,6,81.2,2192,-6.8,-42.5,7.3,1.2,14.2,84.3,1582,10,-35.6,10.5,1.5,1,71.1,2032,-12.4,-55.2,12.7,2.6,13.4,91.3,1888,13.9,-27,14.8,1.3,14.6,83.5,2211,-5.9,-39.7,6.3,1.1,,,,,,,,,,,,,,,,,,,,,,,,,,,,,,,,,,,,,,,,,,
"Tate, Dillon",622253,2019,25,16,21,93,21.5,9.7,0.223,0.346,0.319,0.309,1.7,3.4,28.8,21.6,39.7,61,18.6,15.3,5.1,R,350,3.4,93.6,2133,-11.6,-19.8,16.5,1.4,,,,,,,,19.4,84.7,1793,-14.8,-30.6,16.9,1.3,,,,,,,,52.9,93.6,2096,-14.9,-25,16.3,1.3,24.3,84.6,2504,5.7,-37.5,6.3,1.6,,,,,,,,,,,,,,,,,,,,,,,,,,,,,,,,,,,,,,,,,,
"Font, Wilmer",521655,2019,29,48,84.1,357,26.6,8.4,0.225,0.419,0.33,0.305,5.2,1.7,38.4,27.6,48.7,37.1,28.8,24,10,R,1523,47.1,94.4,2370,-5.3,-12.4,18.8,1.7,13.4,84.1,2259,5.9,-36,7.1,2.1,,,,,,,,19,76.4,2492,9.9,-59.6,16.1,1.8,11.1,93.7,2270,-12.8,-15.8,19.8,1.6,,,,,,,,9.3,84.7,1333,-8.2,-29,12.8,2.3,,,,,,,,,,,,,,,,,,,,,,,,,,,,,,,,,,,
"Ramírez, Yefry",606162,2019,25,13,24.1,119,22.7,13.4,0.24,0.377,0.396,0.332,4.2,0,31.9,27.9,43.3,51.4,20.8,22.2,5.6,R,464,36.9,93.1,2380,-8.5,-15.1,18.8,1.2,14.4,88.3,2459,-0.6,-26.5,9.3,1.7,30.4,86.9,2049,-14.4,-27.9,16.9,1.6,3.4,80.3,2581,5.4,-44,5.7,1.5,14.9,92.2,2351,-14.9,-19.8,19.5,1.3,,,,,,,,,,,,,,,,,,,,,,,,,,,,,,,,,,,,,,,,,,,,,,,,,
"Valdez, Framber",664285,2019,25,26,70.2,329,20.7,13.4,0.243,0.363,0.342,0.321,5.6,3.3,40.4,26,43.6,62,13.1,21.1,3.8,L,1175,18,94.2,2228,4.2,-19.2,13.1,1.3,,,,,,,,6.6,88.6,1802,12.3,-33.1,13.1,1.3,34.2,79.4,2960,-13.7,-59.8,20.2,1.3,41.2,92.6,2176,12.5,-27.4,13.7,1.5,,,,,,,,,,,,,,,,,,,,,,,,,,,,,,,,,,,,,,,,,,,,,,,,,
"Gray, Sonny",543243,2019,29,31,175.1,708,29,9.6,0.209,0.354,0.265,0.286,4.7,2.8,33.3,28.1,42.2,52.6,20.3,21.3,5.8,R,2807,28.4,93.3,2526,-1.9,-16.1,15.2,1.2,0.4,84.4,2788,7.9,-45.9,10.8,1.6,5.1,89.8,2040,-12.7,-24,16.3,1.3,25.2,81.9,2991,15.9,-53.9,20.1,1.7,19.4,93.2,2451,-11.6,-21.2,15.5,1.1,0.6,89.1,2578,3.1,-25.3,9.9,1.8,,,,,,,,,,,,,,,20.9,84.6,2867,15.8,-43.1,16.6,1.3,,,,,,,,,,,,,,,,,,,,,
"Parsons, Wes",641149,2019,26,32,34.2,157,16.6,18.5,0.3,0.503,0.366,0.4,6,4,38,21.7,44.1,47,18,30,5,R,637,20.9,94.1,2318,-9.6,-16.2,17.6,1.6,36.3,85.9,2512,2.9,-38,4.7,2.1,6.3,87.1,1595,-13.9,-31.7,14.7,1.5,,,,,,,,36.6,93.3,2316,-14.9,-21.6,17.9,1.4,,,,,,,,,,,,,,,,,,,,,,,,,,,,,,,,,,,,,,,,,,,,,,,,,
"Agrazal, Dario",642607,2019,24,15,73.1,321,12.8,5.6,0.273,0.476,0.354,0.346,5.2,4.8,29.8,15.9,45.9,42.5,25.8,23,8.7,R,1148,12.5,90.8,2270,-9.6,-17.7,18.9,1.3,18.9,83,2247,1.1,-41,2.4,1.5,13.4,85.6,1786,-14.2,-28.3,17.1,1.3,,,,,,,,55.2,91.1,2233,-16,-23.4,19,1.3,,,,,,,,,,,,,,,,,,,,,,,,,,,,,,,,,,,,,,,,,,,,,,,,,
"Hernández, Elieser",622694,2019,24,21,82.1,353,24.1,7.4,0.209,0.389,0.34,0.293,4.7,4.3,31.8,25,48.8,35.6,33,18.5,12.9,R,1442,53.6,90.6,2247,-7.2,-16,19.2,1.6,33.3,78.5,2245,10.6,-33.4,16.8,1.8,11.4,82.2,1886,-14.5,-31.7,17.7,1.7,,,,,,,,1.7,89.3,2174,-13.8,-21.7,18.9,1.4,,,,,,,,,,,,,,,,,,,,,,,,,,,,,,,,,,,,,,,,,,,,,,,,,
"Helsley, Ryan",664854,2019,24,24,36.2,153,20.9,7.8,0.237,0.4,0.304,0.294,6.4,4.6,35.8,21.9,52.2,34.9,26.6,30.3,8.3,R,577,56.2,97.8,2511,-6.9,-12.1,18.1,1.7,31.9,88.8,2475,4.3,-28.9,8.2,1.6,2.8,87.7,1621,-10.6,-25.1,15,1.6,8.7,80.9,2421,0.9,-49.6,7.4,1.8,0.5,97.3,2515,-13.6,-14.7,19.7,1.5,,,,,,,,,,,,,,,,,,,,,,,,,,,,,,,,,,,,,,,,,,,,,,,,,
"Webb, Logan",657277,2019,22,8,39.2,174,21.3,8,0.292,0.458,0.336,0.347,4.1,2.5,36.9,22.4,43.6,48.4,16.4,32,3.3,R,676,43.5,93.2,2239,-8.9,-17.8,16.3,1.1,,,,,,,,20.1,84.9,1576,-11.8,-38.3,12.2,1,,,,,,,,12.9,91.8,2058,-16.3,-24.9,18,1.3,,,,,,,,,,,,,,,,,,,,,,23.5,81.9,2718,10.7,-42.5,11.1,1.2,,,,,,,,,,,,,,,,,,,,,
"Ginkel, Kevin",656464,2019,25,25,24.1,96,29.2,9.4,0.205,0.328,0.236,0.268,8.6,0,27.6,32.3,47.7,34.5,29.3,27.6,8.6,R,396,54,93.5,2145,-9.7,-16.5,17.5,1.3,44.9,83.5,2120,2.4,-40.4,3.5,1.3,1,83.7,1784,-13.7,-31.5,15.3,1.5,,,,,,,,,,,,,,,,,,,,,,,,,,,,,,,,,,,,,,,,,,,,,,,,,,,,,,,,,,,,,,,
"Chafin, Andrew",605177,2019,29,77,52.2,225,30.2,8,0.243,0.391,0.301,0.306,3.6,5.1,36.8,33.9,49.8,44.5,18.2,29.2,8,L,893,29.9,93.6,2193,9.1,-16.3,17.6,1.4,38.6,84.4,2361,-0.4,-38.8,1.8,1.2,,,,,,,,,,,,,,,31.5,93.8,2178,14.5,-19.4,18.7,1.2,,,,,,,,,,,,,,,,,,,,,,,,,,,,,,,,,,,,,,,,,,,,,,,,,
"Jewell, Jake",657228,2019,26,18,26.1,114,20.2,7,0.265,0.484,0.371,0.352,7.5,3.8,42.5,28.5,48.5,62.5,18.8,17.5,1.3,R,412,37.9,94.4,2182,-7.1,-15.8,16.6,1.2,35.7,84.8,2322,4.8,-42.3,6.5,1.3,14.6,88.6,1652,-11.6,-31.3,12.5,1.3,,,,,,,,11.9,94.3,2156,-15.4,-22.6,17.5,1.2,,,,,,,,,,,,,,,,,,,,,,,,,,,,,,,,,,,,,,,,,,,,,,,,,
"Cahill, Trevor",502239,2019,31,37,102.1,455,17.8,8.6,0.263,0.456,0.364,0.34,5.2,3,37.5,23.6,45.2,46.5,24.3,23.4,5.8,R,1720,8.1,91.8,2220,-9.5,-18,17.5,1.1,,,,,,,,23.4,83.4,1566,-13.6,-37.9,13.9,1.3,21.8,79.4,2950,11.7,-56.2,16.6,1.4,28.3,91.7,2207,-16.1,-24.9,18.2,1.4,18.4,85.8,2154,0.8,-32.8,5.3,1.5,,,,,,,,,,,,,,,,,,,,,,,,,,,,,,,,,,,,,,,,,,
"Kolarek, Adam",592473,2019,30,80,55,229,19.7,7,0.227,0.36,0.28,0.281,4.2,3.6,35.8,24.3,48.1,66.7,12.1,17.6,3.6,L,794,10.6,91.6,2211,13.3,-19.1,19,1.4,7.9,75.7,1979,-9.3,-41,12.8,1.5,9.2,81.4,2173,19.9,-44.2,20.4,1.4,,,,,,,,71.3,88.9,2151,18.6,-39.3,19.2,1.3,1,83,1329,2,-36,5.2,1.6,,,,,,,,,,,,,,,,,,,,,,,,,,,,,,,,,,,,,,,,,,
"VerHagen, Drew",572403,2019,28,22,58,258,19.8,8.9,0.259,0.426,0.37,0.333,4.4,2.8,38.3,22.7,44.7,51.7,20,21.7,6.7,R,944,12.5,93.8,2318,-4.4,-16,15.7,1.4,30.4,84.8,2279,9,-38.6,9.2,1.7,0.6,89.1,2127,-9.5,-24.1,14.4,1.5,16.4,78.5,2414,11.6,-62,19.3,1.8,40,92.9,2239,-12.6,-22.2,15.8,1.2,,,,,,,,,,,,,,,,,,,,,,,,,,,,,,,,,,,,,,,,,,,,,,,,,
"Vincent, Nick",543883,2019,32,32,44.2,194,24.2,6.2,0.26,0.453,0.324,0.327,6.9,0.8,39.2,23.9,50.7,38.2,25.2,28.2,8.4,R,747,58.8,88.9,2351,-4.3,-18.8,17.2,1,0.8,83.5,2560,5.1,-40.7,5.6,1.4,3.6,83.7,1849,-16.6,-32.1,18.3,1.4,,,,,,,,4.7,89.4,2166,-13.8,-23.5,18,1.3,32.1,86.9,2417,2.9,-26,11.6,1.2,,,,,,,,,,,,,,,,,,,,,,,,,,,,,,,,,,,,,,,,,,
"Toussaint, Touki",657053,2019,23,24,41.2,198,22.7,13.1,0.224,0.377,0.352,0.323,4.2,2.5,33.3,29.4,42,44.2,30,17.5,8.3,R,777,24.3,93.7,2226,-8.6,-18.6,14.8,1.6,,,,,,,,,,,,,,,27.4,77.5,2470,12.5,-58.2,17.7,1.6,24.8,93.2,2202,-14.8,-24.5,16.3,1.6,,,,,,,,23.4,86.4,1465,-9,-34.7,9.3,1.7,,,,,,,,,,,,,,,,,,,,,,,,,,,,,,,,,,,
"Bassitt, Chris",605135,2019,30,28,144,612,23,7.7,0.232,0.387,0.299,0.302,4.6,3.9,31.7,20.9,46.7,42.3,23.1,23.8,10.7,R,2410,23.9,94,2219,-8.9,-16.9,16.9,1.5,0.1,79.2,2313,7.3,-48.6,8.4,1.5,8.4,85,2057,-17.1,-28.5,19.8,1.3,12.8,70.3,2238,13.8,-71.3,19.7,1.7,41.1,93.2,2146,-15.8,-21,19.2,1.4,13.7,88.3,2253,1.7,-27.7,8.2,1.6,,,,,,,,,,,,,,,,,,,,,,,,,,,,,,,,,,,,,,,,,,
"Fedde, Erick",607200,2019,26,21,78,334,12.3,9.9,0.311,0.51,0.339,0.381,7.8,5.4,39.9,16.7,43.3,51.6,18.2,26,4.3,R,1287,0.9,89.3,1860,-1.6,-27.4,6.7,1.5,,,,,,,,7.1,85.3,1624,-11.5,-34.5,12.1,1.7,19.8,79.2,2355,11.6,-49.9,13.2,1.7,55,92.3,1807,-8,-23.2,11.9,1.4,17.2,87.2,2079,4.3,-32.4,6,1.8,,,,,,,,,,,,,,,,,,,,,,,,,,,,,,,,,,,,,,,,,,
"Cabrera, Génesis",650893,2019,22,13,20.1,99,19.2,11.1,0.248,0.407,0.332,0.329,7.5,1.5,31.3,17.6,45.7,38.8,28.4,25.4,7.5,L,372,54,96.4,2251,8.8,-12.3,20,1.4,,,,,,,,17.5,88.2,1776,13.6,-23.6,18.7,1.5,21.5,82.7,2571,-3.1,-52,11.4,1.7,7,95.2,2232,15,-16.3,20.9,1.2,,,,,,,,,,,,,,,,,,,,,,,,,,,,,,,,,,,,,,,,,,,,,,,,,
"Soroka, Michael",647336,2019,21,29,174.2,701,20.3,5.8,0.258,0.391,0.272,0.305,4.9,4.3,37.5,22.5,48.8,52.9,15.3,25.9,5.9,R,2553,18.8,92.9,2362,-5.2,-19.5,14.7,1.5,24.2,83.2,2777,6.4,-45.8,7.8,2.1,12.3,81.2,2177,-13.8,-30.3,19.1,1.5,,,,,,,,44.7,92.3,2175,-15.9,-25.7,17.9,1.4,,,,,,,,,,,,,,,,,,,,,,,,,,,,,,,,,,,,,,,,,,,,,,,,,
"Castillo, Luis",622491,2019,26,32,190.2,780,29,10,0.204,0.327,0.277,0.277,3.8,4.9,33.6,35.5,47.3,56.5,19.8,19.4,4.3,R,3068,29.7,96.4,2170,-13.3,-18.5,18.1,1.4,16.9,85.9,2330,-0.4,-38.3,2.1,1.4,32.5,87.2,1972,-16.8,-34.3,17.3,1.1,,,,,,,,20.8,96.5,2073,-18.7,-25.7,19.4,1.2,,,,,,,,,,,,,,,,,,,,,,,,,,,,,,,,,,,,,,,,,,,,,,,,,
"Hess, David",605276,2019,25,23,80,365,18.6,8.2,0.303,0.611,0.39,0.401,6.4,2.3,49.8,19.3,49.2,33.6,29.4,28.7,8.3,R,1430,53.4,93,2184,-3.7,-15,18.1,1.4,24.6,83.4,2322,5.1,-36.9,7,1.6,11.7,85.5,1595,-13,-29.1,16.2,1.6,4.5,77.3,2351,7.9,-52.2,9.1,2,5.7,92.5,2039,-13.2,-18,19.9,1.3,,,,,,,,,,,,,,,,,,,,,,,,,,,,,,,,,,,,,,,,,,,,,,,,,
"Koch, Matt",571863,2019,28,9,20.2,96,9.4,4.2,0.337,0.67,0.447,0.442,12.8,3.8,48.7,13.9,47.5,35.9,25.6,30.8,7.7,R,364,48.4,92.3,2123,-11.7,-18.2,18.5,1.2,,,,,,,,16.2,85.5,1668,-13.6,-29.8,15.8,1.1,7.4,79.9,2404,6,-50.1,9,1.6,,,,,,,,28,88.9,2148,0.3,-27.1,7.9,1.4,,,,,,,,,,,,,,,,,,,,,,,,,,,,,,,,,,,,,,,,,,
"Irvin, Cole",608344,2019,25,16,41.2,181,17.1,7.2,0.299,0.518,0.334,0.367,9,4.5,32.8,20.7,50.5,34.3,20.1,35.1,10.4,L,639,50.4,89.8,1984,11.8,-19.6,19.3,2.3,20,84.2,1943,-2.4,-32.8,7.4,1.6,26.9,83.4,1643,13.6,-32.4,15.7,1.5,2.7,76.4,1973,-1.3,-52.2,4.9,1.5,,,,,,,,,,,,,,,,,,,,,,,,,,,,,,,,,,,,,,,,,,,,,,,,,,,,,,,,
"Nola, Aaron",605400,2019,26,34,202.1,852,26.9,9.4,0.235,0.394,0.304,0.31,6.8,3,39.5,26.5,44.6,50.9,20.7,23.5,4.9,R,3331,35.4,93.1,2171,-12.9,-18.2,18.5,1.6,,,,,,,,18.6,85.8,1570,-14.9,-33.2,15.6,1.5,35.2,79.1,2574,14.9,-55.1,18.4,1.5,10.8,92.2,2132,-16.6,-24,18.4,1.4,,,,,,,,,,,,,,,,,,,,,,,,,,,,,,,,,,,,,,,,,,,,,,,,,
"Rainey, Tanner",663432,2019,26,52,48.1,214,34.6,17.8,0.196,0.349,0.31,0.317,11.2,2,43.9,40.5,46.1,54.1,22.4,18.4,5.1,R,900,70.7,97.7,2420,-4.1,-10.9,18.4,1.2,29,87.2,2499,4.5,-39,5.6,1.5,0.3,90.4,1567,-7.2,-22.8,13.5,1.4,,,,,,,,,,,,,,,,,,,,,,,,,,,,,,,,,,,,,,,,,,,,,,,,,,,,,,,,,,,,,,,
"Chatwood, Tyler",543022,2019,29,38,76.2,324,22.8,11.4,0.261,0.366,0.302,0.325,4.3,3.8,35.6,25,42.7,53.8,10.6,30.8,4.8,R,1285,31.7,96.1,2479,-5.1,-14.1,16.7,1.3,,,,,,,,7.3,87.7,1789,-11.2,-25.7,15.2,1.5,11.4,81.4,3092,9.3,-56.6,16.8,1.8,39.5,95.7,2516,-14.3,-17,19.5,1.3,10.2,90.2,2760,2.9,-29.9,6.8,1.7,,,,,,,,,,,,,,,,,,,,,,,,,,,,,,,,,,,,,,,,,,
"Guerra, Javy",457915,2019,33,51,67.2,287,19.9,5.9,0.244,0.437,0.301,0.305,6.1,2.4,37.7,18.6,53.3,34,29.7,27.4,9,R,1076,59.1,92.7,2089,-4.5,-14,19.2,2,25,85.2,2101,4.3,-35.3,6.3,2,8.7,83.6,1575,-9.1,-27.6,15.8,1.8,7.2,79,2289,5.2,-54.3,11.8,1.8,,,,,,,,,,,,,,,,,,,,,,,,,,,,,,,,,,,,,,,,,,,,,,,,,,,,,,,,
"Wittgren, Nick",621295,2019,28,55,57.2,232,25.9,6.9,0.253,0.463,0.285,0.323,7.1,0.6,50,23.2,46.8,39.7,28.8,24.4,7.1,R,967,66.4,92.3,2189,-8.1,-15.5,18.1,1.1,18.8,83.7,2450,5,-40.7,5.6,1.4,14.7,85.6,1891,-13.4,-33.7,13.9,1.3,0.1,78.4,2211,6,-50.8,8.3,,,,,,,,,,,,,,,,,,,,,,,,,,,,,,,,,,,,,,,,,,,,,,,,,,,,,,,,,
"Vargas, Jason",450306,2019,36,30,149.2,649,19.1,9.7,0.243,0.443,0.318,0.326,7.5,3.1,33.8,24,43.6,40.1,26.3,24.6,9,L,2505,27.6,84.2,2234,11.4,-23.2,19.8,1.7,,,,,,,,35.1,78.7,2208,17.6,-35.6,20.1,1.7,15.2,70.6,2433,-12.8,-65.7,15.5,2.1,22.2,84.2,2203,16.1,-28.6,19.4,1.8,,,,,,,,,,,,,,,,,,,,,,,,,,,,,,,,,,,,,,,,,,,,,,,,,
"Peralta, Wily",503449,2019,30,42,40.1,176,13.6,10.8,0.28,0.518,0.364,0.373,5.3,2.3,42,22.1,44.4,45,25.2,24.4,5.3,R,670,54.5,94.3,1872,-11.1,-17.3,18.1,1.2,32.1,82.1,2203,0.8,-44.5,3.6,2.1,12.8,84.8,1585,-12.2,-27.7,16.7,1.4,0.1,74.7,2095,1.9,-55.9,4.8,,0.4,94.9,1832,-13.5,-20.6,17.1,1.4,,,,,,,,,,,,,,,,,,,,,,,,,,,,,,,,,,,,,,,,,,,,,,,,,
"Barnes, Jacob",606930,2019,29,33,32.2,160,20,13.8,0.263,0.455,0.352,0.349,2.8,0.9,37.7,23.4,41.5,48.1,19.8,27.4,4.7,R,660,48,93.6,2451,-2.3,-14.9,16.2,1.4,0.2,82.1,2165,4.1,-42.4,4.8,,,,,,,,,,,,,,,,,,,,,,,51.8,88.3,2369,4.7,-29,8,1.5,,,,,,,,,,,,,,,,,,,,,,,,,,,,,,,,,,,,,,,,,,
"Alcántara, Victor",622505,2019,26,46,42.2,182,13.2,8.2,0.293,0.534,0.348,0.38,5,2.1,42.6,20.9,51.5,54.6,21.3,17,7.1,R,687,,,,,,,,9.2,89.2,2024,-7.9,-29,10.5,1.5,15.9,88.2,1710,-16.7,-31,17.7,1.4,,,,,,,,75,93.4,2085,-18.3,-27,19.1,1.1,,,,,,,,,,,,,,,,,,,,,,,,,,,,,,,,,,,,,,,,,,,,,,,,,
"Dunn, Mike",445197,2019,34,28,17.2,75,20,8,0.224,0.417,0.332,0.3,9.3,5.6,35.2,25.7,46.4,40.7,29.6,18.5,11.1,L,301,43.9,91.4,2327,0.9,-17,15.5,1,44.9,85.2,2415,-6.5,-34,7.7,1.8,,,,,,,,8.3,74.8,2222,-8,-61.1,14.1,1.3,3,91.5,2205,11.3,-19.2,17.6,1.3,,,,,,,,,,,,,,,,,,,,,,,,,,,,,,,,,,,,,,,,,,,,,,,,,
"Winkler, Dan",595465,2019,29,27,21.2,93,23.7,11.8,0.247,0.509,0.337,0.36,8.5,0,35.6,33.3,48.7,30.5,23.7,37.3,8.5,R,351,30.5,92.1,2542,-6.8,-17.3,16.7,1.5,,,,,,,,,,,,,,,21.4,83.3,2642,8.1,-41.6,8.6,1.6,5.7,89.6,2042,-13.4,-32.3,13.8,1.4,42.5,90.4,2522,1.2,-21.9,12,1.4,,,,,,,,,,,,,,,,,,,,,,,,,,,,,,,,,,,,,,,,,,
"Anderson, Tyler",542881,2019,29,5,20.2,106,21.7,10.4,0.318,0.623,0.464,0.421,1.4,4.2,36.1,23.8,50,41.7,25,29.2,4.2,L,427,46.4,91.2,2334,8.4,-15.6,19.6,1.6,,,,,,,,26,79.9,2050,11.2,-29.8,17.6,1.6,6.6,73.4,2377,-1.5,-62.1,9.8,1.6,1.6,91.4,2268,14.2,-20.3,19.1,1.6,19.4,87,2548,-1.4,-24.8,11.8,1.6,,,,,,,,,,,,,,,,,,,,,,,,,,,,,,,,,,,,,,,,,,
"Sipp, Tony",448609,2019,35,36,21,92,19.6,9.8,0.251,0.406,0.282,0.34,7.8,1.6,34.4,26.3,49.3,37.5,28.1,25,9.4,L,363,47.9,90.4,2065,8.2,-17.2,18.8,1.6,32,83.2,2007,-0.8,-35.6,5.2,1.3,,,,,,,,,,,,,,,,,,,,,,,,,,,,,20.1,78,969,9.6,-44.7,11,1.4,,,,,,,,,,,,,,,,,,,,,,,,,,,,,,,,,,,
"DeSclafani, Anthony",543101,2019,29,31,166.2,696,24,7,0.233,0.401,0.3,0.297,6.7,3.4,38.7,23.5,48.1,43.7,26.1,22.9,7.4,R,2587,37.2,94.7,2249,-9.6,-14.3,18.9,1.1,24.3,89.4,2315,3.7,-27.4,8.4,1.9,5.4,88.5,1535,-13.7,-28.2,15.2,1.3,15.1,83.3,2048,4.8,-45.2,7.5,2,18.1,94.5,2086,-15,-19.5,18.7,1.1,,,,,,,,,,,,,,,,,,,,,,,,,,,,,,,,,,,,,,,,,,,,,,,,,
"Scott, Tayler",605463,2019,27,13,16.1,93,15.1,11.8,0.305,0.49,0.486,0.396,1.6,1.6,37.5,21.7,44.4,56.3,14.1,26.6,3.1,R,354,7.9,94.7,2223,-12.2,-17.7,18.6,1.4,42.9,88.9,2792,4.3,-35.5,5.1,1.3,,,,,,,,,,,,,,,49.2,94.4,2231,-18,-24.2,19.6,1.2,,,,,,,,,,,,,,,,,,,,,,,,,,,,,,,,,,,,,,,,,,,,,,,,,
"Feliz, Michael",593140,2019,26,58,56.1,239,30.5,11.3,0.2,0.374,0.306,0.292,3.6,4.4,32.8,28.8,47.1,38,24.1,26.3,11.7,R,1016,73.4,95.1,2311,-2.4,-12.5,18,1.6,20.2,81.8,2374,7.9,-37.6,9.5,2,6.4,86.1,1950,-11.2,-22.4,18,1.3,,,,,,,,,,,,,,,,,,,,,,,,,,,,,,,,,,,,,,,,,,,,,,,,,,,,,,,,,,,,,,,
"Hartlieb, Geoff",664129,2019,25,29,35,171,22.2,10.5,0.299,0.507,0.418,0.369,2.6,2.6,41.7,23.2,50.2,46.1,25.2,25.2,3.5,R,651,39.9,96.4,2479,-6.6,-17.3,13.7,1.5,20.7,85.2,2511,8.8,-36.1,9.3,1.5,9.8,90.1,2059,-15.3,-31.1,15.7,1.4,,,,,,,,29.5,95,2414,-16.5,-27.5,16.8,1.4,,,,,,,,,,,,,,,,,,,,,,,,,,,,,,,,,,,,,,,,,,,,,,,,,
"Bundy, Dylan",605164,2019,26,30,161.2,700,23.1,8.3,0.239,0.404,0.329,0.309,7,2.5,31.9,28.1,49,42,23.4,25.9,8.6,R,2778,42.4,91.1,2458,-5.2,-14.6,19.8,1.3,22.8,81.1,2573,5,-44.6,5.9,1.3,17.4,83.4,1569,-12.8,-32.7,15.1,1.4,9.9,74.8,2404,9,-64.5,16.6,1.5,7.5,91.3,2288,-13.3,-18.8,19.9,1.3,,,,,,,,,,,,,,,,,,,,,,,,,,,,,,,,,,,,,,,,,,,,,,,,,
"Quintana, Jose",500779,2019,30,32,171,745,20.4,6.2,0.273,0.434,0.321,0.326,7.2,2.2,37.9,20.9,44.3,45.4,19.7,29.2,5.7,L,2734,36.3,91.4,2016,4.4,-16.8,16.4,1,,,,,,,,11,86.5,1287,8.5,-27,13.4,1.2,21.9,76.9,2211,-7.4,-55.8,11.6,1.1,25.5,91.3,1978,12.2,-18.8,18.5,1.1,,,,,,,,,,,,,,,,,,,,,,,,,,,,,5.3,77.4,2230,-13.3,-49.4,13.7,1.2,,,,,,,,,,,,,,
"Diekman, Jake",518617,2019,32,76,62,282,29.8,13.8,0.205,0.302,0.303,0.301,2.7,3.4,31.8,35.2,45.1,48,11.5,31.1,9.5,L,1184,48.6,95.8,2212,14,-19,17.9,1.2,46,85,2813,-5.9,-41.6,7.1,1.5,0.3,90,1609,17.4,-35.2,17.5,1.5,,,,,,,,5.2,95.5,2095,17.6,-24.9,18.4,1.5,,,,,,,,,,,,,,,,,,,,,,,,,,,,,,,,,,,,,,,,,,,,,,,,,
"James, Josh",657624,2019,26,49,61.1,266,37.6,13.2,0.17,0.284,0.304,0.265,10.2,1.6,39.2,36.4,45.4,35.4,35.4,22.8,6.3,R,1132,63.3,97.1,2414,-8.4,-13.2,18.3,1.6,20.5,84.5,2537,13,-43.1,13.9,1.7,14.6,89,1870,-16.5,-32.8,16.8,1.3,1.6,81.6,2560,6.6,-55,14.1,1.7,,,,,,,,,,,,,,,,,,,,,,,,,,,,,,,,,,,,,,,,,,,,,,,,,,,,,,,,
"Rodón, Carlos",607074,2019,26,7,34.2,158,29.1,10.8,0.209,0.352,0.307,0.296,7.4,3.2,39.4,28.4,46,42.6,19.1,30.9,7.4,L,696,51.6,91.4,2154,8.4,-17.3,18.5,1.8,37.2,83.8,2452,-6.9,-41.5,7.7,2,10.8,84.1,1714,15.8,-31.5,17.9,1.4,,,,,,,,0.4,95.4,2226,15.5,-17.5,20.4,1.5,,,,,,,,,,,,,,,,,,,,,,,,,,,,,,,,,,,,,,,,,,,,,,,,,
"Junis, Jakob",596001,2019,26,31,175.1,771,21.3,7.5,0.27,0.48,0.34,0.345,5.6,2.2,41.2,22.6,45.3,43.2,26.4,24.6,5.8,R,2924,33.7,91.7,2079,-6,-18.9,15.4,1.3,29.7,82.4,2522,14.7,-43.3,15.1,1.3,5.4,84.6,1336,-4.5,-34.1,7.5,1.6,14.1,79.3,2421,15.3,-48.6,15.9,1.2,17.3,91,1923,-13,-24.4,15.9,1.2,,,,,,,,,,,,,,,,,,,,,,,,,,,,,,,,,,,,,,,,,,,,,,,,,
"Hale, David",571735,2019,31,20,37.2,157,14.6,4.5,0.251,0.358,0.297,0.279,4,4,28.6,17.1,49.5,50.8,16.7,24.6,7.9,R,598,31.4,93.6,2264,-8.3,-18.8,15,1.4,,,,,,,,21.2,82.1,1716,-13.3,-31.5,16.3,1.3,18.4,82.1,2294,6.5,-40.4,7,1.5,28.9,93,2179,-14.8,-22.6,17.5,1.3,,,,,,,,,,,,,,,,,,,,,,,,,,,,,,,,,,,,,,,,,,,,,,,,,
"Márquez, Germán",608566,2019,24,28,174,721,24.3,4.9,0.27,0.458,0.311,0.327,5.1,1.6,43.1,26.5,49.5,50.2,20.2,27.1,2.6,R,2616,35.4,95.7,2225,-7.3,-17.6,15.3,1.6,21.1,87.4,2371,0.4,-33.5,4.2,2,3,87.8,1969,-14.7,-27.8,17.5,1.9,23.5,84.9,2693,3.2,-43.3,5.4,2.3,17,94.7,2171,-13.2,-22.6,16.2,1.6,,,,,,,,,,,,,,,,,,,,,,,,,,,,,,,,,,,,,,,,,,,,,,,,,
"Yamamoto, Jordan",657141,2019,23,15,78.2,325,25.2,11.1,0.228,0.381,0.281,0.309,7.4,1,38.8,22.6,45,36.6,27.2,25.2,10.9,R,1376,49,91.5,2248,-6.9,-15.4,19,1.7,14.8,79,2793,15,-50.6,16.1,2.1,3.6,82.9,1855,-15,-33.1,17.3,2.1,13.8,74.7,2637,11.6,-64.8,18.6,2.4,0.8,90.8,2371,-13.5,-23,17.2,1.4,18,85.9,2517,3.4,-33.3,7.1,1.6,,,,,,,,,,,,,,,,,,,,,,,,,,,,,,,,,,,,,,,,,,
"Rodney, Fernando",407845,2019,42,55,47.2,210,23.3,13.3,0.234,0.378,0.332,0.316,3.8,5.3,37.2,26.3,44.9,50.4,17.3,24.8,7.5,R,851,20.6,94.4,2192,-5.4,-13.9,18.3,1.7,3.3,86.3,2254,2.3,-30.1,7.9,1.8,28.8,83,1752,-15.1,-32.7,17.1,1.6,,,,,,,,47.4,93.6,2039,-13.5,-19.1,18.6,1.6,,,,,,,,,,,,,,,,,,,,,,,,,,,,,,,,,,,,,,,,,,,,,,,,,
"Blach, Ty",621389,2019,28,7,27,139,14.4,12.2,0.323,0.565,0.463,0.41,7.8,0,42.6,16.1,44.1,34.3,19.6,37.3,8.8,L,520,,,,,,,,1.3,81.9,2432,-3.8,-43.2,3.9,1.4,26,79.9,1906,18,-39.4,19.2,1,8.7,77.1,2392,-7.3,-59.6,13.3,1.6,56.7,90.2,2136,16.1,-24.5,19.6,1.1,7.3,84.4,2444,-0.2,-33.7,6.7,1.2,,,,,,,,,,,,,,,,,,,,,,,,,,,,,,,,,,,,,,,,,,
"Bleier, Richard",542947,2019,32,53,55.1,235,12.8,3.4,0.251,0.379,0.333,0.285,6.2,2.6,38.3,16.9,52,60.1,12.4,22.8,4.7,L,760,0.4,85.8,1909,3.9,-32.8,6.3,1.5,6.3,79.7,1970,-3,-46.1,4.1,1.6,4.7,81.4,1590,15.3,-36.9,16.3,1.4,,,,,,,,64.1,89,1943,13.6,-30.6,14.4,1.2,24.5,87.5,1949,0.8,-29.3,7,1.7,,,,,,,,,,,,,,,,,,,,,,,,,,,,,,,,,,,,,,,,,,
"Holmes, Clay",605280,2019,26,35,50,240,23.3,15,0.23,0.367,0.332,0.336,4.3,4.3,39.3,27.3,37.6,60.1,15.2,22.5,2.2,R,872,10.3,94,2121,-9.4,-20.5,14.3,1.4,11.9,86.8,2424,2.8,-38.1,3.9,1.5,1.1,87,1504,-11.6,-31.2,13.2,1.5,23.9,81.6,2684,9.9,-55.2,16.4,1.1,52.8,94.3,2013,-14.6,-27.8,15.1,1.4,,,,,,,,,,,,,,,,,,,,,,,,,,,,,,,,,,,,,,,,,,,,,,,,,
"Civale, Aaron",650644,2019,24,10,57.2,227,20.3,7,0.233,0.347,0.269,0.278,5.5,5.5,32.9,21.2,45.4,41.5,26.2,23.2,9.1,R,861,3.3,92,2415,-5,-17.2,16.6,1.4,14.9,83.7,2831,9.8,-38.5,10.8,1.5,6.6,84.2,2089,-15.8,-29.9,18.6,1.4,11,75.5,2930,12.8,-67.7,21.2,1.7,35.1,92.6,2268,-14.3,-21.7,18.1,1.5,29.2,87.9,2612,5.4,-27.5,10.6,1.3,,,,,,,,,,,,,,,,,,,,,,,,,,,,,,,,,,,,,,,,,,
"Andriese, Matt",542882,2019,29,54,70.2,310,25.5,8.7,0.225,0.379,0.317,0.289,6,2.5,33.5,25.1,47.3,51,17.5,26,5.5,R,1202,49.7,92.5,2337,-7.1,-16.1,18.2,1.2,1.1,85,2460,2.6,-40.8,3.6,1.4,36.9,86,2224,-4.5,-37.3,5.1,1.2,11.6,80.9,2671,5.2,-55.7,13.2,1.4,0.7,92.3,2180,-13.3,-25.6,15,1.4,,,,,,,,,,,,,,,,,,,,,,,,,,,,,,,,,,,,,,,,,,,,,,,,,
"Allen, Cody",592102,2019,30,25,23,116,25,17.2,0.267,0.648,0.409,0.424,16.7,0,54.5,26.8,39.5,19.7,40.9,27.3,12.1,R,491,53.8,92.2,2460,-10.8,-13.3,22,0.9,,,,,,,,,,,,,,,46.2,82.6,2534,8.8,-48.3,11.7,1.2,,,,,,,,,,,,,,,,,,,,,,,,,,,,,,,,,,,,,,,,,,,,,,,,,,,,,,,,
"Springs, Jeffrey",605488,2019,26,25,32.1,155,20.6,14.8,0.275,0.432,0.375,0.353,10.1,1,38.4,30.2,45.9,25.3,37.4,31.3,6.1,L,665,57.6,92.1,2206,10.6,-16.2,19.5,1.1,11.3,83.7,2163,-4.8,-39.4,5.5,1.7,30.7,80.3,1489,9.3,-30.5,15.4,1.6,,,,,,,,0.5,90.4,2090,20.4,-20.4,24.7,1.4,,,,,,,,,,,,,,,,,,,,,,,,,,,,,,,,,,,,,,,,,,,,,,,,,
"LeBlanc, Wade",453281,2019,34,26,121.1,532,17.3,5.8,0.28,0.491,0.359,0.343,7.1,2.2,39,22.1,47.1,40.9,27,25.5,6.6,L,1955,5.7,86.3,1935,10.4,-21.6,18.8,1.2,,,,,,,,31.1,78.6,1544,14.1,-37.6,16,1.4,10.9,72.5,2272,-13.2,-61.6,15.1,1.5,22.1,86.1,1888,15.3,-26.1,19.1,1.1,30.2,84.1,2005,0.3,-28.1,11.2,1.4,,,,,,,,,,,,,,,,,,,,,,,,,,,,,,,,,,,,,,,,,,
"Adam, Jason",592094,2019,27,23,21.2,91,19.8,11,0.188,0.307,0.265,0.27,6.7,3.3,21.7,27.5,44.8,26.7,30,25,18.3,R,396,61.4,94.4,2580,-7.9,-15,17.8,1.1,,,,,,,,11.6,89.4,1815,-16.6,-29.2,17.7,1.2,27,77.7,2539,13.9,-57.5,17.7,1.4,,,,,,,,,,,,,,,,,,,,,,,,,,,,,,,,,,,,,,,,,,,,,,,,,,,,,,,,
"Claudio, Alex",592222,2019,27,83,62,267,16.5,9,0.236,0.351,0.317,0.303,3.6,4.7,30.7,23.9,46.6,58.3,11.5,23.4,6.8,L,969,2,85.5,2056,18.1,-35.9,18.4,1.6,17.6,76.6,2238,-6.2,-46,7.1,1.5,36,73.3,2177,19.9,-53.2,20,2.5,0.1,69.9,2099,-7.8,-57,8.3,,44.3,85.6,1984,17.6,-44,18.4,1.4,,,,,,,,,,,,,,,,,,,,,,,,,,,,,,,,,,,,,,,,,,,,,,,,,
"Hamels, Cole",430935,2019,35,27,141.2,617,23.2,9.1,0.247,0.417,0.317,0.322,5.9,2.9,41.3,27.2,47.3,47.4,21.5,24.9,6.1,L,2394,35.5,91.4,2059,7.8,-17.1,17.6,1.2,,,,,,,,21.3,83.3,1713,13.1,-30.8,16.1,1.3,12.5,78,2040,-6.2,-56.7,12.4,1.6,12.1,91.1,2034,13.5,-22.6,17.1,1.2,18.6,87.6,1994,0,-26.6,9.2,1.3,,,,,,,,,,,,,,,,,,,,,,,,,,,,,,,,,,,,,,,,,,
"Soria, Joakim",465657,2019,35,71,69,278,28.4,7.2,0.213,0.385,0.261,0.287,1.7,2.8,34.3,28.8,48.2,38.1,23.9,27.8,10.2,R,1099,64.6,92.6,2301,-5.3,-15,17.9,1.2,11.7,81.5,2711,13.1,-43.9,13.8,2.5,7.1,87.6,1500,-10.7,-28.3,13.2,1.9,13,73,2751,16.1,-67.2,22.5,2.3,3.5,93.3,2338,-13.1,-18.8,18.3,1.4,,,,,,,,,,,,,,,,,,,,,,,,,,,,,,,,,,,,,,,,,,,,,,,,,
"McCarthy, Kevin",641838,2019,27,56,60.1,268,14.2,7.8,0.269,0.403,0.315,0.314,3.9,2.4,41.5,20.2,52.3,58.9,14.5,22.7,3.9,R,901,3.1,90.8,2020,-7,-22.7,12.7,1.5,11.1,88,2199,0.5,-28.4,6.6,1.2,22.3,83.9,1813,-15,-34.2,15.7,1.1,6.3,82.9,2121,1.6,-36.5,3.8,1.4,57.2,91.1,1990,-14.1,-27.7,15.1,1,,,,,,,,,,,,,,,,,,,,,,,,,,,,,,,,,,,,,,,,,,,,,,,,,
"Newcomb, Sean",656794,2019,26,55,68.1,293,22.2,9.9,0.238,0.376,0.299,0.305,6.1,3.6,30.6,22.7,45.9,50.5,23,20.9,5.6,L,1181,65.2,94.3,2240,5.5,-14.8,17.8,1.7,8.1,81.4,2841,-13.7,-50.6,15.7,1.3,6.9,87.4,1618,12.2,-28.1,15,1.4,19.7,78.8,2874,-8.7,-65.2,20.2,1.5,,,,,,,,,,,,,,,,,,,,,,,,,,,,,,,,,,,,,,,,,,,,,,,,,,,,,,,,
"Holder, Jonathan",656547,2019,26,34,41.1,181,25.4,6.1,0.228,0.402,0.319,0.29,4.9,2.5,34.4,25.6,49.6,38.5,27.9,23,10.7,R,693,54.5,92.1,2335,-2.7,-15.5,17,1.1,25,80.8,2779,11.6,-47.4,12.6,2,16.5,86,1848,-14.3,-29.4,16.3,1.2,,,,,,,,,,,,,,,4,84.9,2444,3.5,-35,5,1.4,,,,,,,,,,,,,,,,,,,,,,,,,,,,,,,,,,,,,,,,,,
"Smith, Will",519293,2019,29,63,65.1,257,37.4,8.2,0.208,0.353,0.261,0.269,5.7,1.4,39.3,34.1,47.7,43.6,27.1,23.6,5.7,L,1042,46.8,92.6,2219,5.4,-15,18,1.2,42.3,81.6,2333,-9.2,-41.2,9.8,1.5,1.8,87,1837,13.4,-23.1,19.2,1.5,9,77.1,2022,-9.5,-56,12.8,1.8,,,,,,,,,,,,,,,,,,,,,,,,,,,,,,,,,,,,,,,,,,,,,,,,,,,,,,,,
"Ramirez, Noé",598287,2019,29,51,67.2,280,28.2,7.1,0.211,0.363,0.297,0.281,9.1,3.4,31.2,31,45.4,38.1,28.4,23.9,9.7,R,1107,28.4,89.1,2243,-8.4,-22.2,15.7,1.1,,,,,,,,34.2,84.2,2001,-12.5,-43.6,13.4,1.1,37.4,77.7,2742,13.6,-50,14.2,1.2,,,,,,,,,,,,,,,,,,,,,,,,,,,,,,,,,,,,,,,,,,,,,,,,,,,,,,,,
"Muñoz, Andrés",662253,2019,20,22,23,97,30.9,11.3,0.21,0.374,0.268,0.295,1.8,1.8,33.9,31.7,50,41.1,26.8,25,7.1,R,416,67.1,99.9,2271,-10.1,-14.3,16.6,1.4,31.7,86.3,2380,7.3,-32.9,8.6,1.8,0.7,95.7,1999,-11.2,-27.4,11.3,1.5,,,,,,,,,,,,,,,0.5,99,2136,0.1,-8.5,19.7,1.4,,,,,,,,,,,,,,,,,,,,,,,,,,,,,,,,,,,,,,,,,,
"Baez, Michel",673258,2019,23,24,29.2,131,21.4,10.7,0.225,0.361,0.295,0.299,7,4.7,37.2,24,48.8,39.5,19.8,30.2,10.5,R,521,58.7,96,2382,-8.4,-13.3,19.1,1.1,5.2,84.8,2071,2.4,-38.8,3.6,1.6,33.2,86,1719,-14,-31.4,15.6,1.1,2.9,78.2,2062,4.2,-48.6,5.3,1.6,,,,,,,,,,,,,,,,,,,,,,,,,,,,,,,,,,,,,,,,,,,,,,,,,,,,,,,,
"Ferguson, Caleb",657571,2019,22,46,44.2,204,26.5,13.2,0.245,0.403,0.331,0.333,5.1,3.4,33.3,23.4,48.7,40.2,27.4,25.6,6.8,L,824,78,94.4,2311,9.9,-14.2,19.6,1.3,,,,,,,,0.2,85.8,1917,10.9,-21.3,19.2,1.5,21.7,76.2,3023,-12.1,-64.8,20.2,1.9,,,,,,,,,,,,,,,,,,,,,,,,,,,,,,,,,,,,,,,,,,,,,,,,,,,,,,,,
"Erlin, Robbie",572362,2019,28,37,55.1,251,20.7,6,0.273,0.441,0.336,0.326,4.4,3.8,35.5,23.7,47.9,45.9,18,29,7.1,L,959,29.6,90.7,2376,6.7,-16.1,18.9,1,10.2,88.2,2491,-2,-26.6,9.8,1.8,16.6,83.5,1546,9.2,-30.5,13.5,1.4,22.3,76.2,2598,-5.4,-65.8,18.2,1.6,21.3,90.5,2242,13.9,-21,19,0.9,,,,,,,,,,,,,,,,,,,,,,,,,,,,,,,,,,,,,,,,,,,,,,,,,
"Wood, Alex",622072,2019,28,7,35.2,153,19.6,5.9,0.309,0.544,0.381,0.376,5.3,2.7,33.6,24.5,48.8,38.9,27.4,30.1,3.5,L,586,2,90,2016,8.4,-18.4,17.7,1.3,,,,,,,,25.1,83.6,1658,13.9,-34.5,14.8,0.9,24.6,81.4,2161,-3.8,-45.1,5.2,1,48.3,89.9,2112,13.5,-21,19,0.9,,,,,,,,,,,,,,,,,,,,,,,,,,,,,,,,,,,,,,,,,,,,,,,,,
"Kline, Branden",571858,2019,27,34,41,183,18.6,10.4,0.297,0.519,0.36,0.382,9.4,5.5,50.8,24.3,44.8,39.8,18.8,32,9.4,R,708,57.5,96.2,2174,-8.9,-13.1,18.9,1.4,34,86.6,2296,2.1,-32.8,5.4,1.8,8.5,87.6,1536,-11.6,-28.2,14.4,1.3,,,,,,,,,,,,,,,,,,,,,,,,,,,,,,,,,,,,,,,,,,,,,,,,,,,,,,,,,,,,,,,
"Kingham, Nick",592468,2019,27,25,55.2,259,17.8,9.7,0.276,0.49,0.415,0.354,4.8,3.7,34,19.8,47.8,42.6,23.4,25.5,8.5,R,1027,39.2,91.9,2311,-3.1,-18.5,14.8,1.2,1.3,82,2355,5.9,-43,6.1,1.4,16.7,85.1,2045,-15.3,-31.7,17,1.3,19.3,80.1,2373,9,-55.2,14.4,1.5,10.4,90,2165,-12.2,-26.6,14.6,1.2,13,90.6,2281,2,-25,9.5,1.4,,,,,,,,,,,,,,,,,,,,,,,,,,,,,,,,,,,,,,,,,,
"Howard, Sam",607572,2019,26,20,19,91,25.3,11,0.243,0.392,0.379,0.331,10.9,3.6,32.7,32.6,48.8,41.8,27.3,23.6,7.3,L,383,44.1,92.6,2345,6.6,-16,18,1.3,55.9,85.1,2339,-2.6,-34.9,5.1,1.6,,,,,,,,,,,,,,,,,,,,,,,,,,,,,,,,,,,,,,,,,,,,,,,,,,,,,,,,,,,,,,,,,,,,,,
"Keuchel, Dallas",572971,2019,31,19,112.2,487,18.7,8,0.26,0.422,0.327,0.328,3.7,2.6,38.5,20.7,45.7,60.1,13.5,21,5.5,L,1864,5.2,89.4,2123,2.9,-21.8,13.3,1.2,11.4,78.4,2229,-8.1,-46.5,9.2,1.6,14.5,79.7,1572,13.4,-39.6,14,1.3,,,,,,,,49,88.3,2006,12.8,-30.6,13.8,1,19.8,86.1,2134,-2.4,-30,8.2,1.1,,,,,,,,,,,,,,,,,,,,,,,,,,,,,,,,,,,,,,,,,,
"Norris, Daniel",596057,2019,26,32,144.1,610,20.5,6.2,0.266,0.475,0.334,0.335,7,2.7,43.3,22.9,47.6,43.6,27.3,23.9,5.2,L,2360,45,90.8,2385,6.6,-17.2,18.3,1.7,22.8,84.3,2512,-5.3,-39.2,6.3,1.8,19,85.7,1568,12.3,-38.5,12.6,1.8,6.5,75.8,2536,-7.7,-64.7,16.8,1.3,6.7,90.3,2231,14.2,-24,17.9,1.5,,,,,,,,,,,,,,,,,,,,,,,,,,,,,,,,,,,,,,,,,,,,,,,,,
"Yarbrough, Ryan",642232,2019,27,28,141.2,563,20.8,3.6,0.25,0.39,0.273,0.291,2.4,4.8,26.2,22.3,49.6,44.5,20,25.5,10.1,L,2057,23.7,88.1,1990,14.4,-24.2,18.7,1.5,,,,,,,,25.6,79.5,2123,17.3,-37,18.7,1.4,13.5,72.8,2405,-14.5,-50.6,15.1,2.2,0.5,88.4,1897,15.5,-29.8,16.5,1.5,36.7,84.1,2176,-1.9,-31.3,8.8,1.7,,,,,,,,,,,,,,,,,,,,,,,,,,,,,,,,,,,,,,,,,,
"Webb, Tyler",643778,2019,28,65,55,221,21.7,10.4,0.211,0.362,0.252,0.286,4.7,6.1,29.9,22.6,47.7,42.6,27,23,7.4,L,881,37.2,89.9,2197,1,-16.8,17.1,1.1,,,,,,,,19.4,79.7,1768,6.6,-26.3,18,1.7,15.4,76.7,2283,-4,-51.6,6.3,1.5,27.9,89.8,2145,9.7,-18.6,18.1,1.3,,,,,,,,,,,,,,,,,,,,,,,,,,,,,,,,,,,,,,,,,,,,,,,,,
"López, Pablo",641154,2019,23,21,111.1,469,20.3,5.8,0.254,0.432,0.318,0.319,5.7,3.6,36.9,23.4,48.8,49.1,19.3,23.8,7.7,R,1793,42.4,93.6,2069,-9.8,-18.6,15.9,1.3,,,,,,,,22,85.7,1943,-17.2,-33.7,17.6,1.3,19.2,79.8,2358,10.8,-45.4,11.5,1.6,16.3,93.3,2036,-16.3,-25.1,17.5,1.4,,,,,,,,,,,,,,,,,,,,,,,,,,,,,,,,,,,,,,,,,,,,,,,,,
"Ramirez, Nick",598286,2019,29,46,79.2,348,21.3,10.1,0.246,0.424,0.313,0.319,4.2,5.9,29.8,28.1,47,47.1,20.6,22.3,10.1,L,1323,20.3,90,2032,12.2,-20.4,19,1.7,,,,,,,,32,79.1,1471,13.1,-36,16.1,1,5.7,78.3,2281,-3.1,-55.4,9.9,1.3,9.8,89,1972,16.4,-27.2,18.5,1.4,32.4,86.7,2178,0.9,-28.8,9.4,2.1,,,,,,,,,,,,,,,,,,,,,,,,,,,,,,,,,,,,,,,,,,
"Boyd, Matthew",571510,2019,28,32,185.1,788,30.2,6.3,0.224,0.412,0.32,0.297,4.5,2.9,35.3,31.1,49.8,36,27.3,24.6,12,L,3101,49.8,92.1,2384,10.2,-17.3,18.2,1.6,36.2,79.6,2377,-4.2,-46,5.4,1.8,6.1,79.1,1959,11.5,-32.4,16.3,1.2,4,72.2,2248,-14.5,-61.1,16.5,1.7,3.9,90.3,2356,14.4,-23,17.9,1.8,0,90.5,2330,0.3,-12.8,21.2,,,,,,,,,,,,,,,,,,,,,,,,,,,,,,,,,,,,,,,,,,,
"Rodríguez, José",642578,2019,23,9,19.2,84,15.5,13.1,0.278,0.498,0.334,0.372,3.3,0,23.3,22.1,49.5,40,26.7,26.7,6.7,R,329,38.6,93.4,2267,-9.1,-15.7,18.2,1.1,21.3,84.6,2241,-1.8,-35.5,4,1.5,15.5,86.1,2121,-11.2,-33.7,12.1,1.2,17,80,2411,7.6,-47,8.8,1.6,7.6,93.2,2204,-11.3,-18,17.6,1.3,,,,,,,,,,,,,,,,,,,,,,,,,,,,,,,,,,,,,,,,,,,,,,,,,
"Vázquez, Felipe",553878,2019,27,56,60,236,38.1,5.5,0.204,0.342,0.247,0.263,5.4,3.1,37.5,29,50.3,42.6,24.8,24.8,7.8,L,958,59.4,98.5,2622,10,-16.5,16,1.7,16.7,86.8,2746,-11.4,-31.5,13.5,1.7,8,88.5,2021,11.3,-34.6,11.7,1.4,14.2,82.5,2784,-13.3,-48.1,14.8,1.6,1.7,97.7,2470,14.9,-24.8,15.6,1.4,,,,,,,,,,,,,,,,,,,,,,,,,,,,,,,,,,,,,,,,,,,,,,,,,
"Darvish, Yu",506433,2019,32,31,178.2,731,31.3,7.7,0.223,0.398,0.294,0.298,6.4,3.4,37.5,29.8,48.3,46,23.9,23.9,6.2,R,2848,25.7,94.2,2547,-3.6,-14.4,16.9,1.8,31,86.2,2694,6,-38.5,6.9,2.2,0.3,82.3,1234,-3.4,-33.3,8.1,1.6,7,77.1,2617,11.4,-60.1,17.1,3.8,8.8,94.1,2480,-12.8,-20.7,16.5,1.9,5,91.2,2683,3.3,-25,9,1.9,8.3,89.7,1544,-6.4,-28,9.8,2.2,,,,,,,,13.9,82.5,2727,16.7,-39.9,17.1,2.1,,,,,,,,,,,,,,,,,,,,,
"Díaz, Edwin",621242,2019,25,66,58,254,39,8.7,0.199,0.357,0.344,0.273,11.6,1.6,45.7,37.7,51.7,37.2,29.5,27.9,5.4,R,1072,65.9,97.4,2371,-12.4,-14.3,18.9,1.4,33.9,89.5,2367,1.3,-28.2,6,1.6,,,,,,,,,,,,,,,0.3,95.9,2349,-19.1,-22.2,20.5,1.4,,,,,,,,,,,,,,,,,,,,,,,,,,,,,,,,,,,,,,,,,,,,,,,,,
"Hill, Rich",448179,2019,39,13,58.2,242,29.8,7.4,0.199,0.323,0.291,0.262,4.7,6.1,27.7,25.7,47.9,52,20.3,21.6,6.1,L,966,51.9,90.3,2474,10.3,-15.6,21,1.3,,,,,,,,0.8,82.1,1681,11.7,-31.8,15.4,1.5,43.5,74.2,2906,-18.5,-66.3,23.6,2.1,0.7,88.1,2412,17.2,-26,19.8,1.5,0.3,84.8,2646,-4.1,-30.9,8.5,1.5,,,,,,,,,,,,,,,2.8,72.9,2823,-22.9,-56,23.2,1.8,,,,,,,,,,,,,,,,,,,,,
"Richard, Clayton",453385,2019,35,10,45.1,201,10.9,9,0.294,0.5,0.376,0.379,5.1,2.5,50.3,14.7,46.8,55.4,16.6,22.3,5.7,L,728,15.4,91.1,2284,12.9,-22.6,17.4,1.5,26,79.6,2219,-0.7,-46.8,3.9,2,1.8,82.1,1581,13.3,-39.2,14.2,1.5,,,,,,,,56.9,90.2,2185,18.4,-33.1,18.6,1.1,,,,,,,,,,,,,,,,,,,,,,,,,,,,,,,,,,,,,,,,,,,,,,,,,
"Phelps, David",475479,2019,32,41,34.1,147,24.5,11.6,0.236,0.404,0.32,0.317,3.2,2.2,36.6,20.2,41.7,38.7,28,22.6,10.8,R,640,25.3,92.7,2347,-5.8,-16.9,16.9,1.2,,,,,,,,0.6,86.4,2112,-17.2,-32.5,18,1.5,27.8,80.1,2648,10.1,-55.5,14.9,1.5,17.3,92.6,2231,-15.1,-21.2,19,1.4,28.9,89.5,2411,3.1,-24.1,11.5,1.3,,,,,,,,,,,,,,,,,,,,,,,,,,,,,,,,,,,,,,,,,,
"Treinen, Blake",595014,2019,31,57,58.2,266,22.2,13.9,0.247,0.419,0.336,0.337,3,2.4,34.7,26.7,49.5,45,20.7,24.3,10.1,R,999,21.5,97,2415,-12.4,-16.3,18.7,1.2,13.7,88.5,2609,3.2,-39.4,4.9,1.5,,,,,,,,,,,,,,,45.7,96.5,2250,-19.4,-24.7,20.3,1.3,19,93.2,2490,-0.4,-24.2,8.9,1.4,,,,,,,,,,,,,,,,,,,,,,,,,,,,,,,,,,,,,,,,,,
"Hughes, Jared",453172,2019,33,72,71.1,289,18.7,9.3,0.242,0.4,0.306,0.313,4.4,1,34.8,22.5,47.5,60.2,15.5,21.4,2.9,R,1103,5.9,92.8,2141,-12.5,-22.2,15.8,1.2,5.7,84.3,2107,3.6,-37.1,4.9,1.4,8.2,84.6,1551,-11,-35.7,12,1.5,5.7,80,2053,5.8,-45.7,6.7,1.5,74.5,91.1,1869,-16.1,-34.1,16.3,1,,,,,,,,,,,,,,,,,,,,,,,,,,,,,,,,,,,,,,,,,,,,,,,,,
"Bailey, Homer",456701,2019,33,31,163.1,696,21.4,7.6,0.262,0.416,0.307,0.318,6.1,1.6,39.5,24.1,48.5,45.3,22.4,25.1,7.1,R,2805,48.1,93,2092,-8,-16.4,17,1.4,14.2,87.3,1837,2.4,-30.1,6.5,1.8,,,,,,,,8.9,78.4,1925,10.1,-53.5,13.4,1.7,2.4,92.7,2031,-13.3,-19.8,17.9,1.6,,,,,,,,26.4,84.1,1121,-7.5,-35.3,9.3,1.8,,,,,,,,,,,,,,,,,,,,,,,,,,,,,,,,,,,
"Strickland, Hunter",519326,2019,30,28,24.1,105,17.1,7.6,0.256,0.495,0.336,0.35,3.9,2.6,28.8,25.4,50.4,32.9,32.9,26.3,7.9,R,369,54.5,95.9,2352,-5.7,-14.9,16.6,1.3,29.8,83.6,2776,9.4,-42.4,9.9,1.3,4.1,89.4,1831,-13.6,-24.8,17.3,1.4,,,,,,,,11.1,95.4,2335,-12.8,-17.5,18.5,1.2,0.5,91.1,2539,5.6,-30.4,6.6,1.5,,,,,,,,,,,,,,,,,,,,,,,,,,,,,,,,,,,,,,,,,,
"Suárez, Andrew",605498,2019,26,21,32.2,148,16.9,9.5,0.275,0.514,0.374,0.364,1.9,0,36.1,17.2,48.3,48.1,14.8,29.6,7.4,L,538,15.6,92.6,2040,8.3,-17.2,18.3,1.4,23.4,84.4,2379,-5.9,-43.3,7.6,2.1,14.7,87.1,1652,14.8,-29.5,16.8,1.4,5.4,76,2552,-10.6,-62,15.6,1.5,40.9,92.8,1984,12.7,-21.5,17.3,1.2,,,,,,,,,,,,,,,,,,,,,,,,,,,,,,,,,,,,,,,,,,,,,,,,,
"Mengden, Daniel",596043,2019,26,13,59.2,260,16.2,10.4,0.258,0.431,0.322,0.331,7.9,2.6,36.1,15.1,43,37.7,28.3,23,11,R,1048,32.3,91.5,2217,-6.5,-13.8,19.9,1.6,12.1,83.4,2342,5.8,-40.9,6.4,1.7,11.1,82.9,1945,-15.9,-30.6,18.7,1.6,9.7,72.5,2526,10.1,-70.8,20.5,1.5,20.3,90.4,2086,-11.9,-18.4,19.4,1.6,14.5,86,2178,4.5,-32,6.9,1.7,,,,,,,,,,,,,,,,,,,,,,,,,,,,,,,,,,,,,,,,,,
"Castro, Miguel",612434,2019,24,65,73.1,319,22.3,12.9,0.215,0.361,0.303,0.296,5.3,4.3,32.9,27.7,44.2,48.3,24.6,18.8,8.2,R,1232,,,,,,,,31.1,86.1,3029,7.7,-38.1,8.4,1.7,20,90.5,2199,-18.7,-28.9,19.4,1.7,,,,,,,,48.9,97.3,2287,-17.3,-20.8,19.3,1.4,,,,,,,,,,,,,,,,,,,,,,,,,,,,,,,,,,,,,,,,,,,,,,,,,
"Smyly, Drew",592767,2019,30,25,114,514,23.3,10.7,0.262,0.516,0.379,0.361,8.6,1.8,38.6,25.9,44.5,34.7,32.3,25.8,7.1,L,2130,,,,,,,,,,,,,,,4.8,82.4,1187,3.5,-27.1,15.9,1.4,29.2,77.4,1950,4.1,-49.3,5,1.5,47.7,91.2,2084,5.5,-14.7,20.3,1.5,18.3,86.7,2057,1.8,-26.6,11.2,1.2,,,,,,,,,,,,,,,,,,,,,,,,,,,,,,,,,,,,,,,,,,
"Anderson, Tanner",664196,2019,26,5,22.1,105,17.1,6.7,0.286,0.526,0.342,0.359,6.3,3.8,43,16.5,47.4,53.2,17.7,20.3,8.9,R,422,12.8,92.2,2193,-8.6,-17.6,17.7,1.1,18,84.9,2434,0.8,-37.1,3,1.5,9.2,87.5,1715,-16.2,-31.5,17.2,1.3,,,,,,,,58.3,92.6,2248,-14.4,-26,15.9,0.9,1.7,88.8,2401,-3.5,-30.3,6.3,1.4,,,,,,,,,,,,,,,,,,,,,,,,,,,,,,,,,,,,,,,,,,
"Cisnero, José",542585,2019,30,35,35.1,162,24.7,11.7,0.219,0.359,0.336,0.298,9,5,36,26.8,50.3,39,24,25,12,R,646,51.2,96.4,2428,-11.6,-14.6,19.3,1.5,30.5,86.6,2511,4.5,-35.4,6.2,2.3,8.7,90.6,1764,-16.1,-27.5,17.4,1.6,,,,,,,,9.6,95.9,2312,-16.3,-20.6,19.1,1.5,,,,,,,,,,,,,,,,,,,,,,,,,,,,,,,,,,,,,,,,,,,,,,,,,
"Brach, Brad",542960,2019,33,58,54.1,242,24.8,12.8,0.252,0.37,0.332,0.316,5.3,3.3,36.7,27.1,48,39.3,24.7,26.7,9.3,R,996,47.7,94.1,2210,-7.5,-17.6,15.9,1.3,19.4,85.4,2509,6.2,-37.6,7.1,1.9,18.8,86.6,1870,-14.6,-37.3,14.8,1.3,,,,,,,,6.2,92.5,2117,-14.4,-23.2,17.6,1.3,7.9,91,2390,2.6,-25.5,9.1,1.2,,,,,,,,,,,,,,,,,,,,,,,,,,,,,,,,,,,,,,,,,,
"Allen, Logan",663531,2019,22,9,27.2,127,13.4,10.2,0.329,0.55,0.401,0.41,11.6,3.2,52.1,21.3,48,51.6,14.7,32.6,1.1,L,449,48.1,92.6,1997,6.8,-16.2,17.3,1.8,22.9,83.5,2414,-5,-40.4,5.6,1.9,21.4,82.4,1186,8.9,-34.4,11.9,1.5,7.6,76.6,2561,-8.7,-59.5,14.3,1.8,,,,,,,,,,,,,,,,,,,,,,,,,,,,,,,,,,,,,,,,,,,,,,,,,,,,,,,,
"Sandoval, Patrick",663776,2019,22,10,39.1,169,24.9,11.2,0.25,0.4,0.322,0.323,5.6,4.7,34.6,32.7,43.7,49.5,24.3,24.3,1.9,L,714,46.4,93,1970,6.1,-15.5,18,1.4,9.2,86.6,2444,-5.9,-34,7.8,1.5,31,83.6,1662,12,-30.2,15.7,1.4,13.4,78,2739,-4.5,-54.9,9.6,1.5,,,,,,,,,,,,,,,,,,,,,,,,,,,,,,,,,,,,,,,,,,,,,,,,,,,,,,,,
"Matz, Steven",571927,2019,28,32,160.1,691,22.1,7.5,0.255,0.45,0.325,0.326,4.8,4.4,38.6,22.8,46.6,48.2,22.8,22.8,6.3,L,2701,,,,,,,,14.5,89.5,2069,3.1,-29,6.5,1.3,20.1,84.3,2301,16.8,-36.1,17.1,1.3,14.8,78.5,2448,-12.3,-53,14.9,1.6,50.6,93.3,2102,15.8,-20.7,19.2,1.2,,,,,,,,,,,,,,,,,,,,,,,,,,,,,,,,,,,,,,,,,,,,,,,,,
"Happ, J.A.",457918,2019,36,31,161.1,678,20.6,7.2,0.258,0.461,0.329,0.331,5.8,2.5,37.5,23.6,48.1,41,26.7,23.8,8.3,L,2695,48.4,92,2319,8.1,-15.3,19.4,1.3,17.4,84.8,2191,-2.5,-32.4,7.4,1.8,15.9,86,1715,14.6,-29.4,17.1,1.3,0.8,81,2205,-3.3,-46.2,5,1.5,17.5,89.6,2103,14.1,-25.5,16.7,1.3,,,,,,,,,,,,,,,,,,,,,,,,,,,,,,,,,,,,,,,,,,,,,,,,,
"Strahm, Matt",621381,2019,27,46,114.2,487,24.2,4.5,0.256,0.478,0.326,0.324,6.8,2.4,40,23.1,50.8,37.6,28.2,25.3,8.8,L,1789,35.7,91.3,2306,13.9,-20.3,19.3,1.6,,,,,,,,13.9,84.3,2086,17.7,-35.5,18.2,1.7,17.6,80.2,2574,-7.6,-44.6,8,2.3,2.7,92.9,2328,18,-24.2,19.9,1.5,30.1,86,2460,-2.9,-30.6,8.4,2.1,,,,,,,,,,,,,,,,,,,,,,,,,,,,,,,,,,,,,,,,,,
"Sheffield, Justus",656954,2019,23,8,36,168,22,10.7,0.246,0.405,0.375,0.328,3.7,3.7,43.1,30,45.6,54.1,17.4,22.9,5.5,L,673,47.8,92.8,1835,7.2,-21.1,13.7,1.3,35.7,84.2,2475,-4.4,-40.8,5.1,1.3,16.3,87.7,1730,13.8,-34.1,14.3,1.4,0.1,79.4,2404,-5.6,-48.1,5.9,,,,,,,,,,,,,,,,,,,,,,,,,,,,,,,,,,,,,,,,,,,,,,,,,,,,,,,,,
"Clevinger, Mike",605182,2019,28,21,126,499,33.9,7.4,0.208,0.346,0.261,0.268,6.2,5.2,34,35.3,45.7,41.2,24.4,27.1,7.2,R,2090,51.1,95.4,2341,-5.3,-12.2,18.2,1.5,25.5,80.7,2516,16.8,-44.1,17.1,1.4,11.4,87.1,1540,-11.6,-24.3,16.2,1.9,12.1,77.6,2310,8.6,-59.6,16,1.3,,,,,,,,,,,,,,,,,,,,,,,,,,,,,,,,,,,,,,,,,,,,,,,,,,,,,,,,
"Fry, Jace",605240,2019,25,68,55,251,27.1,17.1,0.226,0.371,0.321,0.328,5.1,2.9,39.4,36.4,40.4,58.4,16.1,21.2,4.4,L,1054,11.8,92.9,2446,6.4,-16.7,17.6,1.4,,,,,,,,7.6,86.1,1624,13.1,-30.5,15.5,1.7,18.6,78.4,2412,-6.5,-60.6,15.3,1.4,12.5,92.3,2335,14.3,-25.1,16.6,1.4,49.5,88.2,2609,-0.7,-34.5,3.4,1.5,,,,,,,,,,,,,,,,,,,,,,,,,,,,,,,,,,,,,,,,,,
"Bergen, Travis",664157,2019,25,21,19.2,85,21.2,10.6,0.301,0.571,0.336,0.393,7,1.8,47.4,17.2,41.9,38.6,28.1,26.3,7,L,375,68.8,90.5,2112,6,-16.1,18.9,1,,,,,,,,3.5,85.9,1737,12.7,-26.3,17.4,1.3,27.7,78.5,2673,-7.7,-59.2,15.3,1.3,,,,,,,,,,,,,,,,,,,,,,,,,,,,,,,,,,,,,,,,,,,,,,,,,,,,,,,,
"Freeland, Kyle",607536,2019,26,22,104.1,472,16.7,8.1,0.285,0.499,0.372,0.357,6.8,4.2,40.1,21.1,48.4,47.3,22.1,25.2,5.4,L,1779,41.5,92,2291,6.5,-18.9,14.6,1.4,30.4,86.7,2235,-2.7,-30.8,6.2,1.6,12.5,86.6,1519,10.1,-29.3,12.5,1.7,6.1,81.2,2256,-2.2,-40.7,3.2,1.7,9.6,91.3,2269,13.8,-26.3,15.3,1.4,,,,,,,,,,,,,,,,,,,,,,,,,,,,,,,,,,,,,,,,,,,,,,,,,
"McHugh, Collin",543521,2019,32,35,74.2,317,25.9,9.5,0.234,0.41,0.309,0.311,4.5,2.5,30.3,27.9,43.7,39.8,24.9,27.4,8,R,1294,32.6,90.8,2316,-10.3,-17.3,19.1,1.5,,,,,,,,3.2,83.8,1613,-14.3,-31.4,16.8,1.7,7.8,74.4,2797,13.8,-63.1,18.5,1.8,0.7,88.4,2333,-15.6,-25.4,18.5,1.4,12.1,87,2561,2.2,-28.9,7.9,1.3,,,,,,,,,,,,,,,43.7,79.5,2825,16.9,-44,17.2,1.7,,,,,,,,,,,,,,,,,,,,,
"Zeuch, T.J.",643615,2019,23,5,22.2,99,20.2,11.1,0.302,0.513,0.316,0.379,7.4,1.5,44.1,22.3,44.3,48.5,13.2,33.8,4.4,R,404,3,90.7,2218,-8.5,-19.1,17.1,1.5,19.6,83.4,2009,2.5,-40.7,3.2,1.6,19.6,83.1,1779,-11.2,-28.3,15.9,1.6,8.4,75.5,2142,10.4,-58.2,13.8,1.7,49.5,91.9,2192,-15.6,-24.3,17.7,1.5,,,,,,,,,,,,,,,,,,,,,,,,,,,,,,,,,,,,,,,,,,,,,,,,,
"Eflin, Zach",621107,2019,25,32,163.1,705,18.3,6.8,0.247,0.415,0.325,0.307,4.4,4,32.8,20.2,47.8,46,23.2,23.9,6.9,R,2571,33.6,93.8,2186,-9.3,-17.7,16.2,1.2,30.7,87.1,2247,3.7,-29.8,7.9,2,7.9,86.7,1787,-14.1,-27.9,16.4,1.5,5.4,77.9,2416,10.6,-53.2,13.1,1.3,21.9,93.1,2090,-16.2,-23.4,18,1.2,0.5,89.6,2227,-0.5,-23.5,10.5,1.4,,,,,,,,,,,,,,,,,,,,,,,,,,,,,,,,,,,,,,,,,,
"Pomeranz, Drew",519141,2019,30,46,104,455,30.1,9.7,0.229,0.413,0.34,0.314,4.4,1.5,35.8,26.7,45.8,40,27,25.6,7.4,L,1942,52.6,92.8,2436,6.1,-13.8,20.5,1.9,,,,,,,,1.6,85.6,1967,10.8,-24.1,18.6,1.6,31.9,81.2,2283,-3.5,-59.5,15.7,1.9,8,91.3,2358,13.3,-18.6,20.8,1.8,5.8,88,2354,0,-24,13.4,1.3,,,,,,,,,,,,,,,,,,,,,,,,,,,,,,,,,,,,,,,,,,
"Thorpe, Lewis",626929,2019,23,12,27.2,124,25,8.1,0.268,0.438,0.384,0.326,8.4,2.4,36.1,27.4,48.2,34.9,20.5,33.7,10.8,L,492,51.2,91.2,2017,7.6,-16.3,17.4,1.5,19.7,84.6,1956,-3.5,-31.1,7.5,1.7,11.6,84.2,1629,11,-28.4,14.4,1.5,17.5,73.6,2440,-10,-66.3,18.7,1.6,,,,,,,,,,,,,,,,,,,,,,,,,,,,,,,,,,,,,,,,,,,,,,,,,,,,,,,,
"Leake, Mike",502190,2019,31,32,197,835,15.2,3.2,0.294,0.519,0.341,0.355,6.1,2.2,42.9,18,50.4,47.2,23.2,23.7,5.8,R,2968,14.4,88.6,2086,-8.1,-27.6,12,1.5,12.6,80.3,2506,9.5,-45.7,9.9,1.8,20.7,84,1719,-12.5,-41.2,12.9,1.6,7.9,79.3,2572,14.6,-47.4,14.9,1.9,18.3,88.3,2023,-11.9,-32.5,12.7,1.5,26.1,86.7,2232,1.6,-31.7,6.8,1.8,,,,,,,,,,,,,,,,,,,,,,,,,,,,,,,,,,,,,,,,,,
"McRae, Alex",656725,2019,26,11,26.2,132,14.4,12.1,0.28,0.518,0.424,0.386,5.3,4.3,48.8,19.5,46.8,42.6,25.5,25.5,6.4,R,497,18.7,92.3,2154,-9.4,-18.9,16.4,1.5,19.7,87.2,2290,2.4,-30.1,7.1,1.5,8.9,86.2,1454,-13.3,-32.2,14.2,1.2,13.5,80,2427,6.5,-49.6,9.1,1.4,39.2,92.6,2182,-16,-24.5,17.7,1.3,,,,,,,,,,,,,,,,,,,,,,,,,,,,,,,,,,,,,,,,,,,,,,,,,
"Sparkman, Glenn",642098,2019,27,31,136,606,13.4,6.8,0.288,0.513,0.364,0.362,9.6,3.6,41.8,17,47.9,37.9,28.2,28.9,5,R,2273,60.7,93.4,2251,-10.1,-17.1,17.5,1.4,9.8,82.3,2411,3.2,-42,4.8,1.7,12.8,85.7,2032,-14.1,-26.3,17.8,1.3,16.6,79.1,2477,7.6,-56.2,14.6,2.2,,,,,,,,0,86.4,2071,-14.4,-28,16.4,,,,,,,,,,,,,,,,,,,,,,,,,,,,,,,,,,,,,,,,,,,
"Sánchez, Aníbal",434671,2019,35,30,166,712,18.8,8.1,0.251,0.421,0.296,0.312,5.8,2.5,28.3,22.3,48.4,39.1,26.6,27.1,7.2,R,2689,30.1,90.2,2238,-3.3,-16.6,17.7,1.5,2.8,83.2,2306,5.9,-35.7,7.6,1.8,4.5,70.7,1421,-8.9,-44.5,14.2,3,6,76.9,2113,3.7,-49.4,4.9,1.5,9.7,90.4,2134,-11.9,-18.8,19.1,1.3,23.5,87.6,2316,3.7,-23.6,12.8,1.4,23.5,84.3,1717,-14,-30.7,16.2,1.6,,,,,,,,,,,,,,,,,,,,,,,,,,,,,,,,,,,
"Chapman, Aroldis",547973,2019,31,60,57,235,36.2,10.6,0.201,0.288,0.242,0.266,4.9,5.7,30.9,31.5,47.2,42.3,19.5,30.9,7.3,L,989,58.7,98,2486,3.5,-10,18.7,2,31.1,85.2,2491,-10.7,-36.6,11.3,2.1,0.1,88.1,1695,10.4,-23.8,14.6,,,,,,,,,10,100.2,2536,12.2,-11.5,19.8,1.5,,,,,,,,,,,,,,,,,,,,,,,,,,,,,,,,,,,,,,,,,,,,,,,,,
"Detwiler, Ross",446321,2019,33,18,69.2,315,14.6,8.6,0.293,0.545,0.387,0.379,5.4,2.5,40.6,16.2,46.8,52.3,21.8,20.9,5,L,1157,32.6,91.6,2214,10.9,-18.9,18.5,1.4,1.9,83.8,2177,-1.4,-39.7,4.2,1.6,16.4,84.9,1644,11.2,-32.7,13.1,1.2,14,78.1,2145,-5.5,-54.7,9.6,1.3,19.8,90.7,2098,16.8,-26.9,18.6,1.4,15.3,88.6,2257,0.9,-29.8,6.7,1.3,,,,,,,,,,,,,,,,,,,,,,,,,,,,,,,,,,,,,,,,,,
"Clase, Emmanuel",661403,2019,21,21,23.1,94,22.3,6.4,0.237,0.353,0.289,0.283,3,7.6,34.8,25.3,48.1,59.1,13.6,27.3,0,R,345,5.5,99.5,2537,-3.6,-16.2,11.9,1.5,21.2,90.5,2615,4.4,-36.6,5.8,1.5,,,,,,,,,,,,,,,,,,,,,,73.3,99.2,2566,1.7,-17.6,10.3,1.3,,,,,,,,,,,,,,,,,,,,,,,,,,,,,,,,,,,,,,,,,,
"López, Yoan",661255,2019,26,70,60.2,246,17.1,6.9,0.305,0.55,0.298,0.377,5.3,1.1,44.4,21.2,48.1,44.4,24.1,26.2,5.3,R,865,57.1,96.2,2195,-4.5,-14.7,15.3,1.3,39.4,84.3,2411,8.9,-39.8,9.7,2,3.5,91.5,1457,-9.3,-22.8,13.5,1.6,,,,,,,,,,,,,,,,,,,,,,,,,,,,,,,,,,,,,,,,,,,,,,,,,,,,,,,,,,,,,,,
"Coonrod, Sam",656322,2019,26,33,27.2,114,17.5,13.2,0.183,0.323,0.294,0.294,0,0,30.7,23.1,45.8,50.7,17.3,18.7,13.3,R,452,32.1,96.6,2380,-11.1,-14.1,19.5,1.2,17,86.5,2816,5.8,-43.7,8.7,1.8,17.7,88.7,1767,-15.4,-33.7,15.8,1.2,,,,,,,,33.2,96.3,2206,-15.9,-19.5,19.3,1.3,,,,,,,,,,,,,,,,,,,,,,,,,,,,,,,,,,,,,,,,,,,,,,,,,
"Romo, Sergio",489265,2019,36,65,60.1,249,24.1,6.8,0.207,0.369,0.271,0.27,6.5,2.4,23.5,30.2,48.8,36.5,28.8,22.9,11.8,R,995,10.1,86.5,2305,-13.8,-25.2,18.2,1,59.6,77.4,2830,14.8,-38.1,17.8,1.7,16.1,80.2,2151,-20.1,-40.6,20.4,1,,,,,,,,14.3,86.2,2168,-18.8,-34.5,19.1,0.9,,,,,,,,,,,,,,,,,,,,,,,,,,,,,,,,,,,,,,,,,,,,,,,,,
"Peacock, Brad",502748,2019,31,23,91.2,383,25.1,8.1,0.223,0.41,0.306,0.305,7.6,3.6,41.4,21.7,43,38.2,29.9,24.3,7.6,R,1509,27.4,92.5,2296,-13.4,-17.4,20.4,1.1,,,,,,,,6,83.4,1970,-18.6,-34.5,19.7,1.8,6.9,78.6,2599,12.1,-58,17,1.7,31.1,91.8,2230,-18.8,-24.5,20.8,1.2,,,,,,,,,,,,,,,,,,,,,,28.6,81.3,2751,13.8,-35.5,16.2,1.5,,,,,,,,,,,,,,,,,,,,,
"Anderson, Shaun",641312,2019,24,28,96,427,16.4,8.9,0.293,0.481,0.345,0.359,6,4.7,37.3,20.6,48.6,43.2,18.9,30.9,6.9,R,1583,45.2,92.6,2495,-0.2,-17.9,14.2,1.6,30.6,86.3,2649,5.7,-36.2,6.6,1.9,8,86,1454,-9.9,-30,12.8,1.7,3,77.8,2519,5.9,-58,13.3,1.7,13.3,92.4,2335,-10.3,-19.8,16,1.4,,,,,,,,,,,,,,,,,,,,,,,,,,,,,,,,,,,,,,,,,,,,,,,,,
"Wojciechowski, Asher",592879,2019,30,17,82.1,361,22.2,7.8,0.248,0.483,0.339,0.342,6.6,2.5,36.5,26,48.7,30.3,32,24.6,13.1,R,1467,53.9,91.5,2235,-3.5,-15.2,17.4,1.2,24.5,80.6,2371,13.6,-43.9,14,1.4,2.3,85.4,2000,-10.8,-22.5,18.2,1.4,,,,,,,,,,,,,,,19.3,85.7,2408,5.9,-31.8,8.1,1.5,,,,,,,,,,,,,,,,,,,,,,,,,,,,,,,,,,,,,,,,,,
"Wright Jr., Mike",605541,2019,29,19,29.1,147,20.4,8.2,0.299,0.486,0.396,0.363,8.7,1.9,46.6,23.5,47.1,37.9,23.3,33,5.8,R,577,34.5,93.3,2257,-7.1,-16.4,17.4,1.6,35.5,88.7,2259,4,-31,6.4,1.6,4.9,83.9,1803,-15.7,-30.7,18.2,1.7,1.2,82.9,2489,4.7,-42.3,5.8,1.4,23.9,92.3,2101,-15.7,-23.4,18.4,1.6,,,,,,,,,,,,,,,,,,,,,,,,,,,,,,,,,,,,,,,,,,,,,,,,,
"Hildenberger, Trevor",657610,2019,28,22,16.1,88,17,8,0.317,0.483,0.432,0.384,1.6,1.6,39.7,22.9,46.9,41.3,17.5,36.5,4.8,R,326,5.2,90.8,2008,-14.8,-21.5,19.6,1.5,26.1,76.6,2269,6.5,-53.5,8.3,1.4,36.8,76.7,1617,-13.7,-50.4,14.2,1.6,,,,,,,,31.9,87.3,1934,-17.6,-35.6,17.9,1.6,,,,,,,,,,,,,,,,,,,,,,,,,,,,,,,,,,,,,,,,,,,,,,,,,
"McGee, Jake",459429,2019,32,45,41.1,180,19.4,6.1,0.253,0.471,0.368,0.33,6.9,3.1,41.2,19.5,48.4,36.6,31.3,25.2,6.9,L,647,80.4,93.4,2212,9.8,-17.7,17.3,1.4,19.6,80.4,2031,-2.3,-44.1,3.1,1.4,,,,,,,,,,,,,,,,,,,,,,,,,,,,,,,,,,,,,,,,,,,,,,,,,,,,,,,,,,,,,,,,,,,,,,
"García, Luis",472610,2019,32,64,62,278,20.5,11.9,0.248,0.433,0.342,0.338,4.4,4.4,35.7,29.4,45.2,49.2,17.5,26.2,7.1,R,1045,22.1,97.1,2098,-8.7,-15.5,16.1,1.5,34.3,85.2,2315,7.1,-37.5,7.4,1.8,,,,,,,,,,,,,,,25,96.8,2071,-13.5,-18.7,17.2,1.5,,,,,,,,18.7,86.7,1057,-6.5,-33,7.9,2.1,,,,,,,,,,,,,,,,,,,,,,,,,,,,,,,,,,,
"Pannone, Thomas",623381,2019,25,37,73,325,21.2,9.5,0.25,0.467,0.335,0.345,6.8,2.7,38.8,25.3,46.9,35.2,32.9,23.7,8.2,L,1255,61.7,89.7,2219,12.2,-18.6,20.1,1.7,0.1,84.4,2348,3.5,-30.6,9.3,,15.4,83.4,1881,16.2,-31.7,18.3,2,22.9,73.7,2447,-13.4,-58.2,15.1,1.4,,,,,,,,,,,,,,,,,,,,,,,,,,,,,,,,,,,,,,,,,,,,,,,,,,,,,,,,
"Buchter, Ryan",488748,2019,32,64,45.1,198,25.3,11.6,0.262,0.462,0.334,0.345,8.1,4.1,33.3,26.1,46.9,29.3,27.6,34.1,8.9,L,783,62.8,92.4,2274,8.4,-14,19.8,1.2,,,,,,,,,,,,,,,22.5,77.6,2087,-16.1,-49.6,16.7,2.8,,,,,,,,14.7,89.7,2247,0.4,-20.6,13.3,1.9,,,,,,,,,,,,,,,,,,,,,,,,,,,,,,,,,,,,,,,,,,
"May, Dustin",669160,2019,21,14,34.2,141,22.7,3.5,0.254,0.401,0.278,0.305,6,4,33,20.6,47.2,46,17,30,7,R,566,6.7,95.7,2442,-7.9,-14.1,17.9,1.5,,,,,,,,1.1,86.3,1815,-13.2,-26.8,16.5,1.4,10.6,83,3058,8.4,-53.9,15.9,1.4,50.5,96,2412,-16.8,-20.6,19.2,1.5,31.1,90.8,2746,1.7,-27.5,6.7,1.3,,,,,,,,,,,,,,,,,,,,,,,,,,,,,,,,,,,,,,,,,,
"Kelly, Merrill",518876,2019,30,32,183.1,777,20.3,7.3,0.271,0.493,0.318,0.344,5.6,2.3,40,22.3,47.2,43.2,25.8,25.3,5.7,R,2960,37.4,92,2411,-4.7,-17.2,16.1,1.6,,,,,,,,13.4,86,2108,-12.6,-24,18.5,1.5,21.4,80.6,2683,9.6,-55.3,15.9,1.8,9.7,91.5,2313,-13.9,-24.2,16.6,1.5,18.2,89.9,2433,2.1,-23.2,11.1,1.7,,,,,,,,,,,,,,,,,,,,,,,,,,,,,,,,,,,,,,,,,,
"Estrada, Marco",462136,2019,35,5,23.2,106,10.4,7.5,0.225,0.485,0.354,0.341,3.6,4.8,29.2,17.1,45.8,20.2,36.9,16.7,26.2,R,333,52.6,87.3,2281,-4.2,-14.6,23.3,1,,,,,,,,31.5,75.7,1988,-12.3,-31.5,22,1.1,4.2,75.4,2626,7.2,-63,13.5,1.4,,,,,,,,11.7,83.8,2403,3.9,-29,12.5,1.2,,,,,,,,,,,,,,,,,,,,,,,,,,,,,,,,,,,,,,,,,,
"Quijada, José",650671,2019,23,34,29.2,144,30.6,18.1,0.243,0.488,0.398,0.377,10,2.9,47.1,34,45,34.3,18.6,32.9,14.3,L,647,71.9,93.3,2387,6.6,-16.3,16.5,1.6,,,,,,,,16.7,85.4,1710,12.2,-26.1,16.6,1.7,11.4,80.2,2531,-9.5,-43.9,9.9,1.6,,,,,,,,,,,,,,,,,,,,,,,,,,,,,,,,,,,,,,,,,,,,,,,,,,,,,,,,
"Suarez, José",660761,2019,21,19,81,375,19.2,8.8,0.269,0.474,0.393,0.353,6.2,4.2,37.3,25.1,46,37.7,26.9,25.4,10,L,1485,47.2,91.7,2243,7.4,-17.4,17.7,1.1,3.4,81.4,2476,-3.4,-43.2,4.1,1.9,30.9,81.7,1608,8.2,-32.7,12.1,1.2,18.5,75.8,2788,-12.4,-55.8,14.1,1.9,,,,,,,,,,,,,,,,,,,,,,,,,,,,,,,,,,,,,,,,,,,,,,,,,,,,,,,,
"Farmer, Buck",571656,2019,28,73,67.2,288,25.3,8.3,0.235,0.424,0.312,0.312,4.3,0.5,40,29.8,46.2,48.9,23.7,22,5.4,R,1155,48.8,95,2346,-12,-14.3,20.5,1.1,25.2,82.4,2657,1.6,-38,4,1.3,26,88.1,1800,-15.8,-33,16.3,1.3,,,,,,,,,,,,,,,,,,,,,,,,,,,,,,,,,,,,,,,,,,,,,,,,,,,,,,,,,,,,,,,
"Samardzija, Jeff",502188,2019,34,32,181.1,740,18.9,6.6,0.253,0.465,0.289,0.326,6.8,2,37.7,19.9,48.3,37.4,29.5,25.3,7.7,R,3000,27.7,91.6,2571,-9.7,-17.5,18.3,1.4,18.1,84.6,2449,-0.3,-31.4,7.8,1.6,,,,,,,,2.5,76.3,2498,6.3,-58.7,12.5,1.7,19.3,92.2,2480,-16.7,-23,19.2,1.4,24.9,88.8,2607,-2.8,-23.6,12,1.4,7.6,82.3,1446,-8,-30.8,13.3,1.6,,,,,,,,,,,,,,,,,,,,,,,,,,,,,,,,,,,
"Nicasio, Juan",504379,2019,32,47,47.1,217,20.7,9.7,0.287,0.446,0.339,0.347,5.4,3.4,38.9,20.7,49.4,47.7,19.5,28.9,4,R,832,41.9,93.8,2075,-9.6,-16,18.4,1.5,45.7,86.7,1934,1.8,-31.5,6.3,2.1,0.2,84.7,1918,-12,-27.2,17.8,1.6,,,,,,,,12.1,93.1,2013,-14,-19.6,18.8,1.6,,,,,,,,,,,,,,,,,,,,,,,,,,,,,,,,,,,,,,,,,,,,,,,,,
"Conley, Adam",543045,2019,29,60,60.2,283,18.7,10.2,0.273,0.462,0.375,0.345,3.6,4.6,37.6,23,51.2,40.1,25.9,24.4,9.6,L,1061,61.7,95.3,2330,13.6,-16.4,19.7,1.4,13.9,86.1,2112,-2,-35.9,3.9,1.9,16.9,86.5,2033,16.3,-27.7,18.9,1.5,7.4,83,2208,-4.2,-43.9,5.9,1.8,,,,,,,,,,,,,,,,,,,,,,,,,,,,,,,,,,,,,,,,,,,,,,,,,,,,,,,,
"Cortes Jr., Nestor",641482,2019,24,33,66.2,298,23.2,9.4,0.266,0.473,0.353,0.342,5.5,5,35.5,25.2,45.5,35,31,25,9,L,1299,46.7,89.6,2189,6.9,-17,19.3,1.5,33.9,81.5,2319,-5.4,-39.2,7.2,3.1,12.3,82.4,1467,14.4,-36.7,15.4,1.8,1.5,71.5,2199,-6,-56.6,6.4,1.9,5.5,89,2174,13,-21.7,19,1.6,,,,,,,,,,,,,,,,,,,,,,,,,,,,,,,,,,,,,,,,,,,,,,,,,
"Montas, Frankie",593423,2019,26,16,96,394,26.1,5.8,0.234,0.361,0.276,0.281,9.1,5.3,34.8,25.9,49.2,50,16.7,25,8.3,R,1485,18.7,96.8,2421,-9.3,-12.3,20.3,1.3,25,88.4,2509,5,-31.8,7.3,1.7,,,,,,,,,,,,,,,38,96.4,2359,-16.5,-17.4,21.1,1.3,,,,,,,,18.2,86.8,1636,-13.2,-32.5,14.5,1.3,,,,,,,,,,,,,,,,,,,,,,,,,,,,,,,,,,,
"Gustave, Jandel",594311,2019,26,23,24.1,99,14.1,9.1,0.291,0.426,0.248,0.336,2.6,1.3,42.1,18.8,51.9,44.7,19.7,28.9,6.6,R,349,51.6,96.1,2416,-9.4,-17.8,15.6,1.2,28.4,85.4,2321,7.2,-38.8,7.5,1.5,,,,,,,,,,,,,,,20.1,96,2334,-15.2,-23.6,16.7,1.5,,,,,,,,,,,,,,,,,,,,,,,,,,,,,,,,,,,,,,,,,,,,,,,,,
"Cashner, Andrew",488768,2019,32,42,150,636,17,9.1,0.262,0.466,0.317,0.343,7.9,2.1,41,22.5,45.3,49.4,23.8,21.9,4.9,R,2511,45.3,93.9,2204,-7.9,-15.1,19,1.7,13.1,85.7,2255,4.1,-36.1,5.5,1.8,27.9,84.5,1545,-12.4,-30,15.9,1.6,10.8,80.6,2349,11.3,-55.4,15.7,1.6,2.9,91.9,2048,-13.4,-19.2,19.7,1.5,,,,,,,,,,,,,,,,,,,,,,,,,,,,,,,,,,,,,,,,,,,,,,,,,
"Kinley, Tyler",641755,2019,28,52,49.1,221,20.8,16.3,0.235,0.365,0.318,0.323,5.8,2.2,32.6,29.4,47.1,39.1,21,28.3,11.6,R,866,42.3,94.9,2272,-3.7,-14,18.3,1.1,57.7,88.5,2539,4,-35.9,4.9,1.7,,,,,,,,,,,,,,,,,,,,,,,,,,,,,,,,,,,,,,,,,,,,,,,,,,,,,,,,,,,,,,,,,,,,,,
"Martin, Chris",455119,2019,33,58,55.2,216,30.1,2.3,0.241,0.422,0.281,0.286,4.8,2.1,40.4,26.2,54.3,50.7,22.6,24,2.7,R,863,45.8,95.9,2294,-6.7,-14.6,16.5,1.1,9.5,86.1,2298,4.7,-39.5,6.2,1.4,,,,,,,,,,,,,,,17.7,95.2,2279,-14.3,-18,18.8,1.1,14.5,91.6,2256,3.4,-26.5,7.4,1.3,12.2,89,1663,-11.3,-31.2,12.1,1.3,,,,,,,,0.3,86.1,2324,11.3,-31.3,12.6,1.5,,,,,,,,,,,,,,,,,,,,,
"DuRapau, Montana",657566,2019,27,14,17.1,90,24.4,10,0.3,0.462,0.424,0.368,3.5,0,39.3,32.1,46.5,33.3,28.1,35.1,3.5,R,327,45.9,92.2,2438,-5.4,-14.9,18,1.3,,,,,,,,3.4,85.3,2034,-9.9,-26.6,14.6,1.4,13.8,81.2,2966,9.8,-50.2,12.8,1.5,,,,,,,,37,86.3,2846,6.7,-34.4,7.5,1.4,,,,,,,,,,,,,,,,,,,,,,,,,,,,,,,,,,,,,,,,,,
"Teheran, Julio",527054,2019,28,33,174.2,754,21.5,11,0.24,0.416,0.31,0.327,4.5,2.2,35.4,22.2,45.3,40.3,28.1,24.5,7.1,R,3034,41.7,89.7,2400,-6.4,-21.7,14.1,1.7,21,82.2,2603,3.2,-37.2,5.8,1.8,8.2,83.6,1704,-14.9,-31.7,16.8,1.7,6.5,74.8,2762,12,-52.4,12.5,2.2,22.7,89.3,2264,-14.7,-29.7,15.7,1.6,,,,,,,,,,,,,,,,,,,,,,,,,,,,,,,,,,,,,,,,,,,,,,,,,
"Stewart, Brock",592779,2019,27,13,25.2,124,15.3,6.5,0.276,0.575,0.444,0.377,8.5,2.1,35.1,20.3,46.7,36.2,30.9,25.5,7.4,R,486,5.3,91.7,2408,-9.9,-17.5,18.2,1.5,32.5,83.6,2351,5.8,-36.3,7.5,1.8,13.4,82.7,1653,-13.5,-33.8,14.9,1.6,,,,,,,,48.8,91.5,2411,-12.8,-19.2,18.8,1.3,,,,,,,,,,,,,,,,,,,,,,,,,,,,,,,,,,,,,,,,,,,,,,,,,
"González, Chi Chi",592346,2019,27,14,63,278,16.5,11.9,0.271,0.456,0.334,0.355,5.1,5.6,37.4,20.4,43.7,44.9,19.7,28.3,7.1,R,1145,42.2,92.4,2428,-3.5,-21.5,12,1.3,6.5,82,2632,5,-43.4,5.5,1.4,11.4,86.5,1708,-12.3,-34.9,12.9,1.4,,,,,,,,11.7,91.5,2302,-12,-26,14.4,1.3,28.3,86.9,2535,2.2,-33.5,5.2,1.6,,,,,,,,,,,,,,,,,,,,,,,,,,,,,,,,,,,,,,,,,,
"Hernández, Félix",433587,2019,33,15,71.2,325,17.5,7.7,0.28,0.523,0.378,0.368,6.8,0.8,41.8,21.6,43.3,49.4,24.1,21.9,4.6,R,1216,7.5,89.9,2151,-4.9,-20,14.9,1.4,9,83.8,2317,4.1,-37.8,5.2,1.1,16.2,84.7,1734,-10.3,-37.1,10.8,1.5,35.2,79.3,2441,9.9,-53.1,13.1,1.5,32.2,89.4,2060,-13.9,-25.5,16.7,1.1,,,,,,,,,,,,,,,,,,,,,,,,,,,,,,,,,,,,,,,,,,,,,,,,,
"Otero, Dan",519096,2019,34,25,29.2,131,12.2,2.3,0.296,0.503,0.368,0.346,3.6,3.6,36,12.8,48.8,53.2,21.6,23.4,1.8,R,416,12,88.6,2097,-9,-20.2,17,1.2,13.9,78.9,2135,6.6,-47.1,7.9,1.5,18.8,82.2,1359,-13.7,-38.4,13.9,1.3,,,,,,,,55.3,89.1,2012,-17.1,-27.5,18.5,1.1,,,,,,,,,,,,,,,,,,,,,,,,,,,,,,,,,,,,,,,,,,,,,,,,,
"Straily, Dan",573185,2019,30,14,47.2,236,14,9.3,0.339,0.717,0.464,0.452,6.1,2.8,49.2,18.3,45.3,26.8,32.4,30.2,10.6,R,966,52.2,90.2,2365,-8,-16.8,19,1.3,20,83.6,2643,6,-37.3,7.2,1.6,24.1,84,1669,-12,-36.3,12.7,1,3.5,76.1,2729,9.8,-54.2,11.5,1.6,0.2,91.4,2208,-15.9,-19.7,20.8,1.5,,,,,,,,,,,,,,,,,,,,,,,,,,,,,,,,,,,,,,,,,,,,,,,,,
"Burr, Ryan",621114,2019,25,16,19.2,86,23.3,9.3,0.216,0.356,0.297,0.294,10.3,0,36.2,22.8,45.5,46.6,25.9,24.1,3.4,R,356,58.1,95,2071,-4.1,-13.4,16.6,1.1,17.1,83.1,2310,3.7,-45.3,7.6,1.4,,,,,,,,,,,,,,,,,,,,,,24.7,87.3,2217,5.4,-35.2,5.9,1.3,,,,,,,,,,,,,,,,,,,,,,,,,,,,,,,,,,,,,,,,,,
"Smith, Josh A.",595001,2019,31,18,31,139,20.9,5.8,0.267,0.537,0.365,0.358,12.1,2,39.4,28.3,45.9,35.4,28.3,30.3,6.1,R,593,30.4,91.3,2331,-4.8,-16.7,16.8,1.2,29.3,86.9,2615,4.3,-28.2,9.7,1.9,7.9,81.7,1899,-14.9,-32.2,17.6,1.7,23.1,78,2920,13,-56.4,16.6,1.6,7.8,91.6,2375,-13.8,-19.6,19,1.3,1.5,89.5,2569,-0.6,-20.3,13.7,1.4,,,,,,,,,,,,,,,,,,,,,,,,,,,,,,,,,,,,,,,,,,
"Stashak, Cody",664054,2019,25,18,25,104,24,1,0.254,0.5,0.32,0.315,3.9,3.9,38.2,31,57.7,24.7,39,26,10.4,R,367,54,91.7,2241,-4.4,-14.2,19.3,1.1,39,82.2,2222,9.8,-35.9,12,1.3,7.1,85.4,1477,-9.2,-26.3,14.9,1.5,,,,,,,,,,,,,,,,,,,,,,,,,,,,,,,,,,,,,,,,,,,,,,,,,,,,,,,,,,,,,,,
"Maples, Dillon",596027,2019,27,14,11.2,54,33.3,18.5,0.172,0.313,0.317,0.333,0,0,36.4,44.2,36.3,68.2,22.7,4.5,4.5,R,237,28.7,96.7,2891,-5.2,-18.3,12.3,1.3,59.5,89.5,3024,12.6,-37.1,13.1,1.4,,,,,,,,7.2,84.8,3236,13.2,-53.9,19.8,1.3,4.6,96.8,2878,-10.9,-21.3,13.8,1.5,,,,,,,,,,,,,,,,,,,,,,,,,,,,,,,,,,,,,,,,,,,,,,,,,
"Fernández, Junior",658551,2019,22,13,11.2,54,29.6,11.1,0.23,0.364,0.315,0.336,0,0,42.9,43.4,45.4,50,14.3,35.7,0,R,218,15.6,96.4,2111,-12.1,-17.2,17.3,1.4,26.6,86.9,2168,1.2,-30.9,6.4,1.6,31.7,86.1,1917,-13.7,-32.6,14.6,1.4,,,,,,,,26.1,97,2142,-11.9,-16.5,17.4,1.4,,,,,,,,,,,,,,,,,,,,,,,,,,,,,,,,,,,,,,,,,,,,,,,,,
"Lyons, Tyler",544928,2019,31,14,12.2,54,31.5,9.3,0.253,0.503,0.38,0.342,9.7,0,51.6,35.2,46.1,32.3,25.8,32.3,9.7,L,191,16.2,89.8,2173,8.8,-18,18.9,1.4,49.2,79.6,2440,-16.7,-41.6,17.3,1.4,10.5,83.8,1656,14.7,-33.2,16.3,1.3,,,,,,,,24.1,89.6,2169,14,-21.8,19.2,1.3,,,,,,,,,,,,,,,,,,,,,,,,,,,,,,,,,,,,,,,,,,,,,,,,,
"Stock, Robert",476594,2019,29,10,10.2,56,26.8,14.3,0.235,0.43,0.386,0.345,9.4,0,40.6,32.1,36.7,50,31.3,15.6,3.1,R,229,53.3,97.9,2201,-10.1,-15.5,16.8,1.5,37.6,82.8,2865,14.5,-41.5,14.9,1.9,8.3,84.9,1608,-14.6,-29.9,17,1.5,,,,,,,,0.9,97.8,2014,-13.7,-20.6,16,1.4,,,,,,,,,,,,,,,,,,,,,,,,,,,,,,,,,,,,,,,,,,,,,,,,,
"Eades, Ryan",592280,2019,27,8,11.1,50,20,12,0.298,0.597,0.352,0.414,12.1,3,57.6,21.4,48.3,45.5,12.1,30.3,12.1,R,202,48.5,91.9,2095,-6.9,-15.5,18.6,1.8,37.6,83.1,2281,4.9,-40.9,6,2.4,13.9,82.9,1456,-11.5,-34.3,13.1,1.3,,,,,,,,,,,,,,,,,,,,,,,,,,,,,,,,,,,,,,,,,,,,,,,,,,,,,,,,,,,,,,,
"Dayton, Grant",594795,2019,31,14,12,51,27.5,7.8,0.197,0.412,0.343,0.285,6.1,3,36.4,26.2,50.5,39.4,39.4,9.1,12.1,L,204,66.7,90.6,2264,7,-15.6,19.5,1.3,9.8,90.8,2211,5.3,-17.1,17.1,1.2,,,,,,,,23,75.4,2451,-4.6,-60.9,12.7,1.8,,,,,,,,0.5,90,2206,4.8,-16.1,17.7,,,,,,,,,,,,,,,,,,,,,,,,,,,,,,,,,,,,,,,,,,,
"Davis, Rookie",606959,2019,26,5,10.2,51,19.6,15.7,0.255,0.472,0.42,0.359,6.1,0,39.4,24.2,49.5,48.5,27.3,24.2,0,R,192,40.1,91.4,2101,-2.8,-16.8,15.7,1.3,8.3,82.6,2163,4.2,-39.1,6.2,1.4,14.6,83.8,1016,-7,-33.4,8.8,1.4,3.6,81,2290,6,-44.3,6.8,1.6,32.3,91.3,1899,-11.5,-19.1,17.3,1.4,1,87.2,2158,5.1,-29,11,1.6,,,,,,,,,,,,,,,,,,,,,,,,,,,,,,,,,,,,,,,,,,
"Neverauskas, Dovydas",596720,2019,26,10,9.1,53,18.9,13.2,0.319,0.63,0.439,0.432,17.6,0,50,27.7,47.6,35.3,23.5,38.2,2.9,R,212,56.6,95.8,2276,-7.4,-11.7,19.5,1.3,,,,,,,,0.9,91.3,2032,-10.9,-23.1,14.6,1.5,21.7,84.2,2915,5.7,-46.5,9.7,1.4,,,,,,,,20.8,91.8,2325,0.5,-22.7,9.7,1.6,,,,,,,,,,,,,,,,,,,,,,,,,,,,,,,,,,,,,,,,,,
"Underwood Jr., Duane",621249,2019,24,12,11.2,51,25.5,5.9,0.239,0.407,0.358,0.304,17.6,2.9,47.1,26.5,48.3,52.9,20.6,20.6,5.9,R,210,56.2,94.8,2211,-8.8,-16.4,16.5,1.3,,,,,,,,24.8,88.3,1700,-14.1,-30,15,1.4,15.2,82,2353,6.9,-53.3,14,1.8,3.8,92.9,1967,-14.9,-25.1,16.4,1.5,,,,,,,,,,,,,,,,,,,,,,,,,,,,,,,,,,,,,,,,,,,,,,,,,
"Altavilla, Dan",656186,2019,26,17,14.2,64,28.1,18.8,0.143,0.246,0.277,0.26,2.9,2.9,28.1,25.7,50.3,47.1,32.4,17.6,2.9,R,280,59.3,96.6,2389,-9.7,-12.8,20.4,1.6,40.7,87.9,2905,6.4,-32,9,1.4,,,,,,,,,,,,,,,,,,,,,,,,,,,,,,,,,,,,,,,,,,,,,,,,,,,,,,,,,,,,,,,,,,,,,,
"Schreiber, John",670167,2019,25,13,13,59,32.2,6.8,0.232,0.389,0.355,0.298,2.9,8.6,31.4,28.6,44.6,37.1,28.6,31.4,2.9,R,249,55,91.8,2092,-5.8,-23.1,10.8,1.3,,,,,,,,6.8,86.1,1317,-12.4,-34.6,12.8,1.5,,,,,,,,7.2,91.1,2034,-13,-29.8,13.4,1.5,,,,,,,,,,,,,,,,,,,,,,30.9,78.9,2465,14.4,-40.7,15.1,1.3,,,,,,,,,,,,,,,,,,,,,
"Wilson, Alex",543935,2019,32,13,11.1,57,22.8,15.8,0.275,0.465,0.402,0.358,0,2.9,42.9,21.1,47,40,17.1,37.1,5.7,R,202,17.3,91.6,2388,-1.2,-14.9,17.7,1.1,53.5,85.7,2455,6.2,-34.4,7.2,1.1,0.5,88.8,1788,-10.4,-21.5,17.1,,,,,,,,,28.2,91.5,2156,-10.6,-17.7,18.4,1.1,0.5,86.1,2512,7.4,-33.6,8,,,,,,,,,,,,,,,,,,,,,,,,,,,,,,,,,,,,,,,,,,,
"Smith, Josh D.",605479,2019,29,14,12.2,64,21.9,17.2,0.174,0.302,0.322,0.296,2.8,5.6,36.1,21.2,39.6,33.3,38.9,11.1,16.7,L,285,54,90.6,2645,10,-20.6,16.9,1.3,37.2,80.2,3016,-12.3,-43.7,12.9,1.5,0.4,84.6,1860,14.8,-33.4,15.9,,,,,,,,,8.4,89.8,2540,16,-30.8,16.6,1.3,,,,,,,,,,,,,,,,,,,,,,,,,,,,,,,,,,,,,,,,,,,,,,,,,
"Webster, Allen",543903,2019,29,12,11,52,17.3,9.6,0.271,0.531,0.363,0.362,8.1,2.7,43.2,33.7,52,59.5,8.1,27,5.4,R,171,35.7,94.4,2197,-4.4,-18.7,12.8,1.3,42.1,88.1,2456,6.6,-36.5,7.1,1.5,15.2,87.8,1919,-12.7,-23.8,17.3,1.3,,,,,,,,7,93.8,2143,-9.8,-20.8,14.4,1.4,,,,,,,,,,,,,,,,,,,,,,,,,,,,,,,,,,,,,,,,,,,,,,,,,
"Gibaut, Ian",664139,2019,25,10,14.1,64,25,15.6,0.249,0.395,0.315,0.346,10.8,5.4,48.6,25.4,45.4,45.9,21.6,24.3,8.1,R,269,56.5,95.2,2056,-6.3,-13,18.1,1.2,21.9,87.6,2233,5.7,-35.2,6.5,1.5,21.2,85.7,2082,-13,-28.5,15.5,1.3,,,,,,,,,,,,,,,0.4,90.7,2244,-1.6,-20.9,12.5,,,,,,,,,,,,,,,,,,,,,,,,,,,,,,,,,,,,,,,,,,,
"Alzolay, Adbert",640470,2019,24,4,12.1,60,21.7,15,0.266,0.474,0.387,0.373,2.7,2.7,37.8,25.7,46.7,32.4,29.7,21.6,16.2,R,225,57.3,94.3,2405,-10.4,-15.5,19,1.3,21.8,79.7,3013,11.9,-46.8,12.6,1.4,20.9,85.2,1902,-11.3,-26.1,16.5,1.5,,,,,,,,,,,,,,,,,,,,,,,,,,,,,,,,,,,,,,,,,,,,,,,,,,,,,,,,,,,,,,,
"Bird, Kyle",613317,2019,26,12,12.2,65,15.4,23.1,0.268,0.561,0.411,0.434,2.6,0,30.6,30,36.1,42.1,39.5,15.8,2.6,L,240,24.6,91.3,2538,6.7,-19.5,15.5,1.3,46.3,79.9,2601,-11.4,-45,11.7,1.4,,,,,,,,,,,,,,,29.2,91.2,2407,12.9,-23.1,16.8,1.6,,,,,,,,,,,,,,,,,,,,,,,,,,,,,,,,,,,,,,,,,,,,,,,,,
"Rosenthal, Trevor",572096,2019,29,22,15.1,85,20,30.6,0.235,0.348,0.366,0.407,0,2.6,36.8,29.3,37,44.7,21.1,26.3,7.9,R,405,69.9,98,2348,-6.8,-12.7,17.9,1.5,24.4,88,2212,5,-34.4,5.6,1.5,3.5,87.6,1788,-10.8,-23,16.9,1.4,,,,,,,,2.2,98.3,2295,-11.9,-16.8,17,1.4,,,,,,,,,,,,,,,,,,,,,,,,,,,,,,,,,,,,,,,,,,,,,,,,,
"Steckenrider, Drew",608716,2019,28,15,14.1,58,24.1,8.6,0.218,0.605,0.318,0.368,7.9,2.6,36.8,20.8,44.7,31.6,44.7,10.5,13.2,R,237,62,94.7,2394,-9.5,-11.7,21.6,1.1,,,,,,,,,,,,,,,38,82.6,2048,1.3,-45.7,5.2,1.3,,,,,,,,,,,,,,,,,,,,,,,,,,,,,,,,,,,,,,,,,,,,,,,,,,,,,,,,
"Menez, Conner",669214,2019,24,8,17,73,30.1,16.4,0.197,0.394,0.341,0.33,5.1,0,25.6,27.5,43.3,30.8,38.5,15.4,15.4,L,317,61.2,91.2,2349,8,-15.5,18.9,1.1,17,84.5,2215,-4,-32.1,7.9,1.3,13.6,82.7,1563,8.6,-32.9,11,1.3,8.2,80,2417,-7.8,-47.1,8.9,1.4,,,,,,,,,,,,,,,,,,,,,,,,,,,,,,,,,,,,,,,,,,,,,,,,,,,,,,,,
"Guilbeau, Taylor",607555,2019,26,17,12.1,51,13.7,5.9,0.264,0.444,0.272,0.321,2.5,2.5,42.5,19,43.6,70,12.5,12.5,5,L,181,0.6,94.6,2218,8,-12.5,20.3,,7.2,86.4,1998,0,-37.3,2.6,1.4,29.3,87.7,1465,13.7,-33.8,14.5,1.3,,,,,,,,63,94.4,2196,15,-23.8,16.9,1.2,,,,,,,,,,,,,,,,,,,,,,,,,,,,,,,,,,,,,,,,,,,,,,,,,
"Yardley, Eric",642233,2019,28,10,11.2,52,13.5,5.8,0.226,0.32,0.293,0.273,2.4,4.9,31.7,22.7,48.6,65.9,17.1,14.6,2.4,R,181,0.6,86.3,1999,-17.6,-41.9,18.1,,,,,,,,,,,,,,,,32.6,72.1,2850,15.6,-42.2,19.8,1.3,66.9,86.1,2004,-15.6,-45.2,17.4,1.2,,,,,,,,,,,,,,,,,,,,,,,,,,,,,,,,,,,,,,,,,,,,,,,,,
"Romano, Jordan",605447,2019,26,17,15.1,75,28,12,0.284,0.49,0.38,0.389,0,7.3,41.5,29.5,47.9,51.2,17.1,22,9.8,R,311,63.3,94.6,2261,-6.5,-14.1,16.6,1.5,36.3,84.7,2076,4,-39.3,5.1,1.7,,,,,,,,,,,,,,,0.3,97.2,2406,-14,-15.5,19,,,,,,,,,,,,,,,,,,,,,,,,,,,,,,,,,,,,,,,,,,,,,,,,,,
"Romero, Fernando",622864,2019,24,15,14,72,25,15.3,0.265,0.43,0.39,0.355,9.5,7.1,38.1,29.5,43.9,52.4,11.9,26.2,9.5,R,278,6.1,96.6,2241,-12.2,-14.5,19.9,1.5,28.8,87.3,2537,2.8,-38.4,3.9,1.7,5.8,92.2,1772,-13.6,-23.4,17.3,1.4,,,,,,,,59.4,97.1,2210,-15.7,-18.9,19.2,1.2,,,,,,,,,,,,,,,,,,,,,,,,,,,,,,,,,,,,,,,,,,,,,,,,,
"Black, Ray",605143,2019,29,17,16,70,25.7,12.9,0.275,0.59,0.359,0.403,9.5,0,47.5,31.1,47.9,26.2,35.7,31,7.1,R,263,75.3,98.2,2612,-8.1,-13.7,17,1.5,24.7,86,2995,11.2,-38.4,11.5,2.1,,,,,,,,,,,,,,,,,,,,,,,,,,,,,,,,,,,,,,,,,,,,,,,,,,,,,,,,,,,,,,,,,,,,,,
"Ríos, Yacksel",605441,2019,26,14,13,65,18.5,12.3,0.295,0.572,0.426,0.42,7.1,4.8,40.5,28.5,54.9,38.1,19,35.7,7.1,R,237,31.6,96.2,2083,-9.1,-14.3,18.1,1.5,15.6,86,1896,0.6,-35.7,2.7,1.6,12.7,88.5,1682,-14.4,-28.5,15.9,1.4,11.4,84.4,2366,4.5,-45.6,8.1,1.6,28.7,96.3,2167,-15.3,-19.1,18.6,1.3,,,,,,,,,,,,,,,,,,,,,,,,,,,,,,,,,,,,,,,,,,,,,,,,,
"Blackburn, Paul",621112,2019,25,4,11,57,14,7,0.361,0.593,0.445,0.429,4.5,4.5,31.8,24,44.6,54.5,15.9,29.5,0,R,224,11.2,90,2141,-2.4,-18.6,15.6,1.3,9.8,85.3,2389,6.3,-35.5,7,1.4,5.8,85,1737,-13.2,-29.6,15.7,1.5,21.9,79,2662,7.4,-60.2,16.6,1.8,40.2,90.7,2044,-11.4,-21.8,16.4,1.5,11.2,88.4,2378,4.2,-27.5,9.2,1.3,,,,,,,,,,,,,,,,,,,,,,,,,,,,,,,,,,,,,,,,,,
"Kay, Anthony",641743,2019,24,3,14,63,20.6,7.9,0.272,0.398,0.29,0.324,6.8,6.8,29.5,24.1,51.6,54.5,13.6,22.7,9.1,L,258,61.6,93.4,2301,9.5,-15.6,19,1.3,,,,,,,,19.4,85.4,1920,16.4,-29,19.1,1.3,19,78.1,2453,-10.7,-54.7,13.3,1.6,,,,,,,,,,,,,,,,,,,,,,,,,,,,,,,,,,,,,,,,,,,,,,,,,,,,,,,,
"Cueto, Johnny",456501,2019,33,4,16,67,19.4,13.4,0.215,0.436,0.318,0.327,2.2,6.7,33.3,18.6,42.6,55.6,24.4,15.6,4.4,R,265,32.5,91.3,2292,-9.1,-18.3,18.2,1.6,24.9,84.1,2344,2.3,-36.1,5.4,1.8,18.9,83.4,1386,-9.7,-36.3,10.9,1.2,4.9,80.8,2417,4.3,-44.7,4.8,1.6,18.9,91.1,2212,-15.8,-25.6,17.9,1.4,,,,,,,,,,,,,,,,,,,,,,,,,,,,,,,,,,,,,,,,,,,,,,,,,
"Williams, Devin",642207,2019,24,13,13.2,67,20.9,9,0.212,0.364,0.38,0.299,4.4,2.2,32.6,25.4,48.1,42.2,24.4,22.2,11.1,R,254,61,96.2,2368,-12.4,-14.2,19.2,1.4,0.8,88.7,2050,2.7,-28,6.5,1.6,36.6,85.9,2625,-17.9,-32.6,18.4,1.6,,,,,,,,,,,,,,,1.6,91,2204,-2.3,-25,7.6,1.5,,,,,,,,,,,,,,,,,,,,,,,,,,,,,,,,,,,,,,,,,,
"Edwards Jr., Carl",605218,2019,27,22,17,78,24.4,16.7,0.248,0.457,0.304,0.362,4.4,4.4,31.1,23.3,47.1,26.7,28.9,31.1,13.3,R,346,74.3,93.9,2636,1,-14.8,15.9,1.3,,,,,,,,0.3,87.8,1629,-12.7,-28.6,14.6,,22.3,79.2,2344,9.2,-56.4,15.7,1.7,3.2,91.2,1829,-9.8,-20.8,15.4,1.7,,,,,,,,,,,,,,,,,,,,,,,,,,,,,,,,,,,,,,,,,,,,,,,,,
"Rosario, Randy",600968,2019,25,19,14.1,63,20.6,7.9,0.259,0.416,0.318,0.317,6.7,0,35.6,21.6,49.6,60,11.1,26.7,2.2,L,224,13.8,94.4,2033,8.9,-22.7,13,1.3,29.9,87.1,2301,-3.2,-36.1,4.4,1.6,,,,,,,,0.4,80.5,1169,-4.4,-46.6,5.1,,55.8,93.7,1980,16.2,-27,17.3,1.2,,,,,,,,,,,,,,,,,,,,,,,,,,,,,,,,,,,,,,,,,,,,,,,,,
"Hernández, Jonathan",642546,2019,22,9,16.2,78,24.4,16.7,0.241,0.402,0.317,0.336,4.3,6.5,30.4,32.3,39.2,52.2,19.6,26.1,2.2,R,332,2.4,96,2130,-16.4,-19.8,19.3,1.5,35.5,88.5,2350,4.5,-32.9,5.6,1.5,16,89.7,2337,-14.5,-21,19.6,1.5,,,,,,,,46.1,96.9,2137,-17.5,-22.1,18.9,1.2,,,,,,,,,,,,,,,,,,,,,,,,,,,,,,,,,,,,,,,,,,,,,,,,,
"Lucas, Josh",572998,2019,28,9,15.2,69,23.2,10.1,0.237,0.377,0.288,0.304,2.2,2.2,37,21.3,44.7,45.7,26.1,19.6,8.7,R,273,26.4,90.3,2204,-13.3,-22.1,18.6,1.7,42.5,83.3,2586,2.2,-41.4,3,1.6,,,,,,,,3.7,81.5,2415,6.1,-54.2,12.5,1.5,27.5,89.8,2144,-18.6,-29.2,19.7,1.4,,,,,,,,,,,,,,,,,,,,,,,,,,,,,,,,,,,,,,,,,,,,,,,,,
"Valdez, Phillips",570488,2019,27,11,16,75,24,12,0.224,0.371,0.351,0.314,4.3,0,32.6,21.8,42.3,54.3,23.9,21.7,0,R,293,0.7,91.7,2449,-17,-23.9,18.8,1.4,5.5,84.7,2446,3.8,-36.1,5.3,1.5,36.2,84.8,2137,-13.7,-37.8,14,1.3,,,,,,,,57.7,92.2,2456,-17.7,-31.1,17.8,1.2,,,,,,,,,,,,,,,,,,,,,,,,,,,,,,,,,,,,,,,,,,,,,,,,,
"Grotz, Zac",665093,2019,26,14,17.1,73,24.7,11,0.241,0.304,0.261,0.287,4.3,2.2,32.6,20.3,42.8,65.2,8.7,23.9,2.2,R,298,35.9,92.2,2001,-11.5,-18.9,17.3,1.2,8.7,87.7,2184,-0.7,-29,6.9,1.4,,,,,,,,2.7,81.3,2406,11.5,-43.2,12.4,1.4,12.1,91,1836,-15.8,-27.4,16.7,1.2,,,,,,,,40.6,82.3,1025,-7.9,-43.7,8.9,1.3,,,,,,,,,,,,,,,,,,,,,,,,,,,,,,,,,,,
"Flexen, Chris",623167,2019,24,9,13.2,70,14.3,18.6,0.249,0.404,0.35,0.349,6.4,4.3,48.9,20,42,34,27.7,29.8,8.5,R,274,60.6,94.3,2143,-5.6,-14,17.9,1.6,,,,,,,,12.8,83.6,1267,-11.4,-32,13.6,1.5,3.6,78.1,2766,7.3,-59.8,15.3,1.6,1.1,94.8,2224,-12.2,-16.1,18.8,1.4,21.9,88.1,2460,5.3,-31,7.9,2.2,,,,,,,,,,,,,,,,,,,,,,,,,,,,,,,,,,,,,,,,,,
"Dull, Ryan",623430,2019,29,11,12.2,71,21.1,9.9,0.313,0.666,0.516,0.431,8.3,6.3,51.1,25,44.4,29.2,27.1,35.4,8.3,R,252,53.2,91.1,2437,-4.9,-17.8,16.7,1.2,40.9,82.8,2622,8.2,-40.6,8.8,1.4,6,85.8,1397,-5.8,-33.7,7.5,1.3,,,,,,,,,,,,,,,,,,,,,,,,,,,,,,,,,,,,,,,,,,,,,,,,,,,,,,,,,,,,,,,
"Miller, Justin",502522,2019,32,17,15.2,65,16.9,6.2,0.25,0.505,0.367,0.346,10.4,4.2,35.4,22.6,45.1,22.9,39.6,20.8,16.7,R,275,63.6,92.1,2405,-7.2,-14.7,19.2,1.1,19.6,85.8,2648,7.1,-33.5,8.9,1.4,1.1,88.3,2092,-12.5,-20.5,20,1.5,,,,,,,,15.6,92.4,2349,-13.5,-16.6,20.9,1.2,,,,,,,,,,,,,,,,,,,,,,,,,,,,,,,,,,,,,,,,,,,,,,,,,
"Tropeano, Nick",607374,2019,28,3,13.2,66,15.2,9.1,0.329,0.619,0.429,0.424,6.3,2.1,39.6,27,44.7,25,37.5,29.2,8.3,R,273,40.7,90.8,2303,-13.9,-18.8,21.1,1.2,24.2,78.9,2303,2.5,-46.9,3.3,1.6,20.1,81.6,2030,-16.9,-30.7,20.6,1.6,,,,,,,,5.9,90.1,2232,-17.3,-24,20.5,1.3,,,,,,,,9.2,82.8,1019,-8.2,-42.4,8.9,1.4,,,,,,,,,,,,,,,,,,,,,,,,,,,,,,,,,,,
"Williams, Taylor",592865,2019,27,10,14.2,73,20.5,9.6,0.31,0.454,0.373,0.364,4.1,0,53.1,26.2,48.7,61.2,6.1,28.6,4.1,R,267,61,95.3,2382,-6.4,-18.8,13.3,1.1,31.1,86.3,2609,1.6,-36.7,2.5,1.3,5.6,89.6,2010,-14.7,-25.8,17.3,1.5,,,,,,,,2.2,95.2,2372,-10.4,-24.7,12,1.4,,,,,,,,,,,,,,,,,,,,,,,,,,,,,,,,,,,,,,,,,,,,,,,,,
"Suter, Brent",608718,2019,29,9,18.1,65,23.1,1.5,0.201,0.305,0.182,0.222,0,10.2,20.4,26.8,54.5,53.1,24.5,16.3,6.1,L,233,74.2,87.5,2135,-2,-23,11.8,1.2,,,,,,,,18.5,80.5,1546,9.8,-29.5,15.3,1.5,3.4,74,2263,-12,-56.8,13.9,1.5,3.9,87.6,2185,10.6,-23.2,15.6,1.4,,,,,,,,,,,,,,,,,,,,,,,,,,,,,,,,,,,,,,,,,,,,,,,,,
"Rosscup, Zac",573127,2019,31,28,18,94,27.7,20.2,0.209,0.311,0.377,0.316,0,4.1,32.6,42.4,41,59.2,18.4,20.4,2,L,372,19.1,92.4,2009,4.1,-13.9,17.8,1.1,59.9,86.2,2492,-6.2,-33.9,8,1.6,,,,,,,,,,,,,,,21,92.3,2009,7.8,-14.9,18.4,1.1,,,,,,,,,,,,,,,,,,,,,,,,,,,,,,,,,,,,,,,,,,,,,,,,,
"Palumbo Jr., Joe",643478,2019,24,7,16.2,81,25.9,9.9,0.281,0.597,0.435,0.402,14,2,42,23.1,44.1,36,28,32,4,L,333,57.4,93.9,2451,6.3,-14.7,17.8,1.3,,,,,,,,17.4,87.1,1645,8.2,-27.7,12.1,1.3,25.2,78.9,2530,-10.2,-55.9,15.1,1.6,,,,,,,,,,,,,,,,,,,,,,,,,,,,,,,,,,,,,,,,,,,,,,,,,,,,,,,,
"Cobb, Alex",502171,2019,31,3,12.1,60,13.3,3.3,0.41,0.931,0.517,0.551,10,4,60,24.1,47.2,48,22,26,4,R,229,,,,,,,,,,,,,,,,,,,,,,17,82.5,2494,2.7,-56,14.1,1.3,48,92.3,2075,-15.2,-20.2,20.2,0.9,,,,,,,,34.9,86.5,1538,-14.6,-33.5,15.6,0.9,,,,,,,,,,,,,,,,,,,,,,,,,,,,,,,,,,,
"Rogers, Tyler",643511,2019,28,17,17.2,71,22.5,5.6,0.182,0.234,0.214,0.218,6,4,26,16.5,49.6,70,8,14,8,R,255,9,83.1,1893,-9.4,-46.9,11.7,1.3,32.9,72.8,2294,11.8,-43.2,16.3,1.1,,,,,,,,,,,,,,,58,82.2,1850,-1.5,-55.5,14,1.1,,,,,,,,,,,,,,,,,,,,,,,,,,,,,,,,,,,,,,,,,,,,,,,,,
"Ramos, Edubray",591693,2019,26,20,15,69,15.9,10.1,0.245,0.494,0.413,0.343,6,2,24,22,46.3,28,26,30,16,R,285,36.5,91.5,2420,-2.4,-20.1,13.3,1.5,54.4,80.8,2542,11.3,-45.3,11.9,2,9.1,89.1,1928,-13.6,-25.3,16.7,1.7,,,,,,,,,,,,,,,,,,,,,,,,,,,,,,,,,,,,,,,,,,,,,,,,,,,,,,,,,,,,,,,
"Alaniz, R.J.",595798,2019,28,12,15.2,71,18.3,9.9,0.272,0.455,0.37,0.346,3.9,2,43.1,22.3,46,45.1,27.5,21.6,5.9,R,262,23.7,93.7,2263,-12.4,-17.1,19.4,1.4,37.4,85.7,2355,5.8,-39.6,6.7,1.2,11.5,86.7,1712,-15.7,-38.5,16,1.2,0.8,83.4,2351,9,-50.4,13.2,1.5,26.7,93.5,2119,-16.6,-24.7,18.3,1.1,,,,,,,,,,,,,,,,,,,,,,,,,,,,,,,,,,,,,,,,,,,,,,,,,
"Romano, Sal",607219,2019,25,12,16.1,77,20.8,10.4,0.273,0.531,0.418,0.385,3.8,1.9,37.5,18.5,40.5,38.5,32.7,26.9,1.9,R,268,4.9,95.3,2049,-8.7,-16,17.1,1.5,33.6,87.1,2513,3.5,-38.6,4.5,1.3,,,,,,,,2.2,81.4,2297,5.3,-45.6,7.4,1.5,59.3,96,2170,-13.6,-17.1,19.1,1.2,,,,,,,,,,,,,,,,,,,,,,,,,,,,,,,,,,,,,,,,,,,,,,,,,
"Armenteros, Rogelio",660494,2019,25,5,18,75,24,6.7,0.245,0.331,0.267,0.275,1.9,0,28.8,25.2,46.5,38.5,13.5,34.6,13.5,R,333,48.3,90.9,2005,-3.7,-16.7,17,2,3.3,84.3,2323,4.9,-38,5.7,1.4,28.5,82.7,1522,-13.1,-30,16.5,1.7,19.8,78.8,2265,9,-46.7,9.6,2.1,,,,,,,,,,,,,,,,,,,,,,,,,,,,,,,,,,,,,,,,,,,,,,,,,,,,,,,,
"Harvey, Joe",642840,2019,27,18,18,84,20.2,15.5,0.239,0.361,0.36,0.348,1.9,1.9,50,25.8,42.9,46.2,26.9,25,1.9,R,361,75.9,95.2,2507,-12.8,-14.9,20.6,1,22.2,87.2,2637,1.3,-32.1,5.6,1.6,1.9,90.8,1827,-13.7,-22.4,18.2,1.6,,,,,,,,,,,,,,,,,,,,,,,,,,,,,,,,,,,,,,,,,,,,,,,,,,,,,,,,,,,,,,,
"Kimbrel, Craig",518886,2019,31,23,20.2,96,31.3,12.5,0.261,0.568,0.41,0.39,5.8,0,47.1,32.6,47.7,28.8,32.7,34.6,3.8,R,377,66.6,96.2,2323,-10.2,-14.9,18,1.2,,,,,,,,,,,,,,,33.4,85.9,2533,8.7,-45.7,12.2,1.2,,,,,,,,,,,,,,,,,,,,,,,,,,,,,,,,,,,,,,,,,,,,,,,,,,,,,,,,
"Despaigne, Odrisamer",628333,2019,32,3,13.1,68,10.3,10.3,0.364,0.59,0.471,0.434,7.5,3.8,35.8,13.5,43.5,28.3,26.4,37.7,7.5,R,254,39,93,2125,-6,-19.7,13.8,1.4,11.8,80.9,2770,10.6,-48.7,12.6,1.7,6.3,78.5,1405,-5.9,-34.1,12.3,1.7,7.5,73.1,2773,10.9,-70.6,20.4,1.6,15.4,92.5,2159,-15.4,-27,16.4,1.5,20.1,86.9,2596,2.5,-34,4.6,1.6,,,,,,,,,,,,,,,,,,,,,,,,,,,,,,,,,,,,,,,,,,
"Volquez, Edinson",450172,2019,35,11,16,75,13.3,16,0.309,0.49,0.399,0.393,3.8,3.8,49.1,19.4,41.8,45.3,22.6,26.4,5.7,R,297,0.3,93.9,2280,-5.9,-13.7,18.4,,,,,,,,,36.7,83.1,1237,-12.5,-36.8,12.9,2.2,15.5,80.8,2726,9.1,-50.8,12.6,1.9,47.5,93.4,2291,-15,-20,19.2,2.2,,,,,,,,,,,,,,,,,,,,,,,,,,,,,,,,,,,,,,,,,,,,,,,,,
"Chargois, JT",608638,2019,28,21,21.1,88,31.8,5.7,0.223,0.394,0.327,0.276,3.8,0,35.8,34.3,47.9,47.2,20.8,28.3,3.8,R,291,9.3,95.5,2248,-13.6,-19.6,17.3,1.3,58.8,86.8,2297,0.8,-35.4,2.7,1.4,,,,,,,,,,,,,,,32,96.2,2321,-17,-21.8,18.8,1.1,,,,,,,,,,,,,,,,,,,,,,,,,,,,,,,,,,,,,,,,,,,,,,,,,
"Thornburg, Tyler",592804,2019,30,16,18.2,86,25.6,11.6,0.242,0.581,0.399,0.378,15.1,3.8,56.6,20.9,45,30.2,35.8,26.4,7.5,R,382,55,93.7,2518,-5.5,-11.5,21.2,1,,,,,,,,18.8,85.5,1538,-10.9,-24.9,16.9,1.5,26.2,78.3,2826,10.5,-61.2,18.5,1.4,,,,,,,,,,,,,,,,,,,,,,,,,,,,,,,,,,,,,,,,,,,,,,,,,,,,,,,,
"Garrett, Reed",657585,2019,26,13,15.1,77,13,16.9,0.296,0.604,0.475,0.43,5.7,1.9,49.1,17.4,43.3,43.4,35.8,17,3.8,R,318,63.5,95.7,2286,-10.8,-14,19.8,1.1,,,,,,,,,,,,,,,25.5,85.2,2465,1,-43.7,5.5,1.4,1.3,96.1,2463,-16.5,-13.6,23.8,1.5,7.2,90.4,2416,1.3,-26.3,8,1.5,2.5,87.7,1695,-13.1,-28.7,15.5,1.4,,,,,,,,,,,,,,,,,,,,,,,,,,,,,,,,,,,
"McGowin, Kyle",641851,2019,27,7,16,76,23.7,5.3,0.31,0.606,0.411,0.396,11.3,1.9,47.2,29.9,45,45.3,28.3,24.5,1.9,R,298,3.7,91.5,2359,-9.4,-16.9,18.8,1.5,43.6,83.5,2809,4.5,-37.5,5.8,1.3,3.4,84.4,2189,-14.9,-29.1,18.3,1.6,1.3,79.9,2660,6.2,-42.3,6.4,1.5,48,90.9,2396,-15.3,-23.2,18.5,1.3,,,,,,,,,,,,,,,,,,,,,,,,,,,,,,,,,,,,,,,,,,,,,,,,,
"Santana, Ervin",429722,2019,36,3,13.1,64,7.8,9.4,0.319,0.745,0.471,0.466,3.8,1.9,39.6,13,46,32.1,35.8,18.9,13.2,R,250,41.2,90,2070,-4.8,-19.8,15.3,1.4,42.4,82.2,2307,4.6,-38.7,6.2,2,6,83.4,1518,-6.1,-28.3,13.5,1.6,,,,,,,,10.4,90.1,2024,-8.7,-20.9,15.9,1.5,,,,,,,,,,,,,,,,,,,,,,,,,,,,,,,,,,,,,,,,,,,,,,,,,
"Adams, Austin",542866,2019,32,15,16.2,80,17.5,16.3,0.261,0.535,0.379,0.387,5.7,1.9,49.1,26.3,43.1,41.5,28.3,20.8,9.4,R,315,54.6,96.2,2205,-3.6,-12.6,17.5,1.4,38.7,86.8,2504,4.7,-38.4,5.4,1.5,6.7,89.9,1957,-14.2,-26.3,16.2,1.4,,,,,,,,,,,,,,,,,,,,,,,,,,,,,,,,,,,,,,,,,,,,,,,,,,,,,,,,,,,,,,,