"last_name, first_name",player_id,year,player_age,p_game,p_formatted_ip,pa,k_percent,bb_percent,xba,xslg,woba,xwoba,solidcontact_percent,poorlyweak_percent,hard_hit_percent,whiff_percent,swing_percent,groundballs_percent,flyballs_percent,linedrives_percent,popups_percent,pitch_hand,n,n_ff_formatted,ff_avg_speed,ff_avg_spin,ff_avg_break_x,ff_avg_break_z,ff_avg_break,ff_range_speed,n_sl_formatted,sl_avg_speed,sl_avg_spin,sl_avg_break_x,sl_avg_break_z,sl_avg_break,sl_range_speed,n_ch_formatted,ch_avg_speed,ch_avg_spin,ch_avg_break_x,ch_avg_break_z,ch_avg_break,ch_range_speed,n_cu_formatted,cu_avg_speed,cu_avg_spin,cu_avg_break_x,cu_avg_break_z,cu_avg_break,cu_range_speed,n_si_formatted,si_avg_speed,si_avg_spin,si_avg_break_x,si_avg_break_z,si_avg_break,si_range_speed,n_fc_formatted,fc_avg_speed,fc_avg_spin,fc_avg_break_x,fc_avg_break_z,fc_avg_break,fc_range_speed,n_fs_formatted,fs_avg_speed,fs_avg_spin,fs_avg_break_x,fs_avg_break_z,fs_avg_break,fs_range_speed,n_kn_formatted,kn_avg_speed,kn_avg_spin,kn_avg_break_x,kn_avg_break_z,kn_avg_break,kn_range_speed,n_st_formatted,st_avg_speed,st_avg_spin,st_avg_break_x,st_avg_break_z,st_avg_break,st_range_speed,n_sv_formatted,sv_avg_speed,sv_avg_spin,sv_avg_break_x,sv_avg_break_z,sv_avg_break,sv_range_speed,n_fo_formatted,fo_avg_speed,fo_avg_spin,fo_avg_break_x,fo_avg_break_z,fo_avg_break,fo_range_speed,n_sc_formatted,sc_avg_speed,sc_avg_spin,sc_avg_break_x,sc_avg_break_z,sc_avg_break,sc_range_speed
"Raley, Brooks",548384,2021,33,58,49,205,31.7,7.8,0.228,0.38,0.294,0.301,2.5,10.7,21.5,32.4,47.2,47.1,22.3,24,6.6,L,865,7.3,90.9,2430,7,-18.1,16.8,1.3,,,,,,,,3.8,85.8,1938,16,-33,17.2,1.4,13.1,79,2949,-15.8,-50.4,17.2,1.3,14.9,90.7,2294,16.3,-26.8,17.7,1.3,32.4,87.6,2540,-4.2,-28.3,8.7,1.5,,,,,,,,,,,,,,,28.6,81.8,2824,-16.7,-37.5,17.3,1.4,,,,,,,,,,,,,,,,,,,,,
"Tepera, Ryan",572193,2021,33,65,61.1,241,30.7,8.3,0.171,0.28,0.23,0.249,6.3,6.3,35,35.1,48.9,44.8,30.1,15.4,9.8,R,948,33.3,93.3,2243,-7.9,-14.6,18.8,1.1,44.9,86.5,2350,4.1,-32.1,6.2,1.2,10.4,86.5,1364,-11.3,-31.2,12.8,1.4,0.5,80.7,2273,5.8,-46.5,7.3,1.4,10.8,93.3,2226,-15.1,-18.7,19.9,1.2,,,,,,,,,,,,,,,,,,,,,,,,,,,,,,,,,,,,,,,,,,,,,,,,,
"Castro, Anthony",621593,2021,26,25,24.2,109,29.4,7.3,0.22,0.386,0.314,0.3,6.1,1.5,47,28.2,44.4,50,19.7,18.2,12.1,R,454,50.9,95.2,2486,-3.1,-17.5,13.1,1.6,47.4,84.1,2732,12.7,-39.8,13.1,1.7,1.1,89.6,2122,-5.8,-27.2,9.4,1.4,,,,,,,,0.7,95.7,2469,-9.4,-15.1,17.8,1.5,,,,,,,,,,,,,,,,,,,,,,,,,,,,,,,,,,,,,,,,,,,,,,,,,
"Hutchison, Drew",571800,2021,30,9,21.1,91,11,12.1,0.288,0.403,0.305,0.365,2.9,2.9,44.3,23.3,48.1,50,24.3,17.1,8.6,R,339,46.3,92.4,2146,-3.4,-16,16.5,1.4,35.7,85.1,2530,5.1,-39.3,5.8,1.5,11.5,85.7,1604,-13.4,-28.2,16.4,1.5,,,,,,,,6.5,92.5,2154,-10.3,-18.6,17,1.4,,,,,,,,,,,,,,,,,,,,,,,,,,,,,,,,,,,,,,,,,,,,,,,,,
"Bickford, Phil",641360,2021,25,57,51.1,207,28.5,9.2,0.21,0.359,0.263,0.274,5.6,4,39.7,29.8,50.6,46.8,25.4,19,8.7,R,776,64.2,93.9,2344,-4,-14.4,17.3,1.1,35.3,84,2324,6.2,-37.6,6.9,1.6,0.4,84.9,1180,-10,-30.7,12.8,1.7,,,,,,,,0.1,92.3,1964,-16.1,-26.2,17.2,,,,,,,,,,,,,,,,,,,,,,,,,,,,,,,,,,,,,,,,,,,,,,,,,,
"Bleier, Richard",542947,2021,34,68,58,225,19.6,2.7,0.241,0.343,0.256,0.269,4.1,4.7,39,19.8,57.4,68,11,18,2.9,L,685,1,90.5,2059,12.5,-22.9,16.4,1.5,12.6,78.9,2014,-7.4,-45.6,7.9,1.4,1.3,83.1,1659,16.8,-33.4,18.4,1.3,,,,,,,,61.6,90,1990,15.2,-30.6,15.7,1.2,23.5,87.2,1960,-1.1,-30.6,5.8,1.5,,,,,,,,,,,,,,,,,,,,,,,,,,,,,,,,,,,,,,,,,,
"Kelly, Merrill",518876,2021,32,27,158,667,19.5,6.1,0.271,0.432,0.319,0.324,7.3,5.5,39.6,20.3,49.2,44.7,24.2,25.2,5.9,R,2425,32,91.7,2359,-7.2,-16.8,17.4,1.5,,,,,,,,17.4,87.2,1969,-15.3,-30.3,16.6,1.4,18.1,81.3,2564,9.1,-51.3,13.6,1.7,18.4,91.6,2242,-15.3,-23.9,17.8,1.4,14.1,90.8,2321,-1.7,-20.2,13.1,1.4,,,,,,,,,,,,,,,,,,,,,,,,,,,,,,,,,,,,,,,,,,
"Rogers, Taylor",573124,2021,30,40,40.1,166,35.5,4.8,0.212,0.321,0.275,0.246,3,7.1,36.4,29.3,49.4,51.5,18.2,25.3,5.1,L,642,,,,,,,,,,,,,,,,,,,,,,,,,,,,,46,95.7,2055,17.4,-22.7,18.9,1,,,,,,,,,,,,,,,,,,,,,,54,84,2550,-10.5,-35.7,11.2,1.6,,,,,,,,,,,,,,,,,,,,,
"Darvish, Yu",506433,2021,34,30,166.1,681,29.2,6.5,0.208,0.376,0.301,0.282,7.4,3.7,34.9,27.3,47.6,37.9,30.5,22.8,8.8,R,2769,22.1,94.5,2513,-6.3,-11.8,20.1,1.4,31,86.2,2792,5.2,-35.6,5.9,2.1,,,,,,,,8.5,75.3,2714,9.3,-63.1,17,4.5,8.3,94,2402,-13.5,-18.3,19.4,3.6,2.5,91.3,2664,1.5,-19.8,13.2,1.3,4.9,88.8,1455,-7.5,-27.9,11,2.6,,,,,,,,22.8,81.6,2759,16.3,-43.1,16.6,2,,,,,,,,,,,,,,,,,,,,,
"Alexy, A.J.",669935,2021,23,5,23,97,17.5,17.5,0.277,0.472,0.3,0.387,4.8,9.7,32.3,22,43.9,27.4,32.3,27.4,12.9,R,424,54.5,93.3,2218,-4.2,-12.3,19.9,1.4,19.3,80.9,2382,7.7,-43.4,8.3,1.5,18.2,85.8,1487,-7.9,-25.3,14.4,1.2,8,76.2,2469,9.6,-65.2,19.8,1.8,,,,,,,,,,,,,,,,,,,,,,,,,,,,,,,,,,,,,,,,,,,,,,,,,,,,,,,,
"Givens, Mychal",571710,2021,31,54,51,216,25,12.5,0.237,0.39,0.318,0.318,3.8,8.3,27.1,28.3,43.3,36.8,22.6,31.6,9,R,872,46.8,94.7,2527,-8.8,-18,15.3,1.7,15.7,86.1,2637,6,-33.2,7.4,1.9,37.5,82.3,2163,-9,-42.4,9.6,1.6,,,,,,,,,,,,,,,,,,,,,,,,,,,,,,,,,,,,,,,,,,,,,,,,,,,,,,,,,,,,,,,
"Díaz, Edwin",621242,2021,27,63,62.2,257,34.6,8.9,0.174,0.265,0.264,0.251,2.9,5.9,26.5,35.1,50.2,34.6,27.9,28.7,8.8,R,999,61.6,98.8,2287,-14.8,-16.6,18.8,1.3,37.8,90.6,2218,1.1,-27.4,6,1.5,,,,,,,,,,,,,,,0.6,99.5,2430,-19.9,-15,23.8,1.6,,,,,,,,,,,,,,,,,,,,,,,,,,,,,,,,,,,,,,,,,,,,,,,,,
"Zimmermann, Bruce",669145,2021,26,14,64.1,285,19.6,7.7,0.293,0.531,0.359,0.378,7.3,3.9,44.9,25.6,46.3,41,23.9,27.3,7.8,L,1105,42.2,91.4,2325,6.3,-16.5,17.5,1.3,18.7,86.1,2464,1.3,-33.9,3.6,1.6,25.8,84.4,1979,16.4,-28.2,19.6,1.4,13.3,81.9,2582,-1.1,-46.9,6.8,1.8,,,,,,,,,,,,,,,,,,,,,,,,,,,,,,,,,,,,,,,,,,,,,,,,,,,,,,,,
"Almonte, Yency",622075,2021,27,48,47.2,217,21.7,13.4,0.25,0.432,0.361,0.35,5.1,2.9,35,26.6,42.7,43.1,26.3,22.6,8,R,870,44.9,94.2,2094,-7.1,-19.4,13.4,1.2,22.4,83.7,2298,5.3,-40.1,5.9,1.8,10.2,87.3,1716,-13.8,-32.4,14.5,1.4,,,,,,,,3.8,93.5,2141,-12.5,-23.9,14.4,1.6,,,,,,,,,,,,,,,,,,,,,,18.6,83.7,2373,10.1,-34.3,11.5,1.4,,,,,,,,,,,,,,,,,,,,,
"McKenzie, Triston",663474,2021,23,25,120,495,27.5,11.7,0.23,0.412,0.296,0.322,6,3.7,42.3,27.9,48.4,30.2,30.5,29.2,10.1,R,1975,61.6,92.1,2256,-3.4,-12.5,20.2,1.5,19.1,86.4,2162,4.9,-31.4,7.4,1.7,1.3,86,1622,-10.3,-21.8,18.5,1.4,18,79.3,2147,6.1,-52.2,11.1,1.5,,,,,,,,,,,,,,,,,,,,,,,,,,,,,,,,,,,,,,,,,,,,,,,,,,,,,,,,
"Sandoval, Patrick",663776,2021,24,17,87,363,25.9,9.9,0.219,0.342,0.288,0.291,3.5,6.1,35.4,33.9,46.6,51.1,20.1,22.3,6.6,L,1444,24.4,93.2,2080,2.8,-15,16.8,1.6,17.2,85.4,2613,-7.1,-36.9,7.9,1.9,29.6,84.6,1593,13.1,-28.2,16.7,1.4,10.1,78.4,2799,-6.2,-58.1,15,1.8,18.7,93.3,1889,12.2,-18.4,18.1,1.6,,,,,,,,,,,,,,,,,,,,,,,,,,,,,,,,,,,,,,,,,,,,,,,,,
"Oviedo, Luis",665854,2021,22,22,29.2,147,21.1,17.7,0.255,0.447,0.383,0.37,9.1,5.7,42,27.7,40.5,43.2,26.1,27.3,3.4,R,580,50.5,94.3,2200,-7.6,-14.1,18.5,2,21.2,81.7,2174,5.5,-42.2,6.8,2.3,6.2,85.3,1969,-14.1,-26.7,18.2,2,22.1,75.1,2298,9.8,-65.2,19,2.4,,,,,,,,,,,,,,,,,,,,,,,,,,,,,,,,,,,,,,,,,,,,,,,,,,,,,,,,
"Parker, Blake",453284,2021,36,47,43.2,185,20,7.6,0.251,0.399,0.31,0.311,5.3,2.3,31.8,23.6,47,40.2,27.3,21.2,11.4,R,713,46.3,90.7,2002,-2.7,-17.3,16.1,1,,,,,,,,,,,,,,,7.9,75.8,2092,5.4,-56.3,10.5,1.3,,,,,,,,11.1,88.9,2076,3.7,-24.6,10.5,1.2,34.8,79.3,804,-7.6,-40.5,9.6,1.6,,,,,,,,,,,,,,,,,,,,,,,,,,,,,,,,,,,
"Alexander, Tyler",641302,2021,26,41,106.1,451,19.3,6.2,0.25,0.429,0.315,0.318,7.2,3.3,39.2,20,50,38.6,30.7,21.7,9,L,1640,14.8,90.5,2189,7,-16.9,18.1,1.2,9.5,82.2,2347,-5.3,-39.8,5.8,1.8,18.4,83.7,1462,13.2,-31.5,15.5,1.1,0.1,74.8,2219,-3.1,-52.2,4.6,,21,90.2,2111,14.4,-20.4,19.7,1.3,36.3,86.1,2335,-3.7,-28.3,9.6,1.6,,,,,,,,,,,,,,,,,,,,,,,,,,,,,,,,,,,,,,,,,,
"Zeuch, T.J.",643615,2021,25,5,15,74,10.8,12.2,0.333,0.7,0.45,0.466,10.5,5.3,50.9,16.8,47.9,49.1,31.6,15.8,3.5,R,286,1.7,93.3,2333,-14.5,-18.8,19.5,1.5,19.2,82.8,1975,3.4,-38.5,4.2,2.2,7.3,81.7,1573,-12.9,-31.9,16.1,2,,,,,,,,56.3,93.5,2225,-17,-22.8,19,1.7,15.4,86.8,2012,0.6,-29.4,7.1,1.7,,,,,,,,,,,,,,,,,,,,,,,,,,,,,,,,,,,,,,,,,,
"Pérez, Cionel",672335,2021,25,25,24,111,22.5,18,0.208,0.364,0.351,0.318,10.6,0,42.4,30.3,39.2,51.5,27.3,12.1,9.1,L,454,64.3,96,2107,4.4,-14.3,16,1.3,28,82.4,2611,-12.7,-46.9,14.5,1.8,7.7,88.7,1817,13.1,-22.5,18.2,1.5,,,,,,,,,,,,,,,,,,,,,,,,,,,,,,,,,,,,,,,,,,,,,,,,,,,,,,,,,,,,,,,
"Finnegan, Kyle",640448,2021,29,68,66,294,23.1,11.6,0.22,0.36,0.324,0.298,3.2,5.8,39.2,25,47.6,49.7,23.8,20.1,6.3,R,1209,68.4,95.6,2058,-11.6,-14.5,19.4,1.1,19.4,87.5,2116,4.1,-28.5,8.5,1.6,,,,,,,,,,,,,,,,,,,,,,,,,,,,,12.2,87.5,1251,-10,-29.3,12.3,1.5,,,,,,,,,,,,,,,,,,,,,,,,,,,,,,,,,,,
"Scott, Tanner",656945,2021,26,62,54,251,27.9,14.7,0.23,0.359,0.321,0.328,5.8,2.9,35.5,36.8,44,52.9,14.5,27.5,5.1,L,1032,45.4,96.8,2582,4.4,-13.7,16.3,1.2,51.6,88.5,2666,-5.7,-36.5,6.4,1.4,,,,,,,,,,,,,,,3,96.1,2437,15.6,-21.2,17.9,1.4,,,,,,,,,,,,,,,,,,,,,,,,,,,,,,,,,,,,,,,,,,,,,,,,,
"Miller, Justin",502522,2021,34,23,19,83,15.7,7.2,0.311,0.59,0.369,0.407,8.1,8.1,43.5,19,49.8,33.9,33.9,24.2,8.1,R,295,52.5,92.8,2296,-3.6,-15.7,16.6,1,27.8,82.9,2560,9.3,-39.8,9.6,1.4,,,,,,,,,,,,,,,19.7,93.1,2204,-12.8,-19,18.2,1.2,,,,,,,,,,,,,,,,,,,,,,,,,,,,,,,,,,,,,,,,,,,,,,,,,
"Patiño, Luis",672715,2021,21,19,77.1,333,22.2,8.7,0.243,0.426,0.3,0.319,9.3,4,40.5,25.4,51.1,31.7,30.4,26.4,11.5,R,1365,60.6,95.7,2415,-4.2,-11.4,19.1,1.5,26.4,86,2523,8.2,-30.4,11.1,1.9,5,87.6,1967,-14.3,-22.6,19.5,1.4,4.8,77.8,2572,9,-50.4,10.7,1.7,3.2,94.6,2358,-11.6,-17.8,17.4,1.5,,,,,,,,,,,,,,,,,,,,,,,,,,,,,,,,,,,,,,,,,,,,,,,,,
"Mayers, Mike",594577,2021,29,72,75,315,28.6,8.3,0.22,0.391,0.323,0.299,8.7,6.1,41.8,29.2,48,38.8,31.1,23,7.1,R,1236,38.5,94.5,2346,-11.2,-14.4,20,1.5,31.6,85.1,2140,3,-37,3.7,1.7,0.2,87.7,1511,-16.9,-26.3,19.3,1.5,0.1,76.7,2166,4.6,-44.1,5.2,,,,,,,,,29.7,91.2,2325,-1.3,-21.1,12.1,1.7,,,,,,,,,,,,,,,,,,,,,,,,,,,,,,,,,,,,,,,,,,
"Ureña, José",570632,2021,29,26,100.2,456,14.7,9.2,0.285,0.475,0.36,0.364,5.8,3.8,47.8,20.5,46.4,53.1,19,23.9,4.1,R,1695,16,94.2,2113,-9,-16.9,16.8,1.2,23,85.3,2270,2.1,-31.5,7.3,1.8,13.6,89.8,1675,-13.4,-24.5,16.7,1.7,,,,,,,,47.3,93.8,2146,-15.9,-23.9,17.5,1.5,,,,,,,,,,,,,,,,,,,,,,,,,,,,,,,,,,,,,,,,,,,,,,,,,
"Bukauskas, J.B.",656266,2021,24,21,17.1,81,17.3,8.6,0.271,0.507,0.404,0.358,6.7,3.3,38.3,25.2,48.6,50,25,23.3,1.7,R,286,47.2,94.5,2308,-12.3,-19.4,16.9,1.2,42,86.1,2380,3.2,-35.4,3.9,1.2,10.8,88.9,1746,-15.8,-35.2,16,1.4,,,,,,,,,,,,,,,,,,,,,,,,,,,,,,,,,,,,,,,,,,,,,,,,,,,,,,,,,,,,,,,
"Lovelady, Richard",663992,2021,25,20,20.2,84,27.4,7.1,0.189,0.292,0.265,0.256,9.3,1.9,38.9,28.7,47.6,55.6,16.7,22.2,5.6,L,315,33.3,93.2,2491,6.4,-17.6,15.3,1.2,49.8,86.6,2628,-7.1,-35.7,7.8,1.2,,,,,,,,,,,,,,,16.8,93.1,2351,13.8,-24.4,15.7,1.4,,,,,,,,,,,,,,,,,,,,,,,,,,,,,,,,,,,,,,,,,,,,,,,,,
"Guerra, Junior",448855,2021,36,41,65.1,307,19.9,15,0.24,0.351,0.338,0.324,4.6,6.1,35.5,27.1,43.3,48.7,22.3,20.8,8.1,R,1225,17.6,92.2,2329,-4.5,-13.4,19.5,1.1,12.3,84.2,2395,6.1,-37.9,7,1.5,,,,,,,,15.8,80.8,2565,5,-51,10.7,1.5,38.4,93,2140,-14,-17.7,19.9,1.2,,,,,,,,15.8,84.1,1006,-10.3,-32.8,12.3,1.4,,,,,,,,,,,,,,,,,,,,,,,,,,,,,,,,,,,
"McClanahan, Shane",663556,2021,24,25,123.1,517,27.3,7.2,0.263,0.436,0.304,0.327,9.2,3.3,45.7,32,50.2,47.2,21.1,27.3,4.5,L,1954,40.9,96.4,2256,10.5,-13.3,19.5,2,34.6,89.2,2400,-3.8,-32.3,5.2,2.1,8,89.2,1725,15.6,-23.4,19.3,1.7,16.5,82.5,2650,-6,-50.8,12.4,2,,,,,,,,,,,,,,,,,,,,,,,,,,,,,,,,,,,,,,,,,,,,,,,,,,,,,,,,
"Montas, Frankie",593423,2021,28,32,187,778,26.6,7.3,0.237,0.404,0.29,0.307,8.3,5.7,42.3,29.6,50.5,43.5,25.3,26.1,5.1,R,3028,29.7,96.4,2396,-7.1,-12,18.9,1.1,12.3,88,2477,5.6,-30.8,7.8,1.4,,,,,,,,,,,,,,,28.6,96.2,2307,-14.9,-15.5,20.6,1.2,7.1,90.5,2446,4.1,-26.5,8.5,1.4,22.3,87.5,1595,-11.5,-31.7,12.4,1.2,,,,,,,,,,,,,,,,,,,,,,,,,,,,,,,,,,,
"López, Pablo",641154,2021,25,20,102.2,418,27.5,6.2,0.229,0.373,0.293,0.29,7.4,6.3,33.3,25.7,50.8,47,20.7,26.7,5.6,R,1669,32.6,94,2123,-6.9,-17.4,15.3,1.3,,,,,,,,32.5,88,1949,-17.4,-32.4,17.8,1.3,9.5,80.2,2487,12.5,-48.2,14,1.5,12.6,93.7,1985,-15.9,-24.5,17.4,1.2,12.6,91.6,2198,-2,-23.4,9.7,1.4,,,,,,,,,,,,,,,0.1,81,2557,14.3,-42.9,14.4,,,,,,,,,,,,,,,,,,,,,,
"Cahill, Trevor",502239,2021,33,9,37,166,19.3,8.4,0.267,0.438,0.332,0.334,5,9.2,40.3,22.9,44.1,57.1,20.2,17.6,5,R,665,6.2,90.4,2232,-9.6,-17.6,18.8,1.4,,,,,,,,23.9,82.3,1525,-13.8,-39.5,14.2,1.3,21.7,78.6,3022,10.1,-55.9,15.4,1.7,29.8,89.7,2177,-17.2,-25.9,19.4,1.4,18.5,85.2,2211,-0.4,-31.6,6.4,1.5,,,,,,,,,,,,,,,,,,,,,,,,,,,,,,,,,,,,,,,,,,
"Eshelman, Thomas",664045,2021,27,9,27.2,126,8.7,7.9,0.279,0.462,0.377,0.351,3.8,5.8,33.7,13.3,44.2,37.5,31.7,23.1,7.7,R,441,5.4,85.7,1821,-3.5,-25.3,12.5,1.4,26.8,77.8,1907,7.1,-41.5,8.9,1.4,14.3,81.3,1474,-13.9,-33.4,16.3,1.4,10.4,76.2,1835,7.2,-53.1,9.7,1.4,43.1,86.6,1845,-11,-25.6,15.5,1.4,,,,,,,,,,,,,,,,,,,,,,,,,,,,,,,,,,,,,,,,,,,,,,,,,
"Greene, Conner",641632,2021,26,24,25.1,121,21.5,9.9,0.251,0.393,0.352,0.32,8.8,3.8,33.8,29.8,50.3,38.8,30,25,6.3,R,447,35.3,96,2336,-12.7,-14.2,20.3,1.6,31.1,85.9,2345,3,-33.5,5.3,2.1,8.9,84.8,1814,-15.8,-30.3,17.9,1.9,11.9,78.4,2422,6.7,-51.1,9.6,1.8,12.8,95.7,2325,-15.6,-15.7,21.3,1.5,,,,,,,,,,,,,,,,,,,,,,,,,,,,,,,,,,,,,,,,,,,,,,,,,
"Thompson, Ryan",657044,2021,29,36,34,134,27.6,6.7,0.226,0.411,0.274,0.299,7,5.8,36,26.7,50.3,48.8,20.9,24.4,5.8,R,483,15.3,92.7,2230,-15.5,-24.6,17.4,1.4,38.1,78.2,2129,13.8,-34.6,17.9,1.7,1.2,81.5,910,-8.1,-44.7,9.8,1.5,,,,,,,,40.6,90.3,1980,-17,-40.2,18.3,1.1,4.8,81,2109,2.8,-35.7,7.5,1.4,,,,,,,,,,,,,,,,,,,,,,,,,,,,,,,,,,,,,,,,,,
"Cotton, Jharel",605194,2021,29,23,30.2,137,21.9,10.9,0.186,0.318,0.296,0.272,5.6,5.6,23.3,26.9,48.8,32.2,33.3,15.6,18.9,R,541,46.2,93.2,2297,-7.1,-11.3,21.5,1.4,13.9,81.8,2459,9.3,-40.6,9.9,1.6,30.3,80,2350,-13.1,-34.5,15.6,1.6,8.3,76.7,2547,3.3,-59.9,13.9,1.5,,,,,,,,1.3,86.5,2208,-0.4,-25.8,10.5,1.4,,,,,,,,,,,,,,,,,,,,,,,,,,,,,,,,,,,,,,,,,,
"McCullers Jr., Lance",621121,2021,27,28,162.1,684,27,11.1,0.208,0.314,0.283,0.284,5.3,1.9,40.7,30.2,41.6,56.9,19.9,19.9,3.4,R,2788,,,,,,,,25.6,86,2797,13.7,-32.5,14.8,1.4,13.7,85.8,1682,-17.2,-37.6,17.5,1.5,25,84.2,2923,11.9,-49.2,16,1.6,34,93.9,2115,-13.7,-24.9,15.2,1.7,1.6,89.5,2571,3.5,-28.4,7.7,1.6,,,,,,,,,,,,,,,,,,,,,,,,,,,,,,,,,,,,,,,,,,
"Winkler, Dan",595465,2021,31,47,39.2,190,21.1,15.8,0.223,0.334,0.336,0.333,3.6,8.1,25.2,25.7,48.4,45,24.3,22.5,8.1,R,787,19.9,94,2551,-7.6,-13.7,19,1.3,,,,,,,,,,,,,,,7.1,82.4,2619,9.1,-43.4,10.3,1.4,6.4,92.7,2386,-14.6,-20.6,18.6,1.4,66.6,91.2,2552,0.6,-20.3,12.6,1.3,,,,,,,,,,,,,,,,,,,,,,,,,,,,,,,,,,,,,,,,,,
"Taillon, Jameson",592791,2021,29,29,144.1,603,23.2,7.3,0.23,0.401,0.309,0.304,7.7,4.4,40.4,26.4,50.8,34.4,32.2,22.3,11.1,R,2372,49.5,93.9,2419,-3.4,-13.2,18.3,1.1,15.3,86.6,2525,5.8,-30.7,8.6,1.8,6,88,1868,-14.1,-24.1,18.4,1.3,19.1,80.7,2732,10.2,-54.9,16.4,1.3,5.4,94.2,2303,-13.3,-16.2,19.9,1.1,4.7,88.1,2498,3.9,-27,9.4,1.9,,,,,,,,,,,,,,,0,84.5,2364,4.9,-36,5.2,,,,,,,,,,,,,,,,,,,,,,
"Paddack, Chris",663978,2021,25,23,108.1,459,21.6,4.8,0.274,0.46,0.319,0.332,7.4,5.6,42.7,24.5,49.5,44.5,27.3,24,4.2,R,1869,61.5,94.8,2210,-9.5,-13.1,20,1.5,,,,,,,,26.2,85.2,1795,-13.8,-30.3,16,1.4,12.3,78.7,2185,6.5,-61.6,18.1,1.6,,,,,,,,,,,,,,,,,,,,,,,,,,,,,,,,,,,,,,,,,,,,,,,,,,,,,,,,
"Sewald, Paul",623149,2021,31,62,64.2,264,39.4,9.1,0.182,0.36,0.25,0.262,8.1,6.7,40,36.5,49.9,26.7,36.3,25.2,11.9,R,1104,58.3,92.3,2444,-12.5,-18.5,18.6,1.1,,,,,,,,0.1,69.7,1402,-13.6,-55.2,13.7,,,,,,,,,,,,,,,,,,,,,,,,,,,,,,,,,,,,,41.6,81.7,2175,13.3,-35.2,14.7,1.3,,,,,,,,,,,,,,,,,,,,,
"Garza, Justin",621057,2021,27,21,28.2,128,22.7,14.1,0.284,0.521,0.344,0.39,7.4,4.9,53.1,25.6,42.7,37,21,35.8,6.2,R,503,3.8,93.9,2249,-3,-14.7,16.4,1.5,9.1,83.7,2408,5.1,-41.3,6.1,1.7,8.2,85,1666,-15.3,-30.6,17,1.4,,,,,,,,49.9,94.8,2249,-7.7,-14,18.2,1.2,29,89.8,2325,2.9,-26.9,7.9,1.6,,,,,,,,,,,,,,,,,,,,,,,,,,,,,,,,,,,,,,,,,,
"Clarke, Taylor",664199,2021,28,43,43.1,194,20.1,7.2,0.263,0.439,0.331,0.322,5,1.4,43.3,22.7,51.3,38.3,27.7,27.7,6.4,R,753,53.4,95.5,2204,-6.1,-12.6,18.6,0.9,29,87.6,2156,2.1,-31.5,5.2,1.3,15.7,89.3,1632,-14.6,-28.4,15.9,1.1,2,78.7,2510,7.1,-55.2,13.2,1.3,,,,,,,,,,,,,,,,,,,,,,,,,,,,,,,,,,,,,,,,,,,,,,,,,,,,,,,,
"Gonzales, Marco",594835,2021,29,25,143.1,585,18.5,7.2,0.257,0.483,0.321,0.341,5.1,5.3,37,20.4,48,34,30.2,23.3,12.6,L,2324,50.3,88.4,2143,10.7,-17.5,20.6,1,,,,,,,,20.1,79.3,2184,16.6,-33.5,19.6,1.1,15.4,75.2,2282,-6.1,-61.5,14.5,1.5,,,,,,,,14.3,85.5,2119,2.9,-23.6,14.1,1.1,,,,,,,,,,,,,,,,,,,,,,,,,,,,,,,,,,,,,,,,,,
"Crichton, Stefan",592233,2021,29,31,23.1,117,14.5,10.3,0.258,0.384,0.386,0.345,6,3.6,45.2,15.4,43.4,44,21.4,20.2,14.3,R,402,0.7,89.9,1855,-10,-23.1,15,1.5,,,,,,,,4,87,1705,-13.9,-28.8,16,1.4,27.9,77.7,2547,12.5,-52.5,14.6,1.2,67.4,90.9,1868,-16.8,-25.3,18.7,1.2,,,,,,,,,,,,,,,,,,,,,,,,,,,,,,,,,,,,,,,,,,,,,,,,,
"Matzek, Tyler",554431,2021,30,69,63,264,29.2,14,0.192,0.284,0.261,0.269,8.1,5.4,37.8,29.8,48.8,41.9,22.3,26.4,9.5,L,1065,70.7,96,2435,4.9,-11.7,18.7,1.4,27,84.7,2888,-6.6,-44.8,9.7,1.8,,,,,,,,2.3,80.8,2982,-9.1,-57,17.3,1.5,,,,,,,,,,,,,,,,,,,,,,,,,,,,,,,,,,,,,,,,,,,,,,,,,,,,,,,,
"Kelly, Joe",523260,2021,33,48,44,182,27.5,8.2,0.208,0.314,0.242,0.279,5.3,11.5,34.5,28.1,42,58.4,12.4,21.2,8,R,712,7.4,97.5,2120,-11.4,-17.6,16,1.5,,,,,,,,16.2,86.9,2001,-17.7,-30.4,18.7,1.4,43.1,87.1,2890,8.6,-45.9,13.3,1.6,33.3,97.7,2071,-15.8,-18.6,18.8,1.4,,,,,,,,,,,,,,,,,,,,,,,,,,,,,,,,,,,,,,,,,,,,,,,,,
"Sampson, Adrian",592716,2021,29,10,35.1,145,19.3,5.5,0.242,0.469,0.329,0.339,3.9,3.9,42.7,21.3,50,44.7,28.2,23.3,3.9,R,554,20.8,92.2,2027,-10,-17.1,18.2,1.1,13,83.5,2541,8,-39.8,8.6,1.5,24.4,85.4,1713,-15.9,-33.3,16.7,1.1,,,,,,,,38.3,91.6,1930,-14.4,-21.7,18.3,1,3.6,85.7,2402,0.2,-35.1,4.1,1.5,,,,,,,,,,,,,,,,,,,,,,,,,,,,,,,,,,,,,,,,,,
"Lynch IV, Daniel",663738,2021,24,15,68,311,17.7,10,0.287,0.491,0.36,0.376,6.3,3.6,44.3,25.9,47.7,39.8,26.7,25.3,8.1,L,1257,40.5,93.8,2112,7.3,-15.8,17,1.5,28.6,85.2,2056,-0.2,-36.4,2.2,1.4,16.3,84.7,1720,12.8,-26,17.7,1.2,2.7,77.4,1874,-0.1,-49.2,4.1,1.9,11.9,93.2,2070,13.7,-18.5,19,1.5,,,,,,,,,,,,,,,,,,,,,,,,,,,,,,,,,,,,,,,,,,,,,,,,,
"Watson, Tony",453265,2021,36,62,57.1,225,19.6,8,0.223,0.358,0.241,0.283,6.1,9.2,30.1,26.2,48,47.9,24.5,21.5,6.1,L,866,25.2,92.5,2310,14.3,-21.8,17.7,1.2,24.1,83.1,2374,-3.5,-38.1,4.3,1.5,33.3,85.9,2351,19.9,-30.3,21.2,1.3,,,,,,,,17.4,92.3,2295,18.5,-24.7,20.3,1.3,,,,,,,,,,,,,,,,,,,,,,,,,,,,,,,,,,,,,,,,,,,,,,,,,
"Valdez, César",491624,2021,36,39,46,210,21.4,6.7,0.297,0.456,0.376,0.344,8,3.3,42.7,28.6,52.2,47.3,17.3,32,3.3,R,757,8.7,85.3,2130,-14.7,-27.7,17.9,1.2,5.2,76.8,2351,7.7,-50.2,9.2,1.5,74.9,77.9,1771,-9.2,-50.8,11.4,1.3,,,,,,,,11.2,84.9,2018,-17.3,-40.2,17.7,1.3,,,,,,,,,,,,,,,,,,,,,,,,,,,,,,,,,,,,,,,,,,,,,,,,,
"Megill, Trevor",656730,2021,27,28,23.2,115,26.1,7,0.277,0.483,0.424,0.348,7.9,2.6,46.1,25.5,47,39.5,23.7,27.6,9.2,R,460,66.5,96.4,2423,-5,-13,17.2,1.3,18.5,86.2,2627,6.7,-38.7,7.9,1.3,,,,,,,,15,82.2,2765,8.5,-52,14.4,1.4,,,,,,,,,,,,,,,,,,,,,,,,,,,,,,,,,,,,,,,,,,,,,,,,,,,,,,,,
"Crick, Kyle",605195,2021,28,27,24.1,107,19.6,17.8,0.221,0.327,0.281,0.337,8.1,11.3,22.6,27.6,40.1,38.7,24.2,25.8,11.3,R,434,37.1,92.6,2305,-6.4,-18,15.4,1.1,60.8,78.8,3295,21.5,-45.3,21.7,1.2,0.5,86.6,2013,-11.8,-32.7,14,1.5,,,,,,,,1.6,92.5,2203,-15.1,-26.6,16.2,1.4,,,,,,,,,,,,,,,,,,,,,,,,,,,,,,,,,,,,,,,,,,,,,,,,,
"Lucchesi, Joey",664192,2021,28,11,38.1,157,26.1,7,0.222,0.382,0.31,0.295,8.8,5.9,40.2,23.8,45.5,42.2,29.4,20.6,7.8,L,646,,,,,,,,,,,,,,,0.2,81.5,1243,12.4,-32.8,15.5,,36.5,78.7,2081,-2.9,-45.5,4.6,2,60.1,91,2210,14,-19,20,1.5,3.3,90.8,2236,7,-17.3,17.5,1.3,,,,,,,,,,,,,,,,,,,,,,,,,,,,,,,,,,,,,,,,,,
"Kikuchi, Yusei",579328,2021,30,29,157,666,24.5,9.3,0.261,0.463,0.325,0.346,4.8,2.5,47,27.7,48.5,49.8,22,25.2,3,L,2561,35.7,95.1,2213,10.2,-14,19.4,1.5,18.9,82.5,2404,-2.6,-43,4.6,2,10.5,86.2,1452,10.6,-31.2,12.3,1.6,,,,,,,,,,,,,,,34.9,91.3,2301,0,-23.1,9.7,1.5,,,,,,,,,,,,,,,,,,,,,,,,,,,,,,,,,,,,,,,,,,
"González, Victor",624647,2021,25,44,35.1,155,21.3,12.3,0.256,0.374,0.313,0.327,3,13,26,27.6,45.6,56,18,22,4,L,557,,,,,,,,44.7,85.2,2499,-2.2,-36.9,3.2,1.7,,,,,,,,,,,,,,,55.3,94.3,2231,17.5,-22.9,19.4,1.2,,,,,,,,,,,,,,,,,,,,,,,,,,,,,,,,,,,,,,,,,,,,,,,,,
"Bumgarner, Madison",518516,2021,31,26,146.1,613,20.2,6.4,0.245,0.432,0.315,0.319,8,4.3,38.5,21.5,49,33.9,30.3,25.7,10,L,2294,33.1,90.4,2314,8.5,-18.2,17.7,1.4,,,,,,,,7.8,83.8,1434,12.8,-32,14.9,1.2,21.7,77.8,2462,-10.1,-48.4,10.8,1.9,3.2,89.8,2045,14,-22.4,18.4,1.2,34.2,86,2407,-2.9,-28.9,8.9,1.5,,,,,,,,,,,,,,,,,,,,,,,,,,,,,,,,,,,,,,,,,,
"Romo, Sergio",489265,2021,38,66,61.2,259,23.2,8.1,0.218,0.365,0.305,0.287,5.7,4,23.3,29.3,43.5,37.5,30.1,22.2,10.2,R,1043,2,85.6,2234,-13.4,-25.3,18.1,1.3,55.7,77,2815,13.7,-38.3,16.7,1.6,10.9,80.3,2101,-20.4,-38.3,21,1.2,,,,,,,,31.4,85.5,2158,-18.6,-33.5,19.2,1.1,,,,,,,,,,,,,,,,,,,,,,,,,,,,,,,,,,,,,,,,,,,,,,,,,
"Newcomb, Sean",656794,2021,28,32,32.1,150,28.7,18,0.223,0.32,0.327,0.321,9,6.4,34.6,26.5,45.5,38.5,24.4,30.8,6.4,L,673,57.7,95.6,2295,5.1,-13.7,17.1,1.3,,,,,,,,0.9,89.8,1615,9.5,-22.5,15.7,1.5,15.6,80,2881,-10.5,-59.7,19.4,1.3,0.1,95.5,2489,10.6,-11.8,21.1,,25.7,87.4,2701,-4.2,-35.5,5.5,1.6,,,,,,,,,,,,,,,,,,,,,,,,,,,,,,,,,,,,,,,,,,
"Smith, Caleb",592761,2021,29,45,113.2,500,24.8,12.6,0.216,0.383,0.317,0.313,5.2,5.9,29.1,27.1,46.2,28.8,35.3,22.9,13.1,L,2067,48.1,91.4,2420,11.5,-14.9,21.5,1.3,29.6,84.8,2399,-4.2,-31.5,8.1,1.6,14.7,82.1,2002,13.9,-26.6,20,1.4,7.5,77.9,2599,-6.8,-51.1,9.4,1.7,,,,,,,,,,,,,,,,,,,,,,,,,,,,,,,,,,,,,,,,,,,,,,,,,,,,,,,,
"Gil, Luis",661563,2021,23,6,29.1,129,29.5,14.7,0.199,0.352,0.282,0.304,2.8,2.8,39.4,31,46.6,32.4,33.8,19.7,14.1,R,532,53.4,96.1,2445,-4.5,-11.9,18.5,1.4,39.3,85.2,2471,8.1,-35.4,9.2,1.6,7.3,92.3,1824,-15.6,-24.1,17.7,1.4,,,,,,,,,,,,,,,,,,,,,,,,,,,,,,,,,,,,,,,,,,,,,,,,,,,,,,,,,,,,,,,
"Houck, Tanner",656557,2021,25,18,69,285,30.5,7.4,0.213,0.337,0.271,0.277,5.8,5.3,35.1,30.9,46.7,49.1,20.5,22.2,8.2,R,1149,38.6,94.5,2099,-6.3,-22.7,10.2,1.2,37.1,84.4,2551,13.6,-37.7,13.8,1.2,,,,,,,,,,,,,,,17,93.2,2086,-14.6,-32.4,14.9,1.3,,,,,,,,7.4,85.8,1589,-13.1,-34.2,14.4,2.1,,,,,,,,,,,,,,,,,,,,,,,,,,,,,,,,,,,
"McHugh, Collin",543521,2021,34,37,64,247,30,4.9,0.202,0.285,0.236,0.233,5,4.4,29.6,31.4,48.8,43.4,28.3,20.1,8.2,R,972,10.8,90.6,2267,-8.5,-16.1,19.5,1.2,,,,,,,,0.1,85.8,1614,-11.3,-25.4,16.3,,3.1,74.3,2756,13.4,-63.7,19,1.8,,,,,,,,33.1,87.6,2500,2.8,-27.9,8.4,1.3,,,,,,,,,,,,,,,52.9,79.5,2790,18.7,-44.4,18.9,1.3,,,,,,,,,,,,,,,,,,,,,
"Martinez, Carlos",593372,2021,29,16,82.1,363,15.7,9.9,0.278,0.469,0.321,0.369,6.6,4.6,42.5,18.4,46.2,51.7,22.4,20.8,5,R,1281,27.5,93.4,2052,-8.8,-19.2,15.1,1.8,22.8,82.5,2060,11.3,-38.9,12.1,1.7,13.5,84.8,1858,-14.7,-39.8,15.1,1.4,1.1,78.3,1950,10.1,-45.5,10.7,1.6,13.8,91.3,1946,-16,-29.9,16.5,1.3,21.3,90.6,2171,-1.4,-23.9,9.7,1.6,,,,,,,,,,,,,,,,,,,,,,,,,,,,,,,,,,,,,,,,,,
"Loup, Aaron",571901,2021,33,65,56.2,218,26.1,7.3,0.227,0.302,0.229,0.273,4.3,7.8,37.6,26.9,46.8,53.2,18.4,26.2,2.1,L,833,,,,,,,,,,,,,,,8.6,79.9,1877,17.4,-45.8,17.6,1.3,6.6,75.6,2473,-19.3,-47.3,19.7,1.2,51.9,92.4,2212,19.5,-28.6,20.1,1.3,32.9,84.7,2423,-1.1,-36.9,2.7,1.4,,,,,,,,,,,,,,,,,,,,,,,,,,,,,,,,,,,,,,,,,,
"Scherzer, Max",453286,2021,36,30,179.1,693,34.1,5.2,0.196,0.353,0.248,0.263,5.8,5.1,34.3,34.1,50.6,35,32.4,22.6,10,R,2821,46.7,94.3,2436,-10.6,-14.8,19.3,1.4,18.8,85.8,2269,2.9,-32.5,5.8,1.4,14.9,85,1446,-15.2,-33.9,15.9,1.3,9.8,76.9,2661,13.4,-54.4,15.8,1.5,,,,,,,,9.8,90,2466,-0.7,-24.9,9.2,1.5,,,,,,,,,,,,,,,,,,,,,,,,,,,,,,,,,,,,,,,,,,
"Santana, Dennis",642701,2021,25,55,54.2,237,19.4,13.5,0.261,0.413,0.31,0.346,7.1,6.4,35.9,26.8,46.4,51.3,22.4,22.4,3.8,R,909,5.9,96,2390,-11.6,-15,18.9,1.1,28.2,83.8,2658,3.1,-41,4.9,2.1,20.6,87.5,2199,-17.3,-27.6,19.3,1.2,2.5,81.9,2662,12.9,-40.8,13.3,1.5,42.2,95.3,2434,-17.7,-20.7,20.2,1.1,0.6,88,2694,2.7,-32.6,3.8,1.4,,,,,,,,,,,,,,,,,,,,,,,,,,,,,,,,,,,,,,,,,,
"Rodriguez, Eduardo",593958,2021,28,32,157.2,675,27.4,7,0.233,0.366,0.33,0.288,6.3,5,33.6,26.3,48.7,44.9,22.9,24.9,7.3,L,2721,39.9,92.5,2177,7.3,-17.1,16.5,1.3,8.1,82.1,2140,-3,-44.4,5.4,1.9,23.1,85.4,1884,16.7,-31.2,18.1,2.4,,,,,,,,11.2,92.5,2125,14.9,-21.9,18.1,1.3,17.7,88.3,2182,-1.9,-26.2,9.1,1.7,,,,,,,,,,,,,,,,,,,,,,,,,,,,,,,,,,,,,,,,,,
"Hill, Rich",448179,2021,41,32,158.2,661,22.7,8.3,0.24,0.414,0.313,0.323,6.1,5.5,34.8,23.1,46.1,35.9,30.7,25.5,8,L,2496,47.1,88.1,2339,9.2,-16.1,21.5,1.4,0.5,76.5,2384,-8.2,-48.6,8.8,1.7,3,80.9,1672,13.6,-31,17.8,2,37.8,71.7,2713,-19.5,-66.7,23.2,1.6,2.4,84.8,2215,16.8,-30.2,19.2,1.6,2.8,83.7,2426,-1.7,-28.9,10.9,1.6,,,,,,,,,,,,,,,6.5,69.1,2610,-23.5,-57.7,23.7,1.6,,,,,,,,,,,,,,,,,,,,,
"Nance, Tommy",667297,2021,30,27,28.2,127,23.6,10.2,0.257,0.418,0.322,0.339,3.7,7.4,42,22.3,43.2,58,16,23.5,2.5,R,456,21.5,95.2,2280,-8.6,-18.5,14.6,1.2,11,87.2,2619,2.7,-41.4,6.5,1.5,,,,,,,,27,85.4,2822,9.1,-51,16.4,1.3,40.6,95.4,2308,-15.4,-22.3,17.4,1.1,,,,,,,,,,,,,,,,,,,,,,,,,,,,,,,,,,,,,,,,,,,,,,,,,
"Young, Alex",622065,2021,27,40,52,246,17.5,11,0.284,0.483,0.389,0.365,2.3,2.9,39.9,26.8,49,46.2,25.4,24.3,4,L,912,13.9,91.5,2257,8.9,-17.8,17.5,1.3,,,,,,,,19.1,85.3,1544,13.3,-34.5,13.8,1.4,19,82.3,2332,-0.8,-41.6,2.7,1.4,25.4,89.6,2219,13.5,-27.7,15,1.4,22.6,86.3,2399,-0.4,-27,9.8,1.7,,,,,,,,,,,,,,,,,,,,,,,,,,,,,,,,,,,,,,,,,,
"Davis, Austin",656354,2021,28,29,26.1,117,23.9,10.3,0.247,0.399,0.314,0.322,2.6,6.6,35.5,26.4,44,46.1,21.1,18.4,14.5,L,473,52,93.6,2163,9.1,-16.7,17.3,1.3,37,81.8,2288,-8,-40.8,8.5,1.9,9.9,84.2,1925,15.6,-28.9,18.5,1.3,1.1,79.1,2220,-11.9,-52,14.6,1.4,,,,,,,,,,,,,,,,,,,,,,,,,,,,,,,,,,,,,,,,,,,,,,,,,,,,,,,,
"Green, Chad",643338,2021,30,67,83.2,315,31.4,5.4,0.212,0.398,0.262,0.278,7,4,43.7,32,52.7,27.6,33.7,22.1,16.6,R,1311,65,95.7,2501,-4.5,-10.7,19.9,1,,,,,,,,,,,,,,,16.9,84.6,2585,4.8,-44.1,8.1,1.6,0.5,95.8,2583,-10.3,-11.1,21.7,1.4,,,,,,,,,,,,,,,,,,,,,,17.6,85.5,2576,10.8,-37.7,11.1,1.2,,,,,,,,,,,,,,,,,,,,,
"Musgrove, Joe",605397,2021,28,32,181.1,748,27.1,7.2,0.236,0.387,0.284,0.304,5.1,4.2,38.5,29.3,46.9,45,26.8,22,6.1,R,2938,20.3,93.3,2600,-5,-18.6,14,1.2,27.8,84.1,2784,14,-40.5,14.3,1.2,4.8,87.1,2069,-9.2,-31.5,10.8,1.5,23.8,82.1,2808,11,-54.7,17.7,1.2,5.1,93.2,2471,-10.5,-24.8,12.8,1.2,18.2,90.6,2633,1.7,-24.9,8.7,1.4,,,,,,,,,,,,,,,,,,,,,,,,,,,,,,,,,,,,,,,,,,
"Kuhl, Chad",641771,2021,28,28,80.1,349,21.5,12,0.241,0.405,0.347,0.334,8.1,4.9,37.2,27,41.6,45.3,25.6,24.7,4.5,R,1436,25.4,94.2,2108,-10.1,-16.9,17.4,1.6,46.1,88.2,2399,3.6,-32.1,5.2,1.7,4.3,88.3,1600,-14.3,-29.8,15.5,1.4,11.2,80.5,2680,10.6,-52.1,14.6,2.4,13,94.1,2029,-15.6,-20.9,18.8,1.6,,,,,,,,,,,,,,,,,,,,,,,,,,,,,,,,,,,,,,,,,,,,,,,,,
"Widener, Taylor",642203,2021,26,23,70.1,319,22.9,11.6,0.249,0.477,0.343,0.356,9.9,5.9,45,23.1,45.9,35.1,34.2,22.8,7.9,R,1217,66.5,92.6,2143,-5.8,-16.7,16.5,1.8,17.3,84,2239,4.4,-39.5,5.2,1.8,16,85.6,1713,-15.5,-28.7,17.9,1.8,0.1,79,2224,4.5,-45.5,4.8,,,,,,,,,0.1,85.7,2000,-7,-20.3,18.8,,,,,,,,,,,,,,,,,,,,,,,,,,,,,,,,,,,,,,,,,,,
"Nolin, Sean",543594,2021,31,10,26.2,123,16.3,10.6,0.237,0.375,0.379,0.311,12.5,4.5,40.9,20.7,46.5,37.5,31.8,26.1,4.5,L,499,46.1,90.7,2087,8.4,-16.7,18.6,1.3,0.2,80.5,1930,-9.4,-45.7,9.9,,15.6,79.9,1670,15.5,-34.4,17.8,1.6,14,73.6,1763,-9.8,-62.9,15.5,2.8,0.6,89,2130,16.3,-20.1,21.8,1.5,23.4,82.3,2016,-4,-34.8,7.4,3.2,,,,,,,,,,,,,,,,,,,,,,,,,,,,,,,,,,,,,,,,,,
"Stephan, Trevor",663986,2021,25,43,63.1,282,26.6,11,0.243,0.472,0.34,0.349,7.5,5.2,42.8,30.2,47.4,33.5,32.4,26.6,7.5,R,1210,59.8,96.2,2378,-9,-15,17.2,1.5,32.1,83.8,2553,10.4,-37.3,11,2.2,,,,,,,,,,,,,,,,,,,,,,,,,,,,,8.1,86.9,1319,-12,-32.2,13.2,1.9,,,,,,,,,,,,,,,,,,,,,,,,,,,,,,,,,,,
"Marshall, Evan",605359,2021,31,27,27.1,113,23,8,0.225,0.365,0.351,0.289,2.6,7.7,33.3,23.4,47.1,42.3,24.4,24.4,9,R,435,24.1,93.1,2442,-11.1,-16.9,18.5,1.3,,,,,,,,35.2,88.3,1658,-16.3,-30.7,17.1,1.3,28.3,82.5,2712,9,-50.7,14,1.6,12.4,93.2,2319,-17,-23.7,18.9,1.3,,,,,,,,,,,,,,,,,,,,,,,,,,,,,,,,,,,,,,,,,,,,,,,,,
"Maeda, Kenta",628317,2021,33,21,106.1,453,24.9,7.1,0.232,0.382,0.325,0.298,8,6.3,36.3,29.3,49.6,40,25.3,25.7,9,R,1775,25.9,90.6,2264,-7.8,-17.5,17.8,1.5,36.1,82.1,2514,5.1,-35.5,8.6,1.6,,,,,,,,3.6,75.2,2620,11,-60.9,16.8,1.6,5.3,89.9,2214,-15.7,-25.2,18.2,1.5,,,,,,,,28.5,84.2,1455,-12.4,-37,12.7,1.4,,,,,,,,0.6,80.7,2586,12.1,-37.7,13.1,1.5,,,,,,,,,,,,,,,,,,,,,
"Whitlock, Garrett",676477,2021,25,46,73.1,298,27.2,5.7,0.227,0.332,0.272,0.266,7.6,4.6,37.1,27.6,50.3,49.7,17.8,25.9,6.6,R,1150,9.3,96.2,2127,-11,-14.6,18.6,1.4,16.4,83.7,1948,4.4,-38.4,5,2.4,20.6,83.1,1910,-16.9,-36.3,17.5,1.6,,,,,,,,53.6,95.9,2097,-16,-18.2,19.9,1.3,0.1,85.8,1948,2.6,-33,4.6,,,,,,,,,,,,,,,,,,,,,,,,,,,,,,,,,,,,,,,,,,,
"Naughton, Packy",676050,2021,25,7,22.2,108,11.1,13,0.274,0.406,0.354,0.345,3.7,7.4,40.7,21.1,47,51.9,14.8,28.4,4.9,L,383,32.4,90.5,2035,8.1,-18.6,16.9,1.2,13.1,82.9,2234,-3.7,-35.4,6,1.5,27.7,81.7,1327,13.2,-34.2,15.1,1.2,2.3,74.5,2173,-2.9,-55.1,6.8,1.4,24.5,90.6,2052,15,-22.1,18.8,1.3,,,,,,,,,,,,,,,,,,,,,,,,,,,,,,,,,,,,,,,,,,,,,,,,,
"Lindblom, Josh",458676,2021,34,8,16.2,85,20,11.8,0.304,0.599,0.449,0.443,3.6,3.6,47.3,22.8,42.4,27.3,34.5,25.5,12.7,R,342,37.1,90.3,2593,-5.8,-15.8,18.9,1.4,14.3,76.1,2470,17.1,-48.3,17.6,1.7,12.3,84.2,1958,-15.2,-28.5,18.5,1.5,10.5,72.9,2821,15.3,-66.7,21,1.7,4.4,90.5,2481,-16.2,-18.2,22.5,1.4,16.7,86,2452,3,-27,10.6,1.7,4.7,84,1102,-5.4,-35.3,8.3,1.4,,,,,,,,,,,,,,,,,,,,,,,,,,,,,,,,,,,
"Treinen, Blake",595014,2021,33,72,72.1,286,29.7,8.7,0.189,0.261,0.233,0.243,6.4,9.2,27.2,28.9,48.9,52.6,19.7,16.8,11,R,1095,7.5,97.7,2419,-11.4,-15.5,17.5,1.2,35.1,86.4,2415,13.3,-37.3,13.6,1.1,0.1,90,1367,-14.4,-30.1,15,,,,,,,,,27.4,97.4,2231,-18.1,-23.1,19.1,1.1,30,93.3,2480,0.3,-22.9,8.6,1.3,,,,,,,,,,,,,,,,,,,,,,,,,,,,,,,,,,,,,,,,,,
"Bradley, Archie",605151,2021,28,53,51,224,17.9,9.8,0.232,0.365,0.324,0.306,6.3,6.9,39,17.7,47.2,56.6,17,19.5,6.9,R,921,47,94,2131,-8.4,-14.6,18.5,1.4,,,,,,,,14,85.5,1363,-12.2,-29.2,15.1,1.4,15.5,78.2,1950,6,-56.2,13,1.5,23.5,93.9,2037,-13.8,-17.7,19.4,1.3,,,,,,,,,,,,,,,,,,,,,,,,,,,,,,,,,,,,,,,,,,,,,,,,,
"Gray, Jon",592351,2021,29,29,149,644,24.4,9,0.235,0.378,0.32,0.305,6.7,5,38.2,26.7,45.3,49.2,24.9,21.6,4.3,R,2537,47.6,94.9,2152,-12.9,-19.2,17.1,1.3,38.1,86.7,2408,2.6,-32.7,5,1.5,8,87.6,1454,-11.7,-28,14.4,1.5,6.3,76,2585,11.3,-56.6,14.7,1.4,,,,,,,,,,,,,,,,,,,,,,,,,,,,,,,,,,,,,,,,,,,,,,,,,,,,,,,,
"Senzatela, Antonio",622608,2021,26,28,156.2,670,15.7,4.8,0.273,0.414,0.323,0.318,5.9,4.6,42.7,19.5,48.1,52.3,19.8,23.9,4,R,2405,54.5,94.6,2096,-4.9,-19.3,12.2,1.7,31.9,86.1,2083,5,-34.1,5.9,1.7,6.2,86,2016,-7.5,-28.7,11.4,1.9,5.8,77.8,2158,6.6,-51.1,9.2,2.2,1.6,94.3,2119,-10.5,-18.2,16.5,1.5,,,,,,,,,,,,,,,,,,,,,,,,,,,,,,,,,,,,,,,,,,,,,,,,,
"Sims, Lucas",608371,2021,27,47,47,195,39,9.2,0.167,0.296,0.281,0.244,9.3,8.2,35.1,35.1,43.7,28.9,30.9,27.8,12.4,R,815,41.2,95.1,2581,-8.5,-12.2,20.1,1.1,34.5,85.6,2956,7.7,-37.3,8.5,1.4,0.4,90.9,2325,-11.8,-17.3,20.1,1.4,23.9,82.3,3109,10.5,-43.8,11.7,1.5,,,,,,,,,,,,,,,,,,,,,,,,,,,,,,,,,,,,,,,,,,,,,,,,,,,,,,,,
"Zuber, Tyler",676604,2021,26,31,27.1,123,20.3,13.8,0.288,0.565,0.351,0.406,7.5,2.5,43.8,26.7,44.5,33.8,26.3,27.5,12.5,R,506,57.9,94.6,2231,-9,-14.5,18.6,1.3,30.4,84.4,2666,8.6,-37.5,9.2,1.9,6.3,85.5,1248,-11.7,-36.4,12.1,1.6,5.3,79.5,2741,12.8,-53.4,16.6,1.5,,,,,,,,,,,,,,,,,,,,,,,,,,,,,,,,,,,,,,,,,,,,,,,,,,,,,,,,
"Staumont, Josh",622251,2021,27,64,65.2,264,27.3,10.2,0.222,0.384,0.254,0.303,8,2.5,45.4,26.6,43.5,38.7,31.3,22.7,7.4,R,1096,44.1,96.5,2260,-3,-11,18.8,1.7,,,,,,,,,,,,,,,34.7,81.3,2733,9.7,-54.4,16.4,1.6,21.3,96.7,2210,-9.5,-13.2,18.8,1.7,,,,,,,,,,,,,,,,,,,,,,,,,,,,,,,,,,,,,,,,,,,,,,,,,
"Bender, Anthony",669622,2021,26,60,61.1,247,28.7,8.1,0.207,0.311,0.275,0.27,6,7.3,34,30.2,40.5,50,18,28,4,R,973,1.2,97.5,2521,-6.5,-15.4,15,1.3,45.6,84.6,2488,9.1,-40.6,9.7,1.4,0.7,90.1,1627,-14.3,-37,15,1.5,,,,,,,,51.8,96.8,2250,-15.7,-26.9,16.1,1.1,,,,,,,,,,,,,,,,,,,,,,0.6,83.4,2375,10.6,-43.5,11.4,1.4,,,,,,,,,,,,,,,,,,,,,
"Martin, Brett",656685,2021,26,66,62.1,264,15.9,5.3,0.263,0.368,0.293,0.29,3.4,3.4,33.7,22.7,53.4,58.2,19.7,19.2,2.9,L,918,24.1,93.6,2195,5.8,-16.1,16.3,1.1,24.5,87.6,2228,-2,-29.5,7,1.5,,,,,,,,21.1,82.4,2165,-0.3,-45.2,5.4,1.5,30.3,93.1,2161,15.4,-20.7,19,1.1,,,,,,,,,,,,,,,,,,,,,,,,,,,,,,,,,,,,,,,,,,,,,,,,,
"Feliz, Michael",593140,2021,28,21,20,90,24.4,7.8,0.298,0.541,0.374,0.38,9.8,0,47.5,29.1,48.4,26.2,29.5,32.8,11.5,R,370,58.1,93.8,2179,-3.4,-12.3,19.3,1.3,34.3,80.9,2275,7,-39.6,8.3,1.5,7.6,86.1,1757,-12.3,-23.6,18.1,1.4,,,,,,,,,,,,,,,,,,,,,,,,,,,,,,,,,,,,,,,,,,,,,,,,,,,,,,,,,,,,,,,
"Ottavino, Adam",493603,2021,35,69,62,277,25.6,13,0.208,0.317,0.324,0.297,7.4,6.7,30.1,27.8,40.5,41.7,28.8,21.5,8,R,1146,20.7,95.5,2438,-5.2,-15.7,15.4,1.4,,,,,,,,1.7,88.4,2013,-15.5,-31.8,16.4,1.4,0.7,77.3,2803,16.6,-56.8,19.7,1.5,27.5,94.6,2283,-15.1,-23.6,16.8,1.2,1.7,87.3,2716,3.7,-28.5,8.9,1.5,,,,,,,,,,,,,,,47.8,80.6,2747,18.9,-43.1,19.1,1.5,,,,,,,,,,,,,,,,,,,,,
"Patton, Spencer",607359,2021,33,42,42.1,172,27.9,8.7,0.21,0.324,0.287,0.269,5.5,5.5,28.4,26.9,46,40.4,26.6,25.7,7.3,R,705,56.5,93.4,2036,-9.6,-15.7,18.5,1,33.6,83.7,1984,12.1,-40.8,12.6,1.2,,,,,,,,,,,,,,,0.1,94.1,1989,-15.1,-18.7,19.7,,,,,,,,,9.8,85.6,1654,-13.9,-30,15.9,1.2,,,,,,,,,,,,,,,,,,,,,,,,,,,,,,,,,,,
"Duffey, Tyler",608648,2021,30,64,62.1,254,24,11,0.228,0.357,0.278,0.3,6.1,1.8,45.4,23.6,43.4,46,27.6,22.7,3.7,R,1052,44.6,92.5,2272,-5.6,-15.8,17.2,1.3,,,,,,,,,,,,,,,51.2,82.3,2467,5.3,-50.9,11.8,3.2,4.2,92.6,2386,-15.8,-23.3,18.2,1.4,,,,,,,,,,,,,,,,,,,,,,,,,,,,,,,,,,,,,,,,,,,,,,,,,
"Valdez, Phillips",570488,2021,29,28,40,177,19.8,10.7,0.25,0.387,0.312,0.331,1.7,7.8,36.2,23,42,59.5,22.4,16.4,1.7,R,684,0.3,92.3,2288,-13.3,-24.2,15.5,1.5,10.5,83,2312,5.1,-39.9,6.7,2.6,49.1,85.3,1944,-17.2,-37,17.4,1.3,,,,,,,,40.1,92.7,2264,-18.1,-26.6,19.1,1.2,,,,,,,,,,,,,,,,,,,,,,,,,,,,,,,,,,,,,,,,,,,,,,,,,
"Fernández, Junior",658551,2021,24,18,20.2,96,15.6,14.6,0.298,0.426,0.373,0.364,7.5,4.5,35.8,29.9,47.6,44.8,11.9,38.8,4.5,R,372,43.3,97.7,2174,-11.1,-14.3,18.3,1.3,21.2,88.5,2035,-3.3,-27.8,7.9,1.5,31.5,89.6,1972,-13,-27.8,14.6,1.6,,,,,,,,4,97.9,2150,-15.1,-16.5,19.4,1.5,,,,,,,,,,,,,,,,,,,,,,,,,,,,,,,,,,,,,,,,,,,,,,,,,
"Sandlin, Nick",680704,2021,24,34,33.2,141,34,12.1,0.157,0.261,0.269,0.257,5.6,4.2,27.8,32.7,40.6,41.7,27.8,19.4,11.1,R,603,15.9,94.4,2341,-12.9,-19.2,17.5,1.3,46.4,79.3,2684,12.5,-36.7,14.6,1.5,,,,,,,,,,,,,,,35.5,94.5,2212,-16.6,-27.3,17.2,1.3,,,,,,,,2.2,87.3,1434,-9.4,-36.5,9.6,1.6,,,,,,,,,,,,,,,,,,,,,,,,,,,,,,,,,,,
"Fedde, Erick",607200,2021,28,29,133.1,590,21.7,8.1,0.263,0.456,0.34,0.336,5.1,7.1,40.6,21.9,44.9,51.3,22.2,22,4.4,R,2409,1.3,93.2,1850,-3.5,-22.4,9.6,1.2,,,,,,,,10.2,87.7,1548,-14.5,-34,14.8,1.4,23,79.7,2281,14.3,-44.5,14.7,1.4,42.2,93.8,1882,-10,-20.9,14.4,1.2,22.9,89.4,2051,3.2,-27.5,7.8,1.3,,,,,,,,,,,,,,,0.4,81.3,2322,14.7,-43.7,15.3,1.4,,,,,,,,,,,,,,,,,,,,,
"Chacín, Jhoulys",468504,2021,33,46,64.1,269,17.5,10.4,0.243,0.391,0.306,0.318,3.1,7.2,36.1,22.2,46,47.4,24.7,22.7,5.2,R,1070,9.5,92.4,2240,-4.5,-17.3,15.4,1.5,19.6,88.2,2476,3.7,-29,7.5,1.7,3.6,84.7,1451,-6.6,-31,10,1.6,35.2,81.2,2444,12.4,-40.1,12.8,1.4,32.1,92.9,2213,-12.7,-21.8,16.2,1.3,,,,,,,,,,,,,,,,,,,,,,,,,,,,,,,,,,,,,,,,,,,,,,,,,
"Hentges, Sam",656529,2021,24,30,68.2,318,21.4,10.1,0.271,0.477,0.377,0.356,5.5,4.1,42.7,24,45.2,46.3,27.5,20.2,6,L,1260,41.3,94.6,2157,6.4,-15.7,16.3,1.6,24,86.2,2191,-3.3,-34.1,5.4,1.7,0.5,88.4,1669,10.6,-24.4,15.4,1.5,24.9,80.2,2502,-7.1,-57.5,16.5,1.7,9.2,93,2105,12,-22.5,15.3,1.6,,,,,,,,,,,,,,,,,,,,,,,,,,,,,,,,,,,,,,,,,,,,,,,,,
"Plutko, Adam",592644,2021,29,38,56.1,255,17.3,10.6,0.281,0.547,0.408,0.383,7.7,0.6,39.8,24.2,47.6,30.4,38.1,23.8,7.7,R,1014,49.9,91.6,2250,-4.4,-13.8,19.5,1.1,10.2,83.1,2495,4.8,-35.1,7.3,1.5,,,,,,,,7,77,2894,11.4,-56.8,15.6,1.5,,,,,,,,32.9,87.7,2383,2.9,-25.4,11,1.5,,,,,,,,,,,,,,,,,,,,,,,,,,,,,,,,,,,,,,,,,,
"Anderson, Ian",666120,2021,23,24,128.1,535,23.2,9.9,0.24,0.41,0.293,0.317,4.5,7.6,38.7,28.5,46.1,52.1,20.4,21.8,5.6,R,2175,47.1,94.6,2045,-5.4,-13.2,18.4,1.1,,,,,,,,31.4,88.1,1646,-10.1,-23.1,15.9,1.1,20.9,80.7,1895,0.9,-48.3,6.7,1.3,0.3,94.1,2081,-11.9,-14.2,20.7,1.4,,,,,,,,,,,,,,,,,,,,,,0.2,80.1,1940,1.7,-50,7.3,1.5,,,,,,,,,,,,,,,,,,,,,
"Graveman, Kendall",608665,2021,30,53,56,222,27.5,9,0.227,0.33,0.248,0.296,3,8.3,35.3,25.6,44.9,54.9,16.5,23.3,5.3,R,871,8.6,96.3,2315,-7.8,-13.4,18,1.2,17.7,87.4,2524,5.8,-35.5,6.3,1.5,6.9,89.6,1699,-13.5,-27.7,15,1.3,3.9,81.5,2388,8.1,-49.6,11.8,1.6,62.9,96.6,2201,-16.4,-18.7,19.6,1.3,,,,,,,,,,,,,,,,,,,,,,,,,,,,,,,,,,,,,,,,,,,,,,,,,
"Garcia, Luis",677651,2021,24,30,155.1,633,26.4,7.9,0.236,0.394,0.297,0.304,7,5.1,38.7,30.5,47.1,39.2,29.8,22.5,8.5,R,2502,44.7,93.3,2354,-5,-13,19.3,1.5,12.5,79.9,2374,15.8,-45.8,16.3,1.4,11,83.4,1909,-16.1,-29.6,19,1.4,9.4,75.9,2264,5.9,-59.2,13.2,1.6,,,,,,,,22.4,86.1,2378,5.7,-31.5,8.4,1.8,,,,,,,,,,,,,,,,,,,,,,,,,,,,,,,,,,,,,,,,,,
"Wainwright, Adam",425794,2021,39,32,206.1,828,21,6,0.251,0.388,0.273,0.302,5.7,3.2,35.6,19.7,43.8,48.7,21.5,25.4,4.4,R,3068,9.5,89,2229,-1.9,-19.8,14.9,1.4,,,,,,,,6.4,82.7,1715,-13.8,-32.1,16,1.6,34.1,73.4,2835,16.6,-66.5,22.2,1.9,28.1,89.1,2229,-12.7,-22.2,17.8,1.5,21.9,84.9,2408,6.4,-31.1,9.4,1.5,,,,,,,,,,,,,,,,,,,,,,,,,,,,,,,,,,,,,,,,,,
"Fulmer, Carson",608334,2021,27,20,25.2,116,20.7,11.2,0.243,0.43,0.347,0.341,3.9,2.6,43.4,30.2,42.2,48.7,26.3,19.7,5.3,R,448,39.3,93.2,2278,-7.2,-15.4,17.8,1.2,,,,,,,,15,86.9,1442,-14.1,-29.9,15.7,1.4,20.1,82.1,2714,6.6,-46.7,9.5,1.3,1.1,92,2251,-12.8,-19.9,18.1,1.5,24.6,86.6,2633,4.8,-34.8,5.8,1.4,,,,,,,,,,,,,,,,,,,,,,,,,,,,,,,,,,,,,,,,,,
"Robles, Hansel",570663,2021,30,72,69,297,25.6,12.5,0.232,0.422,0.321,0.333,5.6,3.9,47.5,24,48.8,43.6,24,25.7,6.7,R,1185,55.1,96.7,2287,-12,-12.9,20.3,1.4,14.4,90.2,2331,0.2,-28.4,5.6,1.8,29.7,89.3,1555,-14.2,-26.4,16.5,1.7,0.1,73.3,1972,6.5,-50.6,6.5,,0.7,96.4,2369,-17.5,-14.6,23.1,1.5,,,,,,,,,,,,,,,,,,,,,,,,,,,,,,,,,,,,,,,,,,,,,,,,,
"Crowe, Wil",640444,2021,26,26,116.2,524,21.2,10.9,0.255,0.455,0.369,0.347,5.7,4.3,37.1,25.3,44.7,44,28,21.4,6.6,R,2171,34.9,93.7,2407,-3.1,-14.5,17,1.3,24.7,85.3,2716,6.5,-37.6,7.1,1.9,18.2,85.1,1714,-9.7,-32.7,11.4,1.4,10.5,80.4,2440,4.9,-55.3,14,1.6,11.7,92.9,2222,-11.7,-19,17.4,1.3,,,,,,,,,,,,,,,,,,,,,,,,,,,,,,,,,,,,,,,,,,,,,,,,,
"Garcia, Bryan",650530,2021,26,39,39.1,192,16.7,13,0.298,0.6,0.401,0.42,6.8,3.8,49.6,22.8,45.7,36.8,35.3,23.3,4.5,R,731,1,93.2,2105,-6.8,-14.3,18.6,1.5,26.4,86.7,2280,4.4,-32.3,6.6,1.4,17.8,85.8,1844,-17.1,-30.9,18.4,1.2,,,,,,,,54.9,94,2112,-11.5,-16.4,18.8,1.1,,,,,,,,,,,,,,,,,,,,,,,,,,,,,,,,,,,,,,,,,,,,,,,,,
"Armstrong, Shawn",542888,2021,30,31,36,165,26.7,9.1,0.244,0.481,0.367,0.344,6.7,0,44.2,32,49.8,31.7,29.8,27.9,10.6,R,685,55.2,93.9,2460,-3.6,-14.9,16.8,1.2,11.8,85.4,2704,11.8,-40,12.3,1.8,,,,,,,,,,,,,,,,,,,,,,33,89.3,2657,7.4,-29.7,9.1,1.7,,,,,,,,,,,,,,,,,,,,,,,,,,,,,,,,,,,,,,,,,,
"Oviedo, Johan",670912,2021,23,14,62.1,288,17.7,12.8,0.271,0.453,0.339,0.363,4.1,5.7,35.6,25.9,44.8,50.5,25.3,20.6,3.6,R,1086,53.7,94.9,2257,-6.2,-18.8,13.2,1.6,23.7,85.7,2539,6,-35.4,6.8,1.8,10.8,86.4,1847,-14.5,-28.1,16.9,2,11.9,76.7,2424,10.8,-53.2,12.9,1.5,,,,,,,,,,,,,,,,,,,,,,,,,,,,,,,,,,,,,,,,,,,,,,,,,,,,,,,,
"Soria, Joakim",465657,2021,37,41,37.1,159,25.2,7.5,0.245,0.399,0.344,0.307,1.9,2.8,38.7,25.7,51.4,33,27.4,29.2,10.4,R,605,59.3,92.8,2337,-4.9,-14.2,18.6,1.2,21.3,77.7,2765,15.1,-52.8,16.9,2.6,14.4,87.6,1659,-11,-28.8,13.2,1.6,4.3,70,2659,12.8,-73.6,21.2,1.5,0.7,93.3,2280,-13,-15.2,21.1,1.5,,,,,,,,,,,,,,,,,,,,,,,,,,,,,,,,,,,,,,,,,,,,,,,,,
"Keuchel, Dallas",572971,2021,33,32,162,720,13.2,8.2,0.302,0.493,0.356,0.372,4.8,5.2,39.8,21,44.2,54.8,18.8,22.4,3.9,L,2726,2.1,89,2210,5.2,-19.7,15.6,1.2,7,77.8,2374,-6.8,-44.5,7.6,2,28.6,79.6,1630,14.7,-37.9,15.8,1.3,,,,,,,,37.9,87.8,1985,14.7,-30.1,15.7,1.1,24.4,85.1,2213,-1.7,-29.6,8.5,1.2,,,,,,,,,,,,,,,,,,,,,,,,,,,,,,,,,,,,,,,,,,
"Urquidy, José",664353,2021,26,20,107,423,21.3,4.5,0.243,0.434,0.282,0.306,6.1,3.5,35.9,24.9,52.9,33.3,32.1,25,9.6,R,1631,54.9,92.5,2213,-7.8,-12.7,21,1.7,,,,,,,,18.2,84.4,1913,-15.5,-27.7,19,1.9,7.4,77.2,2571,8.8,-59.6,16.2,2.1,,,,,,,,,,,,,,,,,,,,,,,,,,,,,19.5,79.3,2487,13.6,-42,14.1,1.8,,,,,,,,,,,,,,,,,,,,,
"Hess, David",605276,2021,27,15,20,102,17.6,10.8,0.306,0.622,0.491,0.429,9.7,1.4,50,23.2,49.3,25,44.4,27.8,2.8,R,367,58,94,2085,-5,-14.4,17.4,1.3,38.1,82,2418,6.5,-41.6,7.7,1.9,3.5,86.6,1595,-13,-27.2,16.2,1.3,0.3,75.3,2451,12.9,-48.1,12.9,,,,,,,,,,,,,,,,,,,,,,,,,,,,,,,,,,,,,,,,,,,,,,,,,,,,,,,,,
"Keller, Kyle",664918,2021,28,32,33.1,155,23.2,14.2,0.218,0.423,0.369,0.339,7.6,1.1,35.9,21.6,46.8,30.4,39.1,22.8,7.6,R,654,55.7,94.5,2308,-7.2,-13.2,18.9,1.4,,,,,,,,,,,,,,,44.3,81.4,2515,7.1,-46.9,9.4,1.9,,,,,,,,,,,,,,,,,,,,,,,,,,,,,,,,,,,,,,,,,,,,,,,,,,,,,,,,
"Swanson, Erik",657024,2021,27,33,35.1,144,24.3,6.9,0.208,0.367,0.285,0.274,6.1,2,30.6,27.6,53.9,32.7,37.8,15.3,14.3,R,564,59.9,94.7,2303,-8.5,-11.6,20.9,1.1,19,86.2,2348,6.7,-31.4,9.6,1.6,,,,,,,,,,,,,,,,,,,,,,,,,,,,,21.1,83.6,1081,-9.6,-33.3,11.8,1.3,,,,,,,,,,,,,,,,,,,,,,,,,,,,,,,,,,,
"Peterson, David",656849,2021,25,15,66.2,287,24,10.1,0.279,0.478,0.345,0.367,8.7,5.4,42.9,25.1,46.8,50,20.1,26.6,3.3,L,1122,29.7,92.7,2070,10.4,-17,18.3,1.6,23.6,82.2,2238,-5.2,-40.7,6.5,1.8,16.3,83.9,1922,17.6,-30.9,19.5,1.5,1.4,76.6,2040,-6.9,-51.4,9.3,2.1,29,92.4,2080,16,-20,20.2,1.5,,,,,,,,,,,,,,,,,,,,,,,,,,,,,,,,,,,,,,,,,,,,,,,,,
"Shaw, Bryan",543766,2021,33,81,77.1,334,21.3,11.4,0.25,0.398,0.313,0.325,6.3,3.1,38.4,25.6,48.3,46.9,21.9,25.9,5.4,R,1365,1.6,94.7,2168,-10.2,-21.4,14,1.5,10.8,84.1,2667,14.8,-38.8,15.2,1.4,4.2,83.1,1620,-9.1,-33.4,11,1.4,5.7,82.4,2172,6.7,-54.8,15.9,1.4,,,,,,,,77.7,92.8,2405,4.7,-25.2,8.3,2,,,,,,,,,,,,,,,,,,,,,,,,,,,,,,,,,,,,,,,,,,
"Wells, Tyler",669330,2021,26,44,57,224,29,5.4,0.222,0.418,0.258,0.293,8.9,3.4,41.1,28.3,55,21.9,39.7,25.3,13,R,894,58.6,95.2,2429,-4.3,-10.5,20.5,1.4,,,,,,,,10.4,88.4,1984,-13.5,-20.7,19.8,1.4,4,78.8,2653,7.3,-52.1,11,1.3,,,,,,,,27,88.6,2476,4.5,-27.5,9,1.7,,,,,,,,,,,,,,,,,,,,,,,,,,,,,,,,,,,,,,,,,,
"Martin, Corbin",656686,2021,25,5,16,86,15.1,16.3,0.323,0.642,0.461,0.453,12.1,5.2,51.7,19.4,45.3,34.5,29.3,29.3,6.9,R,342,64,94.1,2348,-6.4,-14.3,18,1.4,9.6,87.7,2336,5.1,-30.3,7.7,1.4,14.9,87.2,2008,-14.2,-31.9,15,1.4,11.4,82.3,2494,9.2,-46.4,11.3,1.5,,,,,,,,,,,,,,,,,,,,,,,,,,,,,,,,,,,,,,,,,,,,,,,,,,,,,,,,
"Gomber, Austin",596295,2021,27,23,115.1,488,23.2,8.4,0.238,0.409,0.309,0.309,5.1,4.2,33.8,25.9,46.4,44.7,27.2,22.4,5.7,L,1851,40.7,91.6,2028,5.9,-14.6,18.9,1.4,24.3,85.2,2299,-5.3,-34.3,6.5,1.6,19.4,83.1,1655,9.9,-28.1,15.2,1.3,15.6,75.7,2511,-5.5,-64.7,17.5,1.7,,,,,,,,,,,,,,,,,,,,,,,,,,,,,,,,,,,,,,,,,,,,,,,,,,,,,,,,
"Steckenrider, Drew",608716,2021,30,62,67.2,267,21.7,6.4,0.229,0.361,0.264,0.283,8.5,2.7,38.3,20.5,49.8,38.8,29.3,22.3,9.6,R,1008,65.9,94,2362,-8.7,-12.4,20.8,1.5,,,,,,,,15.9,87.6,1676,-13.2,-25.8,16.6,1.1,18.3,80.4,2162,0.6,-48.1,6.2,1.6,,,,,,,,,,,,,,,,,,,,,,,,,,,,,,,,,,,,,,,,,,,,,,,,,,,,,,,,
"McGowin, Kyle",641851,2021,29,27,30,128,27.3,10.9,0.2,0.334,0.283,0.283,3.9,1.3,32.5,27.8,45.8,35.1,28.6,22.1,14.3,R,517,10.8,91.2,2344,-7.6,-15.5,19.3,1.3,68.7,81.1,2731,9.8,-41.8,10.2,1.1,,,,,,,,,,,,,,,20.5,90.9,2346,-16.3,-22.5,19.7,1.3,,,,,,,,,,,,,,,,,,,,,,,,,,,,,,,,,,,,,,,,,,,,,,,,,
"Coulombe, Danny",543056,2021,31,29,34.1,139,23.7,5,0.231,0.393,0.317,0.284,2,5.1,39.4,23.7,52.7,44.4,27.3,23.2,5.1,L,529,25.1,90.4,2246,4.3,-18.2,15.8,1.1,42,84.5,2385,-3.3,-33.2,6.7,1.4,,,,,,,,24.8,78.4,2466,-7.1,-61.9,18.5,1.6,8.1,90.2,2191,11.7,-22.4,16.4,1.2,,,,,,,,,,,,,,,,,,,,,,,,,,,,,,,,,,,,,,,,,,,,,,,,,
"Price, David",456034,2021,35,39,73.2,326,17.8,8,0.257,0.384,0.33,0.312,5.9,8,35,20.8,48.9,50.6,16.5,26.2,6.8,L,1178,18.2,92.9,2019,9,-18.8,15.8,1.5,,,,,,,,25,85.5,1677,14.7,-31.8,15.8,1.7,2,76.6,2225,-8.5,-52.6,10.7,1.5,34.6,92.9,1978,14.8,-21.8,18,1.4,20.2,88.9,2003,0.6,-26,8.6,1.6,,,,,,,,,,,,,,,,,,,,,,,,,,,,,,,,,,,,,,,,,,
"Saucedo, Tayler",642048,2021,28,29,25.2,109,17.4,9.2,0.256,0.38,0.294,0.32,5.1,6.4,35.9,32,47,59,10.3,23.1,7.7,L,432,10,93.6,2475,8,-16.4,17.1,1.3,21.8,85.7,2405,-3.5,-37.6,4.3,1.2,10.4,87.1,2014,18.2,-30.1,19.3,1.3,11.3,79.8,2483,-10,-51.9,13.5,1.4,46.5,93.7,2370,14.6,-26.3,15.6,1.3,,,,,,,,,,,,,,,,,,,,,,,,,,,,,,,,,,,,,,,,,,,,,,,,,
"Richards, Garrett",572070,2021,33,40,136.2,617,18.6,9.7,0.285,0.465,0.356,0.357,7.6,3,47.8,22.4,48.9,47.6,21.1,24,7.3,R,2331,53,94.3,2468,1.3,-22,9.1,1.4,27.4,88.1,2745,3.1,-37.3,4.2,1.7,6.9,90.6,1695,-15.4,-28,16.5,1.3,12.2,78.3,3140,11,-65,22.3,3.1,0.6,95.6,2472,-7.3,-19.3,13.1,1.5,,,,,,,,,,,,,,,,,,,,,,,,,,,,,,,,,,,,,,,,,,,,,,,,,
"Rogers, Trevor",669432,2021,23,25,133,550,28.5,8.4,0.223,0.343,0.27,0.284,7.3,6.5,36.7,30.7,49.4,41.6,26.1,27.3,5,L,2169,57.7,94.5,2375,11.1,-16,18.6,1.6,14.8,81.8,2115,-1.7,-37.5,4.9,1.8,27.4,84.8,1323,13.4,-36.6,13.8,2,,,,,,,,0,94.9,2647,17.3,-15,23.2,,,,,,,,,,,,,,,,,,,,,,,,,,,,,,,,,,,,,,,,,,,,,,,,,,
"Pressly, Ryan",519151,2021,32,64,64,250,32.4,5.2,0.2,0.326,0.238,0.247,7.1,0.6,40.4,31.8,50,55.8,17.3,22.4,4.5,R,956,39.5,95.4,2561,-1,-12.9,17.3,1.3,35.8,90.5,2685,4.7,-29.4,6.4,1.3,,,,,,,,24.5,82,3224,14.4,-54.6,19.8,1.2,0.2,95.2,2471,-12.4,-19.6,16.3,1.4,,,,,,,,,,,,,,,,,,,,,,,,,,,,,,,,,,,,,,,,,,,,,,,,,
"Manoah, Alek",666201,2021,23,20,111.2,459,27.7,8.7,0.199,0.321,0.273,0.281,4.3,6.2,31.2,29.7,48.1,39.5,29.3,22.5,8.7,R,1845,36.2,93.7,2349,-5,-15.4,16.6,1.3,27.8,81.1,2246,15.5,-41.8,15.7,2,9.3,86.8,1977,-13.1,-29.3,15.3,1.6,,,,,,,,26.7,92.8,2173,-14.1,-22.3,17.2,1.4,,,,,,,,,,,,,,,,,,,,,,,,,,,,,,,,,,,,,,,,,,,,,,,,,
"Smith, Joe",501925,2021,37,50,39.2,173,19.7,4.6,0.242,0.389,0.339,0.29,7,4.7,35.2,20.3,50,50,22.7,21.9,5.5,R,650,23.4,87.4,1995,-16.7,-30.1,17.8,1.1,34.9,77.4,2192,14.8,-35.5,18.3,1.2,2.2,77.4,1600,-15.2,-52.5,16.6,1.5,,,,,,,,39.5,85.7,1882,-15.8,-45.6,17.8,1.2,,,,,,,,,,,,,,,,,,,,,,,,,,,,,,,,,,,,,,,,,,,,,,,,,
"Arihara, Kohei",685503,2021,28,10,40.2,178,13.5,7.3,0.306,0.618,0.395,0.418,10.9,3.6,49.6,18.3,43.2,41.6,30.7,24.1,3.6,R,696,30.3,91.2,2155,-10,-17.2,18.9,2.1,17.5,81.8,2194,5.5,-40.4,6.3,1.9,13.5,81.8,1429,-14.7,-37.4,15.4,1.7,2.4,74.1,2252,10,-61.5,15.2,1.7,15.9,90.1,2031,-16.2,-22.4,19.9,1.6,12.8,87.1,2161,-0.3,-27,9.3,1.7,7.5,83,1476,-7.7,-35.4,9.1,1.5,,,,,,,,,,,,,,,,,,,,,,,,,,,,,,,,,,,
"Detwiler, Ross",446321,2021,35,53,52.1,229,27.1,8.7,0.22,0.392,0.326,0.316,3.6,4.3,37.4,24,45,39.6,31.7,18.7,10.1,L,888,33.9,91.9,2183,10.5,-16,19.6,1.3,,,,,,,,4.4,85.4,1618,13.3,-29.4,15.8,1.4,7.5,77.3,2050,-5.8,-53.5,9.8,1.3,17.3,91.1,2014,16.9,-23.1,19.7,1.3,36.8,85.1,2060,-0.4,-32.9,5.8,1.6,,,,,,,,,,,,,,,,,,,,,,,,,,,,,,,,,,,,,,,,,,
"Sulser, Cole",642121,2021,31,60,63.1,257,28.4,8.9,0.207,0.341,0.264,0.274,6.2,3.7,39.8,30.3,50.7,41,28.6,22.4,8.1,R,1070,51.1,93.2,2290,-8.4,-13.3,20.3,1.1,13.5,86.3,2264,4.8,-32.4,6.9,1.4,33.2,84,1585,-13.5,-33.2,14.8,1.2,2.2,77.3,2398,16.7,-54.2,18.7,1.5,,,,,,,,,,,,,,,,,,,,,,,,,,,,,,,,,,,,,,,,,,,,,,,,,,,,,,,,
"Neidert, Nick",663734,2021,24,8,35.2,157,13.4,14.6,0.263,0.439,0.345,0.367,0.9,6.5,36.1,18.1,46.3,36.1,31.5,23.1,9.3,R,598,47,91.7,2071,-14,-20.6,18.6,1.4,30.9,84.5,2138,2.3,-32,7.5,2.3,12,83.3,1637,-15.7,-31.7,18,1.6,9.9,74.4,2031,10,-62,15.7,1.8,,,,,,,,0.2,85.6,2070,4.9,-31.1,7.9,,,,,,,,,,,,,,,,,,,,,,,,,,,,,,,,,,,,,,,,,,,
"Doolittle, Sean",448281,2021,34,56,49.2,223,23.8,10.3,0.242,0.417,0.336,0.319,11,2.8,42.1,24.7,53.7,20.7,34.5,29,15.9,L,866,81.1,93.1,2261,3.6,-11.6,20.5,1.4,5.4,84.2,2260,-2.9,-32.5,7.1,1.9,,,,,,,,9,79.7,2405,-7.8,-41.9,8.3,1.8,,,,,,,,,,,,,,,4.5,80.4,982,6.8,-32.6,12.4,1.5,,,,,,,,,,,,,,,,,,,,,,,,,,,,,,,,,,,
"Milner, Hoby",571948,2021,30,19,21.2,99,30.3,3,0.306,0.568,0.408,0.385,9.4,7.8,43.8,23.9,46.8,28.1,26.6,40.6,4.7,L,393,52.9,89.1,1971,15.1,-27.2,16.9,1,,,,,,,,7.9,81.6,1729,16.3,-39.2,16.5,1.4,,,,,,,,3.3,89,1933,17,-34.7,17.1,1.3,,,,,,,,,,,,,,,,,,,,,,35.9,79.4,1865,-15.5,-45.1,15.7,1.1,,,,,,,,,,,,,,,,,,,,,
"Wendelken, J.B.",605525,2021,28,46,43.2,194,20.1,11.3,0.263,0.415,0.31,0.331,4.5,3.8,34.6,23.7,47.4,45.9,24.1,22.6,7.5,R,749,50.5,94.3,2400,-2.8,-16.4,14.8,1.4,23.6,83.5,2611,7.7,-41.4,8.8,1.4,9.6,85.9,1582,-14.9,-31.1,16.2,1.5,2.5,79.7,2426,10.8,-59.1,18.8,1.4,13.8,93.2,2196,-16.7,-24.1,18.5,1.3,,,,,,,,,,,,,,,,,,,,,,,,,,,,,,,,,,,,,,,,,,,,,,,,,
"Luetge, Lucas",476595,2021,34,57,72.1,301,25.9,5,0.243,0.358,0.279,0.282,7.4,2,31.4,27.5,50.4,42.6,26.5,22.5,8.3,L,1241,0.1,90.3,2556,1.2,-22.6,10.9,,22.4,81.3,2788,-9.1,-43,9.7,1.7,,,,,,,,15.2,74.5,2658,-12.4,-65.4,19.8,1.1,,,,,,,,62,88.3,2554,-4.8,-27.4,9.1,1.3,,,,,,,,,,,,,,,0.2,79.2,2874,-18.4,-49.1,19.4,1.4,,,,,,,,,,,,,,,,,,,,,
"Steele, Justin",657006,2021,25,20,57,248,23.8,10.9,0.226,0.369,0.332,0.308,4.5,5.1,35,27.6,44.4,52.2,23.6,19.7,4.5,L,964,45.4,93.2,2494,2.1,-16,15.7,1.7,16.5,83,2765,-12.7,-42.5,13.3,1.5,2.1,87.5,1642,10.5,-25.3,14.9,1.4,15.6,79.1,2603,-12.1,-52.8,15.3,1.5,20.4,92.9,2466,11.8,-20.2,16.6,1.6,,,,,,,,,,,,,,,,,,,,,,,,,,,,,,,,,,,,,,,,,,,,,,,,,
"Yang, Hyeon-Jong",660365,2021,33,12,35.1,160,15.6,10,0.298,0.573,0.383,0.4,6.8,5.1,42.4,20.1,49.7,43.2,24.6,25.4,6.8,L,592,45.8,89.9,2168,1.6,-16.1,17.9,1.5,23,80.5,2389,-4.9,-43,5.6,2,27.4,81.4,1695,13.7,-31.3,17,1.5,3.9,72.1,2339,-4.1,-67.6,15.3,1.7,,,,,,,,,,,,,,,,,,,,,,,,,,,,,,,,,,,,,,,,,,,,,,,,,,,,,,,,
"Rodríguez, Richard",593144,2021,31,64,64.1,251,16.7,4,0.246,0.472,0.264,0.319,9.1,1,44.2,20.2,52.9,31,41.1,18.8,9.1,R,944,86.1,93.1,2438,-13.4,-16.6,20.3,1.1,13.9,81.3,2190,7.3,-47.1,9.8,1.4,,,,,,,,,,,,,,,,,,,,,,,,,,,,,,,,,,,,,,,,,,,,,,,,,,,,,,,,,,,,,,,,,,,,,,
"Hernández, Elieser",622694,2021,26,11,51.2,225,23.6,6.2,0.249,0.472,0.353,0.33,5.2,5.2,39.4,23.7,52.1,40.6,32.9,18.7,7.7,R,818,51.5,90.9,2129,-5.3,-15.8,18.3,1.3,34.5,79.3,2169,10.9,-33.2,15.4,1.6,12.2,84.5,2015,-15.7,-28.2,19.3,1.6,,,,,,,,1.8,90.6,2058,-13.7,-19.4,19.8,1.4,,,,,,,,,,,,,,,,,,,,,,,,,,,,,,,,,,,,,,,,,,,,,,,,,
"Greinke, Zack",425844,2021,37,30,171,697,17.2,5.2,0.266,0.43,0.309,0.319,5.8,4.8,35.4,21.8,46,45.6,23.9,25,5.4,R,2566,40,88.9,2234,-1.3,-18,16.7,1.3,15.2,83.6,2357,7.9,-36,9,1.5,22.3,86.4,1594,-12.8,-32.1,13.7,1.2,16.7,71.1,2358,11.3,-65.1,15.7,2.5,5.7,89.5,2156,-13,-23.1,17.2,1.2,0.1,85.2,2097,5.6,-27.5,12.3,1.6,,,,,,,,,,,,,,,,,,,,,,,,,,,,,,,,,,,,,,,,,,
"Civale, Aaron",650644,2021,26,21,124.1,498,19.9,6.2,0.262,0.46,0.311,0.333,6.3,6.6,39.3,21.4,47.4,45.3,25,22.8,6.9,R,1909,22.4,91.4,2327,-3.3,-15.1,17.8,1.1,11.9,83.4,2724,8.7,-40.8,9.3,1.4,,,,,,,,16.2,77,2823,9.3,-62,18.3,1.3,10.5,91.8,2318,-12.7,-19.5,18.2,1,25.1,87.7,2494,5.5,-29.1,8.6,1.3,13.8,85.6,1647,-9.8,-31,11.8,1.3,,,,,,,,,,,,,,,,,,,,,,,,,,,,,,,,,,,
"Guerra, Deolis",500610,2021,32,53,65.2,269,23,7.4,0.203,0.346,0.283,0.273,4.9,8.2,33.9,28.4,48.3,35.5,32.2,18.6,13.7,R,1086,37.6,90.7,2298,-12.1,-16.2,21.2,1.1,14.2,84.1,2306,2.9,-30.7,8.7,1.5,30.9,81.7,1497,-13.1,-34.3,14.9,1.2,9.4,77.1,2165,9.7,-60.7,17.4,1.2,7.9,90.8,2299,-16.3,-19.7,21.4,1.1,,,,,,,,,,,,,,,,,,,,,,,,,,,,,,,,,,,,,,,,,,,,,,,,,
"Thompson, Keegan",624522,2021,26,32,53.1,243,22.6,12.8,0.252,0.44,0.326,0.35,5.8,3.9,44.2,23.9,46.7,43.5,26,22.7,7.8,R,966,46.5,93.9,2368,-6,-15.6,16.7,1.8,,,,,,,,2.3,86.7,2025,-15.5,-25.3,19.3,1.6,23,82.5,2546,8,-52.8,15,1.9,1,92.3,2159,-12.8,-20.1,17.7,1.5,27.2,89.7,2495,4.9,-28.2,7.8,1.8,,,,,,,,,,,,,,,,,,,,,,,,,,,,,,,,,,,,,,,,,,
"Alvarado, José",621237,2021,26,64,55.2,251,27.1,18.7,0.202,0.304,0.322,0.313,7,7,42.6,33.2,40.1,55.8,19.4,23.3,1.6,L,1045,3.2,98.3,2126,8.1,-13,17.5,1.6,,,,,,,,,,,,,,,3.3,87.2,2444,-0.8,-44.2,8.6,1.2,77.2,99.4,2070,14.7,-15,19.6,1.1,16.3,94.1,2256,-1.3,-25.7,5.7,1.4,,,,,,,,,,,,,,,,,,,,,,,,,,,,,,,,,,,,,,,,,,
"Andriese, Matt",542882,2021,31,34,48.1,222,22.5,5.9,0.29,0.461,0.367,0.346,7.1,2.6,45.2,22.7,48,44.5,25.2,25.2,5.2,R,855,43.9,92,2341,-6.9,-15,18.9,1.2,,,,,,,,33.9,86,2196,-4.1,-35.4,4.8,1.3,12.6,80.1,2678,6.2,-56.9,15.4,1.2,4.4,89.6,2095,-16.6,-27.9,17.9,1.4,5.1,85.8,2438,2.5,-33.9,4.5,1.4,,,,,,,,,,,,,,,,,,,,,,,,,,,,,,,,,,,,,,,,,,
"Rainey, Tanner",663432,2021,28,38,31.2,151,27.8,16.6,0.206,0.426,0.361,0.34,8.6,1.2,46.9,35.3,47.7,24.7,43.2,21,11.1,R,665,64.7,96.3,2400,-8.4,-11.5,20,1.6,35.2,87.7,2340,3.6,-34.8,4.4,1.8,0.2,87.6,802,2.6,-33.8,3.2,,,,,,,,,,,,,,,,,,,,,,,,,,,,,,,,,,,,,,,,,,,,,,,,,,,,,,,,,,,,,,,,
"Campbell, Paul",669294,2021,25,16,26.2,124,21,8.1,0.265,0.486,0.363,0.355,1.2,4.7,34.9,24.4,48.1,44.2,26.7,23.3,5.8,R,468,44.9,92.7,2475,-5.2,-14.3,18.5,1.3,29.1,87.6,2440,2.5,-26.3,10.4,2.1,6,86,1570,-14.7,-32.5,15.8,1.6,18.8,79,2854,11.8,-54.1,15.8,1.9,1.3,92.3,2483,-10.2,-14.2,20.8,1.6,,,,,,,,,,,,,,,,,,,,,,,,,,,,,,,,,,,,,,,,,,,,,,,,,
"Alcala, Jorge",660896,2021,25,59,59.2,229,26.6,5.7,0.226,0.404,0.275,0.293,3.9,5.2,37.3,29.2,54.4,43.1,29.4,20.3,7.2,R,869,37.6,97.4,2346,-10.8,-12.9,19.5,1.7,40.7,89.7,2435,3,-29.2,6.1,1.9,15.8,90,2303,-17.8,-24.9,20,1.7,,,,,,,,5.9,97.1,2180,-16.6,-19,19.4,1.6,,,,,,,,,,,,,,,,,,,,,,,,,,,,,,,,,,,,,,,,,,,,,,,,,
"Thornton, Trent",663423,2021,27,37,49,216,24.1,7.4,0.259,0.465,0.371,0.347,4.2,4.2,47.2,23.7,47.4,41.7,24.3,25.7,8.3,R,910,38.9,93.9,2331,-3.3,-14,17.4,1.8,8.1,84.6,2892,8.2,-38.2,8.8,1.5,6.3,84.3,1540,-12.2,-29.2,15.6,1.7,25.1,80.2,3043,9.1,-56.8,16.9,1.8,0.7,93,2342,-13.4,-19.6,18.2,1.5,21,90,2569,2.7,-24.1,10.2,1.6,,,,,,,,,,,,,,,,,,,,,,,,,,,,,,,,,,,,,,,,,,
"Brault, Steven",643230,2021,29,7,27.2,127,15,9.4,0.276,0.507,0.366,0.363,11.6,7.4,44.2,20.6,48.8,45.3,30.5,21.1,3.2,L,498,39.6,90.7,2069,11.1,-20.8,16.9,1.1,21.1,82.6,2225,-5.7,-40.4,6.2,1.3,21.5,83.8,1648,14,-36.3,14.4,1.2,4,72,2139,-12.2,-55.8,12.9,2.1,13.9,90.5,1924,15.9,-27.4,17.1,1.2,,,,,,,,,,,,,,,,,,,,,,,,,,,,,,,,,,,,,,,,,,,,,,,,,
"Kranick, Max",668820,2021,23,9,38.2,182,17.6,10.4,0.259,0.394,0.364,0.327,7.9,3.9,33.9,25.8,53,34.6,28.3,26.8,10.2,R,674,48.7,94.2,2137,-6.6,-13.7,18.6,1.7,31.8,87.9,2095,4.5,-27.9,9,2,7.4,87.4,1827,-10.7,-21.8,17.8,1.4,12.2,79.5,2254,7.5,-47.8,9.1,1.7,,,,,,,,,,,,,,,,,,,,,,,,,,,,,,,,,,,,,,,,,,,,,,,,,,,,,,,,
"Leone, Dominic",608678,2021,29,57,53.2,219,22.8,10,0.211,0.339,0.247,0.284,7.6,2.8,40,30.3,47.4,49.7,25.5,18.6,6.2,R,851,47.5,95.5,2226,-6,-14.5,16.6,1.1,27.6,83.7,2483,5.7,-42.7,7,1.1,,,,,,,,,,,,,,,1.3,94.6,2132,-14.1,-21.2,17.1,1.4,23.6,90.1,2478,3.9,-28,7.1,1.1,,,,,,,,,,,,,,,,,,,,,,,,,,,,,,,,,,,,,,,,,,
"Lauer, Eric",641778,2021,26,24,118.2,489,23.9,8.4,0.231,0.393,0.28,0.302,7.9,4.6,37.1,23.9,48.6,37.7,31.9,24.3,6.1,L,1956,43.9,92.6,2256,10.3,-14.9,20,1.3,12.1,87.4,2241,-1.5,-29.2,6.9,1.3,11.3,86.6,1481,14.1,-28.3,16.6,1.3,14.5,78.9,2449,-5.2,-50.2,8.6,1.4,,,,,,,,18.3,90.3,2344,4.1,-21,13.2,1.4,,,,,,,,,,,,,,,,,,,,,,,,,,,,,,,,,,,,,,,,,,
"Singer, Brady",663903,2021,24,27,128.1,586,22.4,9,0.257,0.397,0.338,0.326,7.7,4.9,37.6,25.1,43.7,50.9,18.4,25.3,5.4,R,2287,0.3,92.7,2264,-4.7,-15.2,17.3,1.5,38.2,85.4,2393,3.8,-36.6,4.7,1.6,3.8,88,2015,-14.8,-22.7,19.5,1.3,,,,,,,,57.7,93.7,2271,-13.2,-17.7,18.9,1.3,,,,,,,,,,,,,,,,,,,,,,,,,,,,,,,,,,,,,,,,,,,,,,,,,
"Barnes, Matt",598264,2021,31,60,54.2,222,37.8,9,0.177,0.325,0.278,0.256,4.3,4.3,41.4,33.7,47.1,42.2,29.3,15.5,12.9,R,919,49.8,95.8,2276,-10.9,-12.4,20.7,1.3,,,,,,,,1.7,87.7,2178,-17.1,-28.4,18.7,1.5,48.4,85.3,2111,3.8,-47.6,11,1.3,,,,,,,,,,,,,,,,,,,,,,,,,,,,,,,,,,,,,,,,,,,,,,,,,,,,,,,,
"Murphy, Patrick",641907,2021,26,25,28,128,22.7,7.8,0.273,0.414,0.336,0.34,9.4,3.5,45.9,22.7,46.3,45.9,18.8,27.1,8.2,R,486,35.4,96.7,2157,-5.6,-13.3,17,1.2,,,,,,,,1.4,90.3,2030,-14.7,-21.5,19.2,1.4,32.9,83,2186,9.2,-51.8,15.1,1.6,30.2,96.5,2095,-13.2,-16.8,18.3,1.1,,,,,,,,,,,,,,,,,,,,,,,,,,,,,,,,,,,,,,,,,,,,,,,,,
"Ruiz, José",614179,2021,26,59,65,271,23.2,9.2,0.243,0.418,0.281,0.318,8.2,1.1,49.2,24,48.7,42.1,26.8,24.6,6.6,R,1037,59.5,97,2329,-6.4,-11.4,18.9,1.3,1.2,90.2,2295,3.7,-26,8.7,1.5,3.7,89.4,1851,-14.1,-25.7,16.5,1.6,35.7,85.5,2396,2.6,-42.9,6.5,1.6,,,,,,,,,,,,,,,,,,,,,,,,,,,,,,,,,,,,,,,,,,,,,,,,,,,,,,,,
"Peralta, Wandy",593974,2021,29,56,51,219,19.6,9.6,0.243,0.377,0.309,0.31,1.9,4.5,29.8,32.1,50.1,57.8,14.9,22.7,4.5,L,781,15.1,95.6,2207,10.7,-14.9,18.7,1.2,14.3,88.1,2288,-0.5,-30.5,5.3,1.6,48.1,87.8,2182,17.2,-29.6,18.4,1.4,,,,,,,,22.4,94.9,2142,16.8,-20.7,19.5,1.2,,,,,,,,,,,,,,,,,,,,,,,,,,,,,,,,,,,,,,,,,,,,,,,,,
"Ramírez, Erasmo",541640,2021,31,17,26.2,109,18.3,4.6,0.238,0.412,0.29,0.295,3.6,3.6,39.8,16.7,51.8,37.3,34.9,22.9,4.8,R,392,6.6,93,2173,-8.1,-16.8,17.1,1.3,0.8,83.9,2231,6,-36.2,6.6,1.5,8.2,85.2,1643,-13,-31.6,14.4,1.5,0.5,80.3,2502,7.3,-45,8.1,1.5,38.8,92.3,2113,-14.7,-26.1,16,1.1,45.2,88.9,2336,2.5,-23.3,11.6,1.3,,,,,,,,,,,,,,,,,,,,,,,,,,,,,,,,,,,,,,,,,,
"Moore, Matt",519043,2021,32,24,73,334,18.9,11.4,0.252,0.441,0.368,0.337,7.8,6.5,38.1,21.7,47.7,41.1,29,23.4,6.5,L,1254,58.4,92.3,2278,12.5,-17,19.9,1.5,,,,,,,,19.2,82.5,1840,16.7,-33,18.4,1.5,15.4,80.8,2205,-5.9,-49.7,10.2,1.6,,,,,,,,7,89.6,2218,2.6,-19.7,14.7,1.3,,,,,,,,,,,,,,,,,,,,,,,,,,,,,,,,,,,,,,,,,,
"Zimmer, Kyle",622092,2021,29,52,54,223,20.6,13.5,0.232,0.403,0.321,0.334,4.1,3.4,38.1,24.8,43.7,51.7,26.5,16.3,4.8,R,934,50.4,94.1,2250,0.4,-15.5,15.4,1.1,36.8,83.4,2099,2.4,-37.4,3.6,1.3,2.2,87,1698,-9.9,-23.5,16,1.5,10.2,77.8,1994,3.2,-59,14.2,1.3,0.3,94.9,2125,-6.3,-14.5,17.1,1.4,,,,,,,,,,,,,,,,,,,,,,,,,,,,,,,,,,,,,,,,,,,,,,,,,
"Dugger, Robert",667498,2021,25,12,25.2,121,15.7,9.9,0.299,0.463,0.391,0.362,5.7,2.3,40.9,23.9,46.2,37.5,23.9,33,5.7,R,461,32.5,91.4,2102,-8.4,-17.7,17.4,1.3,21,80.7,2218,4,-43.6,4.7,1.4,3.9,82.6,1471,-13.1,-32.1,15.5,1.3,32.5,74.8,2244,9.5,-56.6,12.4,1.4,10,91.1,2058,-15.6,-21.8,19.4,1.2,,,,,,,,,,,,,,,,,,,,,,,,,,,,,,,,,,,,,,,,,,,,,,,,,
"Howard, Sam",607572,2021,28,54,45,200,30,16.5,0.195,0.335,0.325,0.314,4.8,4.8,30.8,38,44.4,44.2,28.8,16.3,10.6,L,846,43.3,93.4,2370,9.8,-13.5,20.5,1.2,55,84.9,2333,-2.1,-32.4,5.9,1.5,1.8,83.9,2149,11.2,-25.6,17.4,1.5,,,,,,,,,,,,,,,,,,,,,,,,,,,,,,,,,,,,,,,,,,,,,,,,,,,,,,,,,,,,,,,
"Hernández, Carlos",672578,2021,24,24,85.2,358,20.7,11.5,0.234,0.387,0.291,0.319,6.3,0.4,39.3,25.8,47.3,40.2,28,24.3,7.5,R,1434,55.8,97.2,2372,-7.4,-11.8,18.8,1.9,16.2,85.3,2043,3.7,-36.4,4.8,2,,,,,,,,18.5,81.8,2399,5.9,-50.4,11.6,1.9,,,,,,,,,,,,,,,9.4,86.5,1261,-9.5,-26.3,14.6,2.2,,,,,,,,,,,,,,,,,,,,,,,,,,,,,,,,,,,
"Wood, Alex",622072,2021,30,26,138.2,585,26,6.7,0.239,0.377,0.298,0.304,7.1,3.2,40.5,27.3,47.5,50.8,19.3,26.5,3.4,L,2195,,,,,,,,31.6,83.9,2117,-3.9,-41.3,5.4,1.1,22,85.3,1662,14.5,-36.2,14.7,0.9,,,,,,,,46.4,91.8,2098,16,-20.9,19.9,0.9,,,,,,,,,,,,,,,,,,,,,,,,,,,,,,,,,,,,,,,,,,,,,,,,,
"Bruihl, Justin",677865,2021,24,21,18.2,73,15.1,9.6,0.254,0.355,0.239,0.3,3.7,5.6,29.6,20.9,50.6,51.9,25.9,16.7,5.6,L,255,,,,,,,,,,,,,,,,,,,,,,,,,,,,,12.2,90.4,2142,13.6,-28.9,14.5,1.5,58,88.2,2354,-3.2,-27.9,7.9,1.2,,,,,,,,,,,,,,,29.8,78.9,2379,-13.1,-46.5,13.8,1.6,,,,,,,,,,,,,,,,,,,,,
"Rodón, Carlos",607074,2021,28,24,132.2,534,34.6,6.7,0.189,0.314,0.247,0.254,5.6,4.3,36.2,33.2,50.5,38.8,29.9,21.1,10.2,L,2219,58.7,95.4,2293,7.9,-12.6,19.4,2.4,27.2,85.8,2453,-8.2,-38.2,8.8,2.4,12.4,85.2,1673,13.5,-26.2,18,1.8,1.7,76.7,2253,-6.6,-54.3,10.4,1.9,,,,,,,,,,,,,,,,,,,,,,,,,,,,,,,,,,,,,,,,,,,,,,,,,,,,,,,,
"Brogdon, Connor",641401,2021,26,56,57.2,235,21.3,7.7,0.214,0.332,0.277,0.265,4.8,5.4,31.3,28.9,52.9,47,25.3,16.9,10.8,R,923,44.9,96,2288,-10.4,-13.2,19.7,1.2,,,,,,,,35.6,84.6,1956,-17.1,-29.2,19.5,1.4,,,,,,,,0.3,94.9,2389,-17.3,-11.4,26.2,1.4,19.2,88.6,2244,0.8,-22,13,1.6,,,,,,,,,,,,,,,,,,,,,,,,,,,,,,,,,,,,,,,,,,
"Manaea, Sean",640455,2021,29,32,179.1,754,25.7,5.4,0.249,0.419,0.31,0.312,7.8,4.7,41.2,27.1,51.5,42.7,24.7,24.9,7.6,L,2980,0.8,92.1,1957,7.9,-18.8,15.8,1.5,14.9,82.8,2010,-4.4,-37.2,6.1,2.7,24.3,84.5,1371,12.2,-31.7,14.2,2,,,,,,,,59.3,92.1,1997,13.9,-20.1,18.7,1.7,,,,,,,,,,,,,,,,,,,,,,0.7,78.2,2109,-14.9,-44,15.3,1.4,,,,,,,,,,,,,,,,,,,,,
"Sanchez, Aaron",592717,2021,28,9,35.1,156,16.7,9.6,0.232,0.343,0.296,0.302,6.3,6.3,36,20.4,42.9,53.2,21.6,19.8,5.4,R,595,18.7,90.1,2016,-9.6,-19.9,16.8,1.6,,,,,,,,20.2,83.3,1489,-13.2,-33.5,14.9,2.2,30.6,74.2,2485,14.1,-61.4,18.2,1.8,30.6,89.8,2030,-16.1,-24.3,18.9,1.9,,,,,,,,,,,,,,,,,,,,,,,,,,,,,,,,,,,,,,,,,,,,,,,,,
"Corbin, Patrick",571578,2021,31,31,171.2,751,19,8,0.282,0.493,0.362,0.358,6.4,6.6,41.2,24.8,47.9,48.3,23.9,24.1,3.7,L,2750,28.3,92.3,2148,8.1,-17.1,17.2,1.7,38.4,80.7,2216,-3.5,-41.5,4.2,2.8,4.2,81.5,1619,10.4,-28.3,16.9,2.9,1,65.2,1782,-3.7,-65.7,4.7,2.4,28.1,92.6,2096,14.1,-19.3,19,1.8,,,,,,,,,,,,,,,,,,,,,,,,,,,,,,,,,,,,,,,,,,,,,,,,,
"Kay, Anthony",641743,2021,26,11,33.2,156,25,11.5,0.254,0.429,0.384,0.344,6.3,4.2,33.3,25.7,47.9,47.9,21.9,27.1,3.1,L,649,58.4,94.5,2383,5.8,-15.3,16.5,1.4,8.9,82.5,2527,-6.5,-44.7,8.2,1.6,11.4,86.2,1774,11.1,-27.5,14.9,1.3,10.5,77.8,2370,-8.6,-55.3,13.3,1.7,,,,,,,,10.8,88,2473,-1.9,-31.1,5.5,1.6,,,,,,,,,,,,,,,,,,,,,,,,,,,,,,,,,,,,,,,,,,
"Knebel, Corey",608349,2021,29,27,25.2,101,29.7,8.9,0.202,0.321,0.229,0.264,9.7,0,27.4,31.1,49.1,45.2,21,24.2,8.1,R,399,58.1,96.3,2403,-5.6,-12.8,17.8,1,,,,,,,,,,,,,,,41.9,79.9,2792,11.9,-59.2,19.8,1.1,,,,,,,,,,,,,,,,,,,,,,,,,,,,,,,,,,,,,,,,,,,,,,,,,,,,,,,,
"Santana, Edgar",650828,2021,29,41,42.2,175,18.9,6.9,0.253,0.421,0.286,0.313,6.9,6.2,39.2,26.3,50.5,50.8,20,20.8,8.5,R,610,1.1,93.2,2094,-8.9,-25.5,10.6,1.3,35.1,86.6,2210,-1.4,-36.3,2.7,1.2,,,,,,,,,,,,,,,63.8,94.3,2202,-15.3,-24.6,16.7,1.1,,,,,,,,,,,,,,,,,,,,,,,,,,,,,,,,,,,,,,,,,,,,,,,,,
"Falter, Bailey",663559,2021,24,22,33.2,139,24.5,4.3,0.246,0.379,0.311,0.291,2.1,1,37.1,23.3,48.2,37.1,26.8,25.8,10.3,L,552,6.2,91.6,1800,4.6,-15.3,17.6,1.3,23.4,84.5,1873,-3.9,-32.7,7.2,1.5,5.8,83.7,1659,8.8,-24,17.7,1.6,2.7,76.1,1908,-4.6,-52.8,7.6,1.6,62,91.8,1765,7.9,-14.9,19.2,1.1,,,,,,,,,,,,,,,,,,,,,,,,,,,,,,,,,,,,,,,,,,,,,,,,,
"Martin, Chris",455119,2021,35,46,43.1,180,18.3,2.8,0.262,0.395,0.313,0.301,7.2,2.9,42.4,20.9,54.8,50.4,26.6,22.3,0.7,R,662,39.3,94.8,2122,-7.5,-16,16.4,0.9,,,,,,,,,,,,,,,7.9,83.8,2461,6.9,-47.1,10.8,1.2,14,94.6,2051,-14.4,-19.7,18.2,1.1,18.4,90.9,2077,2.8,-27.8,6.2,1.1,12.4,87.4,1355,-9.9,-32.1,10.7,1.2,,,,,,,,8,83.1,2527,13.7,-44.6,14.7,1.3,,,,,,,,,,,,,,,,,,,,,
"Hendriks, Liam",521230,2021,32,69,71,267,42.3,2.6,0.169,0.319,0.22,0.219,8.3,4.8,40.1,38,57.2,33.1,35.9,20.7,10.3,R,1104,68.9,97.7,2395,-6.8,-10.2,19.8,1.2,21.3,89,2177,1.9,-31.2,4.1,1.3,0.1,91.6,2394,-11.6,-11.9,24.1,,9.7,85.8,2214,2.7,-46.6,10,1.5,,,,,,,,,,,,,,,,,,,,,,,,,,,,,,,,,,,,,,,,,,,,,,,,,,,,,,,,
"Hale, David",571735,2021,33,17,26.2,116,18.1,7.8,0.292,0.513,0.355,0.369,5.9,10.6,43.5,19.7,47.3,41.2,22.4,29.4,7.1,R,461,46.9,92.8,2225,-9.3,-18.5,16.3,1.2,,,,,,,,24.3,82.7,1605,-12.5,-31.3,15.4,1.3,20.2,82.7,2304,5.1,-39.5,5.6,1.7,8.7,92.2,2190,-16.1,-21,19.8,1.3,,,,,,,,,,,,,,,,,,,,,,,,,,,,,,,,,,,,,,,,,,,,,,,,,
"Weathers, Ryan",677960,2021,21,30,94.2,401,18,7.5,0.277,0.474,0.356,0.349,8.4,4.4,43.2,18.9,44.8,45.9,22.3,23.3,8.4,L,1617,54.1,93.9,2065,12.2,-17,18.7,1.5,30.6,86.6,2212,-2.2,-30.9,6.4,2.1,7.5,86.6,1659,10.9,-25.1,16,2,,,,,,,,7.8,93.7,2118,15.1,-17.4,20.7,1.5,,,,,,,,,,,,,,,,,,,,,,,,,,,,,,,,,,,,,,,,,,,,,,,,,
"Pagán, Emilio",641941,2021,30,67,63.1,263,26.2,6.8,0.228,0.492,0.336,0.329,10.3,1.7,45.4,29.5,52.5,23,42.5,19.5,14.9,R,1098,61.2,94.9,2520,-5.8,-12.1,19.3,1.1,,,,,,,,0.7,87.2,1949,-16.6,-23.7,20.8,1.4,0.2,84.3,2364,2.1,-39,2.7,1.5,,,,,,,,37.5,86.4,2336,2.8,-33.3,5,1.4,0.4,86.3,1972,-16.2,-25,20,1.5,,,,,,,,,,,,,,,,,,,,,,,,,,,,,,,,,,,
"Lynn, Lance",458681,2021,34,28,157,641,27.5,7,0.198,0.322,0.264,0.256,5.5,4.3,36,26.3,50.2,39.9,30,20.9,9.1,R,2503,42,94,2407,-6,-16,16.2,1.5,0,81.2,2254,3.9,-49.5,8.8,,4.6,87.1,1772,-13.5,-29.5,15.3,1.9,3,82.1,2476,6.6,-44.9,9,2,19.4,92.4,2228,-12.9,-25.7,14.5,1.6,31,88.7,2538,2.7,-29.8,6.3,1.9,,,,,,,,,,,,,,,,,,,,,,,,,,,,,,,,,,,,,,,,,,
"Otto Jr., Glenn",657248,2021,25,6,23.1,111,25.2,7.2,0.28,0.45,0.375,0.346,5.5,2.7,37,22.1,50.4,45.2,17.8,32.9,4.1,R,448,48.9,92.6,2186,-6.5,-16.1,17.1,1.3,,,,,,,,6,87.1,1986,-16.7,-26.8,19.3,1.5,9.8,80.6,2396,6.8,-52.8,12.8,1.6,,,,,,,,,,,,,,,,,,,,,,,,,,,,,35.3,80.7,2522,15.8,-41,16.1,1.4,,,,,,,,,,,,,,,,,,,,,
"Mize, Casey",663554,2021,24,30,150.1,612,19.3,6.7,0.254,0.462,0.308,0.338,5,4.3,40,22.6,45.8,48.6,27.4,19.2,4.8,R,2357,29.7,93.8,2150,-9.2,-15.4,18.4,1.6,28.1,85.9,2239,3.8,-34.9,5.1,2,,,,,,,,6.7,81.3,2197,9.7,-51.5,14,1.9,22.3,93.2,2060,-16.5,-22.3,19,1.6,,,,,,,,13.2,85.8,1103,-12.1,-36.8,12.5,2,,,,,,,,,,,,,,,,,,,,,,,,,,,,,,,,,,,
"Abad, Fernando",472551,2021,35,16,17.2,82,12.2,8.5,0.283,0.405,0.35,0.327,6.2,3.1,36.9,13.7,43.8,49.2,18.5,26.2,6.2,L,299,6.4,91.9,2124,5.4,-17.3,17.1,4,,,,,,,,15.7,75.3,1644,10.7,-34.3,18,2.4,26.1,76.4,2502,-7.2,-56.2,12.1,1.7,46.5,92.4,2145,13.2,-19.2,18.6,1.6,5.4,82.6,2310,-3.4,-37.3,4.6,1.6,,,,,,,,,,,,,,,,,,,,,,,,,,,,,,,,,,,,,,,,,,
"Jansen, Kenley",445276,2021,33,69,69,278,30.9,12.9,0.18,0.271,0.229,0.26,4.6,12.4,26.1,33.1,50.1,37.9,30.1,19,13.1,R,1071,,,,,,,,15.4,82,2448,6,-46.8,9.1,1.8,,,,,,,,,,,,,,,26.1,93.9,2340,-6.9,-11.9,20.4,1.7,58.5,92.5,2675,7.3,-14.6,19,1.9,,,,,,,,,,,,,,,,,,,,,,,,,,,,,,,,,,,,,,,,,,
"Thompson, Zach",605507,2021,27,26,75,315,21,8.9,0.226,0.364,0.293,0.295,7.8,6.4,34.4,26.5,48.7,45,30.3,19.3,5.5,R,1194,27.1,92.2,2409,-2.5,-17.1,15.4,1.4,,,,,,,,12.7,85.4,1740,-13.6,-32.6,14.8,1.4,16.9,77.2,2267,3.8,-55.9,10.8,1.5,8.2,92.1,2209,-11.4,-25.1,13.6,1.4,35.1,87.1,2545,3.8,-30.5,7,1.6,,,,,,,,,,,,,,,,,,,,,,,,,,,,,,,,,,,,,,,,,,
"Ross, Joe",605452,2021,28,20,108,460,23.7,7.4,0.246,0.415,0.305,0.316,4.5,6.1,37.2,25,46.3,44.7,30.7,21.4,3.2,R,1700,16,93.6,2128,-5.6,-16.7,15.7,1.4,31.3,84.6,1918,3.5,-35.9,4.7,2,6.1,88.6,1700,-13.8,-26.6,16.4,1.4,,,,,,,,46.6,93.4,2087,-14.3,-21,17.8,1.5,,,,,,,,,,,,,,,,,,,,,,,,,,,,,,,,,,,,,,,,,,,,,,,,,
"Miley, Wade",489119,2021,34,28,163,690,18.1,7.2,0.252,0.398,0.317,0.311,6.8,8.2,34.2,23.7,47.5,50.8,18.9,26,4.3,L,2592,16.3,89.9,2239,2.8,-17.1,17,1.4,5.3,79.3,2308,-11.5,-39.7,12.7,1.8,27.3,81.9,1807,14.8,-33.9,16.4,1.4,3.5,74.7,2384,-10.5,-57.7,14.4,1.8,1.2,88.7,2025,13.7,-22.5,18.7,1.6,46.5,85.4,2277,-4,-30.4,8.2,1.6,,,,,,,,,,,,,,,,,,,,,,,,,,,,,,,,,,,,,,,,,,
"García, Jarlín",606424,2021,28,58,68.2,269,25.3,6.7,0.221,0.367,0.269,0.281,6.1,6.1,40.3,22.6,46.8,41.4,27.6,26,5,L,1002,50,93.1,2215,15.6,-18.6,20.4,1.2,25.4,82.5,2305,-6.1,-39.8,6.4,1.6,24.6,85.2,2150,17.3,-28.6,19.7,1.3,,,,,,,,,,,,,,,,,,,,,,,,,,,,,,,,,,,,,,,,,,,,,,,,,,,,,,,,,,,,,,,
"Quintana, Jose",500779,2021,32,29,63,297,28.6,11.8,0.254,0.436,0.366,0.341,5.1,3.4,45.5,29.1,46,46,18.8,29,6.3,L,1240,40.8,91.5,2041,3.6,-16.1,17.1,1.1,,,,,,,,14.6,86.7,1289,10.9,-28.2,14.1,1.2,14.4,78.5,2262,-7.7,-52.8,11.5,1.1,17.8,91.6,2067,12.4,-17.3,19.9,1.2,,,,,,,,,,,,,,,,,,,,,,,,,,,,,12.4,79.1,2238,-13,-45.5,13.4,1.3,,,,,,,,,,,,,,
"Sánchez, Miguel",667376,2021,27,28,26,120,19.2,11.7,0.272,0.457,0.343,0.361,7.4,6.2,38.3,28.9,52.3,40.7,24.7,29.6,4.9,R,470,37.9,94.2,2234,-6.1,-16.4,15.7,1.3,10.9,81.9,2276,4.1,-43.1,5.2,1.4,51.3,89.1,1613,-10.8,-31.9,11.2,1.3,,,,,,,,,,,,,,,,,,,,,,,,,,,,,,,,,,,,,,,,,,,,,,,,,,,,,,,,,,,,,,,
"Pomeranz, Drew",519141,2021,32,27,25.2,102,29.4,9.8,0.211,0.353,0.267,0.275,9.7,3.2,38.7,27.4,44.2,45.2,19.4,30.6,4.8,L,430,75.3,93.9,2507,2.3,-12.3,19.1,1.1,,,,,,,,,,,,,,,24.7,84.2,2237,-4.4,-52,14.1,1.5,,,,,,,,,,,,,,,,,,,,,,,,,,,,,,,,,,,,,,,,,,,,,,,,,,,,,,,,
"Lange, Alex",656638,2021,25,36,35.2,162,24.1,9.9,0.273,0.491,0.335,0.366,5.8,1,52.9,32,48.4,44.2,22.1,27.9,5.8,R,639,45.2,96.4,2342,-10.5,-13.7,19.1,1.1,0.2,89.2,2363,-4.1,-30.4,5.5,,15.2,89,1707,-16.3,-29.6,17.3,1.1,39.3,84.6,2107,2.5,-45.6,8.3,1.4,0.2,97.1,2391,-17.9,-15.6,22.6,,,,,,,,,,,,,,,,,,,,,,,,,,,,,,,,,,,,,,,,,,,,,,,,,,
"May, Trevor",543507,2021,31,68,62.2,266,31.2,9,0.192,0.349,0.297,0.264,5,4.4,34,32.6,51,37.1,33.3,22,7.5,R,1117,60.3,96.5,2369,-6.2,-11.6,18.9,1.1,24.5,84,2503,5,-42.7,6.7,1.7,15.2,87,1721,-10.5,-22,18,1.5,,,,,,,,,,,,,,,,,,,,,,,,,,,,,,,,,,,,,,,,,,,,,,,,,,,,,,,,,,,,,,,
"Lugo, Seth",607625,2021,31,46,46.1,195,28.2,9.7,0.249,0.404,0.305,0.315,5,5,38.3,31.1,47.1,41.7,24.2,29.2,5,R,730,29,94.2,2229,-7.5,-13.6,18.9,1.6,14.4,88.2,2397,3.5,-28.5,7.5,1.7,3.2,86.8,1678,-14.3,-28.7,16.4,1.6,28.5,79.2,3261,12.1,-61.7,21.2,2.2,24.9,93.4,2272,-16.1,-19.7,20,1.8,,,,,,,,,,,,,,,,,,,,,,,,,,,,,,,,,,,,,,,,,,,,,,,,,
"Thielbar, Caleb",573204,2021,34,59,64,266,28.9,7.5,0.221,0.418,0.3,0.303,6.6,9,39.2,26.3,49.5,33.7,33.1,23.5,9.6,L,1106,49,91.3,2309,2.7,-13.5,19.6,1.7,,,,,,,,0.3,82.4,2167,4,-24.5,16.4,1.7,16.4,71.8,2382,-9.8,-70.1,19.2,1.8,,,,,,,,,,,,,,,,,,,,,,,,,,,,,34.4,80.2,2380,-14.5,-41.2,14.8,1.7,,,,,,,,,,,,,,,,,,,,,
"Berríos, José",621244,2021,27,32,192,781,26.1,5.8,0.241,0.407,0.286,0.311,6.2,6.2,38.3,23.7,47,43.7,23.4,26.9,6,R,3043,26.7,94.1,2231,-9.9,-16.5,17.7,1.2,,,,,,,,13.2,84.8,1521,-13.9,-33.6,14.9,1.9,,,,,,,,29.5,93.8,2135,-16.2,-19.8,19.9,1.2,,,,,,,,,,,,,,,,,,,,,,,,,,,,,30.5,82.9,2338,15,-43.6,15.6,1.6,,,,,,,,,,,,,,
"Gray, Sonny",543243,2021,31,26,135.1,575,27,8.7,0.216,0.325,0.3,0.279,6.1,7.8,32.1,26.1,43,49,22.7,22.4,5.8,R,2228,23.8,92.3,2423,-1.8,-16.6,15.6,1.2,4.8,83.6,2597,5.6,-42.7,7.1,1.6,3.3,88.2,1830,-12.4,-25.8,15.8,2.2,23.2,79.3,2749,14.1,-57.8,19.8,2,29.1,92.4,2319,-13.2,-22.4,16.4,1.2,0.5,86.6,2451,5.5,-35.2,6.3,1.5,,,,,,,,,,,,,,,15.3,82,2612,17.3,-46.6,18.4,1.6,,,,,,,,,,,,,,,,,,,,,
"Kim, Kwang Hyun",547942,2021,32,27,106.2,452,17.7,8.6,0.252,0.417,0.3,0.323,5.8,4,35.9,21.6,44.1,48,24,21.9,6.1,L,1784,41,89.1,2132,0.7,-18.7,15.8,1.5,37.6,83.5,2114,-5.2,-34.8,7.1,2.4,11.8,80.4,1604,11.2,-29.3,17.2,2,8.9,69.6,2142,-6,-65.9,11.3,2.1,0.8,89,2077,8.2,-18.1,18.5,1.4,,,,,,,,,,,,,,,,,,,,,,,,,,,,,,,,,,,,,,,,,,,,,,,,,
"Helsley, Ryan",664854,2021,26,51,47.1,206,22.8,13.1,0.246,0.414,0.295,0.332,7.6,3.8,43.2,27.2,45.7,42.4,22,26.5,9.1,R,805,54,97.4,2526,-3.3,-11.7,17.5,1.7,34.7,88.2,2451,3.3,-29.7,6.9,2,2.7,87.4,1545,-11.8,-26.9,15,1.5,6.8,79,2503,3.3,-55.3,12.2,1.9,1.7,97.5,2488,-12.5,-14.5,19.1,1.5,,,,,,,,,,,,,,,,,,,,,,,,,,,,,,,,,,,,,,,,,,,,,,,,,
"Stratton, Chris",608717,2021,30,68,79.1,337,25.5,9.8,0.228,0.377,0.294,0.299,4.1,4.6,36.9,28.3,47.3,41.9,28.1,24.9,5.1,R,1374,48.1,93,2610,-4.6,-15.8,16.5,1.1,13.7,85.8,2863,8.3,-35.4,9,1.4,12.7,86.6,2250,-13.6,-30.6,14.9,1.1,25.3,80.2,3123,15.6,-51.6,18.2,1.4,0.2,93.6,2529,-13.7,-18.3,19.1,1.4,,,,,,,,,,,,,,,,,,,,,,,,,,,,,,,,,,,,,,,,,,,,,,,,,
"Bielak, Brandon",656232,2021,25,28,50,218,21.1,9.6,0.246,0.369,0.314,0.309,4.1,6.8,34.5,25.3,46.9,46.6,21.6,26.4,5.4,R,835,40.1,94,2421,-5.2,-15.8,16.2,1.3,16.9,83,2392,9.8,-40,10.5,1.4,11.5,88.2,1815,-16.5,-27.6,18.3,1.4,10.4,80.3,2498,6.6,-59,17.6,1.2,15.8,93.2,2312,-13.5,-20.6,17.6,1.5,5.3,90,2437,2.5,-25.4,8.8,1.6,,,,,,,,,,,,,,,,,,,,,,,,,,,,,,,,,,,,,,,,,,
"Long, Sam",669674,2021,25,12,40.2,176,21.6,8.5,0.236,0.398,0.313,0.314,7.5,5,36.7,21.4,47.8,39.2,35.8,20.8,4.2,L,732,42.2,92.6,2104,7.1,-14,19.3,1.4,2.2,86.7,2093,-1.9,-26.8,9.6,1.5,20.5,80.4,1895,10.5,-28.1,17.7,1.5,34.2,74.9,2459,0.2,-63,14.2,1.8,1,92.4,2118,11.9,-14.4,21.4,1.5,,,,,,,,,,,,,,,,,,,,,,,,,,,,,,,,,,,,,,,,,,,,,,,,,
"King, Michael",650633,2021,26,22,63.1,275,22.5,8.7,0.257,0.417,0.298,0.333,7.7,8.2,43.4,24.9,46.9,46.2,19.8,30.2,4.4,R,1009,8.8,95.2,2383,-9.7,-14.1,19.1,1.5,,,,,,,,12.5,84.9,2116,-17.8,-30.6,19.5,1.4,0.3,80.5,2470,7.6,-49.6,10.6,1.8,53,93.9,2290,-17.5,-22.8,19.5,1.5,15.2,88,2405,3.2,-29.2,7.8,2.2,,,,,,,,,,,,,,,10.2,79.8,2673,17.8,-41.5,18.2,1.9,,,,,,,,,,,,,,,,,,,,,
"Goudeau, Ashton",623485,2021,28,16,34.1,141,15.6,12.1,0.222,0.352,0.294,0.299,4,6,32,18.8,46.3,52,27,17,4,R,563,45.3,92.7,2059,-6.5,-15.5,17.7,1.3,,,,,,,,22,85.1,1475,-11.1,-28.6,14.6,1.3,32.7,76.6,2321,9.8,-59,15.8,1.4,,,,,,,,,,,,,,,,,,,,,,,,,,,,,,,,,,,,,,,,,,,,,,,,,,,,,,,,
"Smyly, Drew",592767,2021,32,29,126.2,546,21.4,7.5,0.267,0.47,0.342,0.342,5.2,6.8,39,24.9,49.9,40.8,28.1,24.7,6.5,L,2138,,,,,,,,,,,,,,,,,,,,,,42,78.9,2096,2.9,-44.2,3.7,1.3,46.5,92.1,2088,6.8,-14.1,19.5,1.1,11.5,87.6,1956,3.5,-24.4,11.9,1.3,,,,,,,,,,,,,,,,,,,,,,,,,,,,,,,,,,,,,,,,,,
"Howard, Spencer",675921,2021,24,19,49.2,229,22.7,11.8,0.248,0.4,0.352,0.33,4.1,3.4,35.4,25.2,44.9,36.7,27.9,27.9,7.5,R,936,59.4,94.2,2155,-7.4,-13.6,18.9,1.7,3.6,83.5,2294,4.2,-40,5.1,2.4,9,79.4,1391,-12.1,-33.4,15.9,1.9,8.3,74.6,1914,5.6,-66.5,17.8,1.8,4.3,93.4,1938,-13.6,-18.2,19.2,1.5,12,88.3,2144,2.9,-27.4,8.6,1.5,,,,,,,,,,,,,,,3.4,78.9,2075,12.6,-44.5,12.9,1.6,,,,,,,,,,,,,,,,,,,,,
"Johnson, Pierce",572955,2021,30,63,58.2,244,31.6,11.1,0.205,0.336,0.292,0.284,4.3,3.6,35.3,30.1,44.9,33.8,29.5,28.1,8.6,R,1045,32.5,95.5,2231,-11.2,-13.9,19.8,1.1,,,,,,,,,,,,,,,67.5,84.3,2886,11,-43.5,12.2,1.4,,,,,,,,,,,,,,,,,,,,,,,,,,,,,,,,,,,,,,,,,,,,,,,,,,,,,,,,
"Benjamin, Wes",605138,2021,27,13,22.2,112,17,15.2,0.252,0.457,0.406,0.366,3.9,0,36.8,21,47.5,28.9,35.5,26.3,9.2,L,461,43.6,91.3,2300,8.3,-13.4,21.2,1.5,0.2,78.1,2358,-10,-59.9,17.9,,12.6,84.1,1663,9,-24.4,17,1.3,16.3,78.4,2459,-7.3,-56.2,14.3,1.7,,,,,,,,27.3,85.5,2295,-3.1,-31.7,6.7,1.5,,,,,,,,,,,,,,,,,,,,,,,,,,,,,,,,,,,,,,,,,,
"Ryan, Joe",657746,2021,25,5,26.2,100,30,5,0.194,0.394,0.238,0.269,6.2,3.1,30.8,23.4,52.9,27.7,43.1,23.1,6.2,R,412,65.8,91.2,2175,-10.9,-18.3,18.3,1.6,16,80.7,2209,4,-40.2,4.9,1.5,10.4,83.3,2071,-18,-31.1,20,1.7,7.8,72.7,2374,11.8,-62.2,15.8,1.6,,,,,,,,,,,,,,,,,,,,,,,,,,,,,,,,,,,,,,,,,,,,,,,,,,,,,,,,
"Evans, Demarcus",663770,2021,24,25,26.1,120,27.5,13.3,0.207,0.325,0.333,0.291,8.6,2.9,30,28.2,46.9,20,41.4,28.6,10,R,522,60.3,91,2467,-1.9,-10.9,22.5,1.8,,,,,,,,,,,,,,,14.8,79.6,2262,3.3,-44.5,4.5,1.7,,,,,,,,24.9,85.9,2452,6.5,-26.1,12.7,1.9,,,,,,,,,,,,,,,,,,,,,,,,,,,,,,,,,,,,,,,,,,
"Mahle, Tyler",641816,2021,26,33,180,759,27.7,8.4,0.229,0.362,0.308,0.298,4.4,5.7,34.3,28.4,45.2,44,24.8,23.6,7.6,R,3196,53,94,2336,-12.1,-13.9,21,1.6,26.2,86.7,2535,2.9,-29.4,7.9,2.2,,,,,,,,,,,,,,,,,,,,,,4.9,86.5,2434,2.1,-27.8,9,1.7,15.9,86.4,1841,-14.5,-28.4,16.9,1.9,,,,,,,,,,,,,,,,,,,,,,,,,,,,,,,,,,,
"Stammen, Craig",489334,2021,37,67,88.1,355,23.4,3.7,0.24,0.384,0.279,0.287,4.3,5.1,35.9,24,46.9,56.3,22.7,17.2,3.9,R,1308,0.6,91.5,2313,-3.7,-20.8,12.7,1.5,,,,,,,,0.5,86.3,1951,-14,-24.4,18.6,1.4,29.5,80.4,2349,8.1,-53.6,13.9,1.5,47.6,92.3,2201,-13.4,-19.8,18.4,1.2,21.8,89,2292,0.4,-24.6,10.3,1.4,,,,,,,,,,,,,,,,,,,,,,,,,,,,,,,,,,,,,,,,,,
"Blackburn, Paul",621112,2021,27,9,38.1,175,14.9,5.7,0.3,0.468,0.383,0.353,8,4.4,51.1,15.6,42.4,51.8,19.7,24.1,4.4,R,681,6.5,90.8,2134,-5,-16.5,17.4,1.2,,,,,,,,14.2,85.8,1788,-13,-29.7,15,1.2,12.2,79,2579,7,-58.9,16.6,1.3,41.6,91.1,1992,-12.5,-21.9,16.7,1.1,25.6,87,2427,5.6,-31,7.8,1.4,,,,,,,,,,,,,,,,,,,,,,,,,,,,,,,,,,,,,,,,,,
"Castano, Daniel",641447,2021,26,5,20.1,92,14.1,8.7,0.3,0.501,0.342,0.377,4.3,11.4,37.1,16.9,49.8,41.4,27.1,27.1,4.3,L,333,40.2,90.4,2214,5.8,-21.2,13.8,2,35.1,80.4,2405,-6,-41.1,6.5,1.8,13.5,81.4,1539,10.1,-34.3,12.4,1.6,,,,,,,,10.2,88.6,2102,11.8,-27.2,14.2,1.5,0.9,87.3,2350,-4.7,-26.1,10.7,1.5,,,,,,,,,,,,,,,,,,,,,,,,,,,,,,,,,,,,,,,,,,
"Estévez, Carlos",608032,2021,28,64,61.2,270,22.2,7.8,0.256,0.414,0.345,0.32,6.4,3.7,39.6,24.5,49.9,47.1,29.9,20.3,2.7,R,1007,65.8,97.1,2163,-8.5,-14.5,16.8,1.4,14.9,86.7,2348,5.1,-36,5.7,1.8,19.3,88.7,1594,-11.7,-29,13.5,1.3,,,,,,,,,,,,,,,,,,,,,,,,,,,,,,,,,,,,,,,,,,,,,,,,,,,,,,,,,,,,,,,
"Harper, Ryne",607560,2021,32,34,35.2,148,20.9,9.5,0.225,0.352,0.297,0.292,5,10.9,28.7,22.4,47.3,43.6,25.7,19.8,10.9,R,567,21.9,86.5,1822,-0.1,-25.4,11.1,1.3,15.5,76.6,2062,10.6,-44.6,11,1.3,,,,,,,,62.6,71.5,2178,13.5,-61.5,15.8,2,,,,,,,,,,,,,,,,,,,,,,,,,,,,,,,,,,,,,,,,,,,,,,,,,,,,,,,,
"Walker, Taijuan",592836,2021,28,30,159,654,22.3,8.4,0.246,0.442,0.301,0.328,5.3,5.1,39.4,23.4,46.2,43.2,28.1,21.8,6.9,R,2547,35.5,94.5,2094,-9.4,-13.5,19.8,1.5,21.1,86.1,2415,4.6,-31.1,8,1.9,,,,,,,,7.3,76.4,2356,7.8,-59.7,14.8,1.9,21.7,93.7,2007,-15.6,-18.3,20.5,1.4,0.1,88.4,2401,1.2,-26.4,9.2,1.5,14.3,89.4,1516,-13.5,-27.7,15.4,1.5,,,,,,,,,,,,,,,,,,,,,,,,,,,,,,,,,,,
"Bowden, Ben",641386,2021,26,39,35.2,177,23.7,11.9,0.24,0.419,0.374,0.327,8.8,8.8,36.3,27.7,46.1,27.4,29.2,31,12.4,L,674,70.9,92.4,2409,10.5,-14.9,20.1,1.3,10.5,81.1,2169,-1.8,-37.8,4.3,2.1,18.5,82.4,1988,13.7,-28.7,17.9,1.4,,,,,,,,,,,,,,,,,,,,,,,,,,,,,,,,,,,,,,,,,,,,,,,,,,,,,,,,,,,,,,,
"Chatwood, Tyler",543022,2021,31,32,32,145,26.2,14.5,0.23,0.35,0.308,0.325,6.1,3.7,43.9,31.4,40.9,50,14.6,31.7,3.7,R,591,8,95.8,2387,-3.8,-14.9,15.6,1.4,,,,,,,,3.6,87.3,1755,-11.2,-28.5,13.5,1.6,6.3,81,2878,12.6,-52.2,17.1,1.7,46,95.5,2406,-14.4,-18.8,18.3,1.4,36.2,88.9,2713,4.8,-33.7,5.6,1.4,,,,,,,,,,,,,,,,,,,,,,,,,,,,,,,,,,,,,,,,,,
"Minor, Mike",501985,2021,33,28,158.2,669,22.3,6.1,0.245,0.449,0.321,0.32,6.5,3.4,35.9,24.3,48.7,39.2,27.2,23,10.5,L,2621,42.8,90.9,2544,1.9,-18.2,15,1.5,21.9,85.6,2723,-5.3,-35.1,6.2,1.4,19.5,85.2,2237,16.8,-26.1,20.5,1.8,15.7,80.4,2493,-7,-54.7,14.2,1.9,0.1,88.1,2336,15.2,-21,20.9,1.4,,,,,,,,,,,,,,,,,,,,,,,,,,,,,,,,,,,,,,,,,,,,,,,,,
"Rodríguez, Manuel",655889,2021,24,20,17.2,83,19.3,14.5,0.256,0.407,0.353,0.345,1.9,5.6,37,25.2,45,53.7,16.7,20.4,9.3,R,300,29.3,97,2304,-3.6,-15.2,14.3,1.3,28.3,87.5,2255,1.2,-40.7,5.4,1.6,,,,,,,,,,,,,,,42.3,97.2,1985,-13.3,-21.8,15.1,1.4,,,,,,,,,,,,,,,,,,,,,,,,,,,,,,,,,,,,,,,,,,,,,,,,,
"Richards, Trevor",670950,2021,28,53,64.1,251,31.1,8.8,0.218,0.413,0.264,0.302,6,6.6,46.4,32.8,47.1,28.5,35.1,25.2,11.3,R,1061,56.7,92.7,2184,-5.8,-12.3,20.6,1,,,,,,,,30.5,84.5,2459,-14.3,-28.7,17.7,1.1,12.7,84.2,2042,3.5,-37.7,4.4,1.5,,,,,,,,,,,,,,,,,,,,,,,,,,,,,,,,,,,,,,,,,,,,,,,,,,,,,,,,
"Allen, Logan",663531,2021,24,14,50.1,222,16.7,7.7,0.293,0.525,0.371,0.38,4.9,1.2,45.1,18.9,44.7,45.1,25.6,26.8,2.4,L,874,41.9,92.7,1993,6.9,-16.3,17,1.3,2.3,83.1,2597,-6.8,-39,7.4,1.6,16.1,83.3,1515,14,-31.1,16.6,2.4,8.8,76.8,2705,-9.5,-60.1,16.8,1.4,1.5,90.3,1694,12.5,-24.6,15.4,1.4,0.5,82.9,2479,-4,-35,6.4,1.4,,,,,,,,,,,,,,,28.9,81.5,2534,-13.6,-42.1,13.9,1.4,,,,,,,,,,,,,,,,,,,,,
"Valdez, Framber",664285,2021,27,22,134.2,572,21.9,10.1,0.23,0.343,0.288,0.301,4.5,2.4,44.4,26,42.4,70.4,11.1,17.2,1.3,L,2090,5,92.1,2183,5,-22,11.5,1.5,,,,,,,,12.1,87.5,1498,13,-34.4,13.4,1.8,30.8,77.9,2873,-13.5,-61,20.5,1.6,52.1,92.5,2171,13,-27.2,14.1,1.7,,,,,,,,,,,,,,,,,,,,,,,,,,,,,,,,,,,,,,,,,,,,,,,,,
"Davies, Zach",605200,2021,28,32,148,668,17.1,11.2,0.293,0.487,0.366,0.375,6.6,6.1,43.3,22.3,43.2,44,23.3,27.3,5.5,R,2577,0,89.1,2101,-15.1,-21.1,20.2,,0.6,80,2300,4.2,-43.3,5.4,1.4,32.5,78.5,1691,-14,-36.4,16.3,1.2,6.9,74.2,2459,9.6,-59.8,14.1,1.4,52.4,88,2018,-14.5,-22.6,19.4,1.2,7.5,86.6,2092,-4.8,-23.6,13.8,1.2,,,,,,,,,,,,,,,,,,,,,,,,,,,,,,,,,,,,,,,,,,
"Dolis, Rafael",503569,2021,33,39,32,156,25,17.3,0.222,0.34,0.327,0.323,5.7,5.7,32.2,28.5,40.7,42.5,25.3,23,9.2,R,605,0.2,94.3,2298,-3.9,-10.3,21.2,,23,86.4,2445,7.3,-33.5,8.4,1.9,,,,,,,,,,,,,,,65,94.8,2277,-14.4,-16.2,20.5,1.1,,,,,,,,11.9,86.8,1295,-10.4,-28.7,13.3,1.4,,,,,,,,,,,,,,,,,,,,,,,,,,,,,,,,,,,
"García, Luis",472610,2021,34,34,33.1,135,25.2,5.9,0.229,0.376,0.239,0.281,7.6,6.5,45.7,32.1,49.1,46.7,27.2,20.7,5.4,R,501,1.2,98.3,2204,-7.8,-15.8,14.7,1.4,28.7,86,2386,4.8,-37.8,5.2,1.6,,,,,,,,,,,,,,,58.3,98.3,2175,-14.1,-18.5,17.3,1.1,,,,,,,,11.8,88.7,1125,-6.4,-31.4,7.9,1.5,,,,,,,,,,,,,,,,,,,,,,,,,,,,,,,,,,,
"Floro, Dylan",571670,2021,30,68,64,270,23,9.3,0.235,0.357,0.255,0.29,4.4,6,32.2,22.9,48.6,49.2,24,21.9,4.9,R,1076,30.7,93.8,2233,-9.8,-16,18.3,1.3,13.1,87.2,2018,1.4,-29.3,7.4,1.2,24.1,86.4,1850,-16.7,-34.1,17.1,1.3,,,,,,,,32.2,93.7,2167,-16.8,-21.6,19.5,1.3,,,,,,,,,,,,,,,,,,,,,,,,,,,,,,,,,,,,,,,,,,,,,,,,,
"Santiago, Héctor",502327,2021,33,13,26.1,117,25.6,9.4,0.208,0.287,0.312,0.259,7.9,3.9,38.2,27.1,50.3,44.7,22.4,27.6,5.3,L,491,65.4,90.9,2044,12,-17.8,19.6,1.9,7.3,82.3,2085,-3.1,-36.4,5.6,2,25.5,81.4,1904,15.6,-32.6,18.1,1.9,0.2,75.8,2292,-5.5,-55.5,9.5,,1.6,88.5,1982,17.5,-25.5,20,1.4,,,,,,,,,,,,,,,,,,,,,,,,,,,,,,,,,,,,,,,,,,,,,,,,,
"Workman, Brandon",519443,2021,32,29,28,136,18.4,15.4,0.314,0.509,0.389,0.399,6.7,3.3,53.3,24.2,40.2,44.4,26.7,26.7,2.2,R,515,35.3,91.1,2050,-4,-15.3,18.2,1.4,,,,,,,,,,,,,,,50.9,78.4,2501,5.9,-60.4,16.8,1.6,,,,,,,,13.8,87,2083,1.6,-29.7,6.9,1.4,,,,,,,,,,,,,,,,,,,,,,,,,,,,,,,,,,,,,,,,,,
"Crismatt, Nabil",622503,2021,26,45,81.1,351,20.2,6.8,0.25,0.394,0.33,0.312,3.6,4.8,34.3,25.9,46.8,52.8,23,19.8,4.4,R,1337,13.5,90.1,2137,-6.9,-20.2,15.2,1.6,,,,,,,,51.2,82.3,1598,-13.9,-39,14.3,1.1,23.6,71.5,2259,13.6,-68.4,19.6,1.5,11.7,89.6,2115,-14.9,-24.6,17.9,1.9,,,,,,,,,,,,,,,,,,,,,,,,,,,,,,,,,,,,,,,,,,,,,,,,,
"Gilbreath, Lucas",656458,2021,25,47,42.2,185,23.8,12.4,0.196,0.31,0.285,0.283,4.3,6.8,23.1,29.8,45.4,45.3,29.1,18.8,6.8,L,731,63.1,93.3,2424,0.2,-16.1,15.3,1.6,35.3,81.8,2439,-7.2,-42.6,8.2,1.7,,,,,,,,,,,,,,,,,,,,,,,,,,,,,1.6,84.4,1277,7.6,-26.9,13.8,1.5,,,,,,,,,,,,,,,,,,,,,,,,,,,,,,,,,,,
"Sborz, Josh",622250,2021,27,63,59,257,26.8,12.5,0.228,0.366,0.31,0.304,6.4,1.3,41.7,33.5,48.7,41.7,25.6,24.4,8.3,R,1079,54.5,96.7,2340,-6.7,-10.2,20.3,1.1,29.4,88,2148,0.7,-34.4,2.2,1.5,,,,,,,,16.1,83.3,1989,8,-51.8,14.7,1.9,,,,,,,,,,,,,,,,,,,,,,,,,,,,,,,,,,,,,,,,,,,,,,,,,,,,,,,,
"Tate, Dillon",622253,2021,27,62,67.2,287,17.1,8,0.24,0.368,0.31,0.314,3.8,6.7,38,22,45.9,61.1,17.3,16.3,5.3,R,1042,1.6,95.4,2052,-12.1,-19,17.1,1.6,,,,,,,,15.8,85.4,1624,-16.6,-32.1,17.7,1.6,,,,,,,,58.9,95.5,1949,-16.7,-25.2,17.5,1.7,23,86,2399,2.7,-33.6,5.1,2.1,,,,,,,,,,,,,,,0.6,80.7,2420,6.4,-48.8,9.3,1.5,,,,,,,,,,,,,,,,,,,,,
"Gustave, Jandel",594311,2021,28,14,18.1,79,16.5,6.3,0.283,0.422,0.27,0.336,0,1.8,36.8,17.1,47.6,45.6,24.6,28.1,1.8,R,294,19.7,96.8,2382,-9.5,-15.7,16.6,1.1,25.5,85.1,2422,8.3,-40.2,8.8,1.5,,,,,,,,,,,,,,,54.8,96.7,2255,-15.9,-21.2,17.8,1.1,,,,,,,,,,,,,,,,,,,,,,,,,,,,,,,,,,,,,,,,,,,,,,,,,
"Holland, Derek",502706,2021,34,39,49.2,225,22.7,8.9,0.249,0.4,0.345,0.312,7.2,3.9,42.5,24.4,47.5,45.8,24.2,24.2,5.9,L,835,9.8,92.8,2296,11.9,-16.7,19.3,1.5,,,,,,,,9.6,85,2079,12.3,-23.5,19.3,1.3,33.8,81.4,2088,0.2,-37.7,5.1,1.9,46.8,93.1,2361,15.7,-17.5,21.3,1.5,,,,,,,,,,,,,,,,,,,,,,,,,,,,,,,,,,,,,,,,,,,,,,,,,
"Giolito, Lucas",608337,2021,26,31,178.2,719,28,7.1,0.221,0.362,0.288,0.28,7.3,5.4,34.2,32.2,50.5,34.2,26.9,27.7,11.2,R,2970,43.9,93.8,2345,-6.7,-12,20.3,1.3,21.5,85.6,2028,2.7,-32.4,6.1,1.4,31.8,81.5,1492,-10.2,-28.2,16.7,1.2,2.9,80.6,2382,6.4,-52.4,12.4,1.6,,,,,,,,,,,,,,,,,,,,,,,,,,,,,,,,,,,,,,,,,,,,,,,,,,,,,,,,
"Kowar, Jackson",663804,2021,24,9,30.1,154,18.8,13,0.299,0.52,0.422,0.396,7.8,1,52.4,24.1,42.8,35,29.1,32,3.9,R,631,55.3,95.6,2193,-12.5,-15,19.6,1.1,13,83.1,2300,4.6,-42.4,6,1.7,30.4,86.2,2413,-16.4,-33.9,16.7,1.3,1.3,78.2,2080,5.1,-55.6,12.1,1.4,,,,,,,,,,,,,,,,,,,,,,,,,,,,,,,,,,,,,,,,,,,,,,,,,,,,,,,,
"Cessa, Luis",570666,2021,29,53,64.2,263,20.5,8,0.25,0.374,0.277,0.301,3.2,8,35.1,27,46.8,52.7,16,24.5,6.9,R,949,21.1,93.8,2232,-6.4,-15.9,16.7,1.2,56.7,82.7,2474,3.3,-42.9,5.1,1.2,12,87.9,1676,-13.2,-30.7,14.5,1.3,,,,,,,,10.2,93.2,2141,-14.1,-19.5,18.6,1.4,,,,,,,,,,,,,,,,,,,,,,,,,,,,,,,,,,,,,,,,,,,,,,,,,
"deGrom, Jacob",594798,2021,33,15,92,324,45.1,3.4,0.145,0.248,0.174,0.189,7.8,4.2,36.7,41.4,55.7,44.6,25.9,19.9,9.6,R,1226,57.4,99.2,2418,-9.1,-11.4,18.8,1.3,33.4,91.6,2598,4.7,-28.9,6.2,1.4,8.9,91.4,1618,-14.2,-29.9,14.7,1.4,0.3,83.3,2705,7.4,-44.1,9,1.5,,,,,,,,,,,,,,,,,,,,,,,,,,,,,,,,,,,,,,,,,,,,,,,,,,,,,,,,
"Junis, Jakob",596001,2021,28,16,39.1,168,24.4,7.1,0.282,0.507,0.336,0.356,10.4,2.6,43.5,25.4,45.1,43.5,27,24.3,5.2,R,627,34.8,90.8,2243,-5.8,-19.1,15.2,1.6,39.9,82.8,2450,12.4,-40.1,12.8,2,3.3,84.8,1692,-11.1,-31.5,13.4,1.5,0.5,77.6,2320,10.3,-46.8,10.7,1.4,4.1,90.9,2197,-14.9,-23.6,18,1.5,17.4,88.7,2303,1.1,-26.2,8.7,1.8,,,,,,,,,,,,,,,,,,,,,,,,,,,,,,,,,,,,,,,,,,
"Harvey, Matt",518774,2021,32,28,127.2,582,16.3,6.4,0.289,0.476,0.355,0.351,6.7,3.6,40.9,18.9,48,44,24.3,24.5,7.2,R,2232,34.1,93.4,2157,-12.3,-17,19.2,1.5,19.3,86.9,2370,1.6,-29.8,7,1.7,11.9,85.3,1697,-14.5,-26.4,18.7,1.7,14,79.9,2489,11.9,-49.8,14.3,1.9,20.7,92.9,2135,-16.2,-19.2,20.7,1.4,,,,,,,,,,,,,,,,,,,,,,,,,,,,,,,,,,,,,,,,,,,,,,,,,
"Davis, Wade",451584,2021,35,40,42.2,190,20,10,0.279,0.497,0.341,0.372,7.6,3.8,46.6,23.4,48.4,35.9,30.5,26.7,6.9,R,769,40.3,92.7,2391,-3.1,-14.1,18,1.3,,,,,,,,1.6,84.4,1772,-9.3,-27.5,14.3,1.5,19.6,81.9,2474,6.2,-52.7,13.5,1.5,6.5,91.4,2384,-11,-20.6,16.5,1.5,32,88.6,2685,5,-28.1,8.5,1.4,,,,,,,,,,,,,,,,,,,,,,,,,,,,,,,,,,,,,,,,,,
"Gonsolin, Tony",664062,2021,27,15,55.2,239,27.2,14.2,0.202,0.333,0.305,0.294,5.7,6.4,35,29.7,44.5,37.9,31.4,22.9,7.9,R,990,43.6,93.8,2379,-6.8,-13.4,19.1,1.5,25.9,86.8,2600,4.7,-32.5,6.6,1.7,,,,,,,,8.8,80.2,2612,5.8,-56.2,14.9,1.8,,,,,,,,,,,,,,,21.7,83.3,1448,-11.7,-34.6,12.9,1.6,,,,,,,,,,,,,,,,,,,,,,,,,,,,,,,,,,,
"Sadler, Casey",594987,2021,30,42,40.1,145,25.5,6.9,0.197,0.273,0.185,0.241,3.1,7.2,30.9,23.7,44.2,63.9,15.5,13.4,7.2,R,581,0.3,93.4,2396,-4.6,-17.3,14.9,1.5,,,,,,,,0.3,90.4,2411,-23.2,-25.1,24.7,1.5,31.5,79.6,2819,12.1,-53.4,15.8,1.5,27,93.1,2200,-16.6,-22.8,19,1.3,40.8,88.2,2513,3.7,-29.5,7.2,1.5,,,,,,,,,,,,,,,,,,,,,,,,,,,,,,,,,,,,,,,,,,
"Santana, Ervin",429722,2021,38,38,65.1,277,18.8,7.9,0.277,0.532,0.328,0.369,8,4.5,43.8,24.7,48,36.8,30.8,27.4,5,R,1063,45.1,93.4,2178,-4.5,-17.2,14.9,1.3,51.6,84.4,2319,4.4,-36.5,5.4,2.5,3.3,87.2,1681,-8,-23,15.4,2,,,,,,,,,,,,,,,,,,,,,,,,,,,,,,,,,,,,,,,,,,,,,,,,,,,,,,,,,,,,,,,
"Suarez, José",660761,2021,23,23,98.1,413,20.6,8.7,0.257,0.392,0.299,0.318,5.9,7.3,35.1,25.8,47,48.6,22.6,22.6,6.3,L,1573,40.7,92.9,2191,9.1,-16.9,17.5,1.3,,,,,,,,28.6,82.3,1593,7.8,-31.6,11.8,1.3,23.7,78.3,2758,-10.5,-51.6,12.8,1.8,7,91.3,2031,15.4,-23.2,18.2,1.4,,,,,,,,,,,,,,,,,,,,,,,,,,,,,,,,,,,,,,,,,,,,,,,,,
"Cishek, Steve",518553,2021,35,74,68.1,308,20.8,13.3,0.212,0.319,0.299,0.295,5.6,7.6,32.7,20.1,41.6,50.8,21.8,18.3,9.1,R,1234,19.4,89.7,2385,-11,-23.2,15.6,1.4,39,77.5,2376,16.5,-50,17.1,1.4,0.2,82.3,1720,-17.2,-41.1,17.3,1.5,,,,,,,,41.3,90.2,2306,-17.7,-29,18.5,1.4,,,,,,,,,,,,,,,,,,,,,,,,,,,,,,,,,,,,,,,,,,,,,,,,,
"Barnes, Jacob",606930,2021,31,29,28.2,128,25.8,8.6,0.229,0.436,0.359,0.319,3.6,4.8,39.8,27.4,47.4,44.6,27.7,21.7,6,R,570,54.7,94.8,2396,-2.7,-11.9,19,1.5,0.9,84.4,2158,7.5,-37.9,7.6,1.4,7.4,87.2,1091,-6.2,-26,13,1.5,,,,,,,,,,,,,,,37,88.7,2319,5.3,-27.6,9.5,2,,,,,,,,,,,,,,,,,,,,,,,,,,,,,,,,,,,,,,,,,,
"Abbott, Cory",676265,2021,25,7,17.1,82,14.6,13.4,0.266,0.554,0.426,0.391,5.1,1.7,44.1,20.1,45.2,39,32.2,20.3,8.5,R,352,59.1,92.6,2320,-9.6,-14.9,19.9,1.1,17.9,87.7,2201,-6.7,-31.9,8,1.2,6.3,86.7,2125,-14,-24.4,18.7,1.4,16.8,84.1,2439,5.7,-48.9,11.7,1.4,,,,,,,,,,,,,,,,,,,,,,,,,,,,,,,,,,,,,,,,,,,,,,,,,,,,,,,,
"Albers, Andrew",452027,2021,35,5,19,89,13.5,10.1,0.352,0.668,0.446,0.457,9,4.5,47.8,12.7,43,34.3,20.9,32.8,11.9,L,365,31.8,88.4,2187,7.5,-16.4,20.3,1.4,14.8,78.1,2299,-2.6,-46,3.9,1.6,14.5,80,1407,12.7,-35.1,15.1,1.3,6.8,68.8,2260,-8.3,-67.8,13.1,1.5,32.1,88.3,2038,13.3,-20.1,20.2,1.6,,,,,,,,,,,,,,,,,,,,,,,,,,,,,,,,,,,,,,,,,,,,,,,,,
"Woodruff, Brandon",605540,2021,28,30,179.1,708,29.8,6.1,0.226,0.353,0.252,0.279,5.4,7.2,32.7,28.2,51.1,43.4,22.6,27.5,6.5,R,2810,33.7,96.5,2356,-6.3,-12.7,17.9,1.2,8.6,86.5,2553,3.8,-39.2,5.4,1.4,14.2,86.5,1906,-14.7,-29.7,16.4,1.4,16.8,83.8,2644,4.5,-51.2,13.2,1.8,26.7,96.2,2288,-14,-16.8,19,1.2,,,,,,,,,,,,,,,,,,,,,,,,,,,,,,,,,,,,,,,,,,,,,,,,,
"Williams, Devin",642207,2021,26,58,54,226,38.5,12.4,0.175,0.274,0.268,0.259,3.7,4.6,28.4,42.8,46.3,45.9,27.5,19.3,7.3,R,993,34.7,95.4,2255,-13.1,-15.2,20,1.2,1.4,82.4,2229,7.3,-37.3,9.7,1.7,63.8,83.7,2818,-17,-43.4,17.7,1.4,,,,,,,,,,,,,,,,,,,,,,,,,,,,,,,,,,,,,,,,,,,,,,,,,,,,,,,,,,,,,,,
"Smith, Will",519293,2021,31,71,68,283,30.7,9.9,0.196,0.352,0.297,0.284,11,3.1,41.1,33,47.7,31.3,29.4,27.6,11.7,L,1079,47.3,92.8,2240,7.1,-14.5,18.9,1.2,41.1,82.2,2321,-5.9,-37.2,7.5,1.3,,,,,,,,11.6,77.7,2078,-8.8,-52.9,11.7,1.6,,,,,,,,,,,,,,,,,,,,,,,,,,,,,,,,,,,,,,,,,,,,,,,,,,,,,,,,
"Hearn, Taylor",621368,2021,26,42,104.1,441,20.9,9.5,0.257,0.434,0.321,0.335,7.6,5.6,38.3,22.9,46.5,40.9,27.4,25.4,6.3,L,1726,46.2,95.1,2271,6.3,-13.6,18,1.6,19.9,84.3,2205,-5.1,-34,8.1,2.2,12.3,86.9,1730,11.2,-28.7,13.6,1.9,,,,,,,,21.3,93.8,2168,14.9,-20.3,18.5,1.6,0.2,89.6,2195,7.1,-23.5,13.7,1.7,,,,,,,,,,,,,,,,,,,,,,,,,,,,,,,,,,,,,,,,,,
"Pop, Zach",647315,2021,24,50,54.2,246,20.7,9.8,0.233,0.35,0.316,0.307,3.7,9.2,33.1,25.4,46.7,58.3,17.8,19,4.9,R,936,1.4,94.3,2048,-5.7,-20.9,11.5,1.4,32.1,85.8,2459,6.3,-38.3,7.1,2.2,,,,,,,,,,,,,,,66.3,95.4,2146,-16.1,-23.1,17.8,1.1,0.2,90.6,2521,4.5,-29.6,6.4,1.5,,,,,,,,,,,,,,,,,,,,,,,,,,,,,,,,,,,,,,,,,,
"Mayza, Tim",641835,2021,29,61,53,211,27,6.2,0.227,0.319,0.256,0.271,3.6,3.6,32.6,25.4,45.4,58,13.8,23.2,5.1,L,841,0.2,92.2,2025,9.3,-16.6,18.1,1.4,28.8,88,2177,-0.2,-31.5,4.2,1.6,,,,,,,,,,,,,,,71,94,2057,17,-22.1,19.3,1.3,,,,,,,,,,,,,,,,,,,,,,,,,,,,,,,,,,,,,,,,,,,,,,,,,
"Underwood Jr., Duane",621249,2021,26,43,72.2,320,20.3,8.4,0.276,0.443,0.333,0.344,6.7,4,42.9,23.8,45.4,44.2,24.1,25.9,5.8,R,1177,36.1,94.1,2170,-8.4,-15.4,17.7,1.4,0.8,85.2,2279,5.6,-35.6,6.2,1.4,27.3,87.8,1609,-14.5,-28.1,16.5,1.5,24.9,80.6,2388,8.5,-53.3,14.1,2,10.1,93.3,2031,-14.2,-20.6,18,1.4,0.8,90.1,2140,-0.8,-24.2,9.8,1.5,,,,,,,,,,,,,,,,,,,,,,,,,,,,,,,,,,,,,,,,,,
"Gilbert, Logan",669302,2021,24,24,119.1,503,25.4,5.6,0.242,0.428,0.305,0.31,8.8,3.2,44.6,27.1,50.9,33.4,32.8,25.8,7.9,R,2125,61.5,95.3,2200,-5.4,-12.1,19,1.3,23.6,83.4,2276,6.5,-35,8.6,2.5,7.7,79.9,1555,-14.2,-37.8,15.3,2.3,7.2,75,2117,5.1,-56.7,10,2.2,,,,,,,,,,,,,,,,,,,,,,,,,,,,,,,,,,,,,,,,,,,,,,,,,,,,,,,,
"Anderson, Brett",474463,2021,33,24,96,409,14.2,6.8,0.298,0.472,0.328,0.362,5.9,5.6,47,16.4,41.6,58.9,15.6,23.7,1.9,L,1508,0.6,88.6,1898,7.3,-21.4,15.1,1.5,7.4,81.7,2324,-4,-46.3,7.9,1.6,25.7,82.2,1431,13.8,-32.9,15.9,1.6,13.1,76,2328,-5.9,-59.8,13.9,1.7,45.1,89.1,1706,14.5,-24.8,17.6,1.4,8.2,85.7,2036,-0.6,-27.3,9.9,1.7,,,,,,,,,,,,,,,,,,,,,,,,,,,,,,,,,,,,,,,,,,
"Strickland, Hunter",519326,2021,32,57,58.2,242,24,9.1,0.214,0.396,0.292,0.3,3.8,4.4,29.4,27.3,49.3,35,28.7,22.5,13.8,R,980,51.3,94.9,2365,-3.4,-16.5,14.5,1.3,40.8,83.8,2769,10,-39.4,10.3,1.7,2,89.3,1875,-14.3,-24.6,17.4,1.4,,,,,,,,5.8,93.7,2240,-13.5,-22.5,16.3,1.4,,,,,,,,,,,,,,,,,,,,,,,,,,,,,,,,,,,,,,,,,,,,,,,,,
"Williams, Trevor",592866,2021,29,23,91,405,22.2,7.7,0.262,0.418,0.348,0.324,5.7,5.7,37.9,23.9,48.9,47.1,21.1,27.1,4.6,R,1537,48.3,91.5,2221,-3.9,-19.9,13.4,1.5,20.6,83,2238,6.5,-38.5,6.9,1.7,10,84.3,1771,-13.7,-32.9,14.9,1.3,9,77.7,2239,9.7,-48.5,10.5,1.3,12.1,89.2,1952,-13,-28.7,14.5,1.5,,,,,,,,,,,,,,,,,,,,,,,,,,,,,,,,,,,,,,,,,,,,,,,,,
"Fleming, Josh",676596,2021,25,26,104.1,448,14.5,6.9,0.277,0.433,0.313,0.33,2.9,6.6,35,19.4,49.4,56.4,17.8,22.9,2.9,L,1629,0.5,91,1842,12.3,-18.1,19.7,1.5,,,,,,,,22,81.8,1603,13.5,-40.8,13.8,1.2,4.7,78.6,1794,-8.2,-46.5,8.8,1.6,45.7,91.2,1789,18.3,-29.3,18.8,1.2,27,86.3,1853,0.5,-29.9,7.1,1.3,,,,,,,,,,,,,,,,,,,,,,,,,,,,,,,,,,,,,,,,,,
"Suero, Wander",593833,2021,29,45,42.2,190,23.2,7.9,0.267,0.492,0.361,0.354,9.4,4.7,43.3,25.5,49.5,33.1,26.8,26.8,13.4,R,761,,,,,,,,,,,,,,,15.8,87,2127,-11.9,-30.3,13.5,2.1,8.4,78.8,2677,9.6,-55.5,15.1,1.4,,,,,,,,75.8,92,2522,1.6,-18.5,14,1.5,,,,,,,,,,,,,,,,,,,,,,,,,,,,,,,,,,,,,,,,,,
"Sheffield, Justus",656954,2021,25,21,80.1,385,16.4,11.2,0.302,0.53,0.39,0.396,4.4,2.9,47.1,19.8,44.3,47.1,22.6,26.3,4,L,1470,0.7,93.3,2060,7.1,-19.4,14.1,1.4,32.1,81.7,2570,-7.5,-43.5,8.3,1.5,20.8,85.8,1760,12.6,-33.6,13.3,1.7,,,,,,,,46.3,92.3,2034,14.9,-24.1,17,1.2,,,,,,,,,,,,,,,,,,,,,,,,,,,,,,,,,,,,,,,,,,,,,,,,,
"Wright Jr., Mike",605541,2021,31,13,18,81,13.6,13.6,0.257,0.409,0.333,0.362,1.8,5.3,35.1,18.7,42.8,47.4,29.8,19.3,3.5,R,325,38.5,91.9,2223,-5.3,-17,16.4,1.8,30.2,85.8,2247,4.6,-35.1,5.4,2.1,9.2,77,1548,-16.3,-42.8,16.8,2,,,,,,,,22.2,90.1,2059,-15.6,-26,17.6,1.9,,,,,,,,,,,,,,,,,,,,,,,,,,,,,,,,,,,,,,,,,,,,,,,,,
"Espino, Paolo",502179,2021,34,35,109.2,455,20.2,5.5,0.27,0.482,0.319,0.336,5,5.9,43.3,19.9,46.1,37.7,29.1,24,9.2,R,1735,55.2,89,2216,-3.5,-15.4,19.6,1.2,0.3,79.5,2571,9.8,-37,12,1.5,4.1,83.7,1372,-12,-34.1,13.1,1.4,24.2,71.1,2984,12.9,-74,22.8,1.3,,,,,,,,,,,,,,,,,,,,,,,,,,,,,16.1,77.5,2696,18.2,-43.6,18.7,1.4,,,,,,,,,,,,,,,,,,,,,
"Quantrill, Cal",615698,2021,26,40,149.2,616,19.6,7.6,0.244,0.387,0.296,0.308,4.8,5.9,34.5,21.9,47,44.2,23.9,24.6,7.3,R,2263,14.7,94.4,2163,-8.5,-14.5,18.2,1,4.7,86.7,2309,3.7,-34.6,4.7,1.5,14,85,1354,-10.8,-28.3,14.6,1.5,4.2,81.3,2353,3.9,-43.2,5.1,1.9,36.5,94.3,2087,-13.3,-16.6,19.5,1,25.9,88.4,2207,2.6,-28.5,7,1.4,,,,,,,,,,,,,,,,,,,,,,,,,,,,,,,,,,,,,,,,,,
"Rodríguez, Joely",570257,2021,29,52,46.1,207,22.7,8.7,0.245,0.357,0.32,0.299,5.7,9.3,35.8,31.3,47.4,60,13.6,21.4,5,L,761,15.6,93.9,2059,12.2,-19.6,17,1.1,3.8,85.7,2160,-3.1,-37.8,4.1,1.5,37.6,88.4,1121,11.2,-34.8,11.6,1.1,,,,,,,,43,94.1,1996,17.9,-25.1,19,1.1,,,,,,,,,,,,,,,,,,,,,,,,,,,,,,,,,,,,,,,,,,,,,,,,,
"Romano, Jordan",605447,2021,28,62,63,253,33.6,9.9,0.173,0.296,0.257,0.25,4.2,5.6,33.8,31.8,49.8,47.2,26.1,15.5,11.3,R,1031,62.3,97.6,2390,-5.3,-10.7,19.1,1.5,36.8,88.4,2222,3.4,-35.7,4.8,1.8,,,,,,,,,,,,,,,1,97.8,2486,-11.9,-11,21.5,1.5,,,,,,,,,,,,,,,,,,,,,,,,,,,,,,,,,,,,,,,,,,,,,,,,,
"Sawamura, Hirokazu",617228,2021,33,55,53,232,26.3,13.4,0.22,0.4,0.324,0.316,3.6,5.1,42.8,35,46.9,51.4,22.5,18.8,7.2,R,944,45.4,96,2115,-8.3,-13.2,18.5,1.1,15.3,86.3,2291,4.2,-30.8,8.2,1.4,,,,,,,,,,,,,,,,,,,,,,,,,,,,,39.3,91.6,1358,-7.3,-28.6,8.7,1.6,,,,,,,,,,,,,,,,,,,,,,,,,,,,,,,,,,,
"Webb, Jacob",657097,2021,27,34,34.1,153,21.6,9.2,0.249,0.401,0.332,0.306,5.7,5.7,29.5,31,53.9,36.2,30.5,30.5,2.9,R,568,44.5,94.1,2415,-12.2,-14.6,20.4,0.9,,,,,,,,46.1,83.6,2260,-16.8,-31.1,18.8,1,9.3,81.2,2599,6,-54.4,14.1,1.2,,,,,,,,,,,,,,,,,,,,,,,,,,,,,,,,,,,,,,,,,,,,,,,,,,,,,,,,
"Díaz, Miguel",622766,2021,26,25,42,172,26.7,11,0.253,0.46,0.312,0.345,10.3,3.7,43.9,20.7,43,42.1,25.2,28,4.7,R,695,45.5,94.4,2187,-12.8,-15.7,19.9,1.3,1.9,87.9,2247,2.7,-30.2,6.6,1.6,51.9,86,1759,-17.3,-33.6,17.8,1.8,,,,,,,,0.7,95.1,2237,-18.3,-16.4,23.1,1.4,,,,,,,,,,,,,,,,,,,,,,,,,,,,,,,,,,,,,,,,,,,,,,,,,
"LeBlanc, Wade",453281,2021,36,18,49,221,13.1,7.7,0.291,0.487,0.353,0.361,7,4.7,36.8,20.5,46.7,37.4,25.7,28.7,8.2,L,794,15,87.5,1994,7.8,-19.9,17.8,1.6,,,,,,,,22.3,79.5,1498,13.9,-36.1,15.8,1.6,10.8,73.3,2321,-12.6,-56.9,14,1.5,23.9,87.6,1893,15,-25,18.4,1.4,28,85,2026,-0.1,-27.2,10.6,1.5,,,,,,,,,,,,,,,,,,,,,,,,,,,,,,,,,,,,,,,,,,
"Dunn, Justin",643290,2021,25,11,50.1,218,22.5,13.3,0.229,0.425,0.295,0.339,9.6,2.9,37.5,24.8,46.9,33.8,38.2,16.9,11,R,870,51.7,93.7,2357,-9.6,-12.5,21.1,1.1,14.8,84,2499,7,-39.9,7.6,1.5,1.3,89.5,1922,-13.9,-21.7,19.1,1.4,32.2,80.2,2502,16.6,-42.7,16.9,1.5,,,,,,,,,,,,,,,,,,,,,,,,,,,,,,,,,,,,,,,,,,,,,,,,,,,,,,,,
"Kintzler, Brandon",445213,2021,36,29,29.2,141,15.6,5.7,0.315,0.519,0.402,0.376,6.4,2.7,48.2,15.8,45.9,58.2,14.5,24.5,2.7,R,510,0.6,92.2,1929,-10.2,-18.3,17.4,1.4,13.9,85.4,2350,1,-33.8,4.3,1.6,11,86.8,2176,-17.2,-25.6,20.4,1.4,,,,,,,,74.5,92,1969,-16,-21.6,19.3,1.3,,,,,,,,,,,,,,,,,,,,,,,,,,,,,,,,,,,,,,,,,,,,,,,,,
"Bednar, David",670280,2021,26,61,60.2,237,32.5,8,0.188,0.304,0.249,0.246,5.7,4.3,31.4,32.6,53.5,42.1,25.7,23.6,8.6,R,934,55.8,96.7,2290,-8.9,-12.7,18.9,1.2,,,,,,,,,,,,,,,23.6,77.5,2458,9.2,-58,15.4,1.4,,,,,,,,,,,,,,,20.7,89.6,1595,-3.1,-29.2,6.3,1.5,,,,,,,,,,,,,,,,,,,,,,,,,,,,,,,,,,,
"Farmer, Buck",571656,2021,30,36,35.1,171,21.6,12.3,0.27,0.502,0.38,0.379,7.4,0.9,45.4,26,45,37,32.4,24.1,6.5,R,726,47.4,94,2283,-11.7,-15.4,19.6,1.1,26.7,82.5,2677,2,-39.1,2.8,1.2,24.8,87.7,1603,-15,-32.2,15.8,1.1,,,,,,,,1.1,90.1,1868,-14.8,-27,16.5,1.6,,,,,,,,,,,,,,,,,,,,,,,,,,,,,,,,,,,,,,,,,,,,,,,,,
"Adams, Austin",613534,2021,30,65,52.2,241,31.5,14.5,0.164,0.263,0.297,0.311,7.5,3.8,24.5,34.2,40.4,35.8,34,21.7,8.5,R,962,12.9,94.1,2571,-8.7,-21.9,13.1,1.1,87.1,86.9,2836,10,-35.3,10.5,1.4,,,,,,,,,,,,,,,,,,,,,,,,,,,,,,,,,,,,,,,,,,,,,,,,,,,,,,,,,,,,,,,,,,,,,,
"Bard, Daniel",453268,2021,36,67,65.2,304,26.3,11.8,0.235,0.356,0.35,0.315,5.5,5.5,39.8,30,46.3,42.5,22.1,27.1,8.3,R,1216,33.8,97.5,2731,-9.4,-18.5,13.9,1.3,46.1,87.1,2910,9.3,-33.2,10,2,5.4,89.8,2145,-15.9,-32.4,16.2,1.3,,,,,,,,14.6,97.3,2586,-14.5,-23.3,15.8,1.3,,,,,,,,,,,,,,,,,,,,,,,,,,,,,,,,,,,,,,,,,,,,,,,,,
"Anderson, Shaun",641312,2021,26,16,23.1,124,15.3,9.7,0.267,0.438,0.391,0.34,6.6,1.1,44,27.1,48.1,41.8,26.4,22,9.9,R,437,33.2,93.2,2528,0.5,-17.9,13.7,1.5,61.1,86.8,2756,6.9,-34.8,7.4,1.5,1.4,86.4,1334,-11.4,-29.4,15.4,1.5,1.6,82.6,2668,6.5,-51.2,12.7,1.5,2.7,93.5,2359,-10.1,-19.6,15.6,1.5,,,,,,,,,,,,,,,,,,,,,,,,,,,,,,,,,,,,,,,,,,,,,,,,,
"Rogers, Josh",642028,2021,26,6,35.2,151,14.6,9.3,0.266,0.492,0.326,0.357,8,4.4,42.5,18.3,48.2,31.9,32.7,26.5,8.8,L,533,50.7,90.5,2078,11.4,-17.8,19.5,1.3,35.1,82.1,2172,-2.3,-38.6,4,2.2,12.9,82.3,1442,12.8,-33,15,2.4,0.6,75.2,2080,-4,-49.8,4.8,1.5,0.8,89.2,2053,17.3,-25.2,19.6,1.4,,,,,,,,,,,,,,,,,,,,,,,,,,,,,,,,,,,,,,,,,,,,,,,,,
"Ynoa, Huascar",660623,2021,23,18,91,372,26.9,6.7,0.249,0.429,0.299,0.317,7,4.9,43.6,28.6,47.6,49,20.6,25.5,4.9,R,1482,44.7,96.5,2147,-8.2,-12.7,18.8,1.7,48.2,85.1,2425,2.4,-41.7,5.1,1.4,6.6,88.5,1785,-14.2,-25.3,17.3,1.5,,,,,,,,0.5,95.6,2093,-16.5,-15.3,22.2,1.4,,,,,,,,,,,,,,,,,,,,,,,,,,,,,,,,,,,,,,,,,,,,,,,,,
"Bassitt, Chris",605135,2021,32,27,157.1,637,25,6.1,0.227,0.362,0.274,0.286,4.7,3.5,33.2,23.8,47.7,42.1,26.9,24.5,6.5,R,2381,19.3,93.2,2170,-7.7,-16.9,16.6,1.4,2.4,82.8,2255,6.2,-37.6,7.1,1.9,10.2,85.3,1958,-17.9,-29.9,19.7,1.3,6.5,71.7,2328,13.5,-67.4,19.3,1.5,35.7,92.7,2115,-16.5,-21.7,19.5,1.3,18.1,88.8,2222,0.7,-25,9.9,1.7,,,,,,,,,,,,,,,7.9,75.2,2355,18.3,-48.5,18.6,1.7,,,,,,,,,,,,,,,,,,,,,
"Eflin, Zach",621107,2021,27,18,105.2,442,22.4,3.6,0.257,0.415,0.325,0.302,6.8,4.6,39.2,22.6,49.9,43.5,24.7,25.3,6.5,R,1615,12.4,93.1,2149,-10.2,-17.6,17.4,1.3,24.1,87.6,2128,2,-26.5,9.7,2.2,10.7,85.3,1693,-14.5,-30.7,16.2,1.6,10.8,77.6,2253,10.5,-51.3,12.3,1.4,41.6,92.4,2033,-16.9,-24.5,18.6,1.4,0.4,89.6,2077,-3.3,-22,12.5,1.5,,,,,,,,,,,,,,,,,,,,,,,,,,,,,,,,,,,,,,,,,,
"Maton III, Phil",664208,2021,28,65,66.2,297,28.6,10.8,0.208,0.341,0.335,0.294,6.3,3.4,32.8,34.8,49.2,39.7,28.2,27,5.2,R,1174,48,91.5,2486,0.8,-19.1,13.5,1.2,14.3,82.3,2878,15,-47.5,16.8,1.7,,,,,,,,24.2,76,2991,19,-57.6,21.4,1.5,,,,,,,,8.3,88.6,2543,5.5,-30.6,8.3,2,,,,,,,,,,,,,,,5.2,81.4,2729,16.8,-40.1,17.2,1.5,,,,,,,,,,,,,,,,,,,,,
"Brothers, Rex",571521,2021,33,57,53,236,31.8,14.8,0.238,0.435,0.327,0.351,7.5,0.8,45,33.9,43.4,35,33.3,26.7,5,L,998,65.5,94.5,2107,8.6,-13.7,19.1,1.4,34.5,86.2,2090,-1,-35.6,2.7,1.8,,,,,,,,,,,,,,,,,,,,,,,,,,,,,,,,,,,,,,,,,,,,,,,,,,,,,,,,,,,,,,,,,,,,,,
"Márquez, Germán",608566,2021,26,32,180,756,23.3,8.5,0.25,0.39,0.303,0.31,5.9,5.9,39.3,27,47.8,52.8,20.5,23.7,2.9,R,2788,45.5,94.8,2078,-6,-18.6,13.2,1.5,26.9,86.2,2420,1.5,-34.9,3.3,1.8,2.1,86.1,1670,-10.8,-29.1,13.7,1.8,18.2,85.2,2683,4,-40.3,5.7,2,7.4,94,2057,-12.5,-21.6,15.7,1.5,,,,,,,,,,,,,,,,,,,,,,,,,,,,,,,,,,,,,,,,,,,,,,,,,
"Rogers, Tyler",643511,2021,30,80,81,326,16.9,4,0.234,0.303,0.269,0.262,2.8,7.5,32,16.5,51,58.1,17,19.4,5.5,R,1129,3.7,82.8,1885,-8.8,-45.2,10.4,1.3,42.8,71.8,2240,13.1,-40.1,19.3,1.2,,,,,,,,,,,,,,,53.5,82.7,1854,-1.2,-54.1,13.7,1.2,,,,,,,,,,,,,,,,,,,,,,,,,,,,,,,,,,,,,,,,,,,,,,,,,
"Turnbull, Spencer",605513,2021,28,9,50,201,21.9,6,0.206,0.322,0.25,0.269,10.7,5,33.6,23.3,49.3,58.6,14.3,20.7,6.4,R,775,38.6,93.8,2497,-2.5,-18.6,12.8,1.4,24.5,85.3,2523,7.6,-38,8,1.5,7.5,87.1,1850,-18.7,-34.5,18.9,1.5,7.5,79.8,2622,11.9,-56.2,17.5,2,21.9,94.9,2236,-17.1,-23.5,18.6,1.4,,,,,,,,,,,,,,,,,,,,,,,,,,,,,,,,,,,,,,,,,,,,,,,,,
"Burnes, Corbin",669203,2021,26,28,167,657,35.6,5.2,0.18,0.256,0.232,0.219,4.7,5.2,30.5,36.5,49.2,50.1,22.2,21.9,5.7,R,2594,1.6,96.4,2607,-5.7,-15.4,15.1,1.4,9.2,88,2861,7.6,-35.3,8.2,1.6,9.6,90.7,1873,-13.9,-25.9,16.1,1.3,18.3,81.2,2867,11.3,-49.3,14,1.5,9.1,96.9,2556,-11.9,-17.1,17.1,1.2,52.2,95.2,2767,4.2,-18.7,12.2,1.3,,,,,,,,,,,,,,,,,,,,,,,,,,,,,,,,,,,,,,,,,,
"Morgan, Eli",669212,2021,25,18,89.1,379,21.4,5.8,0.263,0.507,0.343,0.349,10.7,4.4,42.6,22.8,50.5,30.7,35.6,25.6,8.1,R,1414,48.7,90.5,2222,-11.4,-16.1,20.8,1.5,23.6,85.2,2327,2.9,-30.4,8.1,1.8,23.1,74.8,2016,-14.5,-43.9,15.7,1.6,3.8,76.2,2327,7.8,-55.6,11.8,1.9,,,,,,,,0.9,86.6,2072,-5,-19,18.4,1.5,,,,,,,,,,,,,,,,,,,,,,,,,,,,,,,,,,,,,,,,,,
"de Geus, Brett",676969,2021,23,47,50,238,17.2,10.5,0.285,0.429,0.379,0.36,4.9,1.8,38.4,17.8,43.2,52.4,20.1,25.6,1.8,R,911,0.5,91.9,2116,-9.8,-27,11.8,1.5,,,,,,,,0.4,86.7,1488,-12.6,-30.7,13.9,1.4,19.1,82.3,2349,9.3,-52.3,15.1,1.5,55.1,93.8,2054,-16.1,-24.7,17.5,1.2,24.8,88.4,2104,-1.1,-29,6.5,1.4,,,,,,,,,,,,,,,,,,,,,,,,,,,,,,,,,,,,,,,,,,
"Hudson, Daniel",543339,2021,34,54,51.2,210,35.7,7.6,0.199,0.399,0.284,0.281,5,5,43.7,34.4,52.1,29.4,40.3,23.5,6.7,R,865,68.2,97,2313,-10.3,-12.7,19.6,1,28.8,88.2,2434,2.3,-30.5,5.9,1.4,2.8,87.8,2283,-17.6,-25.6,20.4,1.3,,,,,,,,0.2,96.7,2398,-17.6,-13.8,23.8,1.4,,,,,,,,,,,,,,,,,,,,,,,,,,,,,,,,,,,,,,,,,,,,,,,,,
"Cole, Gerrit",543037,2021,30,30,181.1,726,33.5,5.6,0.209,0.369,0.276,0.274,3.9,3.6,38.6,31.9,48.9,42.7,28.2,22.5,6.6,R,2969,47.1,97.7,2452,-12,-10.9,21.7,1.4,22.2,88.4,2600,5.3,-34.4,6,1.5,14.2,89.8,1719,-15.8,-24,18.9,1.5,15.7,83.4,2800,10.5,-51.6,16.1,1.7,0.8,97.7,2375,-16.8,-14.3,22.3,1.5,,,,,,,,,,,,,,,,,,,,,,,,,,,,,,,,,,,,,,,,,,,,,,,,,
"Ober, Bailey",641927,2021,25,20,92.1,379,25.3,5,0.251,0.46,0.33,0.326,12.2,5.3,42.2,24.6,50.4,34.2,34.2,22.4,9.1,R,1476,58,92.3,2177,-6.4,-16.2,17.2,1.2,18.4,81.5,2158,8.6,-39.8,9.4,2.4,13,84.7,1862,-15.8,-29.5,18.1,1.5,10.6,75,2302,10.3,-60.8,15.9,1.9,,,,,,,,0.1,84.7,2210,3.5,-34.4,4.7,,,,,,,,,,,,,,,,,,,,,,,,,,,,,,,,,,,,,,,,,,,
"Morgan, Adam",605388,2021,31,34,25.1,108,25.9,11.1,0.204,0.391,0.348,0.307,10.4,6,40.3,32.8,44.8,47.8,29.9,16.4,6,L,442,14,93,2300,11.2,-18.4,17.4,1.4,47.1,82.6,2792,-7,-37.2,8.1,1.4,7.5,85.2,1838,12.5,-28,15.8,1.3,10.6,78.8,2981,-9,-49.6,10.8,1.6,20.8,92.2,2294,16.5,-24.2,18.4,1.2,,,,,,,,,,,,,,,,,,,,,,,,,,,,,,,,,,,,,,,,,,,,,,,,,
"De Jong, Chase",608328,2021,27,9,43.2,196,19.9,9.7,0.274,0.56,0.391,0.382,11.7,3.6,46.7,22.2,47.1,31.4,35,27.7,5.8,R,775,48.8,92.9,2434,-2.6,-13.3,18.7,1.1,22.7,85.1,2443,3.7,-37.6,4.2,1.2,4.6,86.2,1840,-12.8,-27,16.3,1.5,23.6,77.8,2635,8,-57.4,14.6,1.3,0.3,93.3,2324,-8,-11.8,21.5,1.5,,,,,,,,,,,,,,,,,,,,,,,,,,,,,,,,,,,,,,,,,,,,,,,,,
"Ray, Robbie",592662,2021,29,32,193.1,773,32.1,6.7,0.219,0.398,0.287,0.293,6,2.6,43.1,32.3,52,37.3,29.4,23.7,9.6,L,3141,59.2,94.8,2272,8.2,-13.5,19.1,1.4,30.8,88.6,2186,-1,-27.6,7.6,1.6,3.6,88.2,1726,10.2,-21.8,17.1,1.7,6.1,82.5,2125,-1.3,-40.2,2.5,1.9,0.3,95.1,2293,13,-15.8,19.6,1.5,,,,,,,,,,,,,,,,,,,,,,,,,,,,,,,,,,,,,,,,,,,,,,,,,
"Plesac, Zach",668676,2021,26,25,142.2,598,16.7,5.7,0.255,0.455,0.314,0.325,6.6,3.1,43.4,23.1,51,44.7,27.9,22.1,5.3,R,2205,41.8,92.8,2047,-8.8,-14.7,19.2,1.5,23.1,86.7,2033,0.1,-27.5,8.9,1.9,24.2,85.7,1598,-12.3,-26.7,16.3,1.4,10.9,80.2,1882,1.7,-48.7,7,1.8,,,,,,,,,,,,,,,,,,,,,,,,,,,,,,,,,,,,,,,,,,,,,,,,,,,,,,,,
"Archer, Chris",502042,2021,32,6,19.1,83,25.3,9.6,0.265,0.524,0.316,0.366,13,0,50,29.3,45.9,31.5,35.2,25.9,7.4,R,327,45,92,2120,-5.9,-13.4,20.1,1.5,41.9,87.2,2432,5.4,-32.8,6.7,1.5,12.8,85.6,1868,-13.9,-27,17.5,1.4,0.3,83.9,2275,5.6,-35.4,6.4,,,,,,,,,,,,,,,,,,,,,,,,,,,,,,,,,,,,,,,,,,,,,,,,,,,,,,,,,
"Strasburg, Stephen",544931,2021,32,5,21.2,95,22.1,14.7,0.249,0.457,0.308,0.355,5.1,1.7,45.8,28.2,36.2,37.3,30.5,28.8,3.4,R,362,29.8,91.9,2079,-7.5,-16.6,17.7,1.5,,,,,,,,16,86.5,1556,-15.1,-33.2,15.7,1.5,30.1,79.4,2718,15.4,-51.9,17.6,1.6,24,91.7,2079,-15.5,-21.7,19,1.5,,,,,,,,,,,,,,,,,,,,,,,,,,,,,,,,,,,,,,,,,,,,,,,,,
"Webb, Logan",657277,2021,24,27,148.1,596,26.5,6,0.229,0.329,0.274,0.276,2.8,5.6,38.8,28.7,46.6,62.2,12.4,22.8,2.5,R,2214,9.8,93.2,2133,-8.4,-20.4,14,1.1,,,,,,,,23.6,86.2,1475,-8.9,-41.6,10.5,1.6,,,,,,,,37.8,92.8,1901,-15.2,-31.7,15.5,1.2,1.1,91.2,2277,-1.3,-26,7,1.3,,,,,,,,,,,,,,,27.7,82.4,2688,10.8,-41.9,11.2,1.3,,,,,,,,,,,,,,,,,,,,,
"Urías, Julio",628711,2021,24,32,185.2,745,26.2,5.1,0.219,0.36,0.266,0.272,5.3,8.1,30.3,24.1,51.3,42.4,28.9,20.8,7.9,L,2786,48.3,94.1,2499,3.8,-13.5,17.8,1.3,,,,,,,,17.3,86.8,1921,14.6,-28.9,16.4,1.5,,,,,,,,0.1,94.7,2481,10.2,-13.3,20,1.4,,,,,,,,,,,,,,,,,,,,,,,,,,,,,34.2,81.4,2885,-15.8,-42.3,16.1,1.8,,,,,,,,,,,,,,
"Diplán, Marcos",650959,2021,24,23,30,123,19.5,12.2,0.225,0.418,0.308,0.32,1.2,3.6,39.3,25.1,45.9,41.7,31,17.9,9.5,R,512,62.3,93.7,2246,-0.8,-14,17.4,1.4,0.2,83,2586,5.8,-40.2,5.8,,10.5,86,1588,-6.6,-27.1,12.1,1.5,27,81,2752,7.4,-49.5,10.9,1.5,,,,,,,,,,,,,,,,,,,,,,,,,,,,,,,,,,,,,,,,,,,,,,,,,,,,,,,,
"Ginkel, Kevin",656464,2021,27,32,28.1,129,24,10.9,0.248,0.461,0.383,0.35,2.4,7.3,36.6,24.9,45.5,42.7,29.3,22,6.1,R,556,59.4,94.7,2387,-10.6,-14.9,19.1,1.3,40.3,83.8,2276,4.2,-40.8,5.2,1.4,0.2,85,2143,-13.5,-23.7,19.9,,,,,,,,,0.2,84.6,1962,-17.1,-25.2,21.5,,,,,,,,,,,,,,,,,,,,,,,,,,,,,,,,,,,,,,,,,,,,,,,,,,
"Heuer, Codi",676051,2021,24,65,67.1,281,19.9,8.2,0.253,0.387,0.313,0.306,6.5,8.5,36.5,27.9,52,45.5,21.5,25,8,R,1049,56.1,95.9,2366,-14.4,-16.5,19.8,1.4,23.2,87.3,2079,2.7,-30.2,6.5,1.2,20.7,87.2,2267,-15.9,-27.2,18.4,1.3,,,,,,,,,,,,,,,,,,,,,,,,,,,,,,,,,,,,,,,,,,,,,,,,,,,,,,,,,,,,,,,
"Foster, Matt",641582,2021,26,37,39,174,23,7.5,0.276,0.506,0.346,0.362,8.4,1.7,44.5,23.7,49.1,29.4,40.3,24.4,5.9,R,729,63.5,93.6,2298,-6.6,-12.6,20,1.1,10.6,85.2,2274,3.6,-33,6.4,1.9,22.5,84.3,1726,-10.1,-25.6,16.6,1.6,,,,,,,,,,,,,,,3.4,90.5,2327,2.5,-18.7,15,1.5,,,,,,,,,,,,,,,,,,,,,,,,,,,,,,,,,,,,,,,,,,
"Borucki, Ryan",621366,2021,27,24,23.2,98,21.4,11.2,0.234,0.415,0.318,0.326,4.6,3.1,36.9,29.3,42.5,63.1,24.6,7.7,4.6,L,369,,,,,,,,32.8,86.2,2529,-2.9,-35.6,4,1.8,8.9,84,1884,13.8,-27.6,18,1.5,,,,,,,,58.3,95.3,2352,17.5,-19.3,20.8,1.4,,,,,,,,,,,,,,,,,,,,,,,,,,,,,,,,,,,,,,,,,,,,,,,,,
"Cabrera, Génesis",650893,2021,24,71,70,296,26,12.2,0.209,0.333,0.283,0.295,5.1,5.1,34.8,26.2,47.6,43.3,25.3,23,8.4,L,1195,44.9,97.6,2296,7.6,-10.5,19.9,1.3,,,,,,,,16.9,89.7,1766,12.2,-22.4,16.9,2.1,18.9,80.9,2435,-7,-54.1,14.3,1.4,19.2,97.7,2233,13,-13.7,19.9,1.4,,,,,,,,,,,,,,,,,,,,,,,,,,,,,,,,,,,,,,,,,,,,,,,,,
"Springs, Jeffrey",605488,2021,28,43,44.2,179,35.2,7.8,0.209,0.378,0.302,0.281,5.9,5.9,36.3,36.2,46.7,35.3,29.4,26.5,8.8,L,751,41.9,93.4,2284,10.9,-13.5,21.2,1,30.2,82.9,2308,-3.8,-42.5,5.1,1.6,27.8,84,1476,12.6,-27.8,17.1,1.2,,,,,,,,,,,,,,,,,,,,,,,,,,,,,,,,,,,,,,,,,,,,,,,,,,,,,,,,,,,,,,,
"Minter, A.J.",621345,2021,27,61,52.1,221,25.8,9,0.212,0.318,0.282,0.269,7.7,6.3,35.2,31.3,49.5,47.9,22.5,21.8,7.7,L,876,42.5,96.1,2349,6.3,-13,17.9,1,,,,,,,,13.4,87.2,1723,16.6,-32.9,17,1.4,,,,,,,,,,,,,,,44.2,89,2542,-5.1,-30.3,6.9,1.3,,,,,,,,,,,,,,,,,,,,,,,,,,,,,,,,,,,,,,,,,,
"Ryu, Hyun Jin",547943,2021,34,31,169,701,20.4,5.3,0.264,0.439,0.313,0.322,4.8,4.2,41.6,22.6,47.5,47.2,22.9,24.3,5.6,L,2689,35.3,89.9,1944,11.9,-20.9,17.8,1.7,0.5,79.8,2059,-3.1,-42.1,5.2,1.5,25.4,79.9,1511,14,-36.2,15.9,2.2,12.6,73.9,2512,-11.7,-64.2,18,2.2,0.8,89.3,1910,19.6,-24.4,22.4,2.1,25.4,86.3,1997,0.4,-28.2,9,1.9,,,,,,,,,,,,,,,,,,,,,,,,,,,,,,,,,,,,,,,,,,
"Banda, Anthony",607455,2021,27,30,33.2,153,20.9,8.5,0.231,0.364,0.353,0.292,5.7,1.9,36.8,25.8,48.9,38.7,25.5,27.4,8.5,L,610,47.9,94.1,2109,11.3,-15.2,19.4,1.2,0.3,80.3,2036,-7.5,-46.7,8.8,1.5,37.2,86.2,1780,15,-30.6,16.5,1.6,13.6,81,2046,-8.8,-49.3,12,1.4,,,,,,,,1,85.5,2171,0.6,-34.2,3.7,1.4,,,,,,,,,,,,,,,,,,,,,,,,,,,,,,,,,,,,,,,,,,
"Lyles, Jordan",543475,2021,30,32,180,769,19,7.3,0.275,0.482,0.354,0.351,6.6,5.4,41.6,23.5,48.2,38.8,29.5,25,6.8,R,2964,39.4,93,2278,-7,-13.6,19.5,1.1,9.2,84.9,2705,5.9,-37.6,6.5,1.3,7.3,86.4,1595,-13.7,-27.4,16.9,1.7,18.2,80.3,2619,6.9,-57.4,16.3,1.4,9,91.6,2200,-13.4,-20.2,18.3,1.2,2.8,86.3,2541,5.6,-35,6.3,1.4,,,,,,,,,,,,,,,14.2,82.3,2638,12.9,-40.1,13.4,1.5,,,,,,,,,,,,,,,,,,,,,
"Boyd, Matthew",571510,2021,30,15,78.2,337,19.9,6.8,0.244,0.409,0.311,0.314,6.3,5.4,36.3,22.7,50.9,39.6,29.2,21.3,10,L,1273,41.9,92,2333,10.7,-17.2,18.7,1.3,22.4,80.4,2368,-3.3,-44.1,5.1,2,22.5,79.9,1858,16.2,-37,17.5,1.3,7.6,73.4,2554,-12.5,-67.5,20.3,1.8,5.6,90.9,2292,16.5,-22.1,20,1.9,,,,,,,,,,,,,,,,,,,,,,,,,,,,,,,,,,,,,,,,,,,,,,,,,
"Payamps, Joel",606303,2021,27,37,50.1,205,18.5,6.8,0.215,0.337,0.286,0.266,3.3,7.2,30.3,22.8,48.9,45.4,26.3,18.4,9.9,R,825,40.8,94.8,2433,-9,-14,18.8,1.3,29.6,81.6,2574,9.3,-42.2,9.8,2.3,9.8,87,2044,-16,-30.3,17.3,1.8,,,,,,,,19.8,94.4,2268,-15.9,-20,19.3,1.4,,,,,,,,,,,,,,,,,,,,,,,,,,,,,,,,,,,,,,,,,,,,,,,,,
"Gutierrez, Vladimir",661269,2021,25,22,114,496,17.7,9.3,0.251,0.42,0.345,0.327,6.4,5.3,38.7,23.2,46.4,44.8,29.1,19.3,6.7,R,1831,47.2,93.2,2167,-10.3,-16.6,18.2,1.3,22.8,83.3,2448,9.5,-37.4,10.4,1.7,12.2,81.4,1660,-12.8,-32,16,1.9,17.6,77.6,2571,15,-53.2,17,1.7,0.2,92.9,2307,-16.5,-12.2,26,1.4,,,,,,,,,,,,,,,,,,,,,,,,,,,,,,,,,,,,,,,,,,,,,,,,,
"Knehr, Reiss",663753,2021,24,12,29,129,15.5,15.5,0.262,0.463,0.315,0.37,11.5,4.6,47.1,21.9,47.2,35.6,33.3,25.3,5.7,R,513,54.6,93.5,2395,-6.2,-15.4,17.1,1.3,7.6,81.8,2233,2.9,-45.2,5.6,1.9,22.6,88.9,1847,-16.2,-29.9,17,1.4,,,,,,,,,,,,,,,15.2,88.5,2290,2.4,-29.2,6.4,1.4,,,,,,,,,,,,,,,,,,,,,,,,,,,,,,,,,,,,,,,,,,
"Kinley, Tyler",641755,2021,30,70,70.1,295,23.1,8.8,0.234,0.392,0.308,0.304,7,3,35.7,29.2,51.3,39.2,27.6,23.1,10.1,R,1142,43.1,95.9,2376,-3.9,-13.1,17.1,1.3,52.2,90.3,2619,0.7,-27.6,6.3,1.7,4,87.4,1722,-11,-24.1,16.2,1.7,0.4,86,2769,3.3,-43.9,8,1.5,0.3,95.8,2688,-10.1,-14.8,18.5,1.7,,,,,,,,,,,,,,,,,,,,,,,,,,,,,,,,,,,,,,,,,,,,,,,,,
"Glasnow, Tyler",607192,2021,27,14,88,340,36.2,7.9,0.188,0.332,0.246,0.258,6.3,2.1,46.8,37,49.1,45.3,25.8,22.6,6.3,R,1339,51.6,97,2424,-1.8,-11.9,17.5,1.5,32.3,87.5,2768,2.6,-40,5.6,1.9,2.5,91.5,1704,-12.2,-23.6,15.3,1.3,13.5,83.5,2997,4.6,-57.4,18.4,1.4,,,,,,,,,,,,,,,,,,,,,,,,,,,,,,,,,,,,,,,,,,,,,,,,,,,,,,,,
"Hernández, Darwinzon",650382,2021,24,48,40,182,29.7,17,0.208,0.335,0.32,0.324,3.3,5.4,38,31.8,40.5,45.7,19.6,26.1,8.7,L,754,73.1,94.8,2319,4.8,-17.2,14.2,1.2,20.6,83.5,2552,-6.9,-39,7.4,1.7,,,,,,,,5.4,79.5,2825,-15.3,-51.7,17.5,1.5,0.9,95.2,2297,12.6,-18.1,17.6,1.5,,,,,,,,,,,,,,,,,,,,,,,,,,,,,,,,,,,,,,,,,,,,,,,,,
"Chavez, Jesse",445926,2021,37,30,33.2,133,27.1,8.3,0.213,0.344,0.23,0.27,8.1,4.7,41.9,17.7,43.9,43,29.1,26.7,1.2,R,528,3.4,91.1,2068,-11.5,-23,15.2,1.2,9.7,82.5,2226,6.4,-37.4,7.4,1.4,9.8,84.6,1823,-15.9,-35.4,16.4,1.3,,,,,,,,35,91.2,2005,-16.2,-24.5,18.3,1.2,42,88.9,2248,-1.2,-21.9,12.8,1.3,,,,,,,,,,,,,,,,,,,,,,,,,,,,,,,,,,,,,,,,,,
"Garza Jr., Ralph",621248,2021,27,27,30.1,127,22.8,11,0.237,0.4,0.309,0.317,10.8,1.2,39.8,23.8,46,38.6,27.7,26.5,7.2,R,485,19,92.2,2195,-7.1,-16.7,17.1,1.2,31.1,76.7,2400,16.8,-41.1,18,1.5,8.5,83.9,1783,-15.6,-29.6,18.3,1.5,3.1,79.3,2487,7,-50.7,10.3,1.4,29.7,90.3,2133,-16.1,-33.1,16.2,1.2,8.7,89.8,2224,1.9,-22.2,12,1.5,,,,,,,,,,,,,,,,,,,,,,,,,,,,,,,,,,,,,,,,,,
"Cortes Jr., Nestor",641482,2021,26,22,93,374,27.5,6.7,0.214,0.372,0.285,0.281,6.1,5.3,36.1,23.6,48.3,29.1,35.7,25,10.2,L,1524,42.7,90.7,2223,5.6,-14.7,19.6,1.5,0.3,76,2398,-6.7,-44.5,7.9,1.5,9.6,82.9,1427,14.1,-34.1,15.4,1.9,,,,,,,,4.1,90.1,2201,11.7,-19.1,18.9,1.8,23.5,85.4,2352,-5.3,-30.8,8.8,1.8,,,,,,,,,,,,,,,19.8,77.5,2451,-14.6,-41.1,15.7,2,,,,,,,,,,,,,,,,,,,,,
"Claudio, Alex",592222,2021,29,41,32.2,148,20.3,10.1,0.262,0.426,0.358,0.332,7.8,1.9,40.8,25.8,42.9,51.5,18.4,28.2,1.9,L,587,14.3,85.4,1962,15.5,-31.9,16.7,2.4,27.1,75.6,2167,-6.8,-46.8,7.5,1.5,24.4,72.7,1886,18.7,-52,18.8,1.9,,,,,,,,34.2,85.3,1828,16.7,-41.3,17.2,1.1,,,,,,,,,,,,,,,,,,,,,,,,,,,,,,,,,,,,,,,,,,,,,,,,,
"Lakins Sr., Travis",664042,2021,27,24,28,123,19.5,13.8,0.245,0.432,0.308,0.344,3.7,2.5,32.1,25.7,44.3,40.7,27.2,23.5,8.6,R,501,35.3,93.4,2237,-4.6,-15.6,16.5,1.3,,,,,,,,6.2,87.9,1626,-14.2,-32.5,15.1,1.4,18.8,80.7,2721,12.2,-54.1,17.1,1.6,2,93.1,2123,-14.6,-23.1,17.1,1.4,37.7,91.3,2416,3.9,-23.6,10.2,1.3,,,,,,,,,,,,,,,,,,,,,,,,,,,,,,,,,,,,,,,,,,
"Bedrosian, Cam",592135,2021,29,26,25,116,19.8,14.7,0.265,0.477,0.371,0.373,5.3,3.9,42.1,24.1,46.2,36.8,30.3,22.4,10.5,R,468,50.2,92.9,2261,-4,-13,19.3,1.1,24.6,81.2,2413,3.4,-48.5,8,2,,,,,,,,,,,,,,,,,,,,,,,,,,,,,25.2,84.3,1446,-12.4,-26.5,17.6,1.2,,,,,,,,,,,,,,,,,,,,,,,,,,,,,,,,,,,
"Colomé, Alex",517008,2021,32,67,65,290,20,7.9,0.254,0.446,0.319,0.334,5.9,2.4,41.5,26.9,49.2,54.1,21.5,22,2.4,R,1102,29.5,93.7,2101,-2.3,-13,18.4,1.1,,,,,,,,,,,,,,,,,,,,,,,,,,,,,70.5,89.5,2148,2.4,-26.8,8.3,1.4,,,,,,,,,,,,,,,,,,,,,,,,,,,,,,,,,,,,,,,,,,
"Romano, Sal",607219,2021,27,19,25,118,14.4,9.3,0.293,0.518,0.362,0.373,11.2,2.2,41.6,13,42.3,40.4,30.3,23.6,5.6,R,437,1.4,93.4,2078,-12.4,-15.1,20.8,1.4,35.5,87.3,2230,2.2,-32.5,6.4,2,,,,,,,,2.1,81.2,2276,1.1,-42.9,2.9,1.6,61.1,93.6,2090,-16.1,-24,17.9,1.4,,,,,,,,,,,,,,,,,,,,,,,,,,,,,,,,,,,,,,,,,,,,,,,,,
"Kaprielian, James",621076,2021,27,24,119.1,502,24.5,8.2,0.239,0.437,0.314,0.324,9.9,4.5,42.3,27.2,45.7,34.8,31.5,22.8,10.8,R,2024,52.8,93,2035,-8.5,-16.3,17.6,1.2,17.4,85.3,2274,0.8,-32.9,5.3,1.7,15.7,83.8,1291,-9.6,-36.5,10.4,1.4,8.1,78,2443,6.8,-51.2,9.6,1.8,6,92.4,1983,-17,-22.3,19.8,1.2,,,,,,,,,,,,,,,,,,,,,,,,,,,,,,,,,,,,,,,,,,,,,,,,,
"Anderson, Chase",502624,2021,33,14,48,215,16.3,9.3,0.26,0.486,0.366,0.357,7,12.7,35.7,23.5,46.4,37.6,30.6,22.3,9.6,R,852,32.9,91.5,2120,-6.2,-15,18.8,1.4,4.3,83.9,2164,4.3,-35.9,5.4,1.4,29.5,81.9,2162,-16.5,-26.5,22.1,1.6,9,76.9,2034,5.8,-61.2,15.9,1.4,6.2,91.1,2103,-12.9,-16.3,21.1,1.6,18.1,87.3,2327,3.8,-26.3,10.5,1.7,,,,,,,,,,,,,,,,,,,,,,,,,,,,,,,,,,,,,,,,,,
"Machado, Andrés",600921,2021,28,40,35.2,154,19.5,9.7,0.224,0.352,0.307,0.305,1.9,1.9,36.5,22.7,45,44.2,26,24,5.8,R,627,56,94.9,2105,-4.2,-13.2,17.7,1.2,19.3,84.5,2015,5.3,-38.1,5.8,1.6,10,87.9,1472,-10,-26.8,13.1,1.4,,,,,,,,14.7,93.9,2026,-12.7,-17,18.9,1.4,,,,,,,,,,,,,,,,,,,,,,,,,,,,,,,,,,,,,,,,,,,,,,,,,
"Means, John",607644,2021,28,26,146.2,590,22.7,4.4,0.242,0.441,0.294,0.309,8.9,4.7,37.8,25.3,50.5,33.3,30.5,23.2,12.9,L,2328,47.9,92.8,2399,6.7,-11.9,21.3,1.2,8.4,86.3,2326,-3.4,-27.4,9.9,1.7,27.2,83.4,2255,12.8,-22.7,21.4,1.6,16.4,78,2278,-13.1,-52.3,15.1,2.2,,,,,,,,,,,,,,,,,,,,,,,,,,,,,,,,,,,,0,77,2306,-5.1,-50.9,6.3,,,,,,,,,,,,,,,
"DeSclafani, Anthony",543101,2021,31,31,167.2,676,22.5,6.2,0.241,0.41,0.276,0.304,5.2,6.5,38.8,24,48.9,45,25.8,22.5,6.7,R,2558,27.1,94.1,2265,-9.6,-14.6,19,1.3,35.7,87.9,2198,4.1,-30.5,6.8,1.8,10.5,88.2,1583,-15.7,-30.1,16.6,1.3,8.1,83,1964,6.3,-46,9.1,1.7,18.6,94,2092,-15.6,-19.7,19.2,1.2,,,,,,,,,,,,,,,,,,,,,,,,,,,,,,,,,,,,,,,,,,,,,,,,,
"Megill, Tylor",656731,2021,25,18,89.2,379,26.1,7.1,0.22,0.412,0.332,0.302,5.2,4,42,25.9,50,44.4,29.6,18.4,7.6,R,1554,57.6,94.6,2153,-9.4,-14.4,18.9,1.4,18.7,85.7,2127,2.3,-34.1,4.6,1.5,20.9,85.4,1496,-13.2,-28.9,16,1.9,2.8,79.7,2174,3.3,-51.8,9.7,2.1,,,,,,,,,,,,,,,,,,,,,,,,,,,,,,,,,,,,,,,,,,,,,,,,,,,,,,,,
"Pérez, Martín",527048,2021,30,36,114,509,19.1,7.1,0.28,0.47,0.358,0.355,7.1,5.4,42.2,19.3,46,44.4,22.9,27.5,5.2,L,1860,13.1,93.4,2107,11,-15.8,19.2,1.4,,,,,,,,24.3,84.8,1696,14.7,-28.5,17.7,1.4,8.4,78.7,2459,-5,-49.3,7.6,1.6,25.3,92.8,2017,16.8,-21.4,19.9,1.7,28.9,89.6,2226,0.5,-22.9,11.3,1.5,,,,,,,,,,,,,,,,,,,,,,,,,,,,,,,,,,,,,,,,,,
"Carrasco, Carlos",471911,2021,34,12,53.2,237,21.1,7.6,0.257,0.452,0.35,0.331,8.3,4.7,38.5,27.1,52,43.8,27.2,26,3,R,889,39.7,93.4,2259,-7.1,-16.3,16.6,1.3,20.1,87.7,2382,1.2,-29.7,6.7,1.6,24.6,87.3,1215,-7.6,-35.1,8.1,1.4,4.8,82.3,2752,9.6,-47,12,1.6,10.7,92.5,2114,-15.7,-25.5,17.2,1.3,,,,,,,,,,,,,,,,,,,,,,,,,,,,,,,,,,,,,,,,,,,,,,,,,
"Garrett, Braxton",666129,2021,23,8,34,159,20.1,12.6,0.298,0.437,0.377,0.37,6.7,9.5,39,21.4,44.9,41.9,20,34.3,3.8,L,604,34.8,90.3,2180,4.9,-15.7,18.8,1.2,21.7,82.7,2335,-5.6,-43.8,7.1,1.5,11.9,84.5,1622,16,-29.1,18.8,1.1,17.4,76.8,2165,-8,-57.6,14,1.4,14.2,89.1,1950,13.3,-22.4,18.2,1.1,,,,,,,,,,,,,,,,,,,,,,,,,,,,,,,,,,,,,,,,,,,,,,,,,
"Petit, Yusmeiro",433589,2021,36,78,78,313,11.8,3.8,0.265,0.455,0.28,0.32,6.1,6.5,30,21,51.8,37.6,26.2,23.2,12.9,R,1081,45.4,87.6,2136,-5,-17.6,18.8,1.2,,,,,,,,17.7,80.8,1751,-11.4,-26.9,18.8,1.4,13.6,74.9,2018,9.7,-48.8,10.4,1.8,,,,,,,,23.3,84.5,2136,-1.1,-21,17.3,1.2,,,,,,,,,,,,,,,,,,,,,,,,,,,,,,,,,,,,,,,,,,
"Mantiply, Joe",573009,2021,30,57,39.2,177,21.5,9.6,0.253,0.378,0.338,0.307,5.8,7.4,36.4,27.6,48.5,47.1,17.4,28.9,6.6,L,621,7.2,91.4,2250,12.6,-20.9,17.5,1.3,,,,,,,,18.4,83.4,1697,17.1,-38.2,17.4,1.4,30.3,80.8,2352,-7.6,-45.1,8.7,1.4,44.1,91.1,2199,18.5,-28.2,19.2,1.4,,,,,,,,,,,,,,,,,,,,,,,,,,,,,,,,,,,,,,,,,,,,,,,,,
"Bass, Anthony",542914,2021,33,70,61.1,260,22.3,9.2,0.255,0.44,0.312,0.329,8,6.9,40,26.9,45.4,45.1,26.3,22.9,5.7,R,959,7.5,95.4,1976,-5.9,-13.3,18,1.1,49.9,85.9,2194,4.5,-39.8,5.6,1.7,,,,,,,,,,,,,,,41.7,95.3,1988,-13.4,-15.8,19.7,1.1,,,,,,,,0.8,87.9,1299,-7.2,-23.5,14.2,1.5,,,,,,,,,,,,,,,,,,,,,,,,,,,,,,,,,,,
"Rodriguez, Jefry",622446,2021,27,14,24.1,112,17.9,15.2,0.272,0.472,0.371,0.376,6.8,2.7,40.5,20.3,45.4,31.1,36.5,24.3,8.1,R,412,51.5,94.7,2362,-7,-13.4,18.6,1.5,,,,,,,,2.9,90.5,1754,-12.8,-23.9,16.2,1.6,22.1,80.7,2304,3.8,-46.3,6.1,1.4,23.1,94.4,2249,-14.1,-18.1,19,1.5,0.5,94.8,2287,1.7,-16.7,13.8,1.4,,,,,,,,,,,,,,,,,,,,,,,,,,,,,,,,,,,,,,,,,,
"Muller, Kyle",666205,2021,23,9,36.2,155,23.9,12.9,0.215,0.351,0.275,0.304,5.2,5.2,42.7,30.8,45.5,40.6,25,29.2,5.2,L,677,41.4,93.4,2435,6.5,-16.2,16.6,1.6,35,86.6,2093,-0.7,-32.5,4.3,1.5,1.9,88,1688,14.6,-29.9,15.6,1.5,20.7,80.4,2421,-5.9,-52.1,11.6,1.7,1,93.5,2453,12,-16.4,19.1,1.5,,,,,,,,,,,,,,,,,,,,,,,,,,,,,,,,,,,,,,,,,,,,,,,,,
"Houser, Adrian",605288,2021,28,28,142.1,599,17.5,10.7,0.24,0.359,0.297,0.312,3.3,7.6,36,18.4,44.4,60.5,15.2,21.2,3.1,R,2352,13.4,94.1,2177,-8.4,-15.4,17.7,1.1,7.3,84,2165,5.8,-35.6,7.3,2.1,11.1,87.7,2066,-16,-28.2,17.8,1.4,14.4,80,1855,5.4,-55.7,14.2,1.5,53.8,93.6,2037,-16,-23.4,17.8,1.1,,,,,,,,,,,,,,,,,,,,,,,,,,,,,,,,,,,,,,,,,,,,,,,,,
"Cobb, Alex",502171,2021,33,18,93.1,393,24.9,8.4,0.257,0.359,0.286,0.306,3.9,3.5,37.5,26.5,44.7,54.1,15.4,27.8,2.7,R,1578,4.5,93.2,2116,-10.6,-14.7,20,1.2,,,,,,,,,,,,,,,16.3,83,2569,4.8,-49.9,11.8,1.7,42.1,92.7,2061,-15.5,-19.8,19.8,1,,,,,,,,37,87.5,1625,-13.8,-32.2,14.6,1.1,,,,,,,,,,,,,,,,,,,,,,,,,,,,,,,,,,,
"Ramirez, Nick",598286,2021,31,13,20.1,91,15.4,7.7,0.257,0.378,0.312,0.302,5.7,4.3,34.3,21.2,48.1,47.1,21.4,28.6,2.9,L,314,1.3,90.1,1952,12,-22.4,16.7,1.5,10.8,84.4,2224,-1.8,-31.8,7.1,1.2,39.5,79.2,1518,14.2,-35.2,16.6,1,1,78.9,2232,-1.3,-48.9,8.6,1.4,29,89.8,1961,17.1,-25.9,19,1.3,18.5,87.7,2185,3.8,-24.9,11.4,1.2,,,,,,,,,,,,,,,,,,,,,,,,,,,,,,,,,,,,,,,,,,
"Nola, Aaron",605400,2021,28,32,180.2,749,29.8,5.2,0.223,0.378,0.297,0.283,5.4,3.6,37.4,27.9,49.2,41.6,27,24.1,7.3,R,2971,37.4,92.9,2198,-13.3,-17.6,19.5,1.4,,,,,,,,19.8,85.2,1511,-15,-35.6,15.5,1.3,27,78.5,2529,14.6,-55.1,17.9,1.3,14.2,92,2138,-17.5,-23.5,19.7,1.5,1.5,86.7,2179,1,-28.7,7.8,1.5,,,,,,,,,,,,,,,,,,,,,,,,,,,,,,,,,,,,,,,,,,
"Wells, Alex",649144,2021,24,11,42.2,197,13.2,8.1,0.307,0.531,0.377,0.387,9.2,2,47.4,16.4,42.8,31.6,30.3,28.3,9.9,L,754,50.8,88.5,2147,7.9,-16.7,20.1,1.6,16,81.1,2311,-1.8,-38.3,4.4,1.8,13.8,83.2,1558,14.3,-30.5,17.2,1.5,19.4,72.7,2485,-10.1,-63.8,15.6,1.4,,,,,,,,,,,,,,,,,,,,,,,,,,,,,,,,,,,,,,,,,,,,,,,,,,,,,,,,
"Lamet, Dinelson",659275,2021,28,22,47,209,27.3,10.5,0.225,0.379,0.333,0.307,4.7,6.3,35.2,32,49.5,39.8,25,23.4,11.7,R,832,43.9,95.5,2427,-5.3,-13.6,17.4,1.4,50.6,86.5,2455,0.4,-31.9,6,1.6,1.7,91.4,1950,-12.2,-22.2,16.9,1.3,,,,,,,,3.8,95.5,2391,-12.7,-14.4,20.3,1.4,,,,,,,,,,,,,,,,,,,,,,,,,,,,,,,,,,,,,,,,,,,,,,,,,
"Hoffman, Jeff",656546,2021,28,31,73,335,23.6,13.4,0.236,0.394,0.345,0.328,9.7,4.4,39.8,29.8,44.4,38.3,27.2,26.2,8.3,R,1360,55.7,94.3,2468,-10.4,-12.6,21.2,1.7,21.1,82,2561,6.2,-44.4,8,1.3,,,,,,,,10.7,77.5,2490,9.3,-59.3,16.5,1.5,,,,,,,,,,,,,,,12.4,86,1455,-13.6,-29.2,16,1.7,,,,,,,,,,,,,,,,,,,,,,,,,,,,,,,,,,,
"Castro, Miguel",612434,2021,26,69,70.1,303,25.4,14.2,0.213,0.35,0.286,0.315,6.8,5.1,33.9,32.6,41.8,52,21.5,20.3,6.2,R,1228,,,,,,,,35.2,85.7,2982,11.5,-36.5,12.1,1.6,22.1,92.1,2032,-18.9,-30.3,19.2,1.6,,,,,,,,42.8,98,2278,-18.1,-21.7,19.7,1.2,,,,,,,,,,,,,,,,,,,,,,,,,,,,,,,,,,,,,,,,,,,,,,,,,
"Guduan, Reymin",594056,2021,29,11,14.1,65,7.7,7.7,0.334,0.51,0.355,0.411,3.6,1.8,40,19.6,48.9,36.4,20,38.2,5.5,L,229,60.7,93.8,2302,3.5,-16.5,15.2,1.5,36.2,82.9,2056,-0.7,-43,4.6,1.5,,,,,,,,,,,,,,,3.1,93.7,2331,9.4,-15.5,18.5,1.4,,,,,,,,,,,,,,,,,,,,,,,,,,,,,,,,,,,,,,,,,,,,,,,,,
"Wick, Rowan",592858,2021,28,22,23,100,29,14,0.208,0.32,0.271,0.298,1.8,7.3,30.9,29.5,41.5,34.5,29.1,27.3,9.1,R,400,61,94.6,2282,-2,-13.3,17.5,1.4,9.5,83.7,2194,10.9,-33.6,13,1.8,,,,,,,,22,76.5,2618,7.4,-65.2,19.4,1.6,,,,,,,,7.5,91.9,2293,5,-21.7,11.9,1.6,,,,,,,,,,,,,,,,,,,,,,,,,,,,,,,,,,,,,,,,,,
"Fried, Max",608331,2021,27,28,165.2,667,23.7,6.1,0.234,0.364,0.278,0.288,3,8,34.3,24.3,49,53.8,20.6,20.6,5,L,2558,38.9,94,2114,1.4,-18.1,13,1.8,21.5,84.8,2481,-8.7,-37.7,9.5,2.6,2.2,84.7,1411,11.8,-32.5,13.6,1.8,25.6,74.4,2650,-8.3,-65.3,17.6,2.2,11.3,93.5,1996,10.6,-20.8,15.1,1.8,,,,,,,,,,,,,,,,,,,,,,0.5,82,2498,-15.8,-43.2,16.3,1.5,,,,,,,,,,,,,,,,,,,,,
"Hembree, Heath",592390,2021,32,60,58,243,34.2,9.9,0.188,0.349,0.306,0.275,4.5,1.5,41,27.7,48.3,27.6,33.6,23.9,14.9,R,1090,52.3,95.3,2452,-9.5,-12.5,20.2,1.4,47.2,86.5,2861,8.3,-29,11.7,1.6,,,,,,,,0.5,83,2983,12.8,-50,16.5,1.5,,,,,,,,,,,,,,,,,,,,,,,,,,,,,,,,,,,,,,,,,,,,,,,,,,,,,,,,
"Antone, Tejay",622088,2021,27,23,33.2,127,33.1,9.4,0.198,0.35,0.232,0.288,7.1,5.7,37.1,33.5,41.2,47.1,21.4,22.9,8.6,R,529,32.1,96.8,2677,-11.5,-13.7,19.5,1.5,32.5,83.7,2841,11.8,-40.3,12.1,1.8,,,,,,,,35.3,79.4,2997,18.4,-54.4,21.2,1.8,,,,,,,,,,,,,,,,,,,,,,,,,,,,,,,,,,,,,,,,,,,,,,,,,,,,,,,,
"McFarland, T.J.",519008,2021,32,38,38.2,144,14.6,6.3,0.249,0.395,0.282,0.299,8.8,2.6,45.6,17.4,49.4,63.2,14.9,21.1,0.9,L,512,,,,,,,,8.4,79.5,2295,-5.6,-45.8,6.3,1.2,23,82.1,1630,15.5,-38.6,15.7,1.1,,,,,,,,68.6,88.8,1953,16.9,-35.5,17,0.9,,,,,,,,,,,,,,,,,,,,,,,,,,,,,,,,,,,,,,,,,,,,,,,,,
"Crochet, Garrett",676979,2021,22,54,54.1,230,28.3,11.7,0.216,0.314,0.269,0.281,6.6,4.4,39,28.7,44.6,40.4,20.6,27.9,11,L,915,64.3,96.7,2331,4.6,-11.5,18.5,1.3,27.9,85.2,2250,-11.9,-37,13,2.2,7.9,91.8,2157,13.4,-19,19.3,1.3,,,,,,,,,,,,,,,,,,,,,,,,,,,,,,,,,,,,,,,,,,,,,,,,,,,,,,,,,,,,,,,
"Irvin, Cole",608344,2021,27,32,178.1,768,16.3,5.5,0.281,0.445,0.323,0.338,6.8,3.6,39.3,19.2,52,38.6,26.2,27.7,7.4,L,2682,40.5,90.8,1956,8.2,-16.6,18.6,1.7,14.5,83,2006,-2.5,-38,3.9,1.6,22,84.2,1584,12.8,-29.5,15.8,1.3,3.3,76.9,2056,-3.9,-51.9,7.4,1.9,19.2,90.5,1888,14.3,-20.9,19.1,1.6,0.5,85.5,2011,-1.9,-31.3,8.3,2.2,,,,,,,,,,,,,,,,,,,,,,,,,,,,,,,,,,,,,,,,,,
"Buehler, Walker",621111,2021,26,33,207.2,815,26,6.4,0.218,0.344,0.255,0.272,5.5,6.8,37.1,26.3,49.2,46.2,25.1,21.8,6.8,R,3152,44.7,95.3,2472,-3,-12,18.4,1.2,0,80.9,2787,10.9,-56.7,18.2,,4.8,91.5,1522,-13,-27.1,14.4,1.5,13.2,80.1,2861,10.7,-57.7,18.4,1.4,7.4,95.3,2341,-13.3,-16.6,19.1,1.2,16,91.6,2615,6,-24,10.7,1.5,,,,,,,,,,,,,,,13.9,84.9,2801,14.2,-37,14.6,1.5,,,,,,,,,,,,,,,,,,,,,
"Mazza, Chris",607391,2021,31,14,27.1,112,18.8,6.3,0.243,0.415,0.306,0.309,6.1,6.1,28,28.4,50.4,36.6,24.4,20.7,18.3,R,413,4.4,90,2053,-11.3,-21.7,16.8,1.5,29.1,79.2,2340,12,-39.6,13.2,1.7,1.9,83.1,1292,-13.4,-41.8,13.7,1.5,,,,,,,,28.8,90.4,1826,-18.5,-29.4,19.1,1.6,35.8,87.1,2271,1.8,-28.2,8.6,1.8,,,,,,,,,,,,,,,,,,,,,,,,,,,,,,,,,,,,,,,,,,
"Reyes, Alex",621052,2021,26,69,72.1,317,30,16.4,0.184,0.304,0.281,0.288,11.9,5.4,34.5,35,43.9,38.1,30.4,22,9.5,R,1249,30.7,96.6,2384,-5.1,-11.8,18.3,1.2,28,86.4,2588,8.3,-36.8,9.1,1.8,9,90.3,1472,-10.7,-23.6,15,1.4,8.4,79.4,2811,8.8,-63.8,21.6,1.7,23.8,96.7,2281,-12.1,-14.3,19.4,1.1,,,,,,,,,,,,,,,,,,,,,,,,,,,,,,,,,,,,,,,,,,,,,,,,,
"Melancon, Mark",453343,2021,36,64,64.2,265,22.3,9.4,0.263,0.383,0.27,0.315,5.6,7.8,36.1,20.8,45.6,57.2,13.9,26.7,2.2,R,1053,2.8,91.7,2249,-8.9,-20,15.6,2.1,,,,,,,,,,,,,,,34.5,82.2,2599,4,-55.4,15.2,1,,,,,,,,62.7,92,2255,0.9,-21.9,10.9,1,,,,,,,,,,,,,,,,,,,,,,,,,,,,,,,,,,,,,,,,,,
"Wheeler, Zack",554430,2021,31,32,213.1,849,29.1,5.4,0.215,0.318,0.257,0.258,3.6,9.5,28.5,26.5,51.9,50.9,16.2,24.3,8.6,R,3205,42.4,97.2,2388,-7.6,-13.1,17.8,1.1,,,,,,,,3.7,90.5,1571,-13.9,-23.6,17.2,1.6,10.7,81.5,2638,9.8,-52.9,15.3,1.3,18.3,96.7,2199,-15.7,-17.9,19.5,1.2,25,91.5,2391,2.3,-26.6,7,1.7,,,,,,,,,,,,,,,,,,,,,,,,,,,,,,,,,,,,,,,,,,
"Stripling, Ross",548389,2021,31,24,101.1,431,21.8,7,0.255,0.466,0.335,0.339,7.2,3,40.3,24.1,47.3,36.7,30.8,23.9,8.5,R,1684,51,91.9,2178,-4.4,-14.1,19,1.7,18.4,87.1,2342,4.1,-29.7,8,1.7,15.2,83.1,1675,-10.2,-28.8,15,1.5,15.4,78,2527,6.4,-57.3,14.1,1.8,,,,,,,,,,,,,,,,,,,,,,,,,,,,,,,,,,,,,,,,,,,,,,,,,,,,,,,,
"Brubaker, JT",664141,2021,27,24,124.1,537,24,6.9,0.252,0.44,0.34,0.329,7.7,6.1,38.7,27.3,47.5,44.5,24.9,23.8,6.6,R,1944,24.5,92.9,2178,-8.7,-15.8,18.2,1.3,34.2,87.2,2648,1.3,-32.9,3.8,1.3,6.3,87.2,1885,-15.6,-28.2,17.6,1.3,10.4,79.5,2801,6.4,-51.9,11,1.4,24.6,93.4,2266,-15.7,-20.5,19.2,1.2,,,,,,,,,,,,,,,,,,,,,,,,,,,,,,,,,,,,,,,,,,,,,,,,,
"Ramirez, Noé",598287,2021,31,38,36,147,19.7,8.2,0.193,0.308,0.246,0.265,4.9,2.9,28.2,24.3,46.3,32,32,20.4,15.5,R,579,37.5,89.1,2210,-8.6,-22.5,14.8,1.2,,,,,,,,29.9,84.1,2127,-13.5,-41.2,13.9,1.6,32.6,76.7,2566,13,-46.1,13.2,1.4,,,,,,,,,,,,,,,,,,,,,,,,,,,,,,,,,,,,,,,,,,,,,,,,,,,,,,,,
"Rasmussen, Drew",656876,2021,25,35,76,307,23.8,8.1,0.246,0.367,0.252,0.295,7.2,3.8,50.2,25.4,47.1,48.3,22,25.4,4.3,R,1202,64.7,97.1,2437,-4.4,-11.5,18.2,1.4,26.5,86.5,2659,3.1,-39.7,5.4,1.4,2.4,90.2,1781,-13.4,-21.7,18.1,1.4,2.7,80.4,2627,5.2,-54.5,13.2,1.4,0.2,96.6,2382,-8.4,-12.4,19,1.5,0.8,86.6,2657,4.3,-37.9,6.3,1.5,,,,,,,,,,,,,,,2.6,85.6,2618,9.6,-38.1,9.9,1.4,,,,,,,,,,,,,,,,,,,,,
"Snell, Blake",605483,2021,28,27,128.2,550,30.9,12.5,0.232,0.431,0.305,0.335,7.5,6.2,41.2,31.6,44.4,41.6,29.2,24.4,4.9,L,2347,52.5,95.1,2399,5.7,-11.6,19.8,1.3,24.2,86.6,2416,-4.3,-35.4,5.2,1.8,9.9,88.3,1731,12.3,-24.3,16.6,1.9,13.5,79.6,2262,-11,-55.7,16.4,1.8,,,,,,,,,,,,,,,,,,,,,,,,,,,,,,,,,,,,,,,,,,,,,,,,,,,,,,,,
"Brach, Brad",542960,2021,35,35,30,139,23.7,12.9,0.232,0.424,0.343,0.333,3.4,4.6,35.6,30,44.4,43.7,31,17.2,8,R,579,47.5,93.6,2178,-9,-16.8,17.1,1.1,13,83.6,2538,6.4,-37.9,6.9,1.7,35.9,86.1,1908,-15.6,-36.5,15.8,1.4,,,,,,,,3.5,93.8,2231,-13.9,-17.4,19.7,1.3,0.2,91.6,2322,0.3,-20.1,12.5,,,,,,,,,,,,,,,,,,,,,,,,,,,,,,,,,,,,,,,,,,,
"Manning, Matt",666159,2021,23,18,85.1,385,14.8,8.6,0.286,0.463,0.34,0.353,5.2,1.4,42.3,16.6,47.4,44.7,25.4,24.4,5.5,R,1421,41.7,93.5,2056,-2.8,-14.5,17.1,1.6,15.1,85.4,2144,6,-35.2,6.9,1.6,12.5,87.5,1395,-11.7,-25.7,15.5,1.3,11.3,78.6,2294,8.3,-55.3,13.9,1.9,19.1,93.7,1927,-10,-16.2,18.1,1.5,,,,,,,,0.3,87.8,1353,-10.6,-26,14.2,1.4,,,,,,,,,,,,,,,,,,,,,,,,,,,,,,,,,,,
"Baragar, Caleb",670056,2021,27,25,23,98,16.3,12.2,0.22,0.399,0.303,0.318,4.5,7.5,38.8,22.1,48,22.4,37.3,23.9,16.4,L,358,81,92.8,2363,8.6,-11.7,22,1.1,17.6,82.9,2680,-7.5,-39.7,8.2,1.5,,,,,,,,1.4,78.1,2657,-6.9,-53.1,11,1.4,,,,,,,,,,,,,,,,,,,,,,,,,,,,,,,,,,,,,,,,,,,,,,,,,,,,,,,,
"Diekman, Jake",518617,2021,34,67,60.2,262,31.7,13,0.218,0.398,0.312,0.323,7.8,3.5,39.7,35.1,43.8,36.2,29.8,26.2,7.8,L,1118,58,95.4,2221,14.3,-16.7,19.8,1.3,,,,,,,,0.7,87.2,1680,15.5,-30.3,16.8,1.6,,,,,,,,8.9,95.2,2114,17,-21.9,19.1,1.3,,,,,,,,,,,,,,,,,,,,,,32.4,83.3,2739,-13.2,-37.5,13.7,1.7,,,,,,,,,,,,,,,,,,,,,
"Lowther, Zac",675912,2021,25,10,29.2,138,21.7,9.4,0.294,0.565,0.38,0.404,5.5,1.1,52.7,24.9,43.6,44,29.7,22,4.4,L,571,54.1,90.7,2206,12.1,-17.6,20.1,1.5,13.1,81.1,2630,-12.7,-45.2,13.7,1.3,17.2,83.3,1897,13.9,-27.7,18.6,1.4,15.6,75.3,2591,-13.5,-63.6,19.9,1.7,,,,,,,,,,,,,,,,,,,,,,,,,,,,,,,,,,,,,,,,,,,,,,,,,,,,,,,,
"Javier, Cristian",664299,2021,24,36,101.1,424,30.7,12.5,0.221,0.415,0.291,0.327,9.4,2.6,43.2,31.6,45.1,28.2,33.8,26.5,11.5,R,1792,59.4,93.5,2341,-7.9,-13.4,19.8,1.4,27,81,2539,10.7,-37.1,12.4,1.7,5.9,86.6,1981,-15.6,-27.4,18.5,1.4,7.8,75.9,2928,13.9,-58.2,17.6,1.5,,,,,,,,,,,,,,,,,,,,,,,,,,,,,,,,,,,,,,,,,,,,,,,,,,,,,,,,
"Skubal, Tarik",669373,2021,24,31,149.1,634,25.9,7.4,0.267,0.508,0.332,0.357,6,4.6,45.1,26.7,48.9,39.3,30,23.7,7,L,2547,42.8,94.3,2192,8.3,-14.8,18.3,1.6,22.8,86.5,2060,-1.8,-32.6,4.9,1.9,12.1,82.1,1441,8.7,-28.5,15.4,2.1,6.8,73.8,2222,-7.9,-63.9,15.6,1.9,12.9,94.5,2021,15.1,-19.1,19.1,1.5,0.3,94.2,2210,2.2,-13.6,17.7,1.4,2.3,85.1,1380,9.9,-28.2,14.4,1.7,,,,,,,,,,,,,,,,,,,,,,,,,,,,,,,,,,,
"Cueto, Johnny",456501,2021,35,22,114.2,490,20,6.1,0.278,0.452,0.342,0.338,5.6,8.1,38,22.7,50.4,41.1,25.1,27.1,6.7,R,1878,35.9,91.8,2238,-11.7,-17,19.5,1.6,21.7,84.1,2265,1.7,-32.5,6.9,2.1,23.6,82.7,1335,-11.7,-36,12.7,2,1.7,78.9,2324,4.1,-44,4.9,1.8,15.5,91.6,2162,-16.8,-22.9,19.4,1.5,1.5,87.5,2218,-4,-24.8,11.6,1.3,,,,,,,,,,,,,,,,,,,,,,,,,,,,,,,,,,,,,,,,,,
"Graterol, Brusdar",660813,2021,22,34,33.1,150,18,8.7,0.264,0.359,0.312,0.307,3.8,4.8,33.7,19,51.2,58.7,7.7,26.9,6.7,R,523,2.3,99.3,2106,-8,-15.2,14.8,1.4,31.4,88.1,2521,9.2,-30.8,10.8,1.7,,,,,,,,,,,,,,,58.9,100,2066,-14.3,-20.2,16,1.1,7.5,95.3,2352,1.9,-23.5,6.9,1.5,,,,,,,,,,,,,,,,,,,,,,,,,,,,,,,,,,,,,,,,,,
"Hendrix, Ryan",641682,2021,26,36,31.2,142,24.6,11.3,0.27,0.466,0.366,0.348,5.6,4.4,44.4,32.9,40.6,42.2,26.7,26.7,4.4,R,540,43.9,96.4,2225,-7.4,-14.6,16.6,1.3,55,85.9,2422,-0.3,-39,3.1,1.2,,,,,,,,0.2,75.7,2054,-4.2,-46.4,4.4,,0.6,91,1740,-14.5,-25.8,16.3,1.4,0.4,95.3,1993,-1.6,-19.9,9.8,1.4,,,,,,,,,,,,,,,,,,,,,,,,,,,,,,,,,,,,,,,,,,
"Hammer, JD",670456,2021,26,20,20,94,23.4,11.7,0.226,0.345,0.336,0.302,6.8,1.7,50.8,24.4,41.5,42.4,23.7,23.7,10.2,R,405,59.3,94,2298,-11.2,-14.5,20.1,1.3,37.3,82.9,2592,4.2,-43.1,5.9,1.7,,,,,,,,1.2,75.7,2311,8.8,-61.3,15.8,1.5,2.2,94.3,2388,-15.9,-15.7,22.1,1.4,,,,,,,,,,,,,,,,,,,,,,,,,,,,,,,,,,,,,,,,,,,,,,,,,
"Kopech, Michael",656629,2021,25,44,69.1,285,36.1,8.4,0.185,0.331,0.28,0.261,4.5,3.8,35.7,32.8,46.5,39.5,27.4,22.3,10.8,R,1128,64.4,97.3,2585,-9.8,-10.5,21.1,1.7,29.6,84.1,2465,9.2,-39.3,9.6,1.9,2.6,89.7,1834,-14.6,-24.6,17.5,1.3,3.5,78.7,2485,9.7,-51.3,12.4,1.8,,,,,,,,,,,,,,,,,,,,,,,,,,,,,,,,,,,,,,,,,,,,,,,,,,,,,,,,
"Webb, Tyler",643778,2021,30,22,16.1,92,15.2,20.7,0.27,0.404,0.39,0.369,8.5,6.8,33.9,19.3,43.6,33.9,22,32.2,11.9,L,392,38.8,90.6,2129,2.3,-15.6,18,1.1,,,,,,,,18.6,79.6,1690,5.3,-25.6,18.5,1.5,13.5,74.6,2261,-5,-56.4,9,1.4,29.1,90.7,2073,10.5,-16,20.4,1.3,,,,,,,,,,,,,,,,,,,,,,,,,,,,,,,,,,,,,,,,,,,,,,,,,
"Slegers, Aaron",642083,2021,28,29,31,149,16.8,10.1,0.268,0.428,0.403,0.34,3.7,5.6,40.7,25,47.7,59.3,15.7,18.5,6.5,R,566,15.9,91.9,2014,-6.4,-18.1,15.8,1.1,33.4,86,2091,2.3,-33.4,4.6,1.1,9.2,87,1616,-12.4,-31.1,14,1.4,,,,,,,,41.5,91.6,1941,-14.9,-26.7,16.1,1,,,,,,,,,,,,,,,,,,,,,,,,,,,,,,,,,,,,,,,,,,,,,,,,,
"Holmes, Clay",605280,2021,28,69,70,292,26.7,9.9,0.197,0.291,0.262,0.263,2.8,6.6,34.8,27.4,41.8,68.5,13.3,14.4,3.9,R,1124,0.1,96,2343,-4.7,-16.1,14.5,,27.7,87.7,2461,2.5,-36.9,4,1.4,,,,,,,,13.3,82.7,2663,7.5,-53.8,15.6,1.3,58.9,96,2214,-15.2,-23.9,16.5,1.5,,,,,,,,,,,,,,,,,,,,,,,,,,,,,,,,,,,,,,,,,,,,,,,,,
"Wantz, Andrew",681806,2021,25,21,27.1,120,31.7,9.2,0.227,0.412,0.308,0.316,10.4,4.5,34.3,30.3,47.8,29.9,25.4,32.8,11.9,R,483,45.5,93.2,2283,-4.4,-14.6,17.5,1.1,16.8,83.4,2389,6,-41.4,6.7,1.3,7.7,86.9,1539,-11.6,-31,13.3,1.3,,,,,,,,,,,,,,,29,88.4,2515,5.3,-29.2,8.1,1.3,,,,,,,,,,,,,,,1,83,2343,3.9,-42.7,5,1.5,,,,,,,,,,,,,,,,,,,,,
"Holloway, Jordan",656548,2021,25,13,36,158,22.8,16.5,0.202,0.358,0.284,0.31,5.2,1,31.3,27.2,40.4,42.7,25,21.9,10.4,R,664,33.4,95.4,2184,-2.7,-12.8,17.6,1.5,41.3,85.4,2236,4.7,-38.4,5.3,1.7,2.7,90.4,1618,-11.6,-20.7,17.5,1.4,10.4,79.2,2382,5.9,-57.4,15,1.4,12.2,95.9,2131,-10.5,-15.3,18.1,1.3,,,,,,,,,,,,,,,,,,,,,,,,,,,,,,,,,,,,,,,,,,,,,,,,,
"Tomlin, Josh",458708,2021,36,35,49.1,218,17,2.3,0.297,0.502,0.377,0.35,5.7,1.7,39.4,23.5,54.3,34.3,30.9,26.9,8,R,808,22.5,88.9,2311,-5.9,-16.3,19.5,1,,,,,,,,1.5,84.7,1720,-13.3,-28.1,16.8,1.4,28.8,76.4,2687,4.2,-53.3,8.2,1.2,,,,,,,,47.2,86,2557,3.5,-26,11.5,1.1,,,,,,,,,,,,,,,,,,,,,,,,,,,,,,,,,,,,,,,,,,
"Alexander, Scott",518397,2021,31,18,15.1,67,11.9,6,0.255,0.355,0.287,0.292,3.7,3.7,37,19.5,47.5,63,9.3,18.5,9.3,L,259,,,,,,,,17.4,84.3,2449,-3.9,-42.6,6.3,1.5,8.5,86.2,1608,13.6,-32,14.7,1.4,,,,,,,,74.1,92.2,2188,14.1,-27.2,15.1,1.3,,,,,,,,,,,,,,,,,,,,,,,,,,,,,,,,,,,,,,,,,,,,,,,,,
"Funkhouser, Kyle",608335,2021,27,57,68.1,298,21.1,12.8,0.238,0.353,0.303,0.316,5.7,6.7,36.6,26.4,44.3,53.1,18,21.6,7.2,R,1189,21.7,95.8,2161,-7.2,-14.7,16.9,1.3,30.2,86.7,2432,4,-34.4,4.9,1.6,7.7,88.9,1908,-14,-28.1,15.6,1.3,,,,,,,,40.4,95.5,2035,-14.4,-20.4,17.3,1.3,,,,,,,,,,,,,,,,,,,,,,,,,,,,,,,,,,,,,,,,,,,,,,,,,
"Nelson, Jimmy",519076,2021,32,28,29,116,37.9,11.2,0.139,0.198,0.223,0.227,7.3,10.9,30.9,37.6,41.7,38.2,27.3,21.8,12.7,R,523,33.1,93.8,2613,-2.7,-13.7,17.6,1.3,32.5,86.5,2976,13.6,-38.2,14,1.2,,,,,,,,34.4,85.1,2930,10.8,-52.1,17.9,1.4,,,,,,,,,,,,,,,,,,,,,,,,,,,,,,,,,,,,,,,,,,,,,,,,,,,,,,,,
"White, Mitch",669952,2021,26,21,46.2,197,24.9,8.6,0.244,0.37,0.276,0.297,6.1,4.6,37.4,22.8,49,48.1,25.2,22.1,4.6,R,762,52.5,94.4,2334,-3,-13.8,17.2,1.3,3.7,87.7,2427,3.1,-30.1,6.8,1.4,1.3,87.3,1395,-15.3,-30,16.4,1.3,28.1,82,2358,4.8,-54.8,14.8,1.7,0.3,96.3,2341,-8.5,-13.5,18.3,1.5,,,,,,,,,,,,,,,,,,,,,,14.2,86,2321,8.8,-35.9,9.6,1.5,,,,,,,,,,,,,,,,,,,,,
"Barlow, Scott",605130,2021,28,71,74.1,306,29.7,9.2,0.215,0.354,0.275,0.282,5.9,2.7,36.8,35,46.2,38.9,29.7,24.9,6.5,R,1223,33.1,95.3,2306,-5.3,-15.8,15.3,1.4,46.4,85,2420,7.7,-38.9,8.1,1.5,,,,,,,,20.3,79.3,2478,14.1,-54.2,17.7,1.5,0.2,96.3,2024,-15.8,-17.6,19.9,1.5,,,,,,,,,,,,,,,,,,,,,,,,,,,,,,,,,,,,,,,,,,,,,,,,,
"Suter, Brent",608718,2021,31,61,73.1,313,22,7.7,0.241,0.381,0.307,0.297,4.6,8.7,34.7,20.8,48.8,53,21,20.5,5.5,L,1221,72.3,87.3,2163,-3.6,-23.9,12.5,1.5,9.7,79.9,2307,-5.8,-44.3,6.4,1.6,9.5,83.9,1792,11,-25.2,17.6,1.8,4.1,75.8,2258,-8.9,-52.3,10.3,1.6,4.3,88.7,2137,8.9,-21.7,15.8,1.5,,,,,,,,,,,,,,,,,,,,,,,,,,,,,,,,,,,,,,,,,,,,,,,,,
"Kittredge, Andrew",552640,2021,31,57,71.2,282,27.3,5.3,0.221,0.354,0.251,0.269,4.3,4.8,37.4,31,54.8,54.5,21.9,19.8,3.7,R,981,10.5,94.6,2551,0.2,-17.4,13.3,1.3,45.2,88.9,2722,7.7,-33.6,8.2,1.6,0.3,88.8,1520,-10.4,-28.5,12.4,1.5,,,,,,,,44,95.4,2381,-15.9,-20.1,19.1,1.2,,,,,,,,,,,,,,,,,,,,,,,,,,,,,,,,,,,,,,,,,,,,,,,,,
"Gilbert, Tyler",656457,2021,27,9,40,157,15.9,8.3,0.228,0.4,0.267,0.306,4.2,4.2,33.9,16.8,52.7,43.2,30.5,16.1,10.2,L,600,24.5,89.7,2166,8.1,-18.2,17.8,1.4,,,,,,,,,,,,,,,7.7,75.5,2402,-6.5,-60.3,14,1.8,16.5,89.5,2008,14.9,-22.8,18.8,1.5,45,86.3,2242,-1.9,-26,10.8,1.5,6.3,80.1,1370,11.4,-33.4,15,1.5,,,,,,,,,,,,,,,,,,,,,,,,,,,,,,,,,,,
"Davidson, Tucker",656353,2021,25,4,20,83,21.7,9.6,0.276,0.521,0.287,0.368,1.8,5.3,40.4,27,50.2,43.9,31.6,19.3,5.3,L,303,49.8,93,2027,2.1,-14.9,16.8,1.6,40.3,86.8,2242,-3.7,-35.1,4.3,1.7,0.7,85.4,1619,10.9,-25.7,16.2,1.4,9.2,78.6,2481,-8.3,-53.3,12.6,1.7,,,,,,,,,,,,,,,,,,,,,,,,,,,,,,,,,,,,,,,,,,,,,,,,,,,,,,,,
"Taylor, Josh",657031,2021,28,61,47.2,209,28.7,11,0.249,0.376,0.295,0.315,4.9,8.1,44.7,34,49.4,44.7,22,24.4,8.9,L,791,37,94.6,2246,3.7,-14.7,16.5,1.3,46.1,87.2,2278,-5.2,-31.6,7.4,1.7,,,,,,,,5.1,80.2,2142,-6.5,-46.1,7.7,1.4,11.8,94.5,2205,13.3,-18.9,18,1.2,,,,,,,,,,,,,,,,,,,,,,,,,,,,,,,,,,,,,,,,,,,,,,,,,
"Wacha, Michael",608379,2021,29,29,124.2,528,22.9,5.9,0.282,0.499,0.334,0.355,6.5,3.2,43,23,53.6,42.5,25.8,25,6.7,R,1974,35.9,93.8,2091,-6.8,-12.6,20,1.6,,,,,,,,29.4,86.9,1554,-13.8,-26.8,17.3,1.4,6.3,76.2,2191,11.3,-56.4,14.7,1.5,3.5,94.1,2072,-12.9,-15.9,19.9,1.5,24.9,89.1,2066,2.2,-24.6,10.4,1.6,,,,,,,,,,,,,,,,,,,,,,,,,,,,,,,,,,,,,,,,,,
"Cousins, Jake",664776,2021,26,30,30,125,35.2,15.2,0.178,0.309,0.272,0.294,0,6.9,41.4,40.5,42.6,48.3,25.9,22.4,3.4,R,533,0.4,94.7,2194,-13.1,-18.2,18.3,1.5,61,83.3,2584,8.5,-39.2,8.9,1.1,1.3,88.1,1871,-16.7,-32.2,17.2,1.4,,,,,,,,37.3,95.5,2162,-15.2,-19.4,18.8,1.3,,,,,,,,,,,,,,,,,,,,,,,,,,,,,,,,,,,,,,,,,,,,,,,,,
"Sheffield, Jordan",642068,2021,26,30,29.1,116,17.2,11.2,0.215,0.347,0.26,0.299,4.9,6.2,38.3,23.4,45,44.4,28.4,17.3,9.9,R,456,64.5,96.4,2590,-7.3,-12.7,18.3,1.2,18.4,87.9,2868,5.6,-34.7,6.4,1.8,16.9,90.1,2097,-14.7,-23.7,17.8,1.3,,,,,,,,0.2,93.9,2667,-13.4,-11.9,23.4,,,,,,,,,,,,,,,,,,,,,,,,,,,,,,,,,,,,,,,,,,,,,,,,,,
"Hand, Brad",543272,2021,31,68,64.2,278,21.9,9.4,0.25,0.432,0.31,0.329,9.7,6.5,37.3,20.7,42.8,42.2,31.9,21.6,4.3,L,1076,41,92.9,2378,11.9,-16.8,19.4,1.2,,,,,,,,,,,,,,,,,,,,,,16.4,93,2302,17.7,-22.9,19.9,1.1,,,,,,,,,,,,,,,,,,,,,,42.6,80.1,2279,-16.8,-45.6,17.1,1.1,,,,,,,,,,,,,,,,,,,,,
"Velasquez, Vince",592826,2021,29,25,94.1,417,24.2,11.8,0.244,0.47,0.368,0.348,8,4.2,43.5,26.9,47,32.8,32.1,25.2,9.9,R,1750,49.9,93.2,2370,-3.6,-13.2,18.8,1.2,13.8,85,2442,6.9,-34.6,8.1,1.6,15.3,88.9,1564,-12.4,-27,14.6,1.3,16.6,82,2444,5.8,-51.7,12.6,1.6,4.4,92,2185,-12.3,-18.8,18.4,1.4,,,,,,,,,,,,,,,,,,,,,,,,,,,,,,,,,,,,,,,,,,,,,,,,,
"Chafin, Andrew",605177,2021,31,71,68.2,266,24.1,7.1,0.207,0.334,0.231,0.269,7.2,5,33.7,25.9,50.1,45.9,28.2,19.3,6.6,L,947,28.9,91.8,2139,8.4,-16.4,18.4,1.5,26.4,82.5,2407,-1.1,-42.1,3,1.3,0.1,84.9,1798,11.1,-22.8,18.8,,,,,,,,,44.6,92.1,2107,14.4,-19.2,19.6,1.6,,,,,,,,,,,,,,,,,,,,,,,,,,,,,,,,,,,,,,,,,,,,,,,,,
"Doval, Camilo",666808,2021,23,29,27,109,33.9,8.3,0.2,0.331,0.257,0.261,3.2,3.2,33.9,33.5,44.9,50,25.8,19.4,4.8,R,452,0.7,97.8,2550,-12.1,-14.2,18.9,1.5,58.4,86.5,2511,6.8,-38.3,7.5,1.4,,,,,,,,,,,,,,,,,,,,,,40.9,98.6,2574,-4.3,-15.1,13.7,1.5,,,,,,,,,,,,,,,,,,,,,,,,,,,,,,,,,,,,,,,,,,
"Santillan, Tony",663574,2021,24,26,43.1,190,29.5,11.1,0.206,0.356,0.318,0.307,7.5,4.7,37.7,32.4,42.6,34,27.4,29.2,9.4,R,761,47,95,2109,-10.5,-15.8,17.9,1.4,46.5,85.1,2353,11.9,-40.7,12.8,1.5,6.4,88.8,1476,-10.8,-25.9,14.2,1.6,,,,,,,,,,,,,,,,,,,,,,,,,,,,,,,,,,,,,,,,,,,,,,,,,,,,,,,,,,,,,,,
"Peters, Dillon",596071,2021,28,6,26.2,117,19.7,8.5,0.249,0.415,0.316,0.321,6,3.6,41,24.5,51.7,48.2,20.5,25.3,6,L,443,35,90.8,2256,3.7,-16.9,16.7,1.1,,,,,,,,32.1,83.9,1474,11.7,-29.8,14.7,1.2,16.3,74.9,2812,-9,-62.2,16.1,1.3,16.7,90.7,2149,11.7,-19.8,17.9,1.2,,,,,,,,,,,,,,,,,,,,,,,,,,,,,,,,,,,,,,,,,,,,,,,,,
"Hendricks, Kyle",543294,2021,31,32,181,785,16.7,5.6,0.276,0.455,0.345,0.338,4.7,7.9,33,20.1,48.6,44.6,22.3,25.3,7.9,R,2809,17.8,87.3,1942,-6.9,-20.4,17,1.7,,,,,,,,27.7,80,2008,-13.2,-32,17.4,1.1,11.7,73.2,2844,14.9,-63.4,19.1,1.2,42.8,87.3,1828,-13.7,-26.5,16.6,1.2,,,,,,,,,,,,,,,,,,,,,,,,,,,,,,,,,,,,,,,,,,,,,,,,,
"Head, Louis",545343,2021,31,27,35,134,23.9,6.7,0.188,0.338,0.225,0.265,2.2,4.4,27.8,25.5,50.9,31.1,43.3,10,15.6,R,546,52.4,93.7,2254,-6,-14.4,18,1,47.1,82.3,2675,12.6,-43.2,13.2,1.3,0.5,89.8,1541,-12.6,-31.3,12.9,1.4,,,,,,,,,,,,,,,,,,,,,,,,,,,,,,,,,,,,,,,,,,,,,,,,,,,,,,,,,,,,,,,
"Anderson, Tyler",542881,2021,31,31,167,703,19.1,5.4,0.259,0.425,0.319,0.315,5.7,7.7,33,23.1,54.2,37.7,28.5,25.3,8.5,L,2602,37.3,90.6,2291,9.1,-15.2,20.5,1.6,0.9,80,2458,-3.2,-38.5,5.7,1.3,24.6,80.9,1835,12.9,-28.2,19,1.5,0.7,73.7,2426,-5.9,-56.1,9.6,2,10.3,88.9,2260,18.3,-27.8,20.2,1.3,26.2,85.2,2489,-2.1,-27.5,10.4,1.9,,,,,,,,,,,,,,,,,,,,,,,,,,,,,,,,,,,,,,,,,,
"Flaherty, Jack",656427,2021,25,17,78.1,322,26.4,8.1,0.244,0.456,0.28,0.337,9.8,4.9,41.5,27.9,44.8,40,28.3,25.9,5.9,R,1353,50.6,93.6,2246,-4,-15.8,16,1.9,28.3,83.7,2401,7.4,-34.8,9.1,2,1.8,84.5,1626,-11.1,-31.2,13.6,1.7,13.1,76.2,2405,12.1,-60.1,17.7,2,6.2,90.9,2080,-11.7,-24.1,14.8,1.8,,,,,,,,,,,,,,,,,,,,,,,,,,,,,,,,,,,,,,,,,,,,,,,,,
"Bummer, Aaron",607481,2021,27,62,56.1,242,31,12,0.179,0.234,0.257,0.249,2.2,7.5,41.7,31.9,42.4,76.9,9.7,11.2,2.2,L,953,,,,,,,,,,,,,,,0.6,88.5,1326,13.7,-37,14.1,1.5,,,,,,,,62,95.4,2000,15.4,-29.2,15.6,1.3,7.8,88.1,2266,-1.5,-33.8,2.9,1.4,,,,,,,,,,,,,,,29.6,83,2471,-17.9,-45.1,18.8,1.2,,,,,,,,,,,,,,,,,,,,,
"Alzolay, Adbert",640470,2021,26,29,125.2,519,24.7,6.6,0.248,0.451,0.312,0.326,4.5,6.5,38.1,26.8,49.3,47.2,25.6,22.7,4.5,R,1955,18.5,94,2295,-7.8,-14.2,18.7,1.5,39.8,86.2,2610,7.3,-33.4,8.4,1.9,7.1,85.6,1705,-14,-27.9,17.2,1.7,1.1,80,2648,7.6,-42.7,7.7,1.5,27,93.8,2209,-15,-19,19.4,1.5,6.5,90.2,2364,3.5,-26.6,7.9,1.3,,,,,,,,,,,,,,,,,,,,,,,,,,,,,,,,,,,,,,,,,,
"Alcantara, Sandy",645261,2021,25,33,205.2,837,24,6,0.232,0.368,0.279,0.288,6.1,5.6,39.4,27.3,53.3,54,20.5,21.2,4.3,R,3095,21.6,98.1,2239,-10.6,-14.8,17.5,1.4,24.1,90.4,2359,-1.3,-30.1,4.6,1.7,23.6,91.8,2006,-16.1,-29.2,16.5,1.4,2.6,83.7,2396,3.8,-42.9,5.8,1.8,28.2,97.6,2324,-17.3,-21.5,18.9,1.4,,,,,,,,,,,,,,,,,,,,,,,,,,,,,,,,,,,,,,,,,,,,,,,,,
"Loáisiga, Jonathan",642528,2021,26,57,70.2,283,24.4,5.7,0.189,0.254,0.245,0.229,2.1,7.2,24.1,27.8,53,61.5,15.9,15.9,6.7,R,1085,3.9,97.8,2433,-8.7,-11.7,19.2,1.4,2.4,90.1,2566,7.4,-26.8,11,1.3,18.4,90,1931,-15.9,-22.6,19.6,1.3,20.4,86.7,2646,11.9,-34.5,12.6,1.7,54.9,98.3,2346,-15.6,-16.6,19.6,1.3,,,,,,,,,,,,,,,,,,,,,,,,,,,,,,,,,,,,,,,,,,,,,,,,,
"Farrell, Luke",608652,2021,30,20,24.2,113,22.1,11.5,0.284,0.492,0.363,0.37,5.3,1.3,42.7,29,44.4,37.3,32,26.7,4,R,473,40.2,91.4,2383,-3.6,-14.2,19.1,1.4,51.6,81.7,2546,2.9,-42.8,4.2,1.5,1.9,83.4,1517,-10.2,-27.7,15.9,1.5,6.3,76.5,2616,7.3,-62.4,17.2,1.5,,,,,,,,,,,,,,,,,,,,,,,,,,,,,,,,,,,,,,,,,,,,,,,,,,,,,,,,
"Yarbrough, Ryan",642232,2021,29,30,155,653,17.9,4.1,0.272,0.436,0.325,0.322,3,6.8,28.2,21.1,48.8,36.8,25.2,28.2,9.8,L,2488,13.1,86.4,1845,14.1,-25.1,18.5,1.3,,,,,,,,28,78.4,2027,17.4,-38.4,18.7,1.3,18.2,71.1,2269,-15.4,-49.2,16.5,1.9,0.8,85.6,1847,12.9,-32,14.2,1.6,40,81.9,2116,-2.1,-34.5,7.5,2.2,,,,,,,,,,,,,,,,,,,,,,,,,,,,,,,,,,,,,,,,,,
"López, Reynaldo",625643,2021,27,20,57.2,222,24.8,5.9,0.237,0.414,0.28,0.299,9.1,1.9,38.3,24.8,49,39,28.6,25.3,7.1,R,938,57.9,95.8,2225,-7.9,-12.9,18.8,1.4,33.8,86.7,2216,5.6,-32.1,7.5,1.9,3.7,85.4,1637,-12.2,-27.5,15.9,1.6,4.6,76.9,2501,8.6,-55.8,13.1,1.9,,,,,,,,,,,,,,,,,,,,,,,,,,,,,,,,,,,,,,,,,,,,,,,,,,,,,,,,
"Arrieta, Jake",453562,2021,35,24,98.2,469,17.7,9.4,0.285,0.508,0.4,0.373,6.8,4.8,44.3,17.8,43.5,45.8,24.1,27.4,2.7,R,1746,,,,,,,,23.8,88.3,2277,3.4,-28.1,8.1,1.6,8.1,87,1787,-16.2,-34.4,16.9,1.6,15.4,80.4,2690,12.1,-52.9,16,1.4,52.7,91.4,2084,-15.7,-24,18.3,1.3,,,,,,,,,,,,,,,,,,,,,,,,,,,,,,,,,,,,,,,,,,,,,,,,,
"Stanek, Ryne",592773,2021,29,72,68.1,290,28.6,12.8,0.207,0.389,0.276,0.311,6.7,4.2,43.6,32.6,47.3,33.3,35.2,22.4,9.1,R,1166,59.7,97.6,2231,-10.2,-12.4,19.5,1.1,18.5,87.1,2422,2.2,-36.8,3.2,1.4,,,,,,,,,,,,,,,,,,,,,,,,,,,,,21.8,88,991,-10.9,-29.9,12.7,1.3,,,,,,,,,,,,,,,,,,,,,,,,,,,,,,,,,,,
"Fry, Paul",643316,2021,28,52,47.1,215,27.9,16.3,0.217,0.307,0.3,0.312,2.6,6.9,34.5,25.6,40.4,50,18.1,25,6.9,L,872,54.5,92.8,2329,5.8,-18.9,14.2,1.2,45,85.1,2741,-13.1,-41.5,13.7,1.1,0.6,91.3,1959,14.4,-23.3,17.6,1.5,,,,,,,,,,,,,,,,,,,,,,,,,,,,,,,,,,,,,,,,,,,,,,,,,,,,,,,,,,,,,,,
"Happ, J.A.",457918,2021,38,30,152.1,671,18.2,7.2,0.274,0.502,0.361,0.356,8.4,2.8,41.8,19.3,47.9,35.7,30.7,27.1,6.4,L,2674,53.9,91,2298,7.9,-16.1,18.8,1.2,15.1,83,2228,-2.5,-36.1,5.2,1.7,12,86.1,1653,13.9,-28,16.9,1.5,1.3,76.2,2231,-4.7,-52.1,7.3,2,17.7,89.1,2078,13.8,-26.1,16.2,1.2,,,,,,,,,,,,,,,,,,,,,,,,,,,,,,,,,,,,,,,,,,,,,,,,,
"Garrett, Amir",607237,2021,29,63,47.2,215,28.4,13.5,0.232,0.406,0.34,0.321,7.2,3.2,47.2,33.4,43.7,51.2,18.4,21.6,8.8,L,828,48.4,94.8,2246,9.3,-15.5,17.8,1.3,51.1,85.2,1807,-1.3,-35.1,3.6,1.3,,,,,,,,,,,,,,,0.5,94.7,2247,17.6,-20.4,20.4,1.5,,,,,,,,,,,,,,,,,,,,,,,,,,,,,,,,,,,,,,,,,,,,,,,,,
"Wilson, Justin",458677,2021,33,42,34,149,19.5,10.7,0.232,0.414,0.332,0.323,1,7.8,36.3,20.8,46.9,47.1,31.4,9.8,11.8,L,604,58.1,93.6,2249,6.4,-12.2,20.3,1.1,6.1,81.7,2627,-5,-45.5,7.3,1.5,,,,,,,,,,,,,,,,,,,,,,35.8,89.6,2354,-3.6,-22.2,12.4,1.3,,,,,,,,,,,,,,,,,,,,,,,,,,,,,,,,,,,,,,,,,,
"Alvarez, Jose",501625,2021,32,67,64.2,266,15.8,7.1,0.249,0.341,0.245,0.286,4.4,6.4,32.8,20.7,47.3,51,16.2,23.5,9.3,L,970,12.3,91.3,2302,10.6,-17.2,19.1,1.2,10.2,81.4,2238,-5,-36.7,7,1.6,28,81.2,1541,14.4,-37.2,15.8,1.3,,,,,,,,45.7,91.2,2127,16.8,-23,19.6,1.2,3.8,85.8,2304,-2,-27.2,10.1,1.4,,,,,,,,,,,,,,,,,,,,,,,,,,,,,,,,,,,,,,,,,,
"Fairbanks, Pete",664126,2021,27,47,42.2,189,29.6,11.1,0.196,0.304,0.294,0.269,3.6,6.3,31.5,30.6,46.5,42.3,25.2,24.3,8.1,R,774,57.6,97.1,2397,1.2,-11.1,18.3,1.5,42.1,85.7,2378,2.4,-42.3,6,1.4,0.3,94.1,1791,-10.9,-21.9,14.1,1.5,,,,,,,,,,,,,,,,,,,,,,,,,,,,,,,,,,,,,,,,,,,,,,,,,,,,,,,,,,,,,,,
"Cisnero, José",542585,2021,32,67,61.2,265,23.4,11.7,0.227,0.378,0.3,0.314,4.2,7.7,32.1,23.6,44.8,47,20.8,22,10.1,R,1067,40.9,96.7,2412,-10.6,-14.3,18.5,1.2,12.1,87,2552,5.2,-33.9,6.1,1.4,6,90.8,1825,-16.7,-25.8,18.4,1.3,,,,,,,,25.1,96.4,2260,-16.6,-19.4,19.5,1.4,15.9,89.5,2505,3.5,-26.7,8.4,1.6,,,,,,,,,,,,,,,,,,,,,,,,,,,,,,,,,,,,,,,,,,
"Ponce de Leon, Daniel",594965,2021,29,24,33.1,159,15.1,14.5,0.234,0.427,0.363,0.353,9.3,4.7,37.4,21.6,46.7,37.4,37.4,16.8,8.4,R,653,73.7,93,2281,-8.7,-13.3,20.5,1.6,,,,,,,,12.1,86.1,1907,-15.9,-27.7,18.5,1.8,4.1,77,2539,5.9,-58.8,14.1,1.7,0.2,91.7,2373,-15.5,-14.6,24,,10,89.2,2256,0.5,-23.1,11.4,1.9,,,,,,,,,,,,,,,,,,,,,,,,,,,,,,,,,,,,,,,,,,
"Middleton, Keynan",641871,2021,27,32,31,140,17.1,13.6,0.251,0.415,0.327,0.342,5.3,0,31.6,30.3,53.6,31.6,25.3,27.4,15.8,R,530,57.7,95.4,2379,-7.6,-12.6,19.3,1.4,30.2,85.5,2406,3.3,-33.7,5.6,1.8,12.1,87.7,1716,-13,-29.5,14.6,1.7,,,,,,,,,,,,,,,,,,,,,,,,,,,,,,,,,,,,,,,,,,,,,,,,,,,,,,,,,,,,,,,
"Bubic, Kris",663460,2021,23,29,130,556,20.5,10.6,0.255,0.456,0.337,0.349,6.1,4.3,39.6,23.4,44.8,47.3,22.3,24.5,5.9,L,2202,52,90.9,2073,6.2,-17.7,16.8,1.8,,,,,,,,30.8,80,1604,12.6,-35,15,1.3,17.2,78.5,2619,-8.3,-59.5,17.1,1.6,,,,,,,,,,,,,,,,,,,,,,,,,,,,,,,,,,,,,,,,,,,,,,,,,,,,,,,,
"López, Jorge",605347,2021,28,33,121.2,555,20.2,10.1,0.275,0.449,0.369,0.353,4.5,5.8,43.5,20.6,43.7,50.7,19.9,25.2,4.2,R,2166,21.1,95.3,1977,-9.5,-15.1,18,1.4,5.6,85.9,2231,1.6,-31.9,6.4,2,13.8,88.5,1614,-14.8,-28.6,16.5,1.8,23.7,81.9,2378,7.9,-52,13.7,2.3,35.9,95.3,1967,-16.1,-19.7,19.3,1.5,,,,,,,,,,,,,,,,,,,,,,,,,,,,,,,,,,,,,,,,,,,,,,,,,
"Weaver, Luke",596133,2021,27,13,65.2,275,22.5,7.3,0.253,0.452,0.317,0.328,6.3,6.3,41.4,23.6,51.3,39.3,29.3,27.2,4.2,R,1109,61.9,93.6,2458,-7.4,-13.8,19.2,1.4,6,87.3,2383,3.6,-25.8,10.9,1.5,30,85.4,1726,-12.6,-26.9,16.8,1.4,1.9,78,2365,4.6,-51.7,8.4,1.7,0.2,92.4,2388,-14.6,-14.1,23.3,1.5,,,,,,,,,,,,,,,,,,,,,,,,,,,,,,,,,,,,,,,,,,,,,,,,,
"Gray, Josiah",680686,2021,23,14,70.2,307,24.8,10.7,0.219,0.454,0.348,0.325,8.2,8.2,36.2,30.2,49.4,32.7,33.2,19.4,14.8,R,1213,51.6,94.6,2254,-9.5,-12.8,20.2,1.1,19.8,85.7,2087,1.3,-31.8,5.6,1.2,3.3,89.2,2218,-14.2,-22.2,18.9,1.4,25.3,83.8,2428,1.5,-42,4,1.1,,,,,,,,,,,,,,,,,,,,,,,,,,,,,,,,,,,,,,,,,,,,,,,,,,,,,,,,
"Cease, Dylan",656302,2021,25,32,165.2,708,31.9,9.6,0.21,0.364,0.295,0.294,6.7,4.7,38.8,34.6,46.8,34.6,31.4,24.4,9.6,R,2957,46.8,96.7,2543,-4.4,-10.5,19.4,1.5,30.6,85.9,2880,6.9,-38.1,7.6,1.7,7.4,78.1,1641,-7.3,-29.2,17.4,2.6,15.2,79.9,2754,5.3,-61.7,19.2,2.1,,,,,,,,,,,,,,,,,,,,,,,,,,,,,,,,,,,,,,,,,,,,,,,,,,,,,,,,
"Ellis, Chris",595939,2021,28,7,29.1,121,19,11.6,0.264,0.443,0.284,0.352,3.7,2.4,52.4,25.9,46.5,30.5,25.6,29.3,14.6,R,482,48.1,93.8,2365,-10.7,-13.9,20.6,1.1,30.7,86,2372,3.3,-38.2,4.1,1.1,8.5,87.4,1739,-16.6,-29,18.1,1.3,12.7,81.2,2421,4,-49.6,9.1,1.4,,,,,,,,,,,,,,,,,,,,,,,,,,,,,,,,,,,,,,,,,,,,,,,,,,,,,,,,
"Bieber, Shane",669456,2021,26,16,96.2,405,33.1,8.1,0.224,0.385,0.294,0.298,6,2.1,43.6,36.4,47.9,44.9,21.4,27.4,6.4,R,1559,35.3,92.8,2333,-9.7,-13.3,21,1,25.5,85.7,2683,2.1,-35.6,3.6,1.3,4.7,87.4,1740,-15.1,-27.5,17.5,1.2,31.2,83.1,2386,8.6,-52.8,15.7,1,,,,,,,,3.2,88.2,2630,1.3,-24.3,10.7,1.4,,,,,,,,,,,,,,,,,,,,,,,,,,,,,,,,,,,,,,,,,,
"Kremer, Dean",665152,2021,25,13,53.2,245,19.2,10.2,0.278,0.542,0.397,0.379,8.7,1.7,45.3,20.4,45.3,30.2,29.7,25.6,14.5,R,986,55.6,92.6,2308,-9.4,-14.4,20.1,1.4,,,,,,,,7.5,82.9,1588,-15,-34.7,16.3,1.2,15.8,75.5,2389,8.6,-64.9,18.5,1.4,0.1,89.4,2157,-17.4,-16.2,25.2,,20.7,87.2,2484,4,-27.1,10.1,1.5,,,,,,,,,,,,,,,0.3,83.9,2353,3.5,-31,8.8,1.4,,,,,,,,,,,,,,,,,,,,,
"Thompson, Mason",666168,2021,23,31,24.2,121,19,12.4,0.262,0.404,0.38,0.337,9.8,12.2,42.7,21.2,42.2,52.4,15.9,23.2,8.5,R,424,4.5,95.6,2234,-7.8,-17.6,14.8,1.3,13.7,83.8,2209,4.7,-41.2,5.6,1.6,1.2,86.8,1992,-16.2,-28.8,18,1.4,,,,,,,,80.7,96.2,2213,-14.8,-19.4,18.1,1.5,,,,,,,,,,,,,,,,,,,,,,,,,,,,,,,,,,,,,,,,,,,,,,,,,
"Karinchak, James",675916,2021,25,60,55.1,235,33.2,13.6,0.186,0.331,0.287,0.292,8.1,4.9,40.7,31.3,43.7,40.7,26,22,11.4,R,1007,68.1,95.9,2309,-5.1,-12,18.7,1,,,,,,,,,,,,,,,31.9,83.2,2295,-1,-47.9,8.9,1.5,,,,,,,,,,,,,,,,,,,,,,,,,,,,,,,,,,,,,,,,,,,,,,,,,,,,,,,,
"Montgomery, Jordan",656756,2021,28,30,157.1,661,24.5,7.7,0.248,0.404,0.299,0.31,5.8,4.9,36.5,29,50.4,43,25.1,25.1,6.7,L,2570,16.2,92.6,2284,7.4,-15.3,18.3,1.1,,,,,,,,24.4,82.5,1704,9.7,-25.5,17.8,1.1,23.7,80,2246,-0.9,-46.7,4.4,1.5,21.9,92.4,2172,15.5,-19.8,19.9,1.2,13.8,87.3,2361,-0.3,-27.1,9.1,1.6,,,,,,,,,,,,,,,,,,,,,,,,,,,,,,,,,,,,,,,,,,
"Clippard, Tyler",461325,2021,36,26,25.1,111,18.9,9.9,0.263,0.507,0.315,0.366,6.6,2.6,38.2,24.3,46.1,27.6,42.1,22.4,7.9,R,410,25.4,88.8,2254,-6.1,-15.9,20,1.5,2.4,83.1,2105,3.7,-32.7,8,1.4,34.1,78.3,2090,-13,-29.8,20,1.1,4.9,74.5,2086,6.3,-56.1,10.1,1.3,18,88.7,2160,-12.1,-19.3,19.8,1.1,,,,,,,,15.1,81.1,630,-1.1,-39.6,7.3,1.2,,,,,,,,,,,,,,,,,,,,,,,,,,,,,,,,,,,
"Greene, Shane",572888,2021,32,28,23.2,113,21.2,12.4,0.208,0.374,0.381,0.318,5.6,1.4,40.8,22.4,42.9,36.6,25.4,21.1,16.9,R,468,1.1,93.3,2255,-8.2,-17.5,16.1,1.5,,,,,,,,7.9,86,1613,-13,-37.3,13.1,1.6,,,,,,,,33.5,92.6,2097,-16.3,-23.5,18.4,1.3,29.3,87.4,2459,5.1,-27,10.1,1.4,,,,,,,,,,,,,,,28.2,81.1,2576,14.3,-36.4,15.5,1.5,,,,,,,,,,,,,,,,,,,,,
"Selman, Sam",572125,2021,30,25,25,110,17.3,10.9,0.245,0.401,0.305,0.34,4.1,9.5,27,20.4,47.6,24.3,35.1,25.7,14.9,L,494,55.3,90.9,2346,4.5,-17.7,16,1.2,44.5,79.8,2451,-11.7,-40.3,12.3,1.2,,,,,,,,,,,,,,,0.2,91.8,2579,11,-14,21.6,,,,,,,,,,,,,,,,,,,,,,,,,,,,,,,,,,,,,,,,,,,,,,,,,,
"Ramírez, Yohan",670990,2021,26,25,27.2,114,30.7,10.5,0.174,0.323,0.304,0.276,9.4,9.4,29.7,35.9,45.4,37.5,29.7,18.8,14.1,R,436,52.5,95.4,2310,-12.7,-18,17.7,1.2,,,,,,,,,,,,,,,,,,,,,,1.8,95.8,2372,-18.9,-17.9,22.7,1.3,,,,,,,,,,,,,,,,,,,,,,45.6,82.5,2437,14.3,-33.3,16.3,1.7,,,,,,,,,,,,,,,,,,,,,
"Watkins, Spenser",657093,2021,28,16,54.2,255,13.7,7.5,0.303,0.557,0.405,0.391,7,3.5,38.2,17.9,45.9,34.2,30.7,29.1,6,R,960,46.5,90.8,2239,-0.3,-15.4,18,1.3,,,,,,,,6,85.6,1529,-10.5,-26.1,15.6,1.6,16.5,79.1,2327,0.5,-51.7,8.2,1.5,,,,,,,,31,86.7,2367,5.6,-28.7,9.7,1.6,,,,,,,,,,,,,,,,,,,,,,,,,,,,,,,,,,,,,,,,,,
"Vest, Will",676684,2021,26,32,35,156,17.3,11.5,0.288,0.415,0.355,0.351,6.5,5.6,37,22.8,47,41.7,22.2,32.4,3.7,R,607,56.8,93.5,1989,-11.3,-16.9,18.4,1.1,23.4,85.2,2378,7.3,-40.6,8.5,1.4,19.8,84.5,1539,-15.2,-34.2,15.8,1.3,,,,,,,,,,,,,,,,,,,,,,,,,,,,,,,,,,,,,,,,,,,,,,,,,,,,,,,,,,,,,,,
"Uceta, Edwin",670955,2021,23,14,20.1,92,27.2,13,0.231,0.403,0.323,0.324,3.6,5.5,36.4,28.3,47.9,34.5,32.7,20,12.7,R,361,0.3,92.6,2402,-6.2,-15.1,18,,,,,,,,,41.3,87.6,2026,-17.5,-28.5,19.1,1.4,14.4,80,2418,3.1,-47.7,6.2,1.4,44,92.8,2353,-12.3,-15.5,20.6,1.2,,,,,,,,,,,,,,,,,,,,,,,,,,,,,,,,,,,,,,,,,,,,,,,,,
"Feyereisen, J.P.",656420,2021,28,55,56,234,22.6,14.1,0.203,0.363,0.278,0.303,4.7,4.7,39.9,34.7,48.4,38.5,33.8,17.6,10.1,R,987,51.5,93.1,2491,-5.4,-10.9,21.7,1.1,28.6,86.3,2772,5.6,-35.2,6.2,1.3,19.9,87.6,1592,-14.9,-33.1,15.4,1.2,,,,,,,,0.1,93.5,2708,-12.9,-10.1,25.2,,,,,,,,,,,,,,,,,,,,,,,,,,,,,,,,,,,,,,,,,,,,,,,,,,
"Mejía, J.C.",650496,2021,24,17,52.1,238,19.7,10.1,0.285,0.485,0.385,0.37,4.3,3,45.7,20.8,45.6,48.2,24.4,22,5.5,R,982,16.1,93,2203,-7.3,-22.1,12.1,1.4,23.7,82.7,2518,9.4,-36.5,10.3,1.5,11.5,87.6,1784,-12.9,-31.2,14.1,1.5,6.5,80.3,2512,13,-54.1,17.3,1.7,42.2,92.6,2096,-14.5,-29.8,14.9,1.2,,,,,,,,,,,,,,,,,,,,,,,,,,,,,,,,,,,,,,,,,,,,,,,,,
"Faria, Jake",607188,2021,27,23,32.2,154,20.8,8.4,0.232,0.417,0.359,0.315,9.3,4.7,40.2,23.2,42.6,41.1,32.7,21.5,4.7,R,639,56,92.3,2105,-4.3,-13.8,19,1,7.5,84.7,1886,1.7,-33.7,5.1,1.4,,,,,,,,15.8,75.9,2292,6,-64.8,17.6,1.7,0.2,93.2,2273,-9.5,-11.7,21.9,,,,,,,,,20.5,82.4,1181,-10,-36.4,10.9,1.2,,,,,,,,,,,,,,,,,,,,,,,,,,,,,,,,,,,
"Cimber, Adam",643256,2021,30,72,71.2,286,17.8,5.6,0.242,0.345,0.263,0.284,5.2,4.2,38.2,19.9,51.1,53.3,17.5,19.8,9.4,R,1022,32.3,87,2193,-11.8,-31.8,12.9,1.2,32.1,78.4,2412,6.2,-40.1,8.3,1.2,,,,,,,,,,,,,,,35.6,87,2155,-12.3,-45.4,15.4,1.3,,,,,,,,,,,,,,,,,,,,,,,,,,,,,,,,,,,,,,,,,,,,,,,,,
"Jiménez, Joe",641729,2021,26,52,45.1,210,27.1,16.7,0.167,0.323,0.336,0.303,9.1,3.6,33.6,31.3,47.6,35.5,34.5,15.5,14.5,R,866,54,94.7,2494,-8.5,-12.7,19.9,1.3,32.9,84.5,2280,3.9,-36.4,5,2,13,90,2251,-16.2,-26.1,18.1,1.4,,,,,,,,,,,,,,,,,,,,,,,,,,,,,,,,,,,,,,,,,,,,,,,,,,,,,,,,,,,,,,,
"Sale, Chris",519242,2021,32,9,42.2,183,28.4,6.6,0.231,0.347,0.326,0.287,5.2,8.7,32.2,27.7,48.5,47,25.2,22.6,5.2,L,736,47.6,93.6,2291,13.2,-19.2,18,2,31.5,78,2243,-11,-49.6,12.1,2.2,19.6,86.5,2019,18.4,-35,18.6,1.7,,,,,,,,1.4,92.6,2145,18.2,-28.8,18.6,1.6,,,,,,,,,,,,,,,,,,,,,,,,,,,,,,,,,,,,,,,,,,,,,,,,,
"Jax, Griffin",643377,2021,26,18,82,360,18.1,8.1,0.251,0.524,0.358,0.358,11.1,2.3,43.7,21.2,48.3,32.2,41.8,18.8,7.3,R,1394,45.9,92.6,2307,-12.1,-15.8,20.2,1,,,,,,,,14,85.6,1636,-14.2,-29.4,16.4,1.4,9,79.8,2713,5.7,-56.4,14.8,1.2,,,,,,,,,,,,,,,,,,,,,,,,,,,,,31.1,83.3,2808,11.1,-41.2,11.9,1.2,,,,,,,,,,,,,,,,,,,,,
"Chargois, JT",608638,2021,30,56,53.2,216,24.5,9.3,0.225,0.365,0.279,0.298,5.8,2.9,36.5,27.1,45.9,44.5,26.3,23.4,5.8,R,875,4.8,95.7,2280,-11.6,-18,16.9,1.3,59.7,87.6,2247,-0.3,-32.1,3.9,1.9,,,,,,,,,,,,,,,35.5,96.3,2235,-18.1,-21.2,20.1,1.2,,,,,,,,,,,,,,,,,,,,,,,,,,,,,,,,,,,,,,,,,,,,,,,,,
"Eickhoff, Jerad",595191,2021,30,5,19.2,104,12.5,9.6,0.347,0.66,0.462,0.453,14.1,5.1,47.4,17.6,49.3,32.1,26.9,32.1,9,R,357,48.5,90,2057,-11.4,-18,19.7,1.1,28.6,82.5,2252,2.5,-34.4,6.3,1.2,7.3,84,1436,-11.2,-30.1,14.4,1.6,15.4,75,2659,6.9,-57.9,11.7,1.3,0.3,89.7,2038,-22.3,-24.9,24.3,,,,,,,,,,,,,,,,,,,,,,,,,,,,,,,,,,,,,,,,,,,,,,,,,,
"Poppen, Sean",664092,2021,27,24,22.2,110,23.6,8.2,0.286,0.45,0.367,0.351,4.2,2.8,48.6,25.9,40.9,47.2,13.9,33.3,5.6,R,406,,,,,,,,37.9,84,2195,15.1,-39.6,15.4,1.3,8.6,86.1,1981,-18.3,-32.3,19,1.4,,,,,,,,53.4,94.2,2016,-14.2,-23.4,16.3,1.4,,,,,,,,,,,,,,,,,,,,,,,,,,,,,,,,,,,,,,,,,,,,,,,,,
"Abreu, Bryan",650556,2021,24,31,36,161,22.4,11.2,0.25,0.395,0.33,0.333,6.7,2.9,40.4,31.1,45.3,48.1,25,19.2,7.7,R,689,43.3,95.6,2212,-7.8,-13,18.9,1.6,37.3,88.9,2526,3.8,-36.9,5.2,1.4,,,,,,,,17.4,86.6,2789,7.5,-46.9,12.9,1.8,2,96.1,2276,-12.3,-13.8,20.4,1.4,,,,,,,,,,,,,,,,,,,,,,,,,,,,,,,,,,,,,,,,,,,,,,,,,
"Mears, Nick",683232,2021,24,30,23.1,107,21.5,12.1,0.252,0.422,0.349,0.338,7,2.8,29.6,25.1,47.6,39.4,31,22.5,7,R,452,64.2,95.6,2184,-3.8,-10.9,19.4,1.3,,,,,,,,,,,,,,,35.8,79.1,2296,3.8,-55.4,12.4,1.3,,,,,,,,,,,,,,,,,,,,,,,,,,,,,,,,,,,,,,,,,,,,,,,,,,,,,,,,
"Eovaldi, Nathan",543135,2021,31,32,182.1,764,25.5,4.6,0.238,0.366,0.298,0.283,6.5,4.2,36.4,25.9,51.6,42.7,23.1,25.6,8.5,R,2927,42.3,96.8,2113,-12.2,-14.9,18.9,1.4,13.8,85.8,2156,6,-35.1,6.8,1.7,,,,,,,,18.8,78.5,2086,9.9,-55,14.6,1.6,,,,,,,,12.5,92.5,2281,0.5,-20.3,11.8,1.5,12.7,87.9,1536,-11,-33.6,11.4,1.8,,,,,,,,,,,,,,,,,,,,,,,,,,,,,,,,,,,
"Brebbia, John",605154,2021,31,18,18.1,87,25.3,4.6,0.244,0.407,0.379,0.293,13.6,3.4,35.6,23.2,54.5,28.8,32.2,32.2,6.8,R,332,49.4,92.9,2257,-10.1,-14.4,20.2,1.7,49.1,81.4,2487,8.1,-39.5,8.7,1.9,1.5,88.1,1922,-16,-27.9,17.6,1.5,,,,,,,,,,,,,,,,,,,,,,,,,,,,,,,,,,,,,,,,,,,,,,,,,,,,,,,,,,,,,,,
"Trivino, Lou",642152,2021,29,71,73.2,310,21.6,11,0.233,0.394,0.28,0.319,3.9,4.4,33.8,23.6,46.5,48.5,24.5,21.1,5.9,R,1177,26.4,95.6,2008,-8.2,-15.3,16.9,1.1,0.1,76,2367,14.6,-54,15.9,,12.4,87.3,1676,-16.1,-35.3,16.3,1.3,11.4,77.8,2382,13.3,-53.4,15.6,1.6,32.7,95.9,2006,-16.6,-20.1,19.3,1.1,17,92.9,2249,-2.7,-22.3,10,1.3,,,,,,,,,,,,,,,,,,,,,,,,,,,,,,,,,,,,,,,,,,
"Hader, Josh",623352,2021,27,60,58.2,224,45.5,10.7,0.154,0.239,0.2,0.229,7.3,3.1,30.2,45.2,50.9,32.3,32.3,22.9,12.5,L,964,0.1,96.4,2109,2.9,-9,20.3,,27.8,83.6,2494,-3.8,-37.4,5,1.5,6.7,87.7,1465,14.1,-31.8,14.9,1.5,,,,,,,,65.4,96.4,2069,9.8,-12.1,20.1,1.2,,,,,,,,,,,,,,,,,,,,,,,,,,,,,,,,,,,,,,,,,,,,,,,,,
"Shoemaker, Matt",533167,2021,34,16,60.1,284,14.1,9.5,0.286,0.531,0.38,0.379,7,4.7,40.4,22.2,49.4,45.5,27.7,20.7,6.1,R,1064,24.4,91.6,2228,-8.9,-16,18.9,1.5,24.5,82.2,2076,4,-38.9,5.3,1.7,,,,,,,,1.2,77.3,1947,8.8,-47.6,10.9,1.4,16.5,91.7,2119,-15.6,-21.8,19,1.3,,,,,,,,33.3,85.2,1222,-11.3,-33.1,12.5,1.5,,,,,,,,,,,,,,,,,,,,,,,,,,,,,,,,,,,
"Montero, Rafael",606160,2021,30,44,49.1,225,18.7,7.6,0.231,0.329,0.34,0.289,5,5.6,34.2,23.2,50.5,55.9,19.3,19.9,5,R,872,35.4,95.8,2262,-9,-15.6,16.9,1.3,19.5,85.7,2301,7.2,-34.2,8.4,1.5,19.2,89.7,2015,-15.9,-29.6,16.7,1.3,,,,,,,,25.9,95.1,2189,-15.7,-21.8,17.9,1.2,,,,,,,,,,,,,,,,,,,,,,,,,,,,,,,,,,,,,,,,,,,,,,,,,
"Heaney, Andrew",571760,2021,30,30,129.2,558,26.9,7.3,0.237,0.431,0.341,0.318,7.5,3,40.8,28.2,48.7,34.3,33,25.5,6.9,L,2253,59.4,92,2443,15.3,-17.4,21.7,1.4,1.5,80.3,2553,-6,-45.3,7,1.7,18,83.8,2035,17.2,-31.6,19,1.5,21.1,79.3,2572,-7.1,-46.9,8.2,1.4,,,,,,,,,,,,,,,,,,,,,,,,,,,,,,,,,,,,,,,,,,,,,,,,,,,,,,,,
"Keller, Mitch",656605,2021,25,23,100.2,470,19.6,10.4,0.288,0.452,0.379,0.359,7.5,4.3,47.5,20.2,46.1,41,24.8,29.8,4.3,R,1858,56.5,93.8,2354,-6.6,-15.3,17.1,1.6,,,,,,,,4.7,89.8,1647,-13.8,-25.3,16.5,1.6,14.5,78.5,2616,9.5,-59.3,17.5,1.5,,,,,,,,24.2,86.2,2370,3.2,-36,3.9,1.9,,,,,,,,,,,,,,,,,,,,,,,,,,,,,,,,,,,,,,,,,,
"Gallen, Zac",668678,2021,25,23,121.1,523,26.6,9.4,0.23,0.382,0.313,0.306,6.7,4.8,43,23.3,44.3,44.8,25.8,23.3,6.1,R,2102,53.7,93.4,2324,-3.4,-14.1,17.8,1.3,8.4,86.1,2467,7.7,-37,8.3,1.8,16.7,86.1,1476,-12.7,-33.4,13.4,1.4,12.5,79.7,2437,8.3,-55.1,14.5,1.3,0.4,93.3,2328,-9.8,-13.5,20.7,1.4,8.3,90.3,2249,3.3,-23,11.5,1.5,,,,,,,,,,,,,,,,,,,,,,,,,,,,,,,,,,,,,,,,,,
"Whitley, Kodi",676831,2021,26,25,25.1,101,26.7,11.9,0.207,0.327,0.231,0.279,9.7,3.2,24.2,31.4,52.4,38.7,25.8,24.2,11.3,R,401,56.9,93.7,2248,-5.9,-11.7,20.5,1.6,15.2,84.4,2027,0.7,-31.2,7.9,1.7,27.9,84.7,1841,-9.1,-21.1,19.5,1.6,,,,,,,,,,,,,,,,,,,,,,,,,,,,,,,,,,,,,,,,,,,,,,,,,,,,,,,,,,,,,,,
"Smith, Riley",642092,2021,26,24,67.1,301,12,5,0.288,0.48,0.368,0.348,8.9,5.3,41.1,13.6,47.3,44.3,25.6,26,4.1,R,1070,0.5,92.6,2262,-5.9,-19.4,14,1.5,4.5,82.2,2047,3.6,-39.7,4.3,1.6,17,86.5,1938,-16.9,-29.3,18.6,1.2,10.7,79.3,2366,7.3,-54.2,12.9,1.5,57.3,92.9,2248,-14.1,-22,17.4,1.3,10,84.2,2153,0.1,-32.1,6.7,1.5,,,,,,,,,,,,,,,,,,,,,,,,,,,,,,,,,,,,,,,,,,
"Canning, Griffin",656288,2021,25,14,62.2,277,22.4,10.1,0.25,0.433,0.358,0.332,6.5,2.2,39.5,30.3,49.5,36.2,31.4,23.2,9.2,R,1076,40.6,93.5,2266,-9.3,-12.5,21.1,1.2,27,88.2,2639,-1.5,-35.3,2.9,1.5,21.3,89.1,1869,-17.9,-26.4,19.8,1.2,11.2,81.9,2325,7.6,-46.8,9.9,1.6,,,,,,,,,,,,,,,,,,,,,,,,,,,,,,,,,,,,,,,,,,,,,,,,,,,,,,,,
"Misiewicz, Anthony",664948,2021,26,66,54.2,236,22.5,6.4,0.253,0.426,0.324,0.312,7.2,3.6,44.9,26.2,52.1,44.3,26.9,23.4,5.4,L,894,35.3,94.3,2216,8.6,-14.7,18.3,1.1,,,,,,,,,,,,,,,31.3,80.7,2862,-11.1,-50.4,14.2,1.5,,,,,,,,33.3,88.7,2442,-0.6,-27.1,8.2,1.8,,,,,,,,,,,,,,,,,,,,,,,,,,,,,,,,,,,,,,,,,,
"Peacock, Matt",676840,2021,27,35,86.1,386,13,7.3,0.269,0.414,0.357,0.317,4.6,4.2,45.9,17.7,46.6,59.6,16.6,20.2,3.6,R,1322,0.2,92.9,2054,-10.9,-30.8,11,1.5,24.5,87.3,2638,-0.6,-34.5,2.1,1.5,7.2,86.6,1741,-16.9,-33.1,17.4,1.6,,,,,,,,68.2,93.4,2043,-16.5,-25.6,17.7,1.4,,,,,,,,,,,,,,,,,,,,,,,,,,,,,,,,,,,,,,,,,,,,,,,,,
"Peralta, Freddy",642547,2021,25,28,144.1,580,33.6,9.7,0.174,0.289,0.252,0.253,7.2,5.3,31.8,34.1,45.6,34,32.4,22,11.6,R,2356,51.7,93.4,2370,-7,-14.9,18.1,1.7,26.5,80.5,2264,14.3,-39.3,14.9,1.6,9.7,88,1621,-14.7,-31.2,15.5,1.3,10.8,76.8,2213,8.4,-52,10.3,1.3,1.3,92.4,2302,-13.8,-18.9,19.2,1.7,,,,,,,,,,,,,,,,,,,,,,,,,,,,,,,,,,,,,,,,,,,,,,,,,
"González, Chi Chi",592346,2021,29,24,101.2,448,12.5,6.3,0.313,0.54,0.381,0.386,8.4,4.7,45,16.1,48.5,40.5,22.9,30.4,6.1,R,1634,46.6,91.9,2337,-2.8,-20.6,12,1.3,24.2,85.7,2508,3.4,-33.9,5,1.2,9.7,84.3,1649,-12.1,-33.2,13.3,1.6,5,81.1,2578,4.7,-43.3,5.7,1.6,5.6,90.6,2229,-11.2,-25.5,13.8,1.3,8.9,87.8,2534,2.5,-30.7,5.5,0.9,,,,,,,,,,,,,,,,,,,,,,,,,,,,,,,,,,,,,,,,,,
"Bauer, Trevor",545333,2021,30,17,107.2,432,31.7,8.6,0.197,0.385,0.274,0.285,7.8,5.1,42.4,30.1,45.7,34.1,35.3,20.8,9.8,R,1787,40.2,93.9,2784,-9.9,-11.2,22.6,1.7,,,,,,,,2.6,88.1,1830,-16.5,-28,18.2,1.7,11.2,79.6,3013,9.4,-63.3,21.5,1.9,5.8,94.4,2554,-14.6,-15.8,21.1,1.4,21.6,85.3,2871,5.1,-36.7,5.9,1.8,,,,,,,,,,,,,,,18.6,80.8,2962,17.2,-44.5,17.6,1.8,,,,,,,,,,,,,,,,,,,,,
"Stephenson, Robert",596112,2021,28,49,46,197,26.4,9.1,0.228,0.392,0.313,0.306,4.8,4,36.8,26.9,46.5,39.2,31.2,23.2,6.4,R,767,49.4,96.5,2521,-12.2,-14.1,19.7,1.3,28.9,83,2980,7.5,-44.1,9.4,1.9,,,,,,,,20.9,81,3077,11.1,-49.2,13.7,1.7,,,,,,,,,,,,,,,0.8,87.2,1753,-13.2,-27.1,16.1,1.5,,,,,,,,,,,,,,,,,,,,,,,,,,,,,,,,,,,
"Matz, Steven",571927,2021,30,29,150.2,647,22.3,6.6,0.253,0.396,0.315,0.309,4.8,4.2,37.9,22.3,46.9,46.3,24.4,24,5.3,L,2557,,,,,,,,8.2,88.9,2080,1.2,-28.9,6.6,1.6,23.3,85,2260,15.9,-34.6,16.4,1.5,16.6,77.6,2336,-13.3,-54.8,16.3,1.3,51.9,94.5,2184,15,-18.4,19.6,1.1,,,,,,,,,,,,,,,,,,,,,,,,,,,,,,,,,,,,,,,,,,,,,,,,,
"Smith, Burch",572143,2021,31,31,43.1,188,14.9,5.9,0.281,0.443,0.328,0.331,4.7,2,41.9,20.2,48.2,37.8,28.4,28.4,5.4,R,678,68.9,93.4,2277,-7,-14.4,18.6,1.6,1.9,83.5,2231,3.3,-39,4,1.5,13.6,82.1,1870,-12.4,-26.7,18.9,2,15.5,78.7,2424,10.2,-58.3,17.2,1.7,,,,,,,,0.1,84.1,2233,3.8,-37.8,3.9,,,,,,,,,,,,,,,,,,,,,,,,,,,,,,,,,,,,,,,,,,,
"Cabrera, Edward",665795,2021,23,7,26.1,120,23.3,15.8,0.282,0.539,0.387,0.415,7.2,8.7,47.8,27.3,44.8,42,26.1,29,2.9,R,482,38.6,96.7,2266,-10.4,-13.7,18.9,1.4,20.3,87.7,2382,4.3,-34.2,5.6,1.3,23.7,92.1,1783,-15.8,-23.6,18.3,1.6,17.4,83.5,2381,6.3,-45.5,9.3,1.7,,,,,,,,,,,,,,,,,,,,,,,,,,,,,,,,,,,,,,,,,,,,,,,,,,,,,,,,
"Gsellman, Robert",607229,2021,27,17,28.2,119,14.3,5.9,0.281,0.428,0.302,0.335,2.2,6.5,31.5,21.3,50.6,48.9,21.7,23.9,5.4,R,427,4.9,94.5,1972,-11.3,-19.9,15.7,1.5,19.7,89.5,2140,-1.7,-27.5,7.2,1.4,16.4,84.8,1639,-15.5,-30,17.7,1.2,1.4,79.2,2575,9.6,-52.2,13.1,1.6,57.6,93.9,2006,-17.6,-24.3,19,1.2,,,,,,,,,,,,,,,,,,,,,,,,,,,,,,,,,,,,,,,,,,,,,,,,,
"Gant, John",607231,2021,28,39,110,491,18.7,14.5,0.258,0.394,0.321,0.344,4.7,4,38.5,24,43.3,49.1,23,23.3,4.7,R,1975,12.5,92,2441,-12,-16.6,20.1,2.5,3,80,2650,2.4,-46.8,5.7,1.5,22.5,80.1,1482,-12.8,-36,14.7,1.6,5.6,74.7,2473,6.4,-63.5,15.6,1.4,36.8,91.6,2379,-16.3,-20.1,20.7,2,19.7,85.4,2612,1.8,-31.4,6.6,2.2,,,,,,,,,,,,,,,,,,,,,,,,,,,,,,,,,,,,,,,,,,
"Gausman, Kevin",592332,2021,30,33,192,775,29.3,6.5,0.23,0.381,0.265,0.29,6.1,5.5,40.9,31.3,52.4,42.7,28.1,23.3,5.9,R,3002,52.7,94.6,2283,-10.4,-14.2,19.5,1.7,6.2,82,2197,1.9,-39.2,3.5,1.9,5.6,83.8,1641,-11.2,-27.2,16.5,1.8,,,,,,,,,,,,,,,,,,,,,,35.5,83.6,1527,-12.4,-37,13,1.7,,,,,,,,,,,,,,,,,,,,,,,,,,,,,,,,,,,
"Maples, Dillon",596027,2021,29,28,31.1,139,28.8,18,0.186,0.298,0.285,0.322,9.1,3,42.4,30.5,34.9,51.5,18.2,25.8,4.5,R,565,33.1,95.1,2658,-4.2,-20.1,11.2,1.3,35.8,87.5,2842,14.5,-36.3,14.8,1.2,,,,,,,,12.6,84.1,3149,13.3,-54.2,20.3,1.3,18.6,95.4,2611,-11.3,-22.4,13.8,1.4,,,,,,,,,,,,,,,,,,,,,,,,,,,,,,,,,,,,,,,,,,,,,,,,,
"Freeland, Kyle",607536,2021,28,23,120.2,515,20.4,7.4,0.247,0.414,0.349,0.314,5.2,3.8,35.3,21.1,46.2,45.7,23.4,24.2,6.8,L,1886,25.3,91.4,2398,6.3,-19.6,14.4,1.5,22.7,86,2324,-2.5,-32,5.7,2,17.2,85.8,1543,10.9,-29.6,13.5,2,19.9,80.2,2437,-5.6,-51.6,11.1,2.1,14.8,91.3,2359,12.3,-26.2,14.1,1.4,,,,,,,,,,,,,,,,,,,,,,,,,,,,,,,,,,,,,,,,,,,,,,,,,
"Ashby, Aaron",676879,2021,23,13,31.2,133,29.3,9,0.192,0.323,0.272,0.268,2.5,7.4,35.8,29.6,45.7,63,22.2,14.8,0,L,532,3,97,2069,8.2,-17.9,14.1,1.4,38.5,83.7,2557,-9.8,-42.5,10.8,1.4,21.6,88.9,1886,13.8,-32.3,14.1,1.5,3.9,78.8,2504,-6.8,-59.2,16.6,1.7,32.9,96.5,1983,13.5,-22.3,15.3,1.3,,,,,,,,,,,,,,,,,,,,,,,,,,,,,,,,,,,,,,,,,,,,,,,,,
"Dunning, Dane",641540,2021,26,27,117.2,511,22.3,8.4,0.265,0.419,0.336,0.332,6.1,6.3,43.5,23.2,46.3,54.2,18.4,22.5,4.9,R,1909,0.6,90.1,2022,-7.6,-26.7,10.4,1.4,21.6,79.7,2074,4.6,-48.1,7.5,1.3,13,84.5,1935,-17.4,-32.1,18.7,1.5,4.7,78.2,2061,7.7,-59.9,16.8,1.5,52.1,90.4,2034,-14.5,-27,16.1,1.2,8,85.8,2212,2.2,-30.7,7.1,1.9,,,,,,,,,,,,,,,,,,,,,,,,,,,,,,,,,,,,,,,,,,
"Junk, Janson",676083,2021,25,4,16.1,71,14.1,2.8,0.295,0.57,0.357,0.374,5.1,6.8,33.9,17.2,49.4,39,33.9,20.3,6.8,R,247,51.8,92.5,2357,-1.2,-15.7,16.4,1.1,,,,,,,,2.8,88.5,1799,-14.1,-26.7,16.5,1.4,21.9,79.3,2416,9.1,-57.9,16.8,1.4,,,,,,,,,,,,,,,0.4,83.7,1049,-4.2,-27.4,12.2,,,,,,,,,23.1,80.5,2536,15.6,-41.9,15.8,1.2,,,,,,,,,,,,,,,,,,,,,
"Suárez, Ranger",624133,2021,25,39,106,418,25.6,7.9,0.204,0.278,0.235,0.25,5.1,6.2,31.1,26.9,46.3,59.7,19,16.8,4.4,L,1614,22.6,93.7,1932,7.4,-19,14.3,1.2,7.8,84.3,2055,-4.4,-34.3,6.9,1.9,24.1,85,1491,15.2,-31.4,16.7,1.7,,,,,,,,45.5,92.9,1843,15.8,-24,17.8,1.4,,,,,,,,,,,,,,,,,,,,,,,,,,,,,,,,,,,,,,,,,,,,,,,,,
"Kluber, Corey",446372,2021,35,16,80,341,24,9.7,0.24,0.372,0.31,0.309,6.3,5.9,34.4,28.1,47.1,43.9,24.9,23.5,7.7,R,1338,4.6,89.9,2263,-5.3,-18.6,16.3,1.3,,,,,,,,13.8,84.7,1638,-13.6,-33.5,14.9,1.3,29.4,81.9,2506,16.9,-40.7,17.2,1.3,25.1,90.7,2113,-15.5,-24.8,17.9,1.3,27.2,87.6,2454,3.8,-27.9,8.7,1.3,,,,,,,,,,,,,,,,,,,,,,,,,,,,,,,,,,,,,,,,,,
"Pivetta, Nick",601713,2021,28,31,155,661,26.5,9.8,0.219,0.385,0.316,0.301,7.7,3.1,40.4,24.6,48.1,38.9,31,21.4,8.7,R,2745,51.8,94.8,2294,-5.1,-10.8,20.5,1.4,21.2,86,2288,5.5,-35.2,6.6,1.8,2.7,87.9,1868,-13.3,-24.4,17.5,1.5,23.8,78.6,2740,8,-63.5,20.3,1.7,0.1,93.3,2240,-12.4,-13.9,21.6,1.5,0.4,86.8,2229,1.7,-32.4,6.6,1.5,,,,,,,,,,,,,,,0,86,2440,14,-33.1,14.5,,,,,,,,,,,,,,,,,,,,,,
"King, John",667463,2021,26,27,46,193,20.7,6.2,0.231,0.339,0.276,0.282,5.1,5.1,39.4,25.6,50.6,59.1,12.4,24.8,3.6,L,696,0.1,86.4,2027,4.5,-25.2,12.2,,8.3,80.2,2433,-3.7,-46.9,6.6,2.1,19.5,78.7,1562,13.6,-37.5,15.4,2.4,,,,,,,,57,92.2,1959,15.6,-30.5,15.9,1.4,9.3,87.3,2105,1.2,-28,8.3,2.1,,,,,,,,,,,,,,,5.6,78.9,2473,-12,-49,13.3,1.5,,,,,,,,,,,,,,,,,,,,,
"Kimbrel, Craig",518886,2021,33,63,59.2,235,42.6,9.8,0.158,0.268,0.23,0.236,13.8,2.8,39.8,43.7,45.6,30.3,33.9,27.5,8.3,R,986,59.3,96.5,2301,-10.3,-14.8,18,1.2,,,,,,,,,,,,,,,40.7,86.1,2558,10.4,-42.6,12.2,1.3,,,,,,,,,,,,,,,,,,,,,,,,,,,,,,,,,,,,,,,,,,,,,,,,,,,,,,,,
"Stroman, Marcus",573186,2021,30,33,179,729,21.7,5.9,0.262,0.418,0.284,0.318,6,7.3,42,26.7,48.5,52.6,20,24.6,2.9,R,2741,2.6,92.6,2438,-4.3,-18.6,14.2,1.3,1.6,87.2,2643,4.1,-38.7,5.3,1.6,,,,,,,,0.4,74.9,2514,16.5,-51,17,1.7,42,91.9,2284,-9.8,-27.9,11,1,15.4,89.9,2585,1.9,-28.2,6.3,1.8,16.1,86.1,1634,-12.1,-35.2,12.7,2.3,,,,,,,,,,,,,,,21.9,84.9,2679,11.8,-36.2,12.3,2,,,,,,,,,,,,,,
"Toussaint, Touki",657053,2021,25,11,50,216,22.2,10.2,0.27,0.471,0.334,0.361,4.3,6.4,48.6,25,42.4,49.3,21.4,22.1,7.1,R,820,3.3,93.7,2179,-5.3,-18,14.2,1.5,,,,,,,,,,,,,,,27.2,76.2,2348,10.6,-59.6,16.2,1.5,48.3,92.7,2183,-14.1,-24.8,16,1.6,,,,,,,,21.2,87.2,1335,-7.1,-34.2,7.6,1.4,,,,,,,,,,,,,,,,,,,,,,,,,,,,,,,,,,,
"Neris, Héctor",593576,2021,32,74,74.1,310,31.6,10.3,0.185,0.316,0.292,0.266,7.4,6.8,35.8,34.4,49.4,50,25,18.2,6.8,R,1243,36.7,94.2,2349,-9.5,-15,18.8,1.4,3.5,87.7,1954,2.1,-30.1,6.1,1.8,,,,,,,,,,,,,,,19.1,94.8,2234,-16.5,-20,19.7,1.1,,,,,,,,40.6,84.2,1122,-8.3,-38.1,9.1,1.6,,,,,,,,,,,,,,,,,,,,,,,,,,,,,,,,,,,
"Ohtani, Shohei",660271,2021,26,23,130.1,533,29.3,8.3,0.207,0.344,0.279,0.282,8,6.5,39.9,28.9,48,46.4,23.8,22.3,7.4,R,2027,44,95.6,2218,-3.8,-14.6,16,2.5,0.3,80.6,2273,7.6,-44.8,9.7,1.6,,,,,,,,3.4,74.5,2370,12.1,-63.9,18.3,2.8,,,,,,,,12.3,87,2262,3.4,-32.1,6,2.5,18.1,88.1,1360,-5,-32.9,6.3,2.5,,,,,,,,21.9,82.3,2350,15.8,-37.5,16.5,2.6,,,,,,,,,,,,,,,,,,,,,
"Peralta, Wily",503449,2021,32,19,93.2,402,14.4,9.5,0.258,0.422,0.319,0.334,7.6,6.6,38.2,21.3,45.2,50.8,21.6,22.9,4.7,R,1554,25,93.7,1873,-7,-15.5,17.2,1.3,22.3,82.5,2171,1.5,-39.3,2.9,2.1,,,,,,,,,,,,,,,30.2,94,1795,-11.5,-17.1,18,1.2,,,,,,,,22.5,81.3,1056,-10.2,-34.7,12.4,1.4,,,,,,,,,,,,,,,,,,,,,,,,,,,,,,,,,,,
"Warren, Austin",681810,2021,25,16,20.1,84,23.8,6,0.191,0.284,0.243,0.239,6.9,3.4,39.7,27.9,45.8,53.4,20.7,17.2,8.6,R,286,34.6,93.8,2287,-9.9,-15.1,19,1.1,43.7,87.1,2573,4.1,-33.3,5.9,1.6,3.1,87.7,1827,-15.9,-29.7,17.1,1.4,,,,,,,,18.5,93.5,2120,-16.8,-22.1,19.2,1.2,,,,,,,,,,,,,,,,,,,,,,,,,,,,,,,,,,,,,,,,,,,,,,,,,
"Wisler, Matt",605538,2021,28,48,48.2,195,31.8,5.6,0.201,0.323,0.284,0.252,6.6,5.8,25.6,32,43.7,25.6,34.7,28.1,11.6,R,787,9.1,91.5,2110,-9.2,-15.1,20,1.2,90.9,81.5,2525,9.7,-41.8,10.3,1.6,,,,,,,,,,,,,,,,,,,,,,,,,,,,,,,,,,,,,,,,,,,,,,,,,,,,,,,,,,,,,,,,,,,,,,
"Pineda, Michael",501381,2021,32,22,109.1,458,19.2,4.6,0.282,0.475,0.32,0.338,6.1,4,46.7,22.1,51.7,40.9,26.5,25.6,6.9,R,1707,54.2,90.6,1946,-6.5,-19,15.9,1.5,28.9,81.2,1963,0.5,-40.9,2.8,2.1,16.9,85.5,1719,-16.1,-29.3,18.2,1.3,,,,,,,,,,,,,,,,,,,,,,,,,,,,,,,,,,,,,,,,,,,,,,,,,,,,,,,,,,,,,,,
"Germán, Domingo",593334,2021,28,22,98.1,410,23.9,6.6,0.239,0.421,0.306,0.311,7.8,3.2,39.2,30.2,50.3,43.1,30,19.1,7.8,R,1576,28.7,93.4,2482,-8.9,-15.6,18.3,1.4,,,,,,,,22.3,86.5,2292,-17.5,-28.9,19.3,1.7,34,81.1,2614,1.4,-45.3,4.5,1.7,15,93.6,2382,-17.2,-23.6,19,1.4,,,,,,,,,,,,,,,,,,,,,,,,,,,,,,,,,,,,,,,,,,,,,,,,,
"Rodriguez, Chris",669735,2021,22,15,29.2,134,21.6,11.2,0.216,0.292,0.304,0.288,5.8,3.5,36,25.1,41.8,54.7,19.8,24.4,1.2,R,505,2.4,94.6,2205,-11.3,-16.6,18.2,1.5,5.7,89.9,2397,3.2,-27.6,7.1,1.4,4.8,89.8,1552,-14.9,-27,16.7,1.4,24.2,84.6,2445,8.1,-49.5,13.8,1.4,63,95.8,2089,-17.7,-21.5,19.7,1.5,,,,,,,,,,,,,,,,,,,,,,,,,,,,,,,,,,,,,,,,,,,,,,,,,
"Tapia, Domingo",593619,2021,29,34,33.2,135,19.3,11.1,0.253,0.352,0.255,0.303,2.1,1.1,42.6,20.8,42.5,46.8,19.1,27.7,6.4,R,520,15,97.7,2326,-11.3,-13.4,19.1,1.3,19.2,87.7,2346,4.9,-35.6,5.4,1.8,6.2,89.2,1801,-12.4,-21.9,17.7,1.4,,,,,,,,58.1,97.2,2108,-16.7,-19.9,19.1,1.2,1.5,91.4,2473,3.8,-27.7,6.7,1.4,,,,,,,,,,,,,,,,,,,,,,,,,,,,,,,,,,,,,,,,,,
"Barlow, Joe",669618,2021,25,31,29,111,24.3,10.8,0.204,0.356,0.2,0.285,5.6,1.4,36.1,25.8,49.5,38.9,27.8,23.6,9.7,R,455,45.5,94.4,2256,-5.2,-11.4,20.1,1.2,40.7,85.9,2179,2.8,-28.8,8.7,1.8,,,,,,,,12.7,79.1,2212,1.3,-52.7,9.5,1.8,1.1,94.5,2227,-10.3,-13.5,20.2,1.4,,,,,,,,,,,,,,,,,,,,,,,,,,,,,,,,,,,,,,,,,,,,,,,,,
"Luzardo, Jesús",666200,2021,23,25,95.1,437,22.4,11,0.255,0.459,0.375,0.348,7,5.9,39,29.4,47,39.4,28.9,26.1,5.6,L,1727,32.8,95.7,2261,13.3,-14.9,20.3,1.7,28.8,83.4,2231,0.2,-37.1,3.1,1.7,20.2,86.6,1878,16.3,-29,18.1,1.9,,,,,,,,18.2,95.1,2232,16.6,-17.6,21.1,1.7,,,,,,,,,,,,,,,,,,,,,,,,,,,,,,,,,,,,,,,,,,,,,,,,,
"Gibson, Kyle",502043,2021,33,31,182,754,20.6,8.5,0.241,0.367,0.293,0.302,5.1,4,39.1,24.9,44.8,52.4,18.4,23.7,5.5,R,2881,12.6,92.8,2292,-5.6,-15.5,17.4,1.2,15.7,83.5,2514,5.7,-40.2,6.2,1.2,13.4,84.8,1641,-14.5,-33.9,15.2,1.3,9,79.4,2434,7.1,-51.7,11.1,1.3,34,92.3,2136,-14.9,-24.5,16.9,1.2,15,89.5,2366,1.7,-26,8.6,1.3,,,,,,,,,,,,,,,0.4,82.9,2545,7.2,-43.3,8.4,1.6,,,,,,,,,,,,,,,,,,,,,
"Mejía, Humberto",650668,2021,24,5,22.1,105,19,8.6,0.299,0.495,0.447,0.36,9.2,1.3,34.2,21.1,50.6,31.6,27.6,34.2,6.6,R,421,42.3,92,2168,-8.3,-15,19.4,1.4,17.3,82,2325,5,-39.9,5.7,2,15.9,85,1829,-13.8,-29.4,16.3,1.2,3.6,76.2,2549,8.8,-58.6,14.3,1.4,20.9,91.9,2181,-14.3,-18.8,19.9,1.2,,,,,,,,,,,,,,,,,,,,,,,,,,,,,,,,,,,,,,,,,,,,,,,,,
"Norris, Daniel",596057,2021,28,56,57,248,23.4,12.1,0.234,0.385,0.34,0.317,8.2,2.5,45.6,27,45.3,47.5,22.8,24.7,5.1,L,988,47.5,92.7,2392,6.5,-15.4,17.7,1.4,22.7,84.8,2614,-4.3,-39.9,5.1,1.6,29.9,86.9,1434,12.6,-37.6,12.9,1.5,,,,,,,,,,,,,,,,,,,,,,,,,,,,,,,,,,,,,,,,,,,,,,,,,,,,,,,,,,,,,,,
"Woodford, Jake",663765,2021,24,26,67.2,293,17.1,8.5,0.265,0.405,0.322,0.332,8.1,2.4,41,20.1,43.9,42.4,24.3,25.7,7.6,R,1156,22.2,92.1,2217,-4.7,-17.7,15.4,1.5,3.9,84,2377,3.5,-39.3,4.7,1.4,6,85.1,1528,-12.4,-28.1,15.9,1.8,12.5,76.3,2483,10,-64.6,19.8,1.4,36.8,91.4,2018,-12.9,-23.3,16.1,1.4,,,,,,,,,,,,,,,,,,,,,,18.6,81.8,2477,13.4,-43.5,13.8,1.4,,,,,,,,,,,,,,,,,,,,,
"Flexen, Chris",623167,2021,26,31,179.2,741,16.9,5.4,0.261,0.427,0.311,0.317,6.5,3.7,38.1,19.2,49.8,43,28.1,24.1,4.7,R,2811,40,92.8,2107,-2,-13.5,18.6,1.4,,,,,,,,15.3,82.7,1326,-12.2,-30.2,15.7,1.4,15.3,77.2,2708,7.9,-59.1,15.5,1.8,,,,,,,,29.4,89.1,2299,5,-27,9.1,1.5,,,,,,,,,,,,,,,,,,,,,,,,,,,,,,,,,,,,,,,,,,
"Abreu, Albert",656061,2021,25,28,36.2,156,22.4,12.2,0.234,0.418,0.32,0.338,11.1,8.1,29.3,26.8,44.2,45.5,27.3,22.2,5.1,R,642,16.4,97.8,2133,-11.7,-13.3,19.5,1.3,34.9,87.3,2209,2.8,-32.5,5.2,1.6,15.9,88.2,1781,-16.8,-26.7,19.1,1.5,0.2,81,2561,9.5,-56,16.8,,32.7,98,2155,-15.3,-15.4,20.3,1.3,,,,,,,,,,,,,,,,,,,,,,,,,,,,,,,,,,,,,,,,,,,,,,,,,
"McGee, Jake",459429,2021,34,62,59.2,239,24.3,4.2,0.217,0.379,0.242,0.271,5.3,4.1,46.2,20.6,57.4,36.1,33.1,21.9,8.9,L,878,90.1,94.9,2143,11.5,-15,19.3,1.5,9.9,82.4,1911,-2.5,-38.1,3.8,1.8,,,,,,,,,,,,,,,,,,,,,,,,,,,,,,,,,,,,,,,,,,,,,,,,,,,,,,,,,,,,,,,,,,,,,,
"Bundy, Dylan",605164,2021,28,23,90.2,397,21.2,8.6,0.246,0.454,0.348,0.335,7,3.7,38.5,22.9,44.7,41.4,30.8,22.7,5.1,R,1522,34.2,90.7,2490,-5.2,-13.9,20.3,1.8,21.2,79.9,2655,4.4,-45.4,5.7,2,13.7,83.2,1547,-12.4,-31,15.2,1.7,13.7,74,2441,9.2,-63.9,16.5,1.7,17.3,90.7,2322,-12.4,-16.9,20.6,1.6,,,,,,,,,,,,,,,,,,,,,,,,,,,,,,,,,,,,,,,,,,,,,,,,,
"Barnes, Charlie",656212,2021,25,9,38,175,11.4,9.1,0.288,0.489,0.364,0.371,10.4,2.2,40,16.3,45,39.3,31.9,24.4,4.4,L,655,,,,,,,,24.3,81.8,2407,-5,-39,5.9,1.2,29.2,79.3,1721,16.8,-40.6,17.2,1.2,2.4,73.6,2101,-9.7,-53.5,10.4,1.5,44.1,89.8,1828,13.8,-24.9,16.8,1.1,,,,,,,,,,,,,,,,,,,,,,,,,,,,,,,,,,,,,,,,,,,,,,,,,
"Lorenzen, Michael",547179,2021,29,27,29,125,16.8,11.2,0.247,0.341,0.301,0.306,6.7,6.7,42.7,26.4,48,44.9,23.6,28.1,3.4,R,481,27.2,96.6,2409,-10.1,-13.8,18.5,1.2,13.3,85.3,2560,11.1,-40.1,11.9,1.2,18.3,87.2,1943,-15.1,-28.1,17.1,1.3,2.7,82.7,2447,7.1,-54.8,16.3,1.6,9.1,95.8,2231,-15.5,-19.1,18.9,1.3,29.1,91.9,2527,1.2,-25.1,7.6,1.3,,,,,,,,,,,,,,,0.2,82.4,2401,16.9,-43.7,17.2,,,,,,,,,,,,,,,,,,,,,,
"Miller, Andrew",453192,2021,36,40,36,164,24.4,9.8,0.241,0.411,0.372,0.333,4.9,8.7,36.9,25.7,43.4,44.7,31.1,20.4,3.9,L,620,16.3,87.9,2050,8.3,-22.8,15.2,1.5,64.7,78.1,2475,-13.3,-44.2,13.6,1.5,,,,,,,,,,,,,,,19,88.9,1803,15.7,-30.8,16.3,1.9,,,,,,,,,,,,,,,,,,,,,,,,,,,,,,,,,,,,,,,,,,,,,,,,,
"Dobnak, Randy",677976,2021,26,14,50.2,228,11.8,5.3,0.324,0.554,0.38,0.395,4.8,2.7,55.6,17.4,47.3,56.7,15.5,24.1,3.7,R,765,0.8,93.5,2075,-15.6,-23.1,17.8,1.4,33.2,84.2,2428,1.9,-39.4,2.9,1.3,7.3,84.5,1699,-16.9,-33.5,17.9,2.1,,,,,,,,58.7,91.6,1942,-16.2,-32.9,16.3,1.2,,,,,,,,,,,,,,,,,,,,,,,,,,,,,,,,,,,,,,,,,,,,,,,,,
"Mikolas, Miles",571945,2021,32,9,44.2,186,16.7,5.9,0.263,0.429,0.307,0.325,4.2,4.9,37.3,17.3,48.8,53.5,21.8,18.3,6.3,R,709,26.5,93.2,2300,-4.1,-17.9,14.3,1.5,25.7,87.4,2395,3.8,-32.3,5.7,1.7,7.2,87.4,1642,-12.4,-27,15.3,1.7,17.8,76.5,2566,9.6,-62.4,18.1,1.7,22.8,92.8,2226,-13,-20.4,17.4,1.6,,,,,,,,,,,,,,,,,,,,,,,,,,,,,,,,,,,,,,,,,,,,,,,,,
"Vesia, Alex",681911,2021,25,41,40,161,33.5,13.7,0.145,0.311,0.241,0.26,8.4,4.8,34.9,38.1,48.4,25.3,45.8,16.9,12,L,651,72.4,93.8,2365,6.8,-11.5,20.9,1.3,17.5,85,2432,-6.6,-32.5,8.7,1.7,10.1,85.9,1923,14.2,-26.3,17.8,1.3,,,,,,,,,,,,,,,,,,,,,,,,,,,,,,,,,,,,,,,,,,,,,,,,,,,,,,,,,,,,,,,
"Shreve, Chasen",592741,2021,30,57,56.1,235,19.1,11.9,0.211,0.363,0.298,0.301,6.2,3.1,30.4,24.3,48,39.8,26.7,24.2,9.3,L,935,40.2,91.6,2316,9.3,-15.5,19.6,1,22.9,81.4,2246,-4.7,-46.1,7.2,1.3,,,,,,,,,,,,,,,,,,,,,,,,,,,,,36.9,82.9,1023,10.3,-36.1,11.3,1.1,,,,,,,,,,,,,,,,,,,,,,,,,,,,,,,,,,,
"Reid-Foley, Sean",656887,2021,25,12,20.2,92,28.3,9.8,0.246,0.419,0.326,0.313,8.8,5.3,49.1,28.9,46.6,38.6,26.3,28.1,7,R,371,62.8,93.7,2139,-5,-13.8,18.3,1.3,24,84,2220,5.8,-40.5,6.6,1.7,13.2,86.7,1403,-10,-28.8,12.9,1.5,,,,,,,,,,,,,,,,,,,,,,,,,,,,,,,,,,,,,,,,,,,,,,,,,,,,,,,,,,,,,,,
"Burr, Ryan",621114,2021,27,34,36.2,151,21.9,13.9,0.224,0.323,0.298,0.305,5.2,6.3,47.9,24.1,44,58.3,18.8,16.7,6.3,R,593,50.3,94.7,2001,-1.4,-14.7,15.8,1,9.6,77.9,2496,7.5,-55.7,13.2,1.4,,,,,,,,,,,,,,,,,,,,,,40.1,86.7,2314,4.8,-37.3,5.4,1.3,,,,,,,,,,,,,,,,,,,,,,,,,,,,,,,,,,,,,,,,,,
"Boxberger, Brad",502202,2021,33,71,64.2,266,31.2,9.4,0.202,0.348,0.274,0.286,6.6,6.6,35.1,31.9,45.8,39.7,25.8,22.5,11.9,R,1074,56,93.5,2383,-6.1,-14.1,18.3,1.2,23.8,88,2449,6.3,-28.5,9.6,1.5,20.2,82.5,1303,-12.2,-35.3,13.3,1.3,,,,,,,,,,,,,,,,,,,,,,,,,,,,,,,,,,,,,,,,,,,,,,,,,,,,,,,,,,,,,,,
"Díaz, Yennsy",660546,2021,24,20,25,113,18.6,11.5,0.242,0.401,0.34,0.322,2.6,2.6,39.7,23,44.7,32.1,34.6,20.5,12.8,R,447,64.2,95.4,1996,-8.1,-15.7,16.8,1.4,7.6,85.3,2216,2.9,-35.3,4.6,1.8,28.2,89.9,1611,-14.4,-26.3,16.6,1.8,,,,,,,,,,,,,,,,,,,,,,,,,,,,,,,,,,,,,,,,,,,,,,,,,,,,,,,,,,,,,,,
"Voth, Austin",608723,2021,29,49,57.1,248,23.8,11.3,0.287,0.504,0.345,0.371,6.9,8.8,41.3,25.1,48.4,41.3,25,26.3,7.5,R,1021,59.5,94.2,2358,-5.2,-13.6,18.2,1.1,,,,,,,,,,,,,,,26.6,78.6,2991,14.6,-55.4,18.2,1.3,,,,,,,,13.6,90.2,2424,3.4,-26.4,8.3,1.3,0.3,88.2,1898,-10,-24.3,14.9,1.4,,,,,,,,,,,,,,,,,,,,,,,,,,,,,,,,,,,
"Littell, Zack",641793,2021,25,63,61.2,252,25,9.5,0.222,0.395,0.287,0.303,4.9,3.1,46,28.4,52.1,48.5,28.8,17.8,4.9,R,993,57.8,94.9,2062,-6.5,-13,18.6,1.2,37.2,87.8,2158,2.9,-28.6,7.7,1.5,,,,,,,,,,,,,,,,,,,,,,,,,,,,,5,86.4,991,-7.5,-32,9.3,1.6,,,,,,,,,,,,,,,,,,,,,,,,,,,,,,,,,,,
"Soto, Gregory",642397,2021,26,62,63.2,276,27.5,14.5,0.198,0.329,0.285,0.293,3.1,5,35.8,31.3,45.2,45.9,25.8,20.1,8.2,L,1131,7.3,98.2,2348,8.8,-13.8,17.1,1.4,37.6,88.3,2343,-2.5,-30.3,5.7,1.7,,,,,,,,,,,,,,,55.1,98.2,2397,15.9,-17.2,19.6,1.4,,,,,,,,,,,,,,,,,,,,,,,,,,,,,,,,,,,,,,,,,,,,,,,,,
"Holland, Greg",518813,2021,35,57,55.2,243,21.8,10.7,0.258,0.493,0.31,0.359,4.3,4.9,41.1,28.5,47.1,42.9,27.6,23.3,6.1,R,997,40.3,92.8,2236,-0.2,-14.2,17.7,1.7,48.3,85.7,2089,5,-35.8,5.7,2,,,,,,,,11.3,77.4,2291,4.5,-53.6,9.8,1.9,,,,,,,,,,,,,,,,,,,,,,,,,,,,,,,,,,,,,,,,,,,,,,,,,,,,,,,,
"Castellanos, Humberto",528748,2021,23,14,45.2,196,14.8,7.7,0.243,0.414,0.347,0.317,6,7.4,34.2,15.1,44.6,43.6,28.2,22.1,6,R,726,22.5,90.4,2073,-5.7,-21.2,13.7,1.4,,,,,,,,10.9,84.1,1261,-13.4,-33.6,14.6,1.7,26.2,76.2,2352,9.7,-52.5,11.5,1.9,34.2,90.4,1988,-15.9,-30.2,16.5,1.3,6.3,86.8,1986,1.5,-27.4,9.2,1.9,,,,,,,,,,,,,,,,,,,,,,,,,,,,,,,,,,,,,,,,,,
"Clase, Emmanuel",661403,2021,23,71,69.2,279,26.5,5.7,0.203,0.267,0.212,0.228,2.6,4.2,29.6,33,55,68.3,12.7,16.4,2.6,R,1042,0.9,100.6,2546,-4.2,-13.8,13.9,1.4,29.8,91.9,2550,6.2,-31.4,7.2,1.7,,,,,,,,,,,,,,,,,,,,,,69.4,100.2,2579,2.7,-16.4,11.3,1,,,,,,,,,,,,,,,,,,,,,,,,,,,,,,,,,,,,,,,,,,
"Wilson, Bryse",669060,2021,23,16,74,322,14.3,6.8,0.285,0.503,0.353,0.358,7.5,7.1,42.7,19.2,51.2,37.2,25.3,29.6,7.9,R,1136,44.5,93,2024,-6.5,-17.1,15.9,1.2,5,86,2204,4.1,-32,6.8,1.5,19.8,86.8,1576,-13.3,-30.5,14.6,1.2,11.5,77,2322,16.7,-49.6,17.2,1.9,19.2,92.7,2001,-15.1,-22.4,17.8,1.2,,,,,,,,,,,,,,,,,,,,,,,,,,,,,,,,,,,,,,,,,,,,,,,,,
"Ríos, Yacksel",605441,2021,28,23,27.1,114,20.2,14,0.219,0.433,0.303,0.339,8.2,11,43.8,25.5,43.7,41.1,26,19.2,13.7,R,458,29.5,96.9,2052,-8.3,-12.9,18.4,1.3,24.7,86.5,2126,3.1,-33.5,5.9,1.8,,,,,,,,,,,,,,,31.4,97.3,2120,-14.3,-15.7,19.6,1.4,,,,,,,,14.4,86.4,501,-4.8,-32.9,7.7,1.6,,,,,,,,,,,,,,,,,,,,,,,,,,,,,,,,,,,
"Smith, Drew",622098,2021,27,31,41.1,165,24.8,9.7,0.217,0.41,0.283,0.303,6.6,4.7,40.6,29,51.5,34.9,25.5,25.5,14.2,R,610,51.8,95,2430,-6.5,-13.2,18.5,1.1,0.7,89.2,2761,6.2,-25.6,10.7,1.4,4.6,85.1,2015,-15,-24.6,20.2,1.4,7.5,77.4,2724,14.5,-56,17.7,1.6,4.4,94.9,2419,-10.7,-13.8,20,1.3,31,87.8,2657,6.7,-31,8.5,1.6,,,,,,,,,,,,,,,,,,,,,,,,,,,,,,,,,,,,,,,,,,
"Mills, Alec",621219,2021,29,32,119,517,16.8,6.6,0.28,0.429,0.343,0.334,5.4,6.9,39.3,18.3,46,52.2,20.3,23.7,3.9,R,1936,17.3,88.7,2167,-9.3,-20.7,17,1.3,12.6,76.6,2528,16.6,-50.5,17.1,1.5,16.8,79.1,1746,-15,-39.6,15.8,1.4,10.4,65.8,2317,12.5,-74.3,16.6,1.6,42.9,89.1,2157,-16.2,-26.9,17.9,1.4,,,,,,,,,,,,,,,,,,,,,,,,,,,,,,,,,,,,,,,,,,,,,,,,,
"Morton, Charlie",450203,2021,37,33,185.2,756,28.6,7.7,0.217,0.332,0.264,0.282,5.6,4.9,32.5,28.9,46,49.5,20,25.2,5.4,R,2987,36.1,95.5,2340,-13,-17.5,18.2,1.1,,,,,,,,5.3,86.4,2100,-18,-33.8,18.4,1.4,36.7,80.6,3053,16.6,-52.5,19.5,1.3,13.3,94.6,2116,-17.4,-24.7,18.4,1.2,8.5,87.5,2425,2.5,-31.8,5.3,1.5,,,,,,,,,,,,,,,,,,,,,,,,,,,,,,,,,,,,,,,,,,
"Castillo, Diego",650895,2021,27,61,58.1,233,32.2,7.3,0.192,0.312,0.268,0.259,6.6,6.6,38.2,32.8,48.2,51.5,25,17.6,5.9,R,936,4,95.4,1944,-12.5,-19.6,16.4,1.4,66.5,87.3,2262,1.3,-31,5.6,1.5,,,,,,,,,,,,,,,29.6,94.6,1997,-18.2,-26.2,18.9,1.3,,,,,,,,,,,,,,,,,,,,,,,,,,,,,,,,,,,,,,,,,,,,,,,,,
"Coonrod, Sam",656322,2021,28,42,42.1,185,25.9,8.1,0.224,0.358,0.303,0.29,5,5.9,37,24.9,49.6,56.3,20.2,19.3,4.2,R,712,19.5,98.5,2282,-9.7,-12.3,18.8,1.3,17.1,90.2,2509,3.5,-29.5,6.9,2.5,8.1,90.4,1487,-14.2,-31.6,14.6,1.4,0.1,88.7,2671,1.2,-34.4,1.3,,53.8,97.7,2114,-16,-18.1,19.3,1.1,0.3,91.7,2634,4.5,-29.1,5.7,1.5,,,,,,,,,,,,,,,1,87.4,2562,12.8,-31.6,13.8,1.6,,,,,,,,,,,,,,,,,,,,,
"García, Yimi",554340,2021,30,62,57.2,237,25.3,7.6,0.252,0.461,0.29,0.321,8.2,4.4,37.3,26.9,50.5,43,27.8,21.5,7.6,R,943,39.1,96,2532,-6.7,-17.2,14.4,1.5,30,90.5,2521,3.5,-27.4,7.4,1.5,6.4,88.6,1864,-17.7,-32.9,17.9,1.6,18.2,83.6,2729,10.6,-42.2,11.4,1.7,6.3,94.8,2355,-17.1,-25.3,18.1,1.4,,,,,,,,,,,,,,,,,,,,,,,,,,,,,,,,,,,,,,,,,,,,,,,,,
"Castillo, Luis",622491,2021,28,33,187.2,803,23.9,9.3,0.232,0.347,0.318,0.293,4,6.2,36.9,28.7,49.3,57.8,17,21.6,3.6,R,3164,28.5,97.1,2325,-11.3,-16.2,17.2,1.3,17.4,86.4,2441,0.5,-36.8,2.7,1.8,30.5,88.3,1971,-16.8,-34.1,16.9,1.6,,,,,,,,23.6,97.3,2142,-17.6,-24.5,18.2,1.4,,,,,,,,,,,,,,,,,,,,,,,,,,,,,,,,,,,,,,,,,,,,,,,,,
"Anderson, Drew",623454,2021,27,9,22,91,9.9,6.6,0.256,0.407,0.267,0.315,5.3,4,37.3,19.1,46,40,22.7,25.3,12,R,352,49.4,92.5,2128,-6.4,-13.8,19.4,1.5,20.2,83.9,2398,3.5,-37.1,4.7,1.9,14.2,86.6,1754,-16.4,-26.8,19.2,1.6,16.2,77.2,2531,5.9,-60.6,15.5,1.8,,,,,,,,,,,,,,,,,,,,,,,,,,,,,,,,,,,,,,,,,,,,,,,,,,,,,,,,
"Quijada, José",650671,2021,25,26,25.2,110,34.5,13.6,0.236,0.389,0.294,0.325,5.4,7.1,48.2,31.4,45.3,39.3,28.6,25,7.1,L,499,73.3,93.6,2262,6.6,-15.9,16.8,1.4,13,79.6,2550,-11.9,-45,12.2,1.6,13.6,86.4,1617,16.2,-31.2,17.2,1.6,,,,,,,,,,,,,,,,,,,,,,,,,,,,,,,,,,,,,,,,,,,,,,,,,,,,,,,,,,,,,,,
"Duffy, Danny",518633,2021,32,13,61,252,25.8,8.7,0.246,0.415,0.284,0.315,5.5,1.8,40.6,29.1,48.7,33.9,24.2,30.9,10.9,L,1009,42.8,93.7,2273,5.2,-11.9,20.1,1.5,18.2,83.4,2501,-6.4,-42.6,7.6,1.7,15.4,85.2,2293,15.4,-25.1,20,1.8,10.8,77.3,2483,-7.4,-62.1,17.7,1.8,12.8,93.6,2216,12.3,-15,20.5,1.5,,,,,,,,,,,,,,,,,,,,,,,,,,,,,,,,,,,,,,,,,,,,,,,,,
"Barria, Jaime",642545,2021,24,13,56.2,250,14,7.6,0.302,0.473,0.361,0.36,6.2,2.6,41.8,19.1,46.2,44.3,23.2,27.8,4.6,R,917,36.3,93.1,2308,-4.5,-15,17.2,1.3,36.4,85.8,2193,2.3,-30.9,7.4,1.9,8.4,85.8,1609,-13.8,-26.2,17.8,1.7,,,,,,,,18.9,92.6,2139,-11.5,-16.1,19.7,1.3,,,,,,,,,,,,,,,,,,,,,,,,,,,,,,,,,,,,,,,,,,,,,,,,,
"Brentz, Jake",641394,2021,26,72,64,278,27.3,13.3,0.22,0.368,0.297,0.322,5.7,5.7,38.6,30,43.7,50,24.7,22.2,3.2,L,1105,58.6,96.9,2248,9.5,-14.6,17.5,1.4,27.9,85.2,2230,-3.3,-40.2,4.5,1.7,12.7,91,1683,16.7,-28.8,17.4,1.4,,,,,,,,0.9,97.1,2265,15.2,-15.8,20.3,1.4,,,,,,,,,,,,,,,,,,,,,,,,,,,,,,,,,,,,,,,,,,,,,,,,,
"De Los Santos, Enyel",660853,2021,25,33,35.1,173,27.7,10.4,0.242,0.446,0.384,0.334,4.9,10.7,40.8,31.9,53.9,41.7,26.2,23.3,8.7,R,697,68.4,94.8,2194,-13.1,-17,18.9,1.3,20.5,82.2,2035,1.5,-40.6,2.3,1.3,11,87.4,1842,-16.1,-26.7,18.7,1.5,,,,,,,,,,,,,,,,,,,,,,,,,,,,,,,,,,,,,,,,,,,,,,,,,,,,,,,,,,,,,,,
"Lester, Jon",452657,2021,37,28,141.1,627,14.5,8.8,0.274,0.453,0.352,0.343,6.1,5.4,37.2,20,46.4,44.8,25.5,24.3,5.4,L,2380,31.1,88.7,2172,5,-20,15.7,1.3,,,,,,,,18.2,81.3,1737,10.9,-34.4,13,1.4,8.4,72.6,2437,-10.3,-57.8,11.9,1.9,16.7,87.6,2042,12.3,-29.1,13.9,1.4,25.6,86.4,2305,-1.8,-25.8,10.9,1.5,,,,,,,,,,,,,,,,,,,,,,,,,,,,,,,,,,,,,,,,,,
"Keller, Brad",641745,2021,25,26,133.2,613,19.6,10.4,0.292,0.505,0.358,0.38,5.7,4.5,45,22.2,44.8,49.1,22.3,24.9,3.8,R,2348,29.6,94.2,2322,1,-16.7,14.2,1.5,34.8,86.1,2582,6.1,-40.6,7.5,1.4,6.2,90,1998,-12.5,-24.3,15.8,1.3,,,,,,,,29.3,93.7,2181,-10.8,-21.5,14.5,1.3,,,,,,,,,,,,,,,,,,,,,,,,,,,,,,,,,,,,,,,,,,,,,,,,,
"Fulmer, Michael",605242,2021,28,52,69.2,297,24.6,6.7,0.242,0.385,0.301,0.301,2.5,5,35.2,29.5,48.9,45.7,19.6,25.6,9,R,1183,17.5,95.5,2199,-2.2,-13.7,16.6,1.3,,,,,,,,11.2,88.1,1680,-12.6,-29.7,13.8,1.5,3,79.6,2531,15.4,-51.5,17.4,1.3,28.2,95.7,2201,-13.5,-16.9,18.9,1.4,39.8,91.2,2409,5.4,-26.9,8.5,2,,,,,,,,,,,,,,,0.2,80.1,2501,13.5,-48.5,14.9,1.5,,,,,,,,,,,,,,,,,,,,,
"Enns, Dietrich",608650,2021,30,9,22.1,88,28.4,6.8,0.208,0.296,0.25,0.249,5.3,10.5,33.3,23.9,56.9,28.1,29.8,28.1,14,L,360,58.6,94.2,2246,5.4,-13.5,18.4,1.3,,,,,,,,2.5,84.7,1504,14,-28.2,17.2,1.5,1.9,75,2110,-3.9,-58.8,11,1.4,,,,,,,,36.9,85.8,2106,-3.6,-34.5,4.9,1.5,,,,,,,,,,,,,,,,,,,,,,,,,,,,,,,,,,,,,,,,,,
"Yardley, Eric",642233,2021,30,17,18.2,89,5.6,11.2,0.28,0.457,0.408,0.362,4.2,9.9,40.8,11.1,40,59.2,19.7,18.3,2.8,R,315,,,,,,,,,,,,,,,6.3,78.9,1739,-11.2,-53.8,14.9,1.4,20.6,72.9,2732,14.8,-40.2,19,1.1,73,87,2062,-16.7,-43.3,18.1,1.2,,,,,,,,,,,,,,,,,,,,,,,,,,,,,,,,,,,,,,,,,,,,,,,,,
"Chapman, Aroldis",547973,2021,33,61,56.1,243,39.9,15.6,0.175,0.364,0.3,0.302,3.8,5.7,40,39.6,44.2,43.8,24.8,23.8,7.6,L,1004,56.6,98.3,2373,4.1,-10.4,18.7,1.9,26.7,85.1,2276,-12.6,-35.6,13.4,1.6,,,,,,,,,,,,,,,5.7,100.6,2393,13,-11.1,20.7,1.5,,,,,,,,11.1,88.4,787,2.7,-37.9,7.4,1.7,,,,,,,,,,,,,,,,,,,,,,,,,,,,,,,,,,,
"Okert, Steven",595345,2021,29,34,36,142,28.2,10.6,0.172,0.34,0.281,0.273,7.2,8.4,36.1,30.2,47.4,33.7,34.9,15.7,15.7,L,601,32.1,92.2,2231,9.8,-18.2,17.3,1.3,59.6,80.6,2459,-10.5,-37.1,12.1,1.8,,,,,,,,,,,,,,,8.3,92,2202,17.7,-23.9,19.8,1.4,,,,,,,,,,,,,,,,,,,,,,,,,,,,,,,,,,,,,,,,,,,,,,,,,
"Gallegos, Giovanny",606149,2021,29,73,80.1,310,30.6,6.5,0.206,0.346,0.24,0.272,4.8,4.8,38.6,34.6,51.5,33.3,31.7,23.8,11.1,R,1236,52.8,94.4,2350,-9.1,-13.3,19.9,1.1,42.6,85.6,2480,0.3,-37.1,2.4,1.1,4.6,87.1,1885,-11.4,-21.3,18.9,1.2,,,,,,,,,,,,,,,,,,,,,,,,,,,,,,,,,,,,,,,,,,,,,,,,,,,,,,,,,,,,,,,
"Poteet, Cody",547001,2021,26,7,30.2,132,24.2,12.1,0.235,0.467,0.329,0.342,1.2,4.8,42.9,24,47,34.5,29.8,22.6,13.1,R,549,48.8,93.6,2422,-7.3,-15.2,17.7,1.5,19.3,85.6,2845,7.3,-37.5,7.7,1.6,18.2,86.8,2014,-15.2,-33.2,15.7,1.5,13.7,79.1,2917,12.7,-52.9,15.7,1.6,,,,,,,,,,,,,,,,,,,,,,,,,,,,,,,,,,,,,,,,,,,,,,,,,,,,,,,,
"Curtiss, John",595928,2021,28,41,44.1,187,23.5,6.4,0.249,0.397,0.303,0.303,6.2,3.1,43.8,27.2,49.6,40,26.2,26.2,7.7,R,703,50.2,94.9,2269,-6,-13.3,18.4,1.5,49.8,87.6,2610,4.3,-34.7,4.9,2,,,,,,,,,,,,,,,,,,,,,,,,,,,,,,,,,,,,,,,,,,,,,,,,,,,,,,,,,,,,,,,,,,,,,,
"Wittgren, Nick",621295,2021,30,60,62.1,258,23.6,6.6,0.287,0.511,0.331,0.354,7.3,3.9,51.1,26.3,46.4,47.2,24.2,25.8,2.8,R,1018,56,92.5,2056,-8.4,-16.9,17.4,1.1,10.6,83.6,2368,7.9,-38.1,8.7,1.6,23.1,85.7,1749,-12.5,-35.2,12.9,1.4,,,,,,,,0.6,92.3,2063,-14,-18.2,19.7,1.4,9.7,88.2,2320,3.7,-28.4,7.9,1.3,,,,,,,,,,,,,,,,,,,,,,,,,,,,,,,,,,,,,,,,,,
"Hill, Tim",657612,2021,31,78,59.2,255,22,9,0.229,0.379,0.301,0.301,3.5,9.4,38.8,22.6,48.3,61.8,20,13.5,4.7,L,961,49.4,92,2252,18.9,-28.5,19.5,1.1,15.1,84.7,2126,2.5,-34.5,5.2,2.3,0.2,86.1,1834,14.7,-38,14.7,1.4,,,,,,,,35.1,91.1,2121,18.3,-34.9,18.5,1.2,0.2,87.4,2110,7.3,-33.8,7.7,1.4,,,,,,,,,,,,,,,,,,,,,,,,,,,,,,,,,,,,,,,,,,
"Ponce, Cody",664074,2021,27,15,38.1,179,20.1,6.1,0.268,0.474,0.413,0.344,6.1,3.8,38.2,22.2,49.3,43.5,26.7,25.2,4.6,R,712,41.7,93.2,2257,-8.3,-16,17.6,1.3,14.3,84,2311,4.1,-38.3,4.7,1.6,8.1,86.2,1888,-13.2,-25.8,17.3,1.3,16.6,79.5,2165,6.5,-54,12.7,1.6,0.4,92.7,2523,-13.6,-16.9,20.3,1.5,18.8,89.4,2320,3.7,-26.3,8.6,1.5,,,,,,,,,,,,,,,,,,,,,,,,,,,,,,,,,,,,,,,,,,
"Foltynewicz, Mike",592314,2021,29,28,139,586,16.6,6.1,0.265,0.49,0.355,0.349,9.7,5.4,43,18.3,47.4,38.5,28.8,25.2,7.4,R,2236,29.3,93.8,2155,-10.5,-15.8,18.7,1.5,23.7,83.2,2426,5.3,-37.3,6.6,1.7,12.7,85.3,1779,-14,-25.8,18.6,1.8,12.6,76.7,2316,10.3,-45.5,11.2,1.8,21.8,93.1,2098,-16.2,-20.6,19.7,1.6,,,,,,,,,,,,,,,,,,,,,,,,,,,,,,,,,,,,,,,,,,,,,,,,,
"Allard, Kolby",663465,2021,23,32,124.2,534,19.5,5.8,0.266,0.481,0.331,0.343,3.8,3.3,39,19.8,48.4,40,31.6,24.1,4.3,L,2054,47.3,91.5,2121,7.8,-15.8,18.7,1.1,,,,,,,,16.8,83.6,1606,14.1,-29.2,17.5,1.7,11.1,75.9,1896,-4.5,-56.6,10.4,1.3,0.4,92.5,2199,13.3,-15.7,21.2,1.4,24.4,86.3,2197,-2.4,-30.7,6.9,1.4,,,,,,,,,,,,,,,,,,,,,,,,,,,,,,,,,,,,,,,,,,
"Rucker, Michael",621074,2021,27,20,28.1,126,23.8,8.7,0.27,0.5,0.36,0.361,7.2,0,45.8,30.3,49.8,45.8,27.7,22.9,3.6,R,490,29.6,95.1,2259,-7,-14,17.8,1.1,10.8,86.5,2519,5.3,-37.8,5.9,1.5,7.3,90.5,1685,-11.9,-26.6,14,1.3,20,81.3,2584,15.6,-50.2,17.9,1.4,7.3,95.1,2186,-13,-17.7,18.1,1.3,24.9,89.4,2417,3.6,-29.1,6.4,1.6,,,,,,,,,,,,,,,,,,,,,,,,,,,,,,,,,,,,,,,,,,
"Clay, Sam",621348,2021,28,58,45,214,15.9,10.3,0.27,0.414,0.342,0.335,2.6,2,40.5,20.7,44.5,60.1,13.7,23.5,2.6,L,803,,,,,,,,24.4,84.4,2539,-11.2,-42.9,12.4,1.3,9.8,87,1765,14.8,-32.3,15.5,1.6,,,,,,,,65.8,92.3,1926,15.7,-25.4,17.2,1.3,,,,,,,,,,,,,,,,,,,,,,,,,,,,,,,,,,,,,,,,,,,,,,,,,
"Krol, Ian",571871,2021,30,18,18.2,86,20.9,9.3,0.261,0.377,0.358,0.315,0,5,33.3,23.8,48.1,46.7,28.3,23.3,1.7,L,349,18.9,93.7,2381,8.8,-14.6,18.9,1.1,39,87.3,2417,-2.5,-30.2,6.5,2,13.5,85.1,1800,14.6,-31.3,16.3,1.3,11.5,78,2527,-9.3,-59.5,17,1.5,16.3,93.9,2305,14.6,-17.6,19.9,1.2,0.9,87,2469,3.5,-28.5,8.4,1.4,,,,,,,,,,,,,,,,,,,,,,,,,,,,,,,,,,,,,,,,,,
"Familia, Jeurys",544727,2021,31,65,59.1,262,27.5,10.3,0.229,0.357,0.33,0.298,5,3.8,39.4,28,47.8,51.9,20,23.8,4.4,R,1017,14.4,97.2,2382,-10.7,-15.2,17.5,1.3,23.5,89.3,2278,-0.7,-29.9,4.7,1.5,,,,,,,,,,,,,,,59.1,96.4,2217,-16.2,-26,16.6,1.2,,,,,,,,3,92,1630,-15.6,-27.8,16.4,1.5,,,,,,,,,,,,,,,,,,,,,,,,,,,,,,,,,,,
"Minaya, Juan",573668,2021,30,29,40,167,25.7,12,0.196,0.331,0.28,0.287,6.9,4.9,42.2,25.9,48.7,56.9,25.5,14.7,2.9,R,659,51.4,95.2,2236,-10.9,-16.2,17.8,1.1,3.6,85.4,2179,3.9,-36.4,4.5,1.4,44.9,88.9,1584,-12.4,-35.2,12.6,1.4,,,,,,,,,,,,,,,,,,,,,,,,,,,,,,,,,,,,,,,,,,,,,,,,,,,,,,,,,,,,,,,
"Odorizzi, Jake",543606,2021,31,24,104.2,441,20.6,7.7,0.253,0.447,0.316,0.329,9.3,4.2,39.3,21.9,48.9,36.7,31.9,23.3,8,R,1847,55.2,92.2,2113,-11.3,-15.6,20.2,1.1,7.3,83.1,2033,6.2,-34.5,8.4,2,,,,,,,,5.2,73.5,2066,7.5,-57.4,10.4,1.8,,,,,,,,10.3,86.7,2056,2.9,-25.8,11.3,2.1,22,84.7,1260,-11.2,-32.5,12.7,1.3,,,,,,,,,,,,,,,,,,,,,,,,,,,,,,,,,,,
"Jones, Nate",518858,2021,35,20,19,87,16.1,13.8,0.256,0.511,0.349,0.361,11.7,3.3,46.7,27.3,52.1,33.3,31.7,25,10,R,309,26.2,95.5,2407,-6.4,-12.8,18.3,1,36.2,87.2,2265,1.6,-33.4,3.3,1.4,1,89.4,2057,-13,-21.5,18.2,1.4,,,,,,,,36.6,95.6,2423,-9.7,-13.5,19.2,1.2,,,,,,,,,,,,,,,,,,,,,,,,,,,,,,,,,,,,,,,,,,,,,,,,,
"Kershaw, Clayton",477132,2021,33,22,121.2,488,29.5,4.3,0.222,0.373,0.274,0.275,6.3,6.9,37.3,34.6,50.7,50.5,22.9,19.4,7.2,L,1806,36.8,90.6,2506,-0.5,-14,19.6,1.1,47.5,87.1,2654,-4.7,-27.9,9.8,1.4,0.6,87,2163,13,-20.5,20.4,1.5,15.1,74.2,2535,-4.8,-65.3,16.2,1.4,,,,,,,,,,,,,,,,,,,,,,,,,,,,,,,,,,,,,,,,,,,,,,,,,,,,,,,,
"Akin, Keegan",669211,2021,26,24,95,427,19.2,9.4,0.264,0.469,0.361,0.349,7.3,3,42.9,21.7,49.3,37.3,33,22.1,7.6,L,1768,57.2,92,2337,10.7,-14.4,21.1,1.4,19.6,84.1,2217,-4.5,-35.5,6.3,1.9,19.5,81.9,1937,15.3,-32.6,17.6,1.8,3.7,76.4,2412,-6.2,-51.2,7.9,2,,,,,,,,,,,,,,,,,,,,,,,,,,,,,,,,,,,,,,,,,,,,,,,,,,,,,,,,
"Jackson, Luke",592426,2021,29,71,63.2,261,26.8,11.1,0.231,0.393,0.27,0.313,5.6,5,41.3,30.5,47.6,53.8,18.8,24.4,3.1,R,1055,35.6,95.8,2208,-7.2,-12.3,19.1,1,51.6,87.6,2320,1.3,-41,6,1.2,,,,,,,,12.8,84.1,2421,5.3,-50.9,13.4,1.6,,,,,,,,,,,,,,,,,,,,,,,,,,,,,,,,,,,,,,,,,,,,,,,,,,,,,,,,
"Taylor, Blake",642130,2021,25,51,42.2,188,21.8,11.7,0.203,0.358,0.31,0.285,4.8,4,28.8,24.6,44.7,41.6,27.2,17.6,13.6,L,748,72.5,93.1,2319,-2.9,-15.8,16.1,1.5,27.5,82.6,2271,-7.3,-41.2,7.8,1.8,,,,,,,,,,,,,,,,,,,,,,,,,,,,,,,,,,,,,,,,,,,,,,,,,,,,,,,,,,,,,,,,,,,,,,
"Kennedy, Ian",453178,2021,36,55,56.1,228,27.2,7.5,0.226,0.427,0.296,0.304,7.5,3.4,44.9,27.2,53.9,25.2,38.1,23.1,13.6,R,899,82.5,94.1,2427,-10.8,-13.3,20.8,0.9,2.6,82.8,2309,7.6,-40.7,8.1,1.2,8,87.2,1933,-14.2,-24.6,18.4,1.3,5.1,80.2,2563,9.3,-54,14.8,1.3,,,,,,,,1.2,87.1,2047,2.7,-31,5.9,1.6,0.6,86.5,1891,-15.1,-25,19.3,1.4,,,,,,,,,,,,,,,,,,,,,,,,,,,,,,,,,,,
"Iglesias, Raisel",628452,2021,31,65,70,273,37.7,4.4,0.189,0.331,0.261,0.243,5.1,8.3,33.8,40.9,53.5,40.8,31.2,22.9,5.1,R,1059,34.9,96.3,2351,-9.8,-13.3,19.1,1.3,30.8,85.1,2580,8.8,-34,10.1,1.7,24.6,89.4,1941,-17.2,-30.6,17.7,1.4,,,,,,,,9.6,96.7,2376,-15.2,-17.5,19.5,1.3,,,,,,,,,,,,,,,,,,,,,,,,,,,,,,,,,,,,,,,,,,,,,,,,,
"Guenther, Sean",674944,2021,25,14,20.1,103,14.6,9.7,0.275,0.418,0.396,0.341,6.6,6.6,38.2,21.2,47.2,50,22.4,22.4,5.3,L,360,56.9,93,2233,5.9,-15.7,17.1,0.9,34.2,82.5,2421,-10.6,-43.6,11.3,1.2,8.9,87,1719,17.4,-28.6,19.3,1.3,,,,,,,,,,,,,,,,,,,,,,,,,,,,,,,,,,,,,,,,,,,,,,,,,,,,,,,,,,,,,,,
"Detmers, Reid",672282,2021,21,5,20.2,101,18.8,10.9,0.263,0.475,0.39,0.358,4.3,4.3,33.3,26.8,48.3,34.8,31.9,26.1,7.2,L,379,45.1,92.9,2078,7.7,-14.8,18.6,1.3,24,85.6,2143,-2.5,-39.3,3.9,1.4,4.7,83.4,1368,11.1,-29.9,14.4,1.5,26.1,73.5,2416,-12.6,-65.2,19,1.3,,,,,,,,,,,,,,,,,,,,,,,,,,,,,,,,,,,,,,,,,,,,,,,,,,,,,,,,
"Paredes, Enoli",660600,2021,25,12,8.2,53,28.3,32.1,0.206,0.327,0.379,0.391,15.8,5.3,52.6,31.2,36.6,42.1,21.1,26.3,10.5,R,254,66.1,95.3,2390,-0.5,-15.1,15.2,1.6,29.1,84.4,2953,12.1,-37.5,12.4,1.9,,,,,,,,4.7,81.2,2959,14.4,-49.7,17,1.8,,,,,,,,,,,,,,,,,,,,,,,,,,,,,,,,,,,,,,,,,,,,,,,,,,,,,,,,
"Adam, Jason",592094,2021,29,12,10.2,50,38,12,0.169,0.303,0.354,0.29,4.5,9.1,36.4,34,43.1,36.4,18.2,27.3,18.2,R,218,57.3,93.8,2605,-7,-14.4,18.3,1.4,15.6,82.4,2762,6.4,-45.3,8.3,1.2,10.6,87.3,1656,-16,-33.2,16.4,1.6,16.5,79,2650,10.5,-56.9,16.6,2.1,,,,,,,,,,,,,,,,,,,,,,,,,,,,,,,,,,,,,,,,,,,,,,,,,,,,,,,,
"Hartlieb, Geoff",664129,2021,27,7,9,50,18,22,0.227,0.31,0.408,0.363,3.7,3.7,33.3,22.2,38,44.4,22.2,22.2,11.1,R,213,22.5,93.7,2370,-5.5,-23.7,9.3,1.5,44.1,84.8,2507,12,-41.9,12.9,1.5,,,,,,,,,,,,,,,33.3,94.5,2359,-10.7,-23.3,13,1.5,,,,,,,,,,,,,,,,,,,,,,,,,,,,,,,,,,,,,,,,,,,,,,,,,
"Biddle, Jesse",592145,2021,29,8,10.2,51,21.6,15.7,0.19,0.31,0.345,0.331,6.7,6.7,30,20.8,38.7,60,20,16.7,3.3,L,186,45.7,93,2607,5.5,-16.3,16.4,1.2,16.7,82.9,2654,-13.6,-41.8,14,1.3,,,,,,,,30.1,78,2622,-11.4,-60,18.6,1.4,7.5,92.9,2652,14.5,-20.6,18.4,1.3,,,,,,,,,,,,,,,,,,,,,,,,,,,,,,,,,,,,,,,,,,,,,,,,,
"Robertson, David",502085,2021,36,12,12,50,32,8,0.253,0.404,0.308,0.311,10,3.3,46.7,25.8,42.8,40,30,26.7,3.3,R,208,0.5,91.8,2626,-8.6,-13.8,20.8,,9.1,81.8,2621,12.7,-42.9,13.5,1.6,,,,,,,,16.8,84.2,2637,6.6,-49.7,12.7,1.3,,,,,,,,73.6,92.1,2557,1.1,-14.1,18.5,1.1,,,,,,,,,,,,,,,,,,,,,,,,,,,,,,,,,,,,,,,,,,
"Barraclough, Kyle",607457,2021,31,10,13,60,30,13.3,0.191,0.354,0.373,0.315,6.3,6.3,28.1,30.8,43.7,28.1,31.3,28.1,12.5,R,268,52.2,93.1,2370,-7.9,-16.3,17.3,1,44.8,77.2,2401,17.8,-45.4,18.1,1.3,3,87.1,1306,-10.4,-30.7,11.9,1.4,,,,,,,,,,,,,,,,,,,,,,,,,,,,,,,,,,,,,,,,,,,,,,,,,,,,,,,,,,,,,,,
"Elledge, Seth",676220,2021,25,11,11.2,52,21.2,13.5,0.266,0.42,0.376,0.348,9.1,3,39.4,27.6,39.4,39.4,21.2,30.3,9.1,R,221,,,,,,,,29.9,82.9,2376,4.6,-46.6,8.5,1.4,0.9,84.5,1630,-15,-29.2,17.7,1.5,,,,,,,,69.2,93.9,2276,-11.2,-15.5,19.3,1.3,,,,,,,,,,,,,,,,,,,,,,,,,,,,,,,,,,,,,,,,,,,,,,,,,
"Perdomo, Angel",622780,2021,27,19,17,79,35.4,20.3,0.181,0.419,0.35,0.341,3,9.1,42.4,33.3,40.7,42.4,39.4,12.1,6.1,L,354,65,94.3,2487,4.9,-13.4,18.2,1.4,22.9,82.9,2659,-10.6,-35.4,11.7,1.6,12.1,88.4,2133,15.9,-26.7,18.1,1.7,,,,,,,,,,,,,,,,,,,,,,,,,,,,,,,,,,,,,,,,,,,,,,,,,,,,,,,,,,,,,,,
"Wieck, Brad",623364,2021,29,15,17,71,39.4,14.1,0.165,0.255,0.237,0.251,12.1,3,39.4,28,40.3,30.3,39.4,27.3,3,L,293,84.6,92.6,2297,4.1,-13.1,19.3,1.2,3.4,85.1,2298,-3.4,-31,8.3,1.7,,,,,,,,11.9,73.1,2322,-9.5,-67.6,18.6,1.4,,,,,,,,,,,,,,,,,,,,,,,,,,,,,,,,,,,,,,,,,,,,,,,,,,,,,,,,
"Jackson, Andre",656578,2021,25,3,11.2,50,20,12,0.208,0.363,0.316,0.298,2.9,8.8,26.5,29.6,49.2,35.3,41.2,17.6,5.9,R,199,46.2,92.3,2225,-9.1,-15,19.4,1.5,12.6,86.1,2103,1.8,-27.4,9.8,1.5,39.2,84.1,1713,-12.9,-30.9,15.4,1.3,2,76.2,1929,2,-64.2,16.8,1.6,,,,,,,,,,,,,,,,,,,,,,,,,,,,,,,,,,,,,,,,,,,,,,,,,,,,,,,,
"Waddell, Brandon",663399,2021,27,9,9.1,51,13.7,17.6,0.333,0.61,0.45,0.45,8.6,0,54.3,25.8,41.8,37.1,22.9,31.4,8.6,L,213,46.9,92.5,2355,3.2,-15.5,16.8,0.9,41.8,85.8,2496,-5,-34.4,6,1.4,6.6,86,1446,13.3,-31.1,14.6,1.3,,,,,,,,4.7,92.6,2218,12,-21.3,15.9,1.3,,,,,,,,,,,,,,,,,,,,,,,,,,,,,,,,,,,,,,,,,,,,,,,,,
"Williams, Taylor",592865,2021,29,11,11.2,55,16.4,14.5,0.256,0.395,0.359,0.35,8.3,2.8,47.2,25.5,44.7,47.2,25,25,2.8,R,219,31.5,93.7,2352,-8,-20.3,13.7,1.1,45.7,83.9,2583,1.8,-37.9,2.6,1.7,,,,,,,,,,,,,,,22.8,93.8,2276,-16.1,-29.1,16.5,1.5,,,,,,,,,,,,,,,,,,,,,,,,,,,,,,,,,,,,,,,,,,,,,,,,,
"Effross, Scott",664123,2021,27,14,14.2,58,31,1.7,0.205,0.345,0.304,0.261,5.6,0,38.9,30,45,47.2,36.1,16.7,0,R,222,19.8,90.7,2269,-16.8,-29.1,17.5,1.2,31.1,80.5,2481,12.1,-40.4,12.6,1.3,9.9,83,2022,-14.2,-47.3,16.3,1.3,,,,,,,,39.2,90.7,2228,-17.9,-36.4,18.2,1.1,,,,,,,,,,,,,,,,,,,,,,,,,,,,,,,,,,,,,,,,,,,,,,,,,
"Jewell, Jake",657228,2021,28,10,10,51,19.6,9.8,0.307,0.487,0.503,0.375,2.8,5.6,36.1,28.4,50.7,41.7,27.8,22.2,8.3,R,215,37.2,94.6,2082,-6.3,-16.8,15.3,1.3,20,86.2,2155,1.9,-38.5,3.1,1.4,12.6,89,1497,-12,-32,12.5,1.3,,,,,,,,30.2,93.8,2029,-14.4,-22.4,17,1.3,,,,,,,,,,,,,,,,,,,,,,,,,,,,,,,,,,,,,,,,,,,,,,,,,
"Cody, Kyle",621129,2021,26,7,11.1,55,25.5,3.6,0.295,0.516,0.388,0.371,8.3,2.8,47.2,25.5,48.8,44.4,19.4,27.8,8.3,R,209,39.2,95.1,2059,-7.1,-14.5,17.5,1.3,36.8,83.6,2422,4.7,-45.6,8.5,1.5,14.4,85.6,1896,-13.7,-25.7,18.2,1.5,,,,,,,,9.6,95.6,2128,-14.4,-16.8,19.6,1.4,,,,,,,,,,,,,,,,,,,,,,,,,,,,,,,,,,,,,,,,,,,,,,,,,
"Brasier, Ryan",518489,2021,33,13,12,50,18,8,0.244,0.341,0.319,0.301,2.7,2.7,35.1,26,50.8,56.8,24.3,18.9,0,R,197,68.5,95.1,2135,-6.3,-14.5,17.1,1,25.9,86,2330,7.7,-36,8.3,1.6,,,,,,,,5.6,77.2,2425,11.7,-54.8,14.8,1.6,,,,,,,,,,,,,,,,,,,,,,,,,,,,,,,,,,,,,,,,,,,,,,,,,,,,,,,,
"Solomon, Peter",656981,2021,24,6,14,55,18.2,14.5,0.225,0.305,0.28,0.298,2.7,2.7,40.5,20.6,42.7,51.4,8.1,27,13.5,R,227,51.1,92.1,2178,-7.9,-13.9,20.2,1.6,6.6,83.5,2368,8,-37.1,8.9,1.5,7.5,82,1969,-14.1,-30.4,17.7,1.5,20.7,78.4,1971,2.6,-61.1,16.5,1.5,,,,,,,,14.1,86.8,2238,0.4,-30.1,6.5,1.5,,,,,,,,,,,,,,,,,,,,,,,,,,,,,,,,,,,,,,,,,,
"Nelson, Nick",656793,2021,25,11,14.1,78,28.2,20.5,0.219,0.367,0.38,0.36,10.8,2.7,43.2,30.3,45,35.1,13.5,48.6,2.7,R,338,53.8,96.4,2070,-7.9,-11.9,19.5,1.2,8.3,85.4,2570,9.3,-38.5,10.8,1.7,34,89.2,1819,-16,-27.7,17.6,1.3,3.8,79.9,2518,8.1,-57.1,16.5,1.3,,,,,,,,,,,,,,,,,,,,,,,,,,,,,,,,,,,,,,,,,,,,,,,,,,,,,,,,
"Baumann, Mike",657508,2021,25,4,10,50,10,12,0.344,0.767,0.407,0.494,18.4,0,60.5,19.8,46.5,36.8,34.2,26.3,2.6,R,185,55.7,93.6,2093,-3.3,-13.3,18.5,1.3,35.1,89.5,2294,3.6,-29,6.6,1.4,3.2,85.9,1761,-12.2,-25,17.9,1.8,5.9,81.3,2109,4.5,-55.3,14.3,1.5,,,,,,,,,,,,,,,,,,,,,,,,,,,,,,,,,,,,,,,,,,,,,,,,,,,,,,,,
"Merryweather, Julian",657240,2021,29,13,13,55,21.8,7.3,0.244,0.493,0.353,0.344,10.5,5.3,47.4,21.9,48.4,42.1,34.2,18.4,5.3,R,217,54.4,97.5,2262,-7.7,-11.4,19.2,1.3,20.3,88.4,2201,2.2,-33.8,3,1.4,13.4,81.8,1406,-10.5,-30,15.3,1.5,12,80.1,2428,8.5,-60.4,19.1,1.5,,,,,,,,,,,,,,,,,,,,,,,,,,,,,,,,,,,,,,,,,,,,,,,,,,,,,,,,
"Stashak, Cody",664054,2021,27,15,15.2,75,34.7,13.3,0.218,0.396,0.339,0.333,7.9,0,42.1,38.6,49.7,23.7,34.2,28.9,13.2,R,308,45.5,90.6,2210,-5.6,-13,21.2,1,51.9,82.5,2204,6.5,-33.7,10.1,1.2,2.6,85.7,1435,-7.9,-22.5,17.1,1.4,,,,,,,,,,,,,,,,,,,,,,,,,,,,,,,,,,,,,,,,,,,,,,,,,,,,,,,,,,,,,,,
"Tyler, Kyle",667725,2021,24,5,12.1,52,11.5,11.5,0.196,0.342,0.271,0.293,5.3,10.5,31.6,12.2,43.2,39.5,39.5,15.8,5.3,R,190,,,,,,,,31.1,83.8,2219,2.4,-38.8,3.3,1.4,2.6,86,1613,-9.5,-22.2,17.7,1.5,3.7,76.4,2222,3.1,-55.5,9.4,1.5,,,,,,,,62.6,91,2140,1.8,-17.1,16.1,1.4,,,,,,,,,,,,,,,,,,,,,,,,,,,,,,,,,,,,,,,,,,
"Kazmir, Scott",431148,2021,37,5,11.1,55,18.2,10.9,0.298,0.579,0.398,0.4,13.2,2.6,50,20.6,49.3,47.4,26.3,23.7,2.6,L,207,54.6,92.4,2152,11.2,-15.8,19.9,1.3,14.5,87.1,1946,1.2,-27.7,8.4,2,30.9,80.5,1482,13.4,-34.2,15.7,1.6,,,,,,,,,,,,,,,,,,,,,,,,,,,,,,,,,,,,,,,,,,,,,,,,,,,,,,,,,,,,,,,
"Kriske, Brooks",621139,2021,27,12,11.1,56,19.6,10.7,0.231,0.504,0.536,0.354,7.9,5.3,47.4,26,49.5,34.2,36.8,15.8,13.2,R,194,54.1,95.3,2208,-5.1,-11.5,19.4,1.3,8.8,84,2053,3.9,-38.6,5.2,1.4,,,,,,,,,,,,,,,,,,,,,,,,,,,,,37.1,84.9,609,-9,-35.5,10,1.1,,,,,,,,,,,,,,,,,,,,,,,,,,,,,,,,,,,
"Pearson, Nate",663878,2021,24,12,15,71,28.2,16.9,0.189,0.312,0.332,0.289,5.1,0,46.2,34.5,38.5,41,35.9,12.8,10.3,R,301,62.8,97.8,2201,-7.7,-11.1,19.4,1.8,34.6,87,2585,6,-36.1,6.5,1.8,1,83.3,1713,-13.4,-28.5,17.8,1.6,1.7,74.4,2308,11.2,-62.6,17,1.5,,,,,,,,,,,,,,,,,,,,,,,,,,,,,,,,,,,,,,,,,,,,,,,,,,,,,,,,
"Warren, Art",605521,2021,28,26,21,82,41.5,9.8,0.139,0.199,0.218,0.201,5.1,7.7,28.2,40.9,52.1,38.5,30.8,23.1,7.7,R,338,40.5,95.2,2193,-6.9,-14.3,17.4,1.4,59.5,86,2593,6.1,-37.8,6.7,1.7,,,,,,,,,,,,,,,,,,,,,,,,,,,,,,,,,,,,,,,,,,,,,,,,,,,,,,,,,,,,,,,,,,,,,,
"Castro, Kervin",665645,2021,22,10,13.1,56,23.2,7.1,0.244,0.383,0.263,0.303,0,2.6,28.2,31.6,48.8,38.5,25.6,25.6,10.3,R,201,74.1,94.5,2275,-0.8,-14,16.6,1.3,,,,,,,,,,,,,,,25.4,80.1,1969,2,-55.7,13.4,1.5,,,,,,,,0.5,93.1,2205,3.5,-16.8,14.9,,,,,,,,,,,,,,,,,,,,,,,,,,,,,,,,,,,,,,,,,,,
"Sánchez, Cristopher",650911,2021,24,7,12.2,59,22,11.9,0.213,0.304,0.377,0.281,5.1,15.4,33.3,23.1,49.3,66.7,10.3,15.4,7.7,L,211,,,,,,,,15.6,83.1,2051,-1.9,-38.1,2.7,1.4,21.3,85,1843,16.5,-35.5,16.8,1.5,,,,,,,,63,93.8,2071,17.2,-21.8,19.7,1.3,,,,,,,,,,,,,,,,,,,,,,,,,,,,,,,,,,,,,,,,,,,,,,,,,
"Morimando, Shawn",596049,2021,28,4,10.1,54,16.7,9.3,0.264,0.448,0.445,0.333,2.5,2.5,35,18.9,47.7,37.5,30,30,2.5,L,199,32.7,91.1,2347,8.7,-17.6,17.9,1.1,,,,,,,,2.5,84,1620,11.6,-22.8,19.9,1.4,25.1,74.8,2283,-6.7,-61.6,14.1,1.1,9.5,90.8,2187,16.3,-21.5,20.2,1.3,30.2,87.2,2331,-0.8,-26.2,10,1.6,,,,,,,,,,,,,,,,,,,,,,,,,,,,,,,,,,,,,,,,,,
"Margevicius, Nick",676606,2021,25,5,12,59,20.3,10.2,0.277,0.448,0.339,0.355,10,2.5,45,16.1,45.6,40,30,25,5,L,259,68.7,89.5,2174,5.1,-15.1,19.9,1.6,6.6,83.4,1988,-2.5,-31.7,8.7,1.5,2.7,81.4,1548,11.6,-33.8,14,1.4,17.8,71.9,2084,-8.3,-64.4,13.9,1.8,4.2,88.8,2123,8.7,-16.7,20.1,1.4,,,,,,,,,,,,,,,,,,,,,,,,,,,,,,,,,,,,,,,,,,,,,,,,,
"Burrows, Beau",663366,2021,24,6,11,58,13.8,17.2,0.349,0.795,0.502,0.481,12.5,0,42.5,17.7,46.4,20,52.5,20,7.5,R,267,57.7,93.1,2194,-6.8,-13.3,19.6,1.4,29.6,84.8,2229,2.6,-33.8,4.9,1.4,10.9,85.2,1981,-12.1,-24.4,18.1,1.7,1.9,75.2,2320,2.1,-60.5,12.4,1.5,,,,,,,,,,,,,,,,,,,,,,,,,,,,,,,,,,,,,,,,,,,,,,,,,,,,,,,,
"Dayton, Grant",594795,2021,33,13,13,62,22.6,11.3,0.25,0.421,0.351,0.32,7.3,9.8,39,26.7,48,29.3,39,29.3,2.4,L,250,64.4,91.5,2186,7.7,-14.8,19.6,1.1,,,,,,,,,,,,,,,34.8,77.2,2328,-3.7,-57.6,12.4,1.6,0.8,88.9,2258,12.3,-18.7,20.4,1.5,,,,,,,,,,,,,,,,,,,,,,,,,,,,,,,,,,,,,,,,,,,,,,,,,
"Klobosits, Gabe",656620,2021,26,11,11.1,52,9.6,9.6,0.236,0.347,0.314,0.295,9.8,7.3,48.8,18.8,52.1,43.9,26.8,17.1,12.2,R,194,66,94.7,2183,-6.9,-13.7,18.2,1.1,13.9,87,2538,2.5,-32.4,5,1.5,,,,,,,,,,,,,,,,,,,,,,,,,,,,,20.1,87.9,979,-2.4,-33.3,5.6,1.4,,,,,,,,,,,,,,,,,,,,,,,,,,,,,,,,,,,
"Brice, Austin",592169,2021,29,13,13.2,64,18.8,10.9,0.229,0.427,0.371,0.35,7.3,0,51.2,20.7,44.2,41.5,29.3,19.5,9.8,R,274,44.5,92.6,2244,-17.7,-25.6,18.9,1.2,,,,,,,,2.6,88.5,1963,-19.7,-33.7,19.8,1.3,38.7,81.8,2695,7.5,-42.4,8.2,1.4,14.2,92.7,2088,-18.8,-33.2,18.9,1.2,,,,,,,,,,,,,,,,,,,,,,,,,,,,,,,,,,,,,,,,,,,,,,,,,
"Kolarek, Adam",592473,2021,32,12,9,51,7.8,9.8,0.286,0.428,0.407,0.356,0,9.8,34.1,12.7,41.6,70.7,9.8,17.1,2.4,L,190,1.1,88.7,2137,13.6,-23.3,18,1.4,10.5,75.9,1946,-9.5,-42.5,11,1.4,18.4,82,2191,18.7,-42.7,19,1.5,,,,,,,,70,88.6,2179,18.3,-35.4,18.4,1.3,,,,,,,,,,,,,,,,,,,,,,,,,,,,,,,,,,,,,,,,,,,,,,,,,
"Phillips, Evan",623465,2021,26,8,13.1,58,19,8.6,0.284,0.406,0.263,0.331,7.3,4.9,39,22.7,52.5,51.2,12.2,34.1,2.4,R,244,43.4,95.4,2224,-7.8,-15.7,16.5,1.3,,,,,,,,10.7,85.6,1198,-4.7,-35.8,5.2,1.3,,,,,,,,1.6,95.6,2178,-13,-18.1,17.6,1.4,,,,,,,,,,,,,,,,,,,,,,44.3,84.4,2361,15.3,-38,15.5,1.2,,,,,,,,,,,,,,,,,,,,,
"Diaz, Jhonathan",646242,2021,24,3,13,59,15.3,11.9,0.275,0.443,0.302,0.365,2.4,4.8,33.3,20,46.4,42.9,26.2,23.8,7.1,L,237,27.4,89.9,2073,9.6,-18.7,18.2,1.5,29.1,79,2737,-15.8,-44.5,16.2,1.8,13.9,81.6,1777,14.3,-40.3,14.5,2,1.7,74.4,2766,-9.8,-63.9,17,1.7,27.8,87.7,2084,17.9,-30.6,18.7,1.9,,,,,,,,,,,,,,,,,,,,,,,,,,,,,,,,,,,,,,,,,,,,,,,,,
"Bettinger, Alec",676424,2021,25,4,10,51,9.8,5.9,0.323,0.488,0.476,0.376,7.1,4.8,33.3,12.6,47.7,40.5,23.8,26.2,9.5,R,199,63.8,91.5,2106,-3.1,-14.2,18.8,1,5,84.1,2230,7.6,-37.6,7.9,1.4,4.5,82,1553,-11.4,-32.6,14.2,1.6,17.1,74.8,2343,10.4,-60.7,15.9,1.3,,,,,,,,9.5,88.2,2106,3.4,-27.6,8.4,1.5,,,,,,,,,,,,,,,,,,,,,,,,,,,,,,,,,,,,,,,,,,
"Lambert, Jimmy",669424,2021,26,4,13,60,16.7,10,0.316,0.583,0.402,0.417,11.9,4.8,42.9,16.1,48,21.4,35.7,28.6,14.3,R,246,52.4,93.6,2054,-6.5,-13.8,18.6,1.2,21.5,82,2447,6.4,-42.4,7.8,1.6,21.1,84.9,1759,-15.5,-30.8,17.2,1.3,4.9,75.6,2148,5.9,-64.8,17.8,1.5,,,,,,,,,,,,,,,,,,,,,,,,,,,,,,,,,,,,,,,,,,,,,,,,,,,,,,,,
"López, Yoan",661255,2021,28,13,12.1,61,21.3,9.8,0.307,0.554,0.409,0.395,4.8,0,38.1,28.3,46,45.2,26.2,21.4,7.1,R,215,51.6,95.7,2204,-5.2,-13.6,17.2,1.3,48.4,86.5,2546,6.2,-37.5,6.9,1.9,,,,,,,,,,,,,,,,,,,,,,,,,,,,,,,,,,,,,,,,,,,,,,,,,,,,,,,,,,,,,,,,,,,,,,
"Miller, Shelby",571946,2021,30,13,12.2,62,12.9,17.7,0.275,0.461,0.433,0.382,2.4,0,38.1,23.7,43.2,38.1,31,23.8,7.1,R,273,63.4,93.5,2363,-7.7,-12.7,20.2,1.1,,,,,,,,,,,,,,,,,,,,,,,,,,,,,22.3,88.7,2268,1.9,-27.7,7.5,1.3,,,,,,,,,,,,,,,14.3,80.2,2315,17.5,-46.2,18.1,1.4,,,,,,,,,,,,,,,,,,,,,
"Puk, A.J.",640462,2021,26,12,13.1,65,24.6,9.2,0.262,0.358,0.341,0.313,4.8,0,50,24.8,44.9,52.4,11.9,31,4.8,L,243,40.3,95.4,2214,8.5,-16.3,16.8,1.8,28,86.9,2220,-4.2,-35.2,4.8,1.3,4.5,90.2,1748,15.6,-26.9,18.3,1.3,2.5,82.4,2235,-8.7,-41.6,9.4,1.4,24.7,96,2104,17,-25.5,18.1,1.4,,,,,,,,,,,,,,,,,,,,,,,,,,,,,,,,,,,,,,,,,,,,,,,,,
"Sherriff, Ryan",595411,2021,31,16,14.2,72,22.2,12.5,0.209,0.273,0.313,0.309,7,9.3,27.9,24.8,40.6,46.5,23.3,23.3,7,L,278,,,,,,,,41.7,81,2547,-11,-42,11.8,1.5,1.8,85.4,1601,16.9,-34,17.4,1.5,,,,,,,,56.5,92,2136,18.7,-27.2,19.6,1.2,,,,,,,,,,,,,,,,,,,,,,,,,,,,,,,,,,,,,,,,,,,,,,,,,
"Madero, Luís",650347,2021,24,6,12,56,7.1,14.3,0.243,0.578,0.435,0.391,11.6,2.3,39.5,15.3,39.7,25.6,39.5,11.6,23.3,R,214,36.9,89.6,2274,-9.2,-23.7,14.3,1.5,50,81,2541,13.7,-36,15.3,1.5,10.3,84.5,1834,-16.3,-33.7,17.6,1.4,,,,,,,,2.8,91.9,2299,-15.7,-22.7,18.7,1.5,,,,,,,,,,,,,,,,,,,,,,,,,,,,,,,,,,,,,,,,,,,,,,,,,
"Overton, Connor",656818,2021,27,9,15.1,63,23.8,7.9,0.251,0.411,0.303,0.312,14,2.3,39.5,24.8,51.5,34.9,25.6,32.6,7,R,274,38.7,92.3,2242,-10.1,-15,20.1,1.4,19,83,2444,1.3,-37.7,3.2,1.5,24.1,84.9,1891,-16.5,-29.2,18.9,1.2,4,78.4,2237,10,-60.3,18.3,1.4,12.4,91,2104,-14.9,-21.5,18.8,1.4,1.5,89.8,2274,-0.7,-19.6,14.3,1.4,,,,,,,,,,,,,,,0.4,80.8,1496,8.2,-48.4,10.4,,,,,,,,,,,,,,,,,,,,,,
"Menez, Conner",669214,2021,26,8,14,62,24.2,4.8,0.261,0.358,0.325,0.294,4.5,4.5,36.4,21.7,52.2,59.1,11.4,25,4.5,L,247,34,90.9,2164,5.6,-15.9,18,1.2,61.9,82.7,2107,-5.8,-38.7,6.4,1.3,,,,,,,,4,77.9,2151,-8,-48.8,9.3,1.4,,,,,,,,,,,,,,,,,,,,,,,,,,,,,,,,,,,,,,,,,,,,,,,,,,,,,,,,
"Law, Derek",571882,2021,30,9,15,67,20.9,11.9,0.267,0.446,0.353,0.347,4.4,2.2,42.2,34.3,47.9,44.4,22.2,26.7,6.7,R,292,22.6,93.7,2128,-4.4,-14.5,17.5,1.6,58.6,86.6,2305,3.7,-35.9,5.3,2.8,3.8,86.1,1862,-15.6,-27.6,18.4,1.5,9.9,74.8,2051,1.5,-59.9,11.2,1.7,5.1,93.7,2162,-15,-18.1,20.1,1.6,,,,,,,,,,,,,,,,,,,,,,,,,,,,,,,,,,,,,,,,,,,,,,,,,
"Jefferies, Daulton",641726,2021,25,5,15,58,13.8,6.9,0.251,0.371,0.278,0.305,6.7,2.2,35.6,17,50.9,44.4,26.7,28.9,0,R,220,12.3,93.2,2026,-10,-16.2,18.2,1.2,10,80,2485,5.1,-45.3,6.2,1.3,17.7,87,1466,-14.4,-31.6,15.3,1.2,,,,,,,,45.9,93.5,2088,-16.3,-18.8,20.6,1.2,14.1,91.3,2211,-3.6,-22.8,11.1,1.3,,,,,,,,,,,,,,,,,,,,,,,,,,,,,,,,,,,,,,,,,,
"Mills, Wyatt",670090,2021,26,11,12.2,64,17.2,10.9,0.291,0.402,0.399,0.352,6.7,8.9,35.6,17.5,42.2,51.1,20,26.7,2.2,R,230,23.9,93,1955,-15.8,-23,18.3,1.2,29.1,82.5,2501,6.1,-37.7,6.8,1.5,,,,,,,,,,,,,,,47,92.4,1914,-18.5,-30.6,18.8,1.4,,,,,,,,,,,,,,,,,,,,,,,,,,,,,,,,,,,,,,,,,,,,,,,,,
"Sherfy, James",642073,2021,29,14,15,63,19,6.3,0.248,0.427,0.293,0.323,4.4,2.2,24.4,21.9,41.7,44.4,28.9,17.8,8.9,R,230,35.2,94.1,2261,-5.4,-15.1,16.8,1.6,63,80.6,2680,9.5,-45.7,10.4,1.5,0.9,88.2,1667,-14.7,-27.2,16.8,1.5,0.9,72.6,2391,9.4,-58.3,11.6,1.5,,,,,,,,,,,,,,,,,,,,,,,,,,,,,,,,,,,,,,,,,,,,,,,,,,,,,,,,
"Swarzak, Anthony",461872,2021,35,13,12.1,56,16.1,1.8,0.326,0.624,0.458,0.41,6.7,4.4,42.2,16.3,49.2,28.9,24.4,42.2,4.4,R,199,42.7,93,2282,-6.2,-15.2,17.5,1.2,55.8,85.9,2397,4.5,-34.4,5.6,1.6,,,,,,,,,,,,,,,1.5,92.8,1997,-14.8,-19.1,19.4,1.4,,,,,,,,,,,,,,,,,,,,,,,,,,,,,,,,,,,,,,,,,,,,,,,,,
"Milone, Tommy",543548,2021,34,6,14,65,26.2,4.6,0.294,0.462,0.393,0.34,8.9,8.9,40,27.6,48.1,40,24.4,31.1,4.4,L,241,31.1,84.2,2106,7.8,-19.3,21,1,10,77.7,2164,-5.1,-41.4,6.7,1.3,43.2,76.5,1610,14.6,-37.3,17.6,1.2,15.8,73,2314,-3.5,-55.5,5.8,1.2,,,,,,,,,,,,,,,,,,,,,,,,,,,,,,,,,,,,,,,,,,,,,,,,,,,,,,,,
"De León, José",592254,2021,28,9,18.1,91,36.3,12.1,0.233,0.439,0.381,0.343,8.9,4.4,44.4,33.1,47,33.3,24.4,33.3,8.9,R,347,62.8,93,2058,-10.5,-15.5,19.4,1.5,14.7,79,2371,15.3,-44,15.8,1.6,22.5,84.3,1793,-16.3,-34.7,17,1.4,,,,,,,,,,,,,,,,,,,,,,,,,,,,,,,,,,,,,,,,,,,,,,,,,,,,,,,,,,,,,,,
"Stewart, Kohl",640464,2021,26,4,13.2,64,17.2,9.4,0.279,0.441,0.373,0.357,4.4,4.4,48.9,21.2,41.8,53.3,15.6,24.4,6.7,R,237,5.5,91.6,2086,-4,-19,14.1,1.5,8,82.8,2543,9.6,-31.9,13.2,1.5,5.1,85.9,1763,-14.3,-30.5,16,1.7,3.8,77.5,2607,14.8,-50.6,15.8,1.7,38,90.8,2062,-13,-25.3,15.3,1.6,39.7,88.2,2297,4,-28.1,8.1,1.9,,,,,,,,,,,,,,,,,,,,,,,,,,,,,,,,,,,,,,,,,,
"Osich, Josh",592612,2021,32,17,14.1,60,15,8.3,0.234,0.336,0.359,0.284,6.5,6.5,34.8,21.7,45.9,56.5,23.9,15.2,4.3,L,231,3.5,93.8,2304,5,-20.2,11.8,1.3,5.6,74.8,2183,-1.1,-53.9,5.5,1.9,19,81.6,1602,11.9,-29.1,16.9,1.8,,,,,,,,6.9,93.6,2332,14.6,-25.1,15.9,1.5,64.9,87.2,2231,-2,-29.9,6.3,1.8,,,,,,,,,,,,,,,,,,,,,,,,,,,,,,,,,,,,,,,,,,
"Buchter, Ryan",488748,2021,34,18,16.1,78,20.5,16.7,0.238,0.514,0.406,0.388,8.5,2.1,46.8,22.7,43.5,23.4,44.7,23.4,8.5,L,294,51.4,90.5,2217,9.5,-15.7,20.3,1.1,,,,,,,,,,,,,,,37.4,76.2,1971,-16.3,-47.5,16.5,2.1,,,,,,,,11.2,86.7,2208,-2,-27.3,9.4,1.3,,,,,,,,,,,,,,,,,,,,,,,,,,,,,,,,,,,,,,,,,,
"Ryan, Kyle",594986,2021,29,13,13.1,62,12.9,9.7,0.314,0.473,0.393,0.367,6.3,10.4,52.1,17,39.1,60.4,10.4,29.2,0,L,225,26.2,88.7,1945,4.1,-23.4,12.5,1.3,,,,,,,,,,,,,,,11.1,81.4,2259,-6.6,-42.5,6.9,1.2,40,88.2,1716,10.4,-29.5,12,1.2,22.7,86.6,1994,-2.8,-29.6,7.9,1.9,,,,,,,,,,,,,,,,,,,,,,,,,,,,,,,,,,,,,,,,,,
"Heasley, Jonathan",669169,2021,24,3,14.2,59,10.2,5.1,0.295,0.584,0.371,0.397,4.2,2.1,56.3,12.5,44.8,45.8,20.8,18.8,14.6,R,250,43.6,93.5,2261,-9.1,-13.8,19.9,1.5,0.4,91.6,1949,-5.7,-20.2,13.2,,23.6,85.1,1938,-12.7,-27.2,16.8,1.4,26.8,80,2624,5.6,-55,13.5,1.7,5.6,93.7,2296,-12.7,-15.2,20.6,1.6,,,,,,,,,,,,,,,,,,,,,,,,,,,,,,,,,,,,,,,,,,,,,,,,,
"Wade, Konner",592831,2021,29,7,12.1,64,17.2,7.8,0.315,0.489,0.442,0.366,6.3,0,43.8,22,47.6,39.6,27.1,27.1,6.3,R,248,1.2,90,2150,-14.7,-18.6,21.3,1.4,,,,,,,,33.9,82.5,2079,-18.2,-28.6,21.8,1.2,2.4,78.4,1868,10.9,-43.6,11.3,1.5,31.9,90,2025,-16.9,-26.5,18.5,1.1,30.6,87.6,2124,-2.4,-24.3,11.7,1.2,,,,,,,,,,,,,,,,,,,,,,,,,,,,,,,,,,,,,,,,,,
"Duplantier, Jon",641541,2021,26,4,13,70,17.1,11.4,0.279,0.539,0.441,0.396,2.1,4.2,39.6,20,44.4,47.9,20.8,22.9,8.3,R,270,36.7,91.2,2209,-8.1,-15.9,19.1,1.3,16.3,84.3,2196,6.4,-33.8,8.3,1.6,8.9,83.8,1644,-16.1,-33.1,17.2,1.2,13.3,78.9,2402,6.7,-49.9,9.1,1.5,24.8,91,2095,-15.7,-21.3,19.9,1.2,,,,,,,,,,,,,,,,,,,,,,,,,,,,,,,,,,,,,,,,,,,,,,,,,
"Yajure, Miguel",664337,2021,23,4,15,68,16.2,10.3,0.305,0.633,0.428,0.428,2,6.1,38.8,21.4,43.1,34.7,28.6,28.6,8.2,R,239,27.2,90.5,2375,-4.8,-15.9,18.3,1.3,12.6,79.2,2388,14.3,-43.3,14.7,1.4,23.8,87.7,1603,-12.8,-32.2,13.3,1.1,14.2,78.1,2643,9,-61.7,18.6,1.4,6.3,90.8,2092,-16.3,-22.1,19.8,1.4,15.9,87,2558,2.4,-26.9,9.7,1.3,,,,,,,,,,,,,,,,,,,,,,,,,,,,,,,,,,,,,,,,,,
"Newsome, Ljay",664714,2021,24,7,14.2,70,22.9,5.7,0.274,0.551,0.405,0.361,8.2,2,46.9,23,55.1,32.7,32.7,30.6,4.1,R,276,58,92.6,2036,-8.2,-16.1,17.9,1.4,,,,,,,,23.6,86.1,1798,-13.8,-35.4,13.9,1.5,18.5,77.6,2218,7.4,-46.2,7.7,1.8,,,,,,,,,,,,,,,,,,,,,,,,,,,,,,,,,,,,,,,,,,,,,,,,,,,,,,,,
"Lawrence, Justin",664875,2021,26,19,16.2,86,19.8,22.1,0.247,0.339,0.39,0.354,8,6,42,25.7,34.7,52,16,30,2,R,326,,,,,,,,,,,,,,,,,,,,,,,,,,,,,65,97.4,2350,-16.6,-26.1,16.9,1.7,,,,,,,,,,,,,,,,,,,,,,35,81.8,2786,14.2,-42.4,14.5,1.7,,,,,,,,,,,,,,,,,,,,,
"Cleavinger, Garrett",664076,2021,27,22,18,85,24.7,15.3,0.224,0.401,0.384,0.335,6,6,46,25.7,39.3,50,24,20,6,L,356,53.7,95.8,2290,7.1,-16,15.6,1.4,45.5,82.9,2713,-10.8,-43.8,11.9,1.5,,,,,,,,,,,,,,,0.8,95.1,2154,15.8,-22.7,17.7,1.6,,,,,,,,,,,,,,,,,,,,,,,,,,,,,,,,,,,,,,,,,,,,,,,,,
"Emanuel, Kent",592288,2021,29,10,17.2,68,19.1,5.9,0.209,0.37,0.273,0.28,4,2,24,13.7,42.5,50,30,14,6,L,240,,,,,,,,,,,,,,,19.2,84.1,1812,16.4,-34.5,17.1,1.2,,,,,,,,52.5,91.6,2055,17.3,-25.2,18.9,1.2,,,,,,,,,,,,,,,,,,,,,,28.3,77.7,2321,-14.6,-45.6,14.8,1.4,,,,,,,,,,,,,,,,,,,,,
"Britton, Zack",502154,2021,33,22,18.1,81,19.8,16,0.184,0.277,0.355,0.291,2,6,31.3,24.8,43,68,14,16,2,L,327,,,,,,,,16.2,80.2,2489,-10.5,-46.2,11.2,1.5,,,,,,,,,,,,,,,83.8,92.6,1953,14.2,-27.6,14.9,1.3,,,,,,,,,,,,,,,,,,,,,,,,,,,,,,,,,,,,,,,,,,,,,,,,,
"Jackson, Jay",543351,2021,33,23,21.2,90,31.1,13.3,0.204,0.405,0.299,0.316,8,6,42,29.9,44.5,32,40,24,4,R,391,34.5,94.8,2284,-7.5,-13.8,18.4,1.1,64.7,84.9,2372,7,-37.1,7.5,1.3,0.8,89.5,1993,-8.9,-18.1,18.5,1.4,,,,,,,,,,,,,,,,,,,,,,,,,,,,,,,,,,,,,,,,,,,,,,,,,,,,,,,,,,,,,,,
"May, Dustin",669160,2021,23,5,23,92,38,5.4,0.205,0.359,0.255,0.27,9.8,3.9,39.2,31.6,46.5,56.9,19.6,21.6,2,R,368,19,98.3,2306,-10.2,-12.7,18.8,1.3,,,,,,,,,,,,,,,22.8,86.6,3176,15.2,-41.3,16.2,1.4,39.7,97.8,2361,-18.7,-19.9,20.8,1.2,18.5,93,2517,0.8,-25.7,6,1.4,,,,,,,,,,,,,,,,,,,,,,,,,,,,,,,,,,,,,,,,,,
"Scrubb, Andre",668687,2021,26,18,19.2,86,24.4,16.3,0.259,0.523,0.336,0.386,5.9,2,37.3,28.7,36.4,33.3,41.2,13.7,11.8,R,354,,,,,,,,4.5,87.6,2391,5.8,-32,7,1.5,,,,,,,,41.5,80.1,2749,4.7,-62.1,19.5,1.6,,,,,,,,54,93.9,2360,4,-15.7,15.9,1.2,,,,,,,,,,,,,,,,,,,,,,,,,,,,,,,,,,,,,,,,,,
"García, Edgar",658305,2021,24,11,14.2,72,16.7,11.1,0.274,0.495,0.432,0.373,2,0,31.4,24.6,42,47.1,25.5,21.6,5.9,R,281,18.1,93.7,2081,-4.6,-15.1,16.8,1.3,40.2,86.4,2235,5.8,-33.3,7.3,1.4,7.5,88,1676,-11.8,-28.6,13.6,1.5,,,,,,,,34.2,94.2,2035,-13.2,-19.4,17.6,1.2,,,,,,,,,,,,,,,,,,,,,,,,,,,,,,,,,,,,,,,,,,,,,,,,,
"Herget, Jimmy",623474,2021,27,18,18.2,78,25.6,5.1,0.246,0.342,0.335,0.29,3.9,9.8,31.4,31.5,43.5,45.1,25.5,29.4,0,R,299,17.1,91.8,2234,-15.5,-22.8,18.5,1.3,24.7,83.4,2499,2.3,-33.3,7.4,1.5,1,82.5,1466,-9.1,-41,9.5,1.5,24.7,73.7,2673,16.3,-46.5,17.1,1.6,32.4,90.5,2229,-18.5,-30.1,19.1,1.4,,,,,,,,,,,,,,,,,,,,,,,,,,,,,,,,,,,,,,,,,,,,,,,,,
"Conley, Adam",543045,2021,31,17,19.2,76,21.1,7.9,0.219,0.328,0.284,0.284,3.8,5.8,34.6,26.2,50.3,48.1,21.2,19.2,11.5,L,296,54.1,95.7,2340,14.4,-16,20.4,1.3,16.9,86.5,2258,-2.6,-36.8,3.2,1.7,28.7,84,2055,17,-29.8,19.5,1.4,0.3,82.5,2217,-6.6,-40.9,6.6,,,,,,,,,,,,,,,,,,,,,,,,,,,,,,,,,,,,,,,,,,,,,,,,,,,,,,,,,
"Frankoff, Seth",571676,2021,32,4,14.2,74,14.9,12.2,0.255,0.495,0.434,0.374,7.7,11.5,36.5,17.9,47.3,50,21.2,17.3,11.5,R,260,39.6,91.3,2411,-8.8,-17.9,17.4,1.1,30.4,87.7,2543,3.3,-28.7,7.8,1.3,18.5,84.5,2153,-16,-30.9,17.8,1.3,11.5,78.3,2467,8.8,-58.7,16.4,1.3,,,,,,,,,,,,,,,,,,,,,,,,,,,,,,,,,,,,,,,,,,,,,,,,,,,,,,,,
"Thorpe, Lewis",626929,2021,25,5,15.1,66,9.1,10.6,0.27,0.428,0.31,0.342,1.9,5.7,47.2,13.7,46.6,52.8,17,18.9,11.3,L,251,45.4,89.1,1957,7.9,-17.4,19,1.7,31.1,84.1,1886,-2.7,-32.2,7.8,1.5,14.3,82,1568,11.3,-28.3,17.2,1.5,9.2,71.8,2377,-10.1,-67.8,17.7,1.5,,,,,,,,,,,,,,,,,,,,,,,,,,,,,,,,,,,,,,,,,,,,,,,,,,,,,,,,