"last_name, first_name",player_id,year,player_age,p_game,p_formatted_ip,pa,k_percent,bb_percent,xba,xslg,woba,xwoba,solidcontact_percent,poorlyweak_percent,hard_hit_percent,whiff_percent,swing_percent,groundballs_percent,flyballs_percent,linedrives_percent,popups_percent,pitch_hand,n,n_ff_formatted,ff_avg_speed,ff_avg_spin,ff_avg_break_x,ff_avg_break_z,ff_avg_break,ff_range_speed,n_sl_formatted,sl_avg_speed,sl_avg_spin,sl_avg_break_x,sl_avg_break_z,sl_avg_break,sl_range_speed,n_ch_formatted,ch_avg_speed,ch_avg_spin,ch_avg_break_x,ch_avg_break_z,ch_avg_break,ch_range_speed,n_cu_formatted,cu_avg_speed,cu_avg_spin,cu_avg_break_x,cu_avg_break_z,cu_avg_break,cu_range_speed,n_si_formatted,si_avg_speed,si_avg_spin,si_avg_break_x,si_avg_break_z,si_avg_break,si_range_speed,n_fc_formatted,fc_avg_speed,fc_avg_spin,fc_avg_break_x,fc_avg_break_z,fc_avg_break,fc_range_speed,n_fs_formatted,fs_avg_speed,fs_avg_spin,fs_avg_break_x,fs_avg_break_z,fs_avg_break,fs_range_speed,n_kn_formatted,kn_avg_speed,kn_avg_spin,kn_avg_break_x,kn_avg_break_z,kn_avg_break,kn_range_speed,n_st_formatted,st_avg_speed,st_avg_spin,st_avg_break_x,st_avg_break_z,st_avg_break,st_range_speed,n_sv_formatted,sv_avg_speed,sv_avg_spin,sv_avg_break_x,sv_avg_break_z,sv_avg_break,sv_range_speed,n_fo_formatted,fo_avg_speed,fo_avg_spin,fo_avg_break_x,fo_avg_break_z,fo_avg_break,fo_range_speed,n_sc_formatted,sc_avg_speed,sc_avg_spin,sc_avg_break_x,sc_avg_break_z,sc_avg_break,sc_range_speed
"De León, José",592254,2016,23,4,17,80,18.8,8.8,0.273,0.555,0.392,0.384,5.5,1.8,29.1,25.5,45.4,45.5,23.6,18.2,12.7,R,298,66.1,92.2,2186,-9.4,-14.7,19.5,1.6,7,82.9,2030,7.4,-35.8,9.2,1.4,21.1,82.2,1841,-12.3,-31.2,14.9,1.4,5.7,77,2559,14.6,-52.3,16.8,1.6,,,,,,,,,,,,,,,,,,,,,,,,,,,,,,,,,,,,,,,,,,,,,,,,,,,,,,,,
"Bolsinger, Mike",502211,2016,28,6,27.2,122,20.5,7.4,0.31,0.578,0.384,0.402,9.3,3.5,45.3,25,41.7,37.2,18.6,33.7,10.5,R,466,21.9,88.4,2153,-1.6,-18.2,15.7,1.4,27.9,80.2,2400,10,-44.1,10.8,1.3,1.7,83.7,1771,-4.6,-26.9,12.4,1.6,27.7,79.4,2419,5.3,-54.2,13.4,1.7,,,,,,,,20.8,88.1,2180,3.1,-20,15.3,1.4,,,,,,,,,,,,,,,,,,,,,,,,,,,,,,,,,,,,,,,,,,
"Dickey, R.A.",285079,2016,41,30,169.2,728,17.3,8.7,0.275,0.468,0.338,0.35,5.1,5.6,35.5,23.6,48.1,42.4,22.7,25,9.9,R,2662,13,82.9,1889,-13.7,-30,17.4,1.6,,,,,,,,,,,,,,,,,,,,,,,,,,,,,,,,,,,,,,,,,,,87,76.6,1592,-0.5,-43.7,9.8,3.2,,,,,,,,,,,,,,,,,,,,,,,,,,,,
"Wilson, Alex",543935,2016,29,62,73,297,16.5,7.1,0.243,0.385,0.291,0.293,2.2,2.2,31.9,20.5,47,44.7,21.2,25.2,8.8,R,1112,27.3,92.4,2253,-5.8,-14.3,17.8,1.2,38.8,87.5,2467,5.7,-26.5,10.2,1.6,0.6,88.1,1905,-15.3,-22.5,17.9,1.4,3.6,82.1,2402,5.6,-44.7,7.9,1.3,28.5,92.4,2072,-11.7,-17,17.7,1.3,1.1,91.3,2362,1.9,-16.4,17.4,1.5,,,,,,,,,,,,,,,,,,,,,,,,,,,,,,,,,,,,,,,,,,
"Sabathia, CC",282332,2016,35,30,179.2,768,19.8,8.5,0.222,0.353,0.312,0.289,5,5,26.9,22.9,46.4,51.5,20.3,19.7,8.5,L,2908,35.7,89,2192,0.6,-20.4,10.4,3,22.9,80.4,2085,-11,-38.1,11.7,1.9,5.7,82.5,1957,11.4,-27.3,14.6,1.5,,,,,,,,35.7,89.6,2019,14.9,-20.1,18.1,3,,,,,,,,,,,,,,,,,,,,,,,,,,,,,,,,,,,,,,,,,,,,,,,,,
"Gearrin, Cory",518715,2016,30,56,48.1,198,22.7,7.6,0.228,0.369,0.281,0.286,2.9,2.2,38.7,25.7,46.9,56.2,14.6,24.1,5.1,R,729,0.4,91.9,2237,-18,-20.2,21.9,1.5,40.3,84.3,2587,10,-35.2,11,1.3,4.4,84.5,1973,-14.6,-38.7,15.2,1.3,,,,,,,,54.9,92.1,2267,-17.4,-29.7,17.7,1.2,,,,,,,,,,,,,,,,,,,,,,,,,,,,,,,,,,,,,,,,,,,,,,,,,
"Hendriks, Liam",521230,2016,27,53,64.2,275,25.8,5.1,0.236,0.355,0.298,0.276,5.8,2.6,31.2,22.9,53.7,41.8,18,29.1,11.1,R,1072,40.5,94.9,2265,-3.1,-11.4,19.1,1.3,17.1,88.6,2093,3.7,-28.5,6.6,1.3,1.9,87.9,1924,-7.9,-26.7,11,1.6,4.9,78.3,1920,7.1,-53.4,12.6,1.6,35.6,94.6,2197,-9.2,-13.8,18.6,1.6,,,,,,,,,,,,,,,,,,,,,,,,,,,,,,,,,,,,,,,,,,,,,,,,,
"Cingrani, Tony",571561,2016,26,65,63,271,18.1,13.7,0.222,0.342,0.319,0.307,4.9,3.3,35.2,21.1,45,47.8,23.1,20.9,8.2,L,1091,90.3,94.7,2236,10.2,-12.5,18,1.7,9.5,81.9,2119,-1.6,-40.1,6,2.6,0.2,86.9,1327,9.9,-23.9,12.2,1.4,,,,,,,,,,,,,,,,,,,,,,,,,,,,,,,,,,,,,,,,,,,,,,,,,,,,,,,,,,,,,,,
"González, Miguel",456068,2016,32,24,135,566,16.8,6.2,0.259,0.397,0.298,0.309,4.9,2.6,30.9,18.2,48.6,41.6,24.9,25.8,7.7,R,2094,29.1,91.9,2407,-6.4,-14.1,18.7,1.3,23.6,87.3,2532,2.9,-27.7,8.2,1.5,19.7,84.8,1330,-10.9,-32.2,12.5,1.9,9.5,77.7,2837,10.5,-56.5,15.3,1.7,18.1,92.3,2292,-13.1,-17.5,18.3,1.3,,,,,,,,,,,,,,,,,,,,,,,,,,,,,,,,,,,,,,,,,,,,,,,,,
"Cessa, Luis",570666,2016,24,17,70.1,285,16.1,4.9,0.26,0.458,0.316,0.329,7.7,4.5,35.1,24.1,46.6,44.6,24.8,24.8,5.9,R,1051,50.1,95.2,2226,-7.6,-13.7,18.3,1.7,22.7,85.8,2311,1.9,-34.2,4.6,1.3,10.7,85.5,1715,-12,-28.7,14.9,1.2,16.5,81.1,2396,8.4,-46.3,9.9,1.7,,,,,,,,,,,,,,,,,,,,,,,,,,,,,,,,,,,,,,,,,,,,,,,,,,,,,,,,
"Pressly, Ryan",519151,2016,27,72,75.1,328,20.4,7,0.268,0.454,0.312,0.334,6.4,2.5,39,24,50.8,41.1,24.2,28.4,6.4,R,1212,46.9,95.9,2456,-1.3,-9.9,17.1,1.6,29.8,88.8,2639,8.8,-30.8,10.6,2.2,,,,,,,,14.9,83.4,2978,18,-44.6,19.8,1.2,8.4,94.9,2349,-10.6,-15.2,16.5,1.8,,,,,,,,,,,,,,,,,,,,,,,,,,,,,,,,,,,,,,,,,,,,,,,,,
"Collmenter, Josh",518567,2016,30,18,41.1,173,19.1,9.2,0.255,0.412,0.323,0.328,5.8,2.5,30.6,18.6,42.4,47.1,20.7,24.8,7.4,R,683,,,,,,,,,,,,,,,26.4,76.3,1711,-6.3,-31.3,16.9,1.9,8.5,70.1,2046,1,-69.3,11.6,1.7,,,,,,,,65.2,84.8,1982,5.2,-20.6,17.6,1.5,,,,,,,,,,,,,,,,,,,,,,,,,,,,,,,,,,,,,,,,,,
"Wright, Daniel",642229,2016,25,9,39.2,179,11.7,4.5,0.316,0.53,0.404,0.384,3.4,1.4,36.6,16.8,45.5,40.7,20.7,32.4,6.2,R,666,39.5,89.9,2347,-4.2,-17.9,17.4,1.5,13.8,82.3,2056,7.5,-37.4,10.4,1.6,19.4,83.4,1927,-10.2,-28.8,16.5,1.7,15.8,75,2577,12.9,-62.3,18.3,1.4,11.6,89.8,2266,-11.8,-21.2,17.5,1.5,,,,,,,,,,,,,,,,,,,,,,,,,,,,,,,,,,,,,,,,,,,,,,,,,
"McAllister, Zach",502083,2016,28,53,52.1,233,23.2,9.9,0.239,0.401,0.322,0.314,6.5,3.9,37,24.2,44.4,35.1,26,30.5,8.4,R,924,70.3,94.8,2206,-10.4,-14.1,18.3,1.3,4.5,82.2,2173,9.4,-38.5,9.5,1.5,0.9,88.4,1569,-13.5,-24,17.1,1.5,10.2,80.9,2298,10.1,-42.6,11.2,1.8,8.5,95.3,2190,-14.3,-15.9,18.2,1.5,5.5,88.8,2167,2.4,-23,10.9,1.6,,,,,,,,,,,,,,,,,,,,,,,,,,,,,,,,,,,,,,,,,,
"Ramírez, JC",500724,2016,27,70,78.2,335,17.6,6.6,0.218,0.338,0.305,0.267,5.2,3.6,33.6,21,50.2,55.6,15.6,22.8,6,R,1233,64.9,97,2178,-1.8,-17.5,11.3,1.4,25.7,87.8,2180,9.9,-34.7,10.4,1.8,1,89.9,1313,-8.3,-28.3,8.8,1.5,,,,,,,,8.4,98,2121,-13.9,-20.6,16.7,1.4,,,,,,,,,,,,,,,,,,,,,,,,,,,,,,,,,,,,,,,,,,,,,,,,,
"Gibson, Kyle",502043,2016,28,25,147.1,653,15.9,8.4,0.277,0.443,0.352,0.339,5.1,3.1,33.5,22.6,45.3,49.6,17.1,27.6,5.7,R,2456,26.1,91.8,2133,-6.7,-14.7,16.3,1.4,18.4,84.8,2341,6.7,-31.7,8.3,1.4,17.2,83.1,1675,-12,-30.2,13.6,1.6,9.4,80.9,2271,5.9,-41.3,9.1,2.2,28.9,91.3,2081,-12.6,-18.7,16.5,1.6,,,,,,,,,,,,,,,,,,,,,,,,,,,,,,,,,,,,,,,,,,,,,,,,,
"Oberg, Scott",623184,2016,26,24,26,113,17.7,9.7,0.24,0.37,0.309,0.301,4.9,1.2,38.3,24.1,43.7,55.6,22.2,17.3,4.9,R,430,56.7,95.2,2150,-5,-17,13,1.5,25.6,86.4,2441,6.7,-36.2,7.9,2,4.9,87,1771,-12.5,-30.4,13.6,1.5,9.5,78,2999,14.9,-57.2,21,1.6,3.3,95.1,2067,-14.8,-21.3,16,1.5,,,,,,,,,,,,,,,,,,,,,,,,,,,,,,,,,,,,,,,,,,,,,,,,,
"Martin, Cody",592533,2016,26,9,25.2,107,14,8.4,0.299,0.535,0.365,0.383,4.9,7.3,41.5,18.7,42.8,48.8,18.3,24.4,8.5,R,399,53.4,88.4,1982,-4.2,-18.4,15.5,1.7,7,84.5,2034,4.4,-28.9,7.1,1.6,3.5,82.9,1426,-13,-29.3,14.9,1.6,23.6,74.2,2411,15.3,-62.7,21.5,2,4,86.1,1715,-11.2,-25.3,14.2,1.8,8.5,85.9,2063,3.8,-27.2,10.6,1.3,,,,,,,,,,,,,,,,,,,,,,,,,,,,,,,,,,,,,,,,,,
"Bleier, Richard",542947,2016,29,23,23,92,14.1,4.3,0.28,0.405,0.256,0.32,10.8,1.4,43.2,19.3,50.4,55.4,16.2,27,1.4,L,349,5.4,90.9,1975,13.6,-20,17.5,1.4,23.5,83.2,1855,0,-34.4,4.5,2.5,15.2,81.8,1600,17.8,-33,18.8,1.4,,,,,,,,55.9,89.9,1903,18.5,-25.5,19.4,1.2,,,,,,,,,,,,,,,,,,,,,,,,,,,,,,,,,,,,,,,,,,,,,,,,,
"Price, David",456034,2016,30,35,230,951,24,5.3,0.241,0.4,0.309,0.298,3.3,3.8,33,24.8,51,44.9,24.5,23.4,7.2,L,3588,13.3,93.6,2176,11,-14.9,20.2,1.7,,,,,,,,22.7,85.1,1806,17.6,-27.8,20.5,1.7,8.7,79.5,2203,-5.5,-46.1,8.5,1.9,36.4,93.4,2118,16.5,-16.8,21.7,1.6,18.9,88.6,2084,2.5,-24.2,10.7,1.6,,,,,,,,,,,,,,,,,,,,,,,,,,,,,,,,,,,,,,,,,,
"Cain, Matt",430912,2016,31,21,89.1,397,18.1,8.1,0.27,0.456,0.367,0.343,6.6,2.4,33.4,21.8,44.7,40.8,21.6,27.2,10.5,R,1562,45.8,91,2457,-7.6,-16.3,15.9,1.1,25.1,85.5,2724,4.4,-30.2,6.5,1.6,11.6,85.1,1662,-9.3,-33.1,10.4,1.6,13.8,77.1,2784,14.7,-53.9,17.8,1.4,3.7,90.8,2486,-13.2,-20.8,15.7,1.2,,,,,,,,,,,,,,,,,,,,,,,,,,,,,,,,,,,,,,,,,,,,,,,,,
"Harrell, Lucas",449173,2016,31,9,47,208,17.3,12,0.263,0.374,0.335,0.334,4.2,1.4,31.5,19.9,40.5,44.8,20.3,31.5,3.5,R,833,11,92.2,2230,-4.2,-13.9,18.1,1.2,19.4,87.3,2176,5.2,-28.5,8.7,1.8,8.3,84.6,1766,-12.3,-27.7,15,2,14.4,81.8,2235,10.1,-53.9,17.3,1.5,46.8,92.2,2157,-11.2,-17.1,17.3,1.4,,,,,,,,,,,,,,,,,,,,,,,,,,,,,,,,,,,,,,,,,,,,,,,,,
"VerHagen, Drew",572403,2016,25,19,19,90,11.1,7.8,0.293,0.457,0.405,0.348,4.2,0,34.7,17.6,41,59.7,18.1,16.7,5.6,R,342,37.7,95,2060,-10.5,-13.4,19.2,1.7,,,,,,,,4.7,87.1,2057,-9.6,-19.8,16.5,1.7,31.3,78.8,2302,9.2,-59,18.4,1.7,26.3,94.9,1993,-15,-16.1,19.8,1.6,,,,,,,,,,,,,,,,,,,,,,,,,,,,,,,,,,,,,,,,,,,,,,,,,
"Suter, Brent",608718,2016,26,14,21.2,91,16.5,5.5,0.263,0.365,0.336,0.298,2.9,7.1,24.3,21.1,47.8,44.3,15.7,28.6,11.4,L,347,63.4,84.3,2131,-2.3,-25.1,10.3,1.8,,,,,,,,10.1,78.7,1775,11.6,-28.5,17.2,1.7,21.6,73.1,2161,-9,-51.5,10.2,2,4.9,85.3,2096,8.8,-23.8,13.3,1.4,,,,,,,,,,,,,,,,,,,,,,,,,,,,,,,,,,,,,,,,,,,,,,,,,
"O'Rourke, Ryan",594951,2016,28,26,25,101,23.8,9.9,0.2,0.333,0.275,0.277,4.5,3,27.3,27.6,46.4,50,30.3,10.6,9.1,L,399,36.3,90.2,2117,12,-17.5,18.8,1.4,35.6,79.7,1983,-4.4,-35.8,9.4,1.9,16.5,81.5,1276,12.2,-32.4,13.7,2.5,2.8,77.1,1227,5.5,-41.6,8.8,1.5,8.8,90.3,2065,18.8,-19,21.4,1.3,,,,,,,,,,,,,,,,,,,,,,,,,,,,,,,,,,,,,,,,,,,,,,,,,
"Lamb, John",543424,2016,25,14,70,318,18.2,9.7,0.274,0.439,0.38,0.346,3.5,4.8,27.6,20.1,44.5,45.2,19.3,28.1,7.5,L,1263,54.5,89.9,2128,10.4,-13.1,19.3,1.7,,,,,,,,17.1,74.8,1532,11.5,-31.5,15.6,2,13.1,68,2156,-9.5,-63.9,14.2,2,,,,,,,,15.3,85.1,2162,0.6,-25.3,7,1.9,,,,,,,,,,,,,,,,,,,,,,,,,,,,,,,,,,,,,,,,,,
"Watson, Tony",453265,2016,31,70,67.2,272,21.3,7.4,0.224,0.41,0.288,0.304,5.2,4.2,27.7,25.5,52.8,46.1,24.6,18.3,11,L,1042,,,,,,,,8.8,86.3,2304,-0.5,-31.6,5.2,1.3,24.7,85.8,2353,20.8,-29.7,22,1.3,,,,,,,,66.5,93.8,2341,17.6,-21.4,20.2,1.1,,,,,,,,,,,,,,,,,,,,,,,,,,,,,,,,,,,,,,,,,,,,,,,,,
"Peacock, Brad",502748,2016,28,10,31.2,127,22,11,0.213,0.392,0.301,0.303,5.9,3.5,42.4,21,41.7,41.2,28.2,24.7,5.9,R,492,52.6,92.5,2260,-7.3,-16.5,18.7,1.2,,,,,,,,6.9,81.3,1889,-13.6,-35.6,15.7,1.7,8.9,76.2,2460,15.9,-63.5,21.2,1.5,,,,,,,,,,,,,,,,,,,,,,,,,,,,,31.5,80.5,2540,16.2,-42,17.1,1.6,,,,,,,,,,,,,,,,,,,,,
"Coleman, Louis",488786,2016,30,61,48,211,21.3,11.4,0.249,0.418,0.328,0.332,6.5,2.9,29.5,29.2,44,36.7,24.5,28.1,10.8,R,881,34.1,89.9,2382,-7.9,-17.8,15.7,1.4,58.7,82.2,2185,7.6,-39.1,8.2,1.9,,,,,,,,,,,,,,,7.3,87.4,2169,-13.3,-29.9,14.1,1.7,,,,,,,,,,,,,,,,,,,,,,,,,,,,,,,,,,,,,,,,,,,,,,,,,
"Swarzak, Anthony",461872,2016,30,26,31,124,25,5.6,0.194,0.392,0.352,0.273,2.4,3.5,30.6,21.7,47.1,45.9,25.9,12.9,15.3,R,488,48.6,94,2310,-9.1,-11.5,20.1,1.6,51.2,87.2,2391,4.9,-29.5,7.3,1.4,,,,,,,,,,,,,,,0.2,94.5,2089,-18.9,-14,20.5,,,,,,,,,,,,,,,,,,,,,,,,,,,,,,,,,,,,,,,,,,,,,,,,,,
"Kennedy, Ian",453178,2016,31,33,195.2,818,22.5,8.1,0.239,0.433,0.312,0.323,7.4,2.7,38.7,23.3,47.3,34.2,30.6,24,11.2,R,3377,57.8,92.7,2384,-10.8,-14.8,20.5,1.3,8.1,86.5,1872,2.1,-30.7,6.6,1.2,11.8,84.5,1887,-13.4,-28,17.2,1.2,13.8,77.8,2557,11.9,-58.8,18.2,1.3,8.4,93.3,2409,-14.5,-16.7,20.1,1.1,,,,,,,,,,,,,,,,,,,,,,,,,,,,,,,,,,,,,,,,,,,,,,,,,
"Belisle, Matt",279571,2016,36,40,46,186,17.2,3.8,0.276,0.391,0.259,0.298,6.2,4.1,29.5,18,56.2,49.3,17.8,27.4,5.5,R,660,50.9,91.5,2078,-6.1,-14.7,17,1.6,32.1,86.7,2095,3.9,-27.7,7.3,2.2,0.9,88.1,1728,-6.7,-26,9.1,1.5,10,75.3,2374,12.3,-53,15.6,2.1,6.1,91.2,2032,-10.3,-17.1,16,1.8,,,,,,,,,,,,,,,,,,,,,,,,,,,,,,,,,,,,,,,,,,,,,,,,,
"Webb, Ryan",444436,2016,30,18,17.1,76,14.5,3.9,0.296,0.454,0.375,0.331,8.1,3.2,50,20.3,43.8,50,17.7,27.4,4.8,R,290,,,,,,,,28.6,81.2,2241,11.5,-44.7,13.6,1.6,20.3,83.8,1812,-13.6,-39.1,14.1,1.5,,,,,,,,51,91.5,1910,-15.2,-30.3,16.1,1.5,,,,,,,,,,,,,,,,,,,,,,,,,,,,,,,,,,,,,,,,,,,,,,,,,
"Clemens, Paul",518560,2016,28,18,71.1,314,16.9,9.9,0.252,0.468,0.35,0.349,7.5,3.5,42,17.1,43.1,42,23.9,25.7,8.4,R,1196,2.6,92.5,2394,-9.3,-14.2,19.7,1.5,,,,,,,,4.2,84.1,1768,-8.1,-25,15.1,2.1,31,74.7,2765,15.3,-64.1,22.2,2.4,62.2,92.4,2380,-14.2,-17.2,20.2,1.9,,,,,,,,,,,,,,,,,,,,,,,,,,,,,,,,,,,,,,,,,,,,,,,,,
"Fister, Doug",450729,2016,32,32,180.1,778,14.8,8,0.268,0.429,0.34,0.331,8.1,4.9,35.7,15.6,40.5,46.6,23.2,24.2,5.9,R,2994,22.2,87.5,1989,-8,-23.3,16.4,1.4,,,,,,,,6.4,79.5,1640,-11,-36.6,13.1,1.4,14.7,70.9,2060,11.7,-69.5,18.5,1.6,43.2,87.5,1974,-12.1,-24.9,16.2,1.7,13.5,83.3,2096,5.7,-33.5,10.2,2.2,,,,,,,,,,,,,,,,,,,,,,,,,,,,,,,,,,,,,,,,,,
"Weber, Ryan",543901,2016,25,16,36.1,157,14.6,3.2,0.312,0.514,0.367,0.363,5.5,1.6,37.8,13.6,43.8,50.4,16.5,30.7,2.4,R,532,,,,,,,,,,,,,,,14.1,82.2,1841,-16.8,-39,17.1,1.2,24.1,76.5,2377,15.5,-61.3,21.1,1.7,49.2,91.3,1945,-17.2,-27.4,18,1.1,12.6,88.9,2126,-1.1,-26.8,7,1.1,,,,,,,,,,,,,,,,,,,,,,,,,,,,,,,,,,,,,,,,,,
"Neris, Héctor",593576,2016,27,79,80.1,328,31.1,9.1,0.227,0.346,0.27,0.289,5.7,1,35.2,33.8,48.7,44,21.8,26.9,7.3,R,1347,23.8,94.8,2459,-9.9,-13,19,1.4,2.9,87.9,1956,0,-27.8,7.3,1.6,0.1,88.4,1614,-22.2,-35.8,22.3,1.4,,,,,,,,23.3,94.4,2281,-15.6,-18.3,19.1,2,,,,,,,,49.8,87.6,1525,-14.9,-32.8,15.5,1.4,,,,,,,,,,,,,,,,,,,,,,,,,,,,,,,,,,,
"Carrasco, Carlos",471911,2016,29,25,146.1,599,25,5.7,0.233,0.386,0.303,0.288,6.6,2.7,37.9,27,49.4,49.5,20.9,25,4.6,R,2238,39.3,94.5,2322,-10.7,-15.4,18.5,1.6,12.9,87.6,2422,1,-30.6,5.7,1.8,20.5,89.5,1731,-9.8,-29.2,11.4,1.5,13.9,83.9,2626,6.8,-42.6,9.3,1.7,13.4,94.5,2263,-15,-19.4,17.8,1.6,,,,,,,,,,,,,,,,,,,,,,,,,,,,,,,,,,,,,,,,,,,,,,,,,
"Otero, Dan",519096,2016,31,62,70.2,269,21.2,3.7,0.228,0.312,0.229,0.248,4,2,28.7,16.3,50.2,63.9,11.4,20.8,4,R,999,25.4,90.9,2173,-11.1,-18.5,17.8,1.3,8,83.8,2059,3.9,-34,6.1,1.4,11.1,83.7,1371,-10.7,-35.3,11.3,1.3,2.6,78.2,2160,8.9,-46.4,10.4,1.9,52.9,90.8,2082,-15.6,-24.4,17.1,1.4,,,,,,,,,,,,,,,,,,,,,,,,,,,,,,,,,,,,,,,,,,,,,,,,,
"Santiago, Héctor",502327,2016,28,33,182,785,18.3,10.1,0.256,0.487,0.332,0.353,8.3,2.7,39.3,19.8,46.2,35.5,30.3,20.5,13.6,L,3172,,,,,,,,5.6,79.2,2164,-5.4,-47.1,7.4,2.2,21.1,83.4,2004,17.7,-28.4,21.5,1.8,3.4,73.8,2113,-9.6,-58.1,11.6,2.2,63.8,91.9,2245,13.5,-15,22.3,2.2,5.2,85.8,2191,-1,-31.4,8.2,2.2,,,,,,,,,,,,,,,,,,,,,,,,,,,,,,,,,,,,0.9,79,1936,13.8,-35.6,16.5,1.8
"Teheran, Julio",527054,2016,25,30,188,758,22,5.4,0.234,0.406,0.281,0.298,4.8,3,33.6,24,48.6,41.2,25.5,25.3,7.9,R,2966,46.7,91.7,2288,-8.7,-17.4,17.1,1.8,26.2,81.6,2249,4.3,-37,6.1,2,9,82.9,1518,-12.2,-28.6,15.9,1.9,9.2,72.1,2538,11.6,-58.1,13.8,2.1,8.8,90.3,2072,-15.3,-23.4,17.7,1.6,,,,,,,,,,,,,,,,,,,,,,,,,,,,,,,,,,,,,,,,,,,,,,,,,
"Arrieta, Jake",453562,2016,30,31,197.1,795,23.9,9.6,0.226,0.35,0.261,0.291,5,4,29.6,25,45.6,53.7,16.1,25,5.2,R,3117,20.5,94.2,2317,-8.9,-14.3,18,1.4,18,89.8,2405,7.7,-27.9,9.4,1.7,4.8,89.3,2070,-15.2,-26.9,16.5,1.5,12.3,81.2,2753,11.9,-55.7,20.2,1.6,44.4,94.5,2302,-13.2,-16.1,17.9,1.3,,,,,,,,,,,,,,,,,,,,,,,,,,,,,,,,,,,,,,,,,,,,,,,,,
"Johnson, Erik",605304,2016,26,6,31.1,146,14.4,7.5,0.305,0.58,0.465,0.392,9.6,1.8,51.8,16.8,44.8,42.1,25.4,27.2,5.3,R,572,44.9,90.1,2158,-1.1,-13.4,19,1.5,21,83.4,2299,7.6,-35.6,8.6,1.5,8.4,79.2,1674,-12.8,-33.5,15.6,1.7,9.6,71.4,2680,15.6,-67.1,20.2,1.7,16.1,90.5,2099,-7.1,-13.7,18.8,1.4,,,,,,,,,,,,,,,,,,,,,,,,,,,,,,,,,,,,,,,,,,,,,,,,,
"Hochevar, Luke",460024,2016,32,40,37.1,151,26.5,6,0.24,0.466,0.302,0.331,8.1,4,36.4,29.5,49.4,38.4,37.4,18.2,6.1,R,583,29.7,95.1,2363,-9.4,-13.3,19.7,1.1,1.9,89.2,2550,2.5,-27.8,4.4,1.4,,,,,,,,19.7,79,2347,10.7,-59.3,18.8,1.2,3.8,95,2358,-13.3,-13.7,19.2,1.4,44.9,89.2,2495,3,-27.8,7.5,1.4,,,,,,,,,,,,,,,,,,,,,,,,,,,,,,,,,,,,,,,,,,
"Ziegler, Brad",446899,2016,36,69,68,289,20.1,9,0.237,0.353,0.29,0.287,3.5,4.5,35.6,25.3,48.9,65.3,9.4,22.3,3,R,1010,,,,,,,,,,,,,,,24.1,76.9,2104,-6,-59.3,15.7,1.3,18,74.1,2038,13.8,-42.2,16.5,1.2,57.9,84.5,1905,-10.9,-49,15.5,1.3,,,,,,,,,,,,,,,,,,,,,,,,,,,,,,,,,,,,,,,,,,,,,,,,,
"Gonzalez, Gio",461829,2016,30,32,177.1,765,22.4,7.7,0.251,0.406,0.317,0.316,6.3,2.5,33.8,23,44.2,49,18.6,27.9,4.4,L,3108,37.3,91.6,2252,11.8,-15.3,19.5,1.5,,,,,,,,16.5,84.4,1708,14.7,-29.2,16.5,2,19.8,77.7,2842,-11.1,-58.3,18.4,1.6,26.4,91.2,2188,17.1,-20.5,19.7,1.4,,,,,,,,,,,,,,,,,,,,,,,,,,,,,,,,,,,,,,,,,,,,,,,,,
"Eovaldi, Nathan",543135,2016,26,24,124.2,525,18.5,7.6,0.268,0.469,0.331,0.341,5.2,3.6,40.3,22.1,47.8,49.6,22,23.3,5.2,R,2052,46.2,97.8,2287,-10.3,-11.9,18.1,1.4,16.8,86.5,2108,7.8,-34.4,8.6,2.2,3.5,86.6,1547,-4.2,-31.3,6.4,1.6,4.2,75.5,2117,14.4,-58.6,18.9,2,0.7,96.8,2161,-13.6,-16.5,16.8,1.5,10.2,93.4,2332,0.8,-18.5,13.2,1.9,18.5,89.5,1658,-7.7,-30,8.7,1.4,,,,,,,,,,,,,,,,,,,,,,,,,,,,,,,,,,,
"Severino, Luis",622663,2016,22,22,71,312,21.2,8,0.266,0.44,0.348,0.335,4.6,3.2,41.5,22.6,43.9,45.4,19.3,27.5,7.8,R,1264,55.2,96.8,2336,-4.7,-10.6,17.6,1.5,33.9,88.8,2362,9.2,-32.7,10.3,2,9,89.2,1863,-13.7,-21.2,17.5,1.6,,,,,,,,,,,,,,,1.9,91.6,2113,-4.3,-16.8,14.6,1.6,,,,,,,,,,,,,,,,,,,,,,,,,,,,,,,,,,,,,,,,,,
"Hembree, Heath",592390,2016,27,38,51,223,21.1,7.6,0.254,0.442,0.3,0.322,10.1,1.9,40.9,21.3,48.5,37.7,27,25.8,9.4,R,858,60.7,94.5,2404,-1.5,-11.3,17.9,1.4,27.5,88.7,2489,8.5,-26.3,10.9,1.5,0.7,87.6,1922,-5.3,-21.2,12.7,1.4,11.1,79.9,2549,13.8,-49.4,16,1.6,,,,,,,,,,,,,,,,,,,,,,,,,,,,,,,,,,,,,,,,,,,,,,,,,,,,,,,,
"Greinke, Zack",425844,2016,32,26,158.2,667,20.1,6.1,0.257,0.437,0.319,0.317,4.3,3.3,30.9,22.6,49.2,47,18.7,27.2,7.1,R,2493,40.9,91.9,2395,-1.9,-14.9,18,1.2,20.7,85.9,2402,8.2,-35.5,8.9,1.7,17.8,88.1,1726,-11.9,-29.8,13,1.3,10.4,74.9,2523,12.3,-63,19.2,2.6,10.1,91.4,2159,-11,-20.5,16.5,1.8,,,,,,,,,,,,,,,,,,,,,,,,,,,,,,,,,,,,,,,,,,,,,,,,,
"Maurer, Brandon",543506,2016,25,71,69.2,300,24,7.7,0.237,0.413,0.292,0.303,8.9,2.5,38.6,26.7,46.7,39.1,26.7,27.2,6.9,R,1209,51.8,96.1,2426,-9.8,-11.9,19.7,1.7,32.2,85.7,2546,5.8,-37.4,7.4,2.4,12.7,85.6,2025,-12.6,-26.9,15.8,1.8,,,,,,,,3.4,94.5,2327,-14.4,-15.5,18.9,1.6,,,,,,,,,,,,,,,,,,,,,,,,,,,,,,,,,,,,,,,,,,,,,,,,,
"Ramírez, Neil",519166,2016,27,18,24,107,22.4,16.8,0.226,0.522,0.393,0.373,6.2,1.5,43.1,25.9,48.2,26.2,40,20,13.8,R,455,59.1,92.6,2356,-3.2,-9.9,19.9,1.2,38,85.8,2203,8.7,-30.7,10.1,1.2,0.2,84.7,2033,-12,-19.1,21.6,,2.6,77.9,2377,6.6,-51.2,10.9,1.4,,,,,,,,,,,,,,,,,,,,,,,,,,,,,,,,,,,,,,,,,,,,,,,,,,,,,,,,
"Axford, John",446099,2016,33,68,65.2,289,20.8,10.4,0.246,0.388,0.314,0.318,5.1,4.1,38.3,25.5,44.7,56.1,15.8,22.4,5.6,R,1191,75.1,96.3,2220,-3.8,-13.3,16.7,1.6,14.7,91.4,2308,5.2,-24.4,10.9,2.2,,,,,,,,9.6,79.3,2195,9.5,-59,18.9,1.7,0.6,95.8,2075,-12.8,-18.7,17.2,1.4,,,,,,,,,,,,,,,,,,,,,,,,,,,,,,,,,,,,,,,,,,,,,,,,,
"Morrow, Brandon",453344,2016,31,18,16,68,11.8,4.4,0.295,0.437,0.324,0.32,1.8,3.5,35.1,20.6,56.5,47.4,19.3,28.1,5.3,R,227,46.3,94.8,2268,-5.6,-12.6,17.7,1.7,42.3,88.7,2165,5.5,-28.9,8.8,2.1,,,,,,,,,,,,,,,1.3,96.5,2342,-11.3,-15.4,18,1.5,,,,,,,,10.1,84.3,1446,-8.2,-25,15.3,1.9,,,,,,,,,,,,,,,,,,,,,,,,,,,,,,,,,,,
"Soria, Joakim",465657,2016,32,70,66.2,293,23.2,9.2,0.273,0.467,0.344,0.35,1.5,3.6,32.7,26,47.8,52,18.9,21.9,7.1,R,1189,60.1,93.1,2190,-3.5,-15.7,16.4,1.9,7.7,81,2511,11.3,-43.9,12.1,2,15.1,86.9,1279,-7.6,-31.2,9.4,1.9,11.5,71.9,2615,14,-69.3,22.2,1.6,,,,,,,,5.6,92.6,2145,2.7,-14.5,17,2.1,,,,,,,,,,,,,,,,,,,,,,,,,,,,,,,,,,,,,,,,,,
"Hardy, Blaine",543278,2016,29,21,25.2,112,17.9,10.7,0.232,0.383,0.309,0.304,8.8,2.5,40,23.7,44.6,48.8,22.5,20,8.8,L,437,50.1,89,2175,5.4,-13.4,21.4,1.4,,,,,,,,22.7,79.4,1942,17.3,-33.4,19.7,1.3,18.3,75.9,1900,-4.2,-63.1,17.3,1.4,,,,,,,,8.9,84.7,2390,-3.1,-25.2,12.1,1.2,,,,,,,,,,,,,,,,,,,,,,,,,,,,,,,,,,,,,,,,,,
"Layne, Tommy",518927,2016,31,63,44.2,187,20.3,11.2,0.239,0.383,0.289,0.317,5.6,2.4,24.8,22.3,41.8,52.8,20.8,20.8,5.6,L,686,12.8,90.2,2190,8.2,-22,15,1.4,27,86.1,2264,0.1,-32.9,6.9,1.7,2.2,82.7,1359,12.8,-38.3,14,1.4,21,79.9,2511,-10.4,-48,14.4,2.6,37,90.1,2032,18.7,-28.9,20,2.1,,,,,,,,,,,,,,,,,,,,,,,,,,,,,,,,,,,,,,,,,,,,,,,,,
"Cabrera, Mauricio",606291,2016,22,41,38.1,162,19.8,11.7,0.223,0.316,0.268,0.288,9.1,0.9,37.3,27.1,47.5,50.9,20,23.6,5.5,R,640,71.4,100.7,2298,-10.9,-12.3,17,1.4,17.5,84.7,2190,2.7,-41.5,7.1,1.6,11.1,91.6,1863,-13.5,-18.8,17.6,1.4,,,,,,,,,,,,,,,,,,,,,,,,,,,,,,,,,,,,,,,,,,,,,,,,,,,,,,,,,,,,,,,
"Syndergaard, Noah",592789,2016,23,31,183.2,744,29.3,5.8,0.22,0.324,0.277,0.259,6,3.3,31.8,30.3,50.4,52.2,15.6,27.2,5,R,2924,35.2,98.7,2202,-4.3,-10.1,17.9,1.4,21.2,91.5,2071,5.2,-27.3,7,1.7,11.1,90.3,1765,-14,-22.4,16.9,1.4,8.5,83,2218,8.6,-42.1,10.3,1.5,23.9,98.5,2154,-11.3,-12.1,18.5,1.4,,,,,,,,,,,,,,,,,,,,,,,,,,,,,,,,,,,,,,,,,,,,,,,,,
"Cashner, Andrew",488768,2016,29,28,132,587,19.1,10.2,0.274,0.471,0.361,0.359,7.8,1.5,40.7,18.4,42.9,48.3,20.1,26.5,5.1,R,2358,51.4,94.2,2210,-9,-13.9,19,2.2,26.3,85.9,2181,5.9,-36.2,8.4,3.2,6.4,85.7,1603,-11.7,-27,15.2,1.5,0.8,80.6,2179,6.5,-46.7,14.1,1.9,15.2,93.8,2074,-14.6,-17.7,18.5,2,,,,,,,,,,,,,,,,,,,,,,,,,,,,,,,,,,,,,,,,,,,,,,,,,
"Abad, Fernando",472551,2016,30,57,46.2,198,20.7,11.1,0.241,0.378,0.29,0.308,3.7,3,35.8,21.1,40.4,44,30.6,20.9,4.5,L,777,19.2,91.7,2247,6.6,-15.7,17,2,,,,,,,,16.7,73.8,1984,11.5,-32.6,20.2,4.8,27.3,76.9,2541,-5.4,-56.5,13.2,3.2,36.6,91.7,2211,12.9,-17.1,18.2,2.8,0.3,82.6,2158,7.8,-22.4,18.4,1.5,,,,,,,,,,,,,,,,,,,,,,,,,,,,,,,,,,,,,,,,,,
"Motte, Jason",435400,2016,34,30,23.2,109,22,7.3,0.28,0.557,0.389,0.377,9.3,0,42.7,17.8,51.1,42.7,21.3,30.7,5.3,R,461,47.9,94.6,2314,-6.4,-12.1,17.1,1.5,,,,,,,,4.6,82.8,1337,-9.1,-32,10.7,1.9,4.6,83.2,1865,3.5,-33.3,6.2,1.8,,,,,,,,43,89.4,2137,2.7,-23.9,9.3,2.5,,,,,,,,,,,,,,,,,,,,,,,,,,,,,,,,,,,,,,,,,,
"Wood, Blake",502028,2016,30,70,76.2,330,24.5,11.5,0.232,0.371,0.325,0.307,2.4,1.9,37.3,25.8,45.2,52.2,16.3,26.8,4.3,R,1295,46.3,96.7,2195,-10.9,-13.1,16.3,1.4,38.7,90.3,2297,5.6,-25.4,7.4,2,6.7,87.4,938,-9,-30.1,10.1,2,,,,,,,,8.3,96.7,2184,-12.3,-14.6,14.5,1.5,,,,,,,,,,,,,,,,,,,,,,,,,,,,,,,,,,,,,,,,,,,,,,,,,
"De La Cruz, Joel",503444,2016,27,22,62.2,276,13.4,8,0.272,0.453,0.338,0.34,6.5,0.5,36.7,20,48.7,46,20.5,26.5,7,R,1006,1.5,92.3,2286,-3.6,-18.4,12,1.4,24.5,86.6,2261,1.5,-28.9,6.4,2.3,24,85.1,1633,-11.7,-25.9,15,2.5,,,,,,,,50.1,92,2237,-14.4,-24.2,15.7,1.5,,,,,,,,,,,,,,,,,,,,,,,,,,,,,,,,,,,,,,,,,,,,,,,,,
"Venditte, Pat",519381,2016,31,15,22,102,18.6,10.8,0.257,0.47,0.372,0.353,8.6,2.9,44.3,24.7,44.1,40,27.1,21.4,11.4,R,230,,,,,,,,47.4,73,2914,11.6,-43,21.1,1.6,0.9,77.7,1541,-13.4,-41.7,15,1.4,,,,,,,,51.7,85.7,2424,-8.3,-26.4,14.6,1.9,,,,,,,,,,,,,,,,,,,,,,,,,,,,,,,,,,,,,,,,,,,,,,,,,
"Venditte, Pat",519381,2016,31,15,22,102,18.6,10.8,0.257,0.47,0.372,0.353,8.6,2.9,44.3,24.7,44.1,40,27.1,21.4,11.4,L,170,,,,,,,,44.7,73,2828,-12.9,-44,17.4,1.5,1.8,79.7,1694,13.6,-47.1,15.7,1.5,,,,,,,,53.5,83.2,2567,3.8,-27.8,12.1,1.6,,,,,,,,,,,,,,,,,,,,,,,,,,,,,,,,,,,,,,,,,,,,,,,,,
"Buchter, Ryan",488748,2016,29,67,63,247,31.6,12.6,0.178,0.296,0.248,0.263,5.1,0.7,32.4,25,43.3,21.3,29.4,27.9,21.3,L,1114,83.5,92.9,2290,8.8,-10.9,21.9,1.2,8.6,86.4,2197,-1.6,-28.9,7.4,2.2,,,,,,,,1.4,80.4,2104,-1.5,-45.3,4.1,1.5,,,,,,,,6.5,90.4,2222,3.7,-17.7,14.5,1.2,,,,,,,,,,,,,,,,,,,,,,,,,,,,,,,,,,,,,,,,,,
"Stripling, Ross",548389,2016,26,22,100,419,17.7,7.2,0.253,0.397,0.304,0.305,4.8,2.2,34.7,20.2,44.8,51.6,22.3,23.6,2.5,R,1577,43.2,91.1,2166,-2.9,-13.7,17.4,1.6,21,86.9,2254,5.2,-29.9,7.2,1.5,10,82.8,1652,-9.1,-27.1,14,1.7,21.9,78.1,2569,7.5,-58.2,16.9,1.7,3.9,90.2,2068,-11.4,-17.8,18.8,1.6,,,,,,,,,,,,,,,,,,,,,,,,,,,,,,,,,,,,,,,,,,,,,,,,,
"McGee, Jake",459429,2016,29,57,45.2,205,18.5,7.8,0.294,0.526,0.377,0.377,4.1,2,37.8,21.2,48.2,41.2,23.6,29.7,5.4,L,838,48,94.2,2283,10.8,-12.5,20.5,1.5,22.2,90.6,2188,9.6,-16.5,17.5,2.9,,,,,,,,13,76.5,2119,-2,-49.6,7.6,3.2,16.8,94.8,2292,13.6,-13.1,19.7,1.4,,,,,,,,,,,,,,,,,,,,,,,,,,,,,,,,,,,,,,,,,,,,,,,,,
"Lincecum, Tim",453311,2016,32,9,38.1,200,16,11.5,0.312,0.526,0.475,0.395,8.4,2.1,42.7,26,43.9,42.7,22.4,29.4,5.6,R,806,15.3,88.2,2177,0.2,-17.2,18.5,1.5,5.6,81.6,2030,7.2,-43,8.7,1.6,42.7,81.8,1390,-3.1,-35.9,9.5,1.6,8.8,73.8,2284,7.1,-63.6,13.8,1.5,27.7,88.3,2057,-7.3,-18.7,18.6,1.5,,,,,,,,,,,,,,,,,,,,,,,,,,,,,,,,,,,,,,,,,,,,,,,,,
"Alvarez, Dario",516714,2016,27,26,26.2,114,36,7,0.202,0.351,0.34,0.274,3.2,4.8,41.9,31.3,45.7,40.3,25.8,25.8,8.1,L,460,41.1,93.5,2443,12.7,-19.1,17.2,2,,,,,,,,,,,,,,,56.5,83.2,2044,-6.5,-35.3,8.2,1.6,,,,,,,,2.4,85.8,1564,-4.5,-29,9.9,1.8,,,,,,,,,,,,,,,,,,,,,,,,,,,,,,,,,,,,,,,,,,
"McCarthy, Brandon",435221,2016,32,10,40,171,25.7,15.2,0.215,0.316,0.292,0.302,6.1,3,30.3,18.4,44.1,35.4,22.2,32.3,10.1,R,692,32.9,93.4,2281,-10,-14.3,17.4,1.2,,,,,,,,,,,,,,,29.2,80.6,2417,9.4,-46.7,12.4,1.5,18.1,92.2,2133,-13.8,-20.5,15.7,1.6,19.8,91.4,2297,-4.7,-18.2,12.9,1.3,,,,,,,,,,,,,,,,,,,,,,,,,,,,,,,,,,,,,,,,,,
"O'Flaherty, Eric",447714,2016,31,39,28.2,136,16.2,8.1,0.25,0.393,0.373,0.31,1,3,33.7,20.6,48.2,54.5,16.8,24.8,4,L,465,14.4,91.7,1985,6.1,-19.8,13.1,1.1,27.1,84.2,2396,-3.7,-37.6,5.3,1.5,0.6,86.4,1692,13.8,-25.4,14.6,1.4,,,,,,,,57.8,91,1964,14,-24.1,15.8,1.1,,,,,,,,,,,,,,,,,,,,,,,,,,,,,,,,,,,,,,,,,,,,,,,,,
"Anderson, Cody",594736,2016,25,19,60.2,270,20,4.8,0.278,0.448,0.392,0.324,6.4,2,35.6,24.7,52.1,40.1,22.8,32.2,5,R,980,61.8,94.2,2452,-12.3,-13.1,20.5,2.4,,,,,,,,22.6,86,2312,-16.5,-27.2,18.6,1.3,11.3,82,2465,6.5,-50.4,14,2.3,,,,,,,,4.3,91,2268,0.3,-18.2,13.6,1.7,,,,,,,,,,,,,,,,,,,,,,,,,,,,,,,,,,,,,,,,,,
"Uehara, Koji",493157,2016,41,50,47,184,34.2,6,0.18,0.339,0.28,0.252,6.5,4.6,26.9,30.3,54.1,26.9,35.2,21.3,16.7,R,765,42,87.3,2409,-9.5,-15.5,21.9,1.1,4.4,82.6,2258,3.4,-27.4,12.3,1.5,0.3,83.7,2042,-15.6,-28,21.8,1.8,,,,,,,,8,87.1,2412,-14,-17,22.3,1.2,,,,,,,,45.4,79.1,1744,-12.4,-36.2,14.6,1.2,,,,,,,,,,,,,,,,,,,,,,,,,,,,,,,,,,,
"Cedeño, Xavier",458584,2016,29,54,41.1,173,24.9,7.5,0.229,0.314,0.262,0.266,6.8,0.9,27.4,28,46.4,51.3,20.5,24.8,3.4,L,690,72.2,88.8,2509,-2.5,-25.9,9.1,1.4,,,,,,,,1.2,87.5,2500,0.9,-27.7,7.9,1.5,24.9,80.3,2788,-6.6,-51.4,11.5,1.5,1.7,88,2407,2.4,-29.5,5.8,1.3,,,,,,,,,,,,,,,,,,,,,,,,,,,,,,,,,,,,,,,,,,,,,,,,,
"Bracho, Silvino",611093,2016,23,26,24.2,119,14.3,8.4,0.266,0.49,0.397,0.362,6.7,2.2,28.1,23,49.7,29.2,32.6,28.1,10.1,R,458,62.2,93.3,2373,-3.6,-14.4,17.2,1.2,25.3,82.3,2224,10.7,-39.4,11.4,1.4,9.8,83.9,1947,-4.6,-29,10.8,1.5,,,,,,,,2.6,93.6,2395,-8.8,-14.5,16.4,1.4,,,,,,,,,,,,,,,,,,,,,,,,,,,,,,,,,,,,,,,,,,,,,,,,,
"Gee, Dillon",518716,2016,30,33,125,551,16.2,6.7,0.264,0.449,0.348,0.33,4.3,3.8,30.1,18.3,47.1,41.8,27.2,23.6,7.4,R,2035,9.4,90,2292,-9.3,-18.5,17.8,1.6,,,,,,,,17.7,84.3,1905,-15,-32,16.6,1.7,16.6,77.5,2504,12.1,-54.3,15.3,1.6,34.2,90.2,2313,-15.5,-23,19.2,1.5,22,86,2414,2.7,-29,9,2,,,,,,,,,,,,,,,,,,,,,,,,,,,,,,,,,,,,,,,,,,
"Bush, Matt",456713,2016,30,58,61.2,243,25.1,5.8,0.218,0.324,0.232,0.26,4.8,4.2,27.5,27.8,51.5,44.9,19.8,27.5,7.8,R,941,67.6,97.7,2556,-5.5,-11.4,19.6,1.5,13.3,91.9,2512,8.5,-26.5,12.1,1.7,0.1,92.4,2068,-10.9,-24.7,15.1,,18.5,80.9,2465,13.7,-50.6,16.1,2.8,0.5,98.2,2361,-14.2,-11.7,16.9,1.4,,,,,,,,,,,,,,,,,,,,,,,,,,,,,,,,,,,,,,,,,,,,,,,,,
"Archer, Chris",502042,2016,27,33,201.1,850,27.4,7.9,0.229,0.405,0.304,0.302,4.6,2.9,40.5,29.6,45.5,48.7,22.5,22.3,6.4,R,3408,48.4,95,2190,-3.2,-12.5,18.7,1.5,40.6,88.8,2315,8.1,-34,8.8,2,10.9,87.4,1810,-10.3,-28.7,12.9,1.8,,,,,,,,,,,,,,,,,,,,,,,,,,,,,,,,,,,,,,,,,,,,,,,,,,,,,,,,,,,,,,,
"Keuchel, Dallas",572971,2016,28,26,168,701,20.5,6.8,0.255,0.395,0.317,0.306,4.5,3.7,36.9,22.9,44.1,57.8,16.8,21.5,3.9,L,2659,9.6,88.8,2157,4.1,-22.6,13.7,1.3,26.3,78.5,2201,-10.1,-52.2,12.3,1.6,9.3,80,1598,15.9,-33.5,18.6,1.3,,,,,,,,44,89.1,2081,14.1,-25.9,16.9,1.1,10.9,85.8,2125,-1.7,-31,7.9,1.5,,,,,,,,,,,,,,,,,,,,,,,,,,,,,,,,,,,,,,,,,,
"Niese, Jonathon",477003,2016,29,29,121,546,16.1,8.6,0.28,0.475,0.374,0.355,5.1,3.7,35.8,17.4,46.2,53.7,19.6,24,2.7,L,2002,26.6,89.9,2075,9,-19.3,15.5,1.6,0.5,83,2079,-0.3,-31,8,1.3,10.3,83.2,1371,13.1,-30.6,14.7,1.3,8.9,74.9,2363,-5.3,-57.2,11.8,1.6,30.1,89.4,1965,16.3,-25,17.9,1.6,23.6,86.6,2316,-1,-27.5,7.2,1.4,,,,,,,,,,,,,,,,,,,,,,,,,,,,,,,,,,,,,,,,,,
"Triggs, Andrew",592811,2016,27,24,56.1,238,23.1,5.5,0.249,0.386,0.301,0.298,4.8,3.6,38.3,24.8,43.1,51.5,17.4,27.5,3.6,R,924,1.4,91.7,2460,-7.8,-21.7,14.6,1.4,22.5,84.1,2360,8,-36.1,8.5,1.3,2.1,83.8,1892,-14.6,-37.3,15,1.5,19.9,77,2593,20.4,-49.3,21.1,1.4,54.1,91,2327,-14.1,-30.6,14.6,1.2,,,,,,,,,,,,,,,,,,,,,,,,,,,,,,,,,,,,,,,,,,,,,,,,,
"Skaggs, Tyler",572140,2016,24,10,49.2,219,22.8,10.5,0.268,0.478,0.328,0.361,6.9,3.5,40.3,19.5,45,44.4,23.6,26.4,5.6,L,876,55.5,93.4,2286,4.7,-12.5,19.1,1.6,,,,,,,,13.9,86.6,1784,9.1,-29,11.7,1.7,26.6,76.6,2905,-12,-64.7,21.6,2.1,4,93.5,2286,9.7,-13.3,17,1.4,,,,,,,,,,,,,,,,,,,,,,,,,,,,,,,,,,,,,,,,,,,,,,,,,
"Tazawa, Junichi",547749,2016,30,53,49.2,208,26,6.7,0.247,0.44,0.312,0.317,7.9,0,39.6,28.1,49.3,40.3,27.3,23.7,8.6,R,834,49.4,93.4,2205,-5.5,-13.7,16.8,1.1,11.5,80.7,2755,12.2,-55.3,18.5,1.3,,,,,,,,13.5,76.1,2661,11.9,-65.1,21.6,1.5,0.4,92.3,1963,-11.1,-17.3,13.8,1.6,,,,,,,,,,,,,,,,,,,,,,,,,,,,,,,,,,,,25.2,87.6,1565,-10.5,-27.9,12.9,1.8,,,,,,,
"Bastardo, Antonio",455374,2016,30,69,67.2,297,24.9,10.8,0.207,0.359,0.32,0.298,6.4,4.3,25.1,29.9,49.6,31.6,28.3,27.8,12.3,L,1211,64.9,92.1,2390,9.8,-11.3,23,1.2,26.7,83.6,2589,-2.1,-32.1,7.4,1.7,7.8,85.6,1911,9.6,-21.1,18.4,1.6,,,,,,,,0.6,92.5,2423,13.4,-13.1,20.2,1.5,,,,,,,,,,,,,,,,,,,,,,,,,,,,,,,,,,,,,,,,,,,,,,,,,
"Boyd, Matthew",571510,2016,25,20,97.1,412,19.9,7,0.241,0.415,0.328,0.311,5.4,3.7,32.7,20.3,50.4,39.1,27.6,20.5,12.8,L,1683,60.9,91.8,2369,12.8,-15,20.6,1.7,12.2,84.3,2382,0.8,-32.2,6.3,3.1,15.6,79.8,2008,13.1,-26.9,19.7,1.6,11.3,74.2,2215,-10.3,-52.6,11.7,1.4,,,,,,,,,,,,,,,,,,,,,,,,,,,,,,,,,,,,,,,,,,,,,,,,,,,,,,,,
"Santana, Ervin",429722,2016,33,30,181.1,748,19.9,7.1,0.253,0.411,0.296,0.313,4.2,3,31.7,22.8,47.2,43.5,23.4,25.6,7.4,R,2929,51.1,93.4,2250,-4.8,-12.6,16.4,1.6,39.5,84.1,2081,8.3,-32.5,10.2,2.3,7.7,85.6,1456,-9.1,-22.1,14.9,1.6,,,,,,,,1.7,91.2,2021,-11.8,-19.2,15.1,3.1,,,,,,,,,,,,,,,,,,,,,,,,,,,,,,,,,,,,,,,,,,,,,,,,,
"Rondón, Bruce",541652,2016,25,37,36.1,144,31.3,8.3,0.194,0.343,0.258,0.273,6,4.8,32.1,34.3,49,34.5,27.4,27.4,10.7,R,562,60,97.9,2221,-7.4,-10.4,18.4,1.8,36.8,86.9,2186,3.5,-33.8,4.8,1.9,3.2,90.1,1870,-14.9,-23.3,18,1.5,,,,,,,,,,,,,,,,,,,,,,,,,,,,,,,,,,,,,,,,,,,,,,,,,,,,,,,,,,,,,,,
"Feliz, Neftalí",491703,2016,28,62,53.2,218,28,9.6,0.241,0.454,0.299,0.331,5.9,0,37,30.4,52.6,38.5,25.2,26.7,9.6,R,936,70.1,96.6,2432,-10.2,-12.6,18.8,2.1,24.9,84.8,2325,7.1,-35.1,8.1,2.7,1.9,88,1820,-12.1,-25.4,14.7,1.3,,,,,,,,3.1,91.7,2056,-12.5,-22.7,15.5,2,,,,,,,,,,,,,,,,,,,,,,,,,,,,,,,,,,,,,,,,,,,,,,,,,
"Jones, Nate",518858,2016,30,71,70.2,274,29.2,5.5,0.217,0.35,0.237,0.266,6.3,3.4,36.9,29.5,51.1,47.2,21,24.4,7.4,R,997,0.4,96.5,2334,-5.8,-8.2,19,1.5,36,88.9,2342,3.4,-33.1,4.8,1.4,0.4,88.6,2014,-15.5,-22.8,18.8,1.6,0.6,81,1926,15.7,-44.7,16.4,1.5,62.6,97.5,2450,-12.8,-13.5,18.7,1.2,,,,,,,,,,,,,,,,,,,,,,,,,,,,,,,,,,,,,,,,,,,,,,,,,
"Farmer, Buck",571656,2016,25,14,29.1,131,20.6,15.3,0.199,0.334,0.335,0.308,4.8,7.2,31.3,25.8,42.2,51.8,20.5,18.1,9.6,R,502,58.2,93.5,2376,-7.9,-14.7,17.9,1.5,,,,,,,,24.3,86.3,1828,-12.9,-33.2,13.5,1.5,10.8,81.4,2422,5.4,-41.3,6.6,2.6,2.8,92.2,2295,-14.9,-23.8,16.6,1.5,4,88.2,2400,2.1,-26,8.6,1.5,,,,,,,,,,,,,,,,,,,,,,,,,,,,,,,,,,,,,,,,,,
"Simon, Alfredo",430580,2016,35,15,58.2,298,13.1,10.4,0.303,0.528,0.431,0.393,5,3.2,37.3,18.1,44.8,51.4,19.5,25,4.1,R,1104,15.9,93.1,2235,-6.7,-12.9,16.1,1.3,,,,,,,,,,,,,,,11.3,77.2,2386,11.7,-49.9,14.8,1.9,31.6,93.1,2059,-12.8,-18,15.8,1.6,19.8,89.3,2152,0.8,-20.8,9.7,1.8,21.3,85.3,1693,-10.3,-25.1,13.4,2.4,,,,,,,,,,,,,,,,,,,,,,,,,,,,,,,,,,,
"Rzepczynski, Marc",519240,2016,30,70,47.2,215,21.4,13.5,0.215,0.291,0.304,0.278,4.4,5.1,33.1,28.4,41.5,69.1,12.5,14.7,3.7,L,811,0.1,92.2,1964,15.3,-18.3,20.7,,25.5,83.7,2378,-2.4,-43.6,6.8,1.5,15.3,86.2,1645,16.4,-32.2,17.4,1.2,,,,,,,,59.1,91.8,2061,19.1,-24.8,20.4,1.2,,,,,,,,,,,,,,,,,,,,,,,,,,,,,,,,,,,,,,,,,,,,,,,,,
"Hutchison, Drew",571800,2016,25,9,24,104,21.2,6.7,0.264,0.502,0.38,0.36,12.3,1.4,35.6,23.1,49.6,35.6,21.9,32.9,9.6,R,401,62.8,92.6,2322,-7.7,-16.8,16.7,1.4,27.9,84.9,2584,5.6,-39.3,7,1.8,8.7,85.6,1712,-12.7,-28,15.4,1.3,,,,,,,,0.5,92.8,2258,-18,-21.6,19.8,1.5,,,,,,,,,,,,,,,,,,,,,,,,,,,,,,,,,,,,,,,,,,,,,,,,,
"Petit, Yusmeiro",433589,2016,31,36,62,265,18.5,5.7,0.244,0.406,0.333,0.297,4,0.5,32.8,19.5,49.3,43.8,23.4,23.4,9.5,R,955,48.7,89.2,2245,-4.4,-13,18.1,1.4,18.4,85.7,2203,-0.2,-17.8,16,1.2,13.8,82.4,1925,-7.4,-19.5,17.1,1.6,16.4,77.3,2133,13,-38.6,13.9,1.4,,,,,,,,2.6,88.1,2226,1.2,-16.2,14.9,1.4,,,,,,,,,,,,,,,,,,,,,,,,,,,,,,,,,,,,,,,,,,
"Hamels, Cole",430935,2016,32,32,200.2,848,23.6,9.1,0.244,0.395,0.307,0.315,5.2,4.3,35.7,26.8,48.7,49.7,20.4,25.2,4.6,L,3248,26.8,92.6,2083,9.4,-15.8,19.5,1.7,,,,,,,,18.3,84.7,1623,15.7,-29,18.5,1.3,14.6,79.8,2141,-4.7,-52.8,11.4,1.8,23.8,93.2,2090,16,-18.7,20.5,1.5,16.5,89.2,2025,1.6,-25,9.5,1.6,,,,,,,,,,,,,,,,,,,,,,,,,,,,,,,,,,,,,,,,,,
"Ramírez, José",542432,2016,26,33,32.2,143,23.1,12.6,0.213,0.379,0.299,0.322,11.4,3.4,35.2,28.9,44.3,35.2,28.4,29.5,6.8,R,554,64.4,96,2332,-13.4,-15,18.7,1.4,27.1,87.2,2265,3.9,-29.5,6.8,2.1,8.5,86.5,2283,-17.4,-25.1,19.2,1.3,,,,,,,,,,,,,,,,,,,,,,,,,,,,,,,,,,,,,,,,,,,,,,,,,,,,,,,,,,,,,,,
"Barrett, Jake",545332,2016,24,68,59.1,250,22.4,11.2,0.237,0.421,0.294,0.324,4.9,0.6,42.9,28.5,47.5,45.4,16.6,27,11,R,940,62.8,95.6,2185,-6.9,-14.3,17,1.3,34.1,87.4,1980,4.9,-32.2,6.9,1.6,,,,,,,,,,,,,,,,,,,,,,,,,,,,,3.1,86.2,1110,-6.6,-30.1,9.9,1.5,,,,,,,,,,,,,,,,,,,,,,,,,,,,,,,,,,,
"Achter, A.J.",592091,2016,27,27,37.2,160,8.8,7.5,0.292,0.531,0.36,0.372,3,3.8,27.1,19.7,51.9,45.1,24.8,23.3,6.8,R,564,31.7,91.7,2274,-3,-16.6,18.8,1.6,8.2,81.3,2115,7.6,-34.3,12.6,1.6,42,83.5,1489,-5.1,-31,11.8,1.5,,,,,,,,16.8,91.3,2311,-12.2,-20.6,19,1.7,1.2,90.4,2305,3.2,-18.7,17.7,1.6,,,,,,,,,,,,,,,,,,,,,,,,,,,,,,,,,,,,,,,,,,
"Gómez, Jeanmar",491646,2016,28,70,68.2,297,15.8,7.4,0.266,0.435,0.328,0.327,3.1,5.8,31,18.1,42.6,53.5,14.6,28.8,3.1,R,1146,0.4,89.6,2198,-3.4,-21.8,10.8,1.4,12.1,84,2109,4,-33.1,6.1,2.5,22.8,84.7,1539,-13.3,-31.8,14.4,2.4,0.4,75.7,2376,11,-55.3,15.4,1.5,64.2,91.9,1989,-17.1,-22.3,18.9,1.6,,,,,,,,,,,,,,,,,,,,,,,,,,,,,,,,,,,,,,,,,,,,,,,,,
"Velasquez, Vince",592826,2016,24,24,131,551,27.6,8.2,0.242,0.413,0.328,0.313,4.5,5.7,34,27.1,47.1,37.4,24.9,29.5,8.2,R,2208,56.3,94.6,2307,-6.7,-11.6,18.4,1.8,8.8,85.2,2208,5,-34.6,5.9,2,13.4,88,1675,-12.7,-27,14.3,2,13.9,80.5,2419,7.6,-51.1,13.9,2.5,7.7,93,2059,-13.8,-20.5,16.4,2,,,,,,,,,,,,,,,,,,,,,,,,,,,,,,,,,,,,,,,,,,,,,,,,,
"Thompson, Jake",622097,2016,22,10,53.2,237,13.5,11.8,0.276,0.456,0.363,0.36,5.8,1.7,37,17.5,41.1,48.6,19.7,23.7,8.1,R,915,38.6,91.8,2126,-2.6,-18.5,12.9,1.6,21.6,83.5,2471,14.2,-42.4,15.3,1.5,16.2,84.1,1292,-12.1,-32.4,13.6,1.5,2,78,2479,13.2,-54.2,16.8,1.5,21.6,91.3,2043,-13.1,-22,16.1,1.3,,,,,,,,,,,,,,,,,,,,,,,,,,,,,,,,,,,,,,,,,,,,,,,,,
"Hammel, Jason",434628,2016,33,30,166.2,692,20.8,7.7,0.249,0.434,0.315,0.325,5.3,3.3,37.2,23.5,46.6,44.2,23.7,25.7,6.4,R,2623,29.1,92.6,2213,-7.4,-13.9,17.5,1.2,36.3,85.7,2378,5.6,-34.9,7.2,2.1,2.7,85.4,1692,-14,-27.9,15.8,1.4,10.4,77.5,2229,11.5,-55.8,18.1,2.3,21.5,92.8,2179,-13.7,-17.7,18,1.2,,,,,,,,,,,,,,,,,,,,,,,,,,,,,,,,,,,,,,,,,,,,,,,,,
"Lugo, Seth",607625,2016,26,17,64,260,17.3,8.1,0.271,0.471,0.285,0.354,5.8,2.1,35.3,21.1,47.8,45.8,25.3,23.7,5.3,R,948,24.6,93.3,2329,-7,-14.9,17.1,2,18.9,87.1,2333,2.8,-29.6,6.2,1.7,8.8,86.5,1788,-12.5,-24.6,16.9,1.7,16.6,78.5,3318,12.7,-63.3,23.8,1.8,31.2,92.5,2321,-14.1,-19.6,18.2,1.7,,,,,,,,,,,,,,,,,,,,,,,,,,,,,,,,,,,,,,,,,,,,,,,,,
"Finnegan, Brandon",605232,2016,23,31,172,734,19.8,11.4,0.258,0.444,0.324,0.347,5.4,3.8,35.5,22.5,45.5,40.9,21.6,31.3,6.2,L,2879,12.7,92.3,2230,5.7,-13.9,18.1,2,23.4,84,2142,-1.9,-35.7,6,2.2,11.4,85.5,1646,13.3,-25,17.2,1.9,,,,,,,,52.4,92.3,2177,13.5,-15,19.2,1.6,,,,,,,,,,,,,,,,,,,,,,,,,,,,,,,,,,,,,,,,,,,,,,,,,
"Schultz, Bo",544759,2016,30,16,16.1,68,14.7,4.4,0.292,0.479,0.321,0.34,9.1,3.6,41.8,18,46.9,54.5,14.5,25.5,5.5,R,260,70.8,96.7,2367,-12.2,-14,19.8,1.4,10.4,85.6,2398,4.2,-39.6,6.4,1.5,1.9,87.9,1758,-9.7,-25.8,13.5,1.5,,,,,,,,0.8,97.5,2274,-16.1,-17.6,17.6,1.6,16.2,91.2,2381,1.9,-25.9,7.5,1.4,,,,,,,,,,,,,,,,,,,,,,,,,,,,,,,,,,,,,,,,,,
"Detwiler, Ross",446321,2016,30,16,48.2,220,11.8,8.6,0.298,0.472,0.349,0.359,5.7,2.9,36.2,14.8,47,43.1,19,31,6.9,L,832,36.1,92.9,2234,12.4,-16.1,21.5,1.3,19.4,78.3,2100,-4.9,-56.3,11.2,1.4,13.6,85.8,1662,15.4,-29.7,18,1,,,,,,,,31,91.8,2063,18,-21.9,21.6,1.4,,,,,,,,,,,,,,,,,,,,,,,,,,,,,,,,,,,,,,,,,,,,,,,,,
"Blevins, Jerry",460283,2016,32,73,42,178,29.2,8.4,0.215,0.319,0.27,0.262,7.3,6.4,30,26.5,42.4,47.3,22.7,23.6,6.4,L,716,,,,,,,,10.8,88.4,2180,9,-20.1,18.5,1.2,7.1,83.8,1825,15.6,-28.6,18.8,1.7,31.1,71.2,2439,-15.7,-63.9,18.4,1.4,51,89.8,2222,11.5,-18.4,19.6,1.1,,,,,,,,,,,,,,,,,,,,,,,,,,,,,,,,,,,,,,,,,,,,,,,,,
"Volquez, Edinson",450172,2016,32,34,189.1,853,16.3,8.9,0.274,0.454,0.343,0.347,5.5,2.5,35.5,19.8,45.8,52.5,17.6,24.1,5.9,R,3228,12.4,94,2312,-10.7,-17.2,18,1.4,,,,,,,,22.2,84,1200,-11.7,-36,12.3,1.8,24.8,80.5,2817,10.3,-52,14.5,2,40.7,93.8,2306,-15.2,-20.5,18.8,1.5,,,,,,,,,,,,,,,,,,,,,,,,,,,,,,,,,,,,,,,,,,,,,,,,,
"Miley, Wade",489119,2016,29,30,166,711,19.3,6.9,0.277,0.464,0.346,0.345,6.4,2.7,37.4,20.6,46.7,48.6,18.7,27.9,4.8,L,2729,39.3,90.9,2177,7.3,-13.9,18.7,1.5,20.3,84.8,2217,-2.3,-33.8,5.5,2.4,17.9,83.1,1933,16.2,-26.3,19.6,1.8,12,77.5,2444,-4.1,-54.7,12.2,2.3,10.5,90.9,2095,15,-16.5,20.2,1.6,,,,,,,,,,,,,,,,,,,,,,,,,,,,,,,,,,,,,,,,,,,,,,,,,
"Allen, Cody",592102,2016,27,67,68,264,33,10.2,0.207,0.364,0.255,0.289,6,2.7,40.7,31,47,48,24,22.7,5.3,R,1126,63.4,94.9,2517,-8.6,-10.1,21.2,1.1,,,,,,,,,,,,,,,36.6,84.6,2577,13.7,-44.4,16.1,1.3,,,,,,,,,,,,,,,,,,,,,,,,,,,,,,,,,,,,,,,,,,,,,,,,,,,,,,,,
"Brault, Steven",643230,2016,24,8,33.1,166,17.5,10.2,0.259,0.396,0.383,0.329,3.4,0.8,29.7,25,44.1,46.6,19.5,29.7,4.2,L,658,67.2,91.6,2094,13.4,-18.1,19.7,1.3,24.2,83.9,1940,-2,-35.5,4.4,1.6,8.7,85.3,2049,16.3,-24.8,20.7,1.3,,,,,,,,,,,,,,,,,,,,,,,,,,,,,,,,,,,,,,,,,,,,,,,,,,,,,,,,,,,,,,,
"De La Rosa, Rubby",523989,2016,27,13,50.2,222,24.3,9,0.218,0.369,0.302,0.294,5.6,3.5,30.6,25.4,44.6,53.5,16.7,25,4.9,R,853,56.7,95.3,2300,-9.3,-15.8,17.1,1.7,28,84.8,2101,8.4,-37.1,9.3,2.1,8,87.7,2079,-12.9,-24,16.8,1.6,0.8,80.3,2166,12.5,-47.2,13.4,1.4,6.4,94.4,2138,-15,-20.8,17.2,1.8,,,,,,,,,,,,,,,,,,,,,,,,,,,,,,,,,,,,,,,,,,,,,,,,,
"Osich, Josh",592612,2016,27,59,36.1,159,15.7,11.3,0.234,0.382,0.328,0.318,0.9,2.7,31,25.3,46.7,64.6,16.8,17.7,0.9,L,573,14.7,95.3,2375,6,-15.4,14.5,1.6,,,,,,,,10.6,85.6,1843,12.3,-23.9,17.6,2.3,,,,,,,,56.7,96.3,2337,15.8,-18.8,18.1,1.6,18,91.1,2314,1.2,-23.7,7.9,2.6,,,,,,,,,,,,,,,,,,,,,,,,,,,,,,,,,,,,,,,,,,
"Benoit, Joaquín",276542,2016,38,51,48,204,25.5,11.8,0.216,0.339,0.278,0.294,4.7,3.1,32.3,30,50.6,40.9,23.6,26,9.4,R,832,33.7,94.5,2291,-10.4,-13.2,19.7,1.3,19.4,87.2,2422,1.8,-29.9,6.8,2.6,26.1,84.5,1374,-12.5,-33.1,13.7,1.6,,,,,,,,20.9,95.3,2188,-14.3,-16.4,18.2,1.1,,,,,,,,,,,,,,,,,,,,,,,,,,,,,,,,,,,,,,,,,,,,,,,,,
"Graveman, Kendall",608665,2016,25,31,186,785,13.8,6,0.291,0.461,0.316,0.345,6.3,3.4,38.7,18.1,44.7,53.1,17.7,25,4.2,R,2821,5.9,91.7,2427,-0.8,-20.1,11.1,1.4,6.5,80.2,2320,12.9,-41.5,13.3,2.2,7.5,85.6,1700,-11.8,-30.4,13.1,1.4,,,,,,,,62.3,93.3,2265,-13,-20.5,16.6,1.8,17.8,88.3,2399,5.2,-26.4,9,2.1,,,,,,,,,,,,,,,,,,,,,,,,,,,,,,,,,,,,,,,,,,
"Stewart, Brock",592779,2016,24,7,28,126,19.8,9.5,0.241,0.406,0.365,0.313,5.6,5.6,31.5,24.2,48.8,43.8,22.5,24.7,9,R,480,56.3,93.9,2486,-10.6,-16.1,16.8,1.3,16.5,86.3,2295,3.3,-30.3,5.4,1.3,18.8,81.6,1925,-15,-29.8,16.9,1.5,,,,,,,,8.5,92.9,2376,-13.3,-19.1,15,2.2,,,,,,,,,,,,,,,,,,,,,,,,,,,,,,,,,,,,,,,,,,,,,,,,,
"Nicasio, Juan",504379,2016,29,52,118,513,26.9,8.8,0.218,0.343,0.33,0.285,4.6,3.4,31.6,24.2,46.7,44.9,19.5,27.2,8.4,R,2153,67.9,94.3,2130,-7.3,-13.3,17.9,2,29,87,1975,4.3,-30.3,7.3,2.1,1.9,87.3,1930,-6.5,-19.8,17,1.9,,,,,,,,1.2,93.7,2074,-15.5,-16.8,19,1.9,,,,,,,,,,,,,,,,,,,,,,,,,,,,,,,,,,,,,,,,,,,,,,,,,
"Qualls, Chad",430589,2016,37,44,32.2,152,14.5,5.9,0.305,0.506,0.358,0.365,6.6,1.7,40.5,23.4,47.2,55.4,19,24,1.7,R,530,,,,,,,,39.8,84.8,2355,5.8,-34,8.3,2.1,1.9,83.2,1557,-14.1,-36,14.3,1.9,,,,,,,,58.3,90.8,2034,-13.6,-26.3,14.6,1.3,,,,,,,,,,,,,,,,,,,,,,,,,,,,,,,,,,,,,,,,,,,,,,,,,
"Weaver, Jered",450308,2016,33,31,178,766,13.4,6.7,0.281,0.496,0.365,0.352,6.1,3,32.1,18.5,45.8,29.6,28.5,29.6,12.3,R,2805,28.2,83.8,2267,-1,-21.7,19.7,1.9,16.6,77,2401,9.7,-43.9,11.4,1.9,16.9,74.9,1850,-10.4,-35.1,18.3,1.7,22,69.4,2485,13.4,-60.6,13.8,1.9,16.2,82.8,2117,-9.3,-25.5,19,2,,,,,,,,,,,,,,,,,,,,,,,,,,,,,,,,,,,,,,,,,,,,,,,,,
"Lackey, John",407793,2016,37,29,188.1,748,24.1,7.1,0.247,0.412,0.28,0.316,6.3,2.2,38.1,25.2,49,43.5,23.1,27.1,6.3,R,2833,37.1,92.4,2270,-5.6,-15.1,15.7,1.6,,,,,,,,5.5,84.9,1871,-14.5,-27.5,16.6,1.8,13.6,78.9,2329,8.8,-49.2,12,2,20.9,92.2,2225,-14,-21.4,16.8,1.5,22.9,84,2190,6.6,-38.2,7.5,1.4,,,,,,,,,,,,,,,,,,,,,,,,,,,,,,,,,,,,,,,,,,
"Dean, Pat",534737,2016,27,19,67.1,300,16.7,7.7,0.277,0.467,0.387,0.342,5.3,0,40.1,15.7,46.8,44.9,23.3,23.8,7.9,L,1155,56,90.1,1899,15.2,-17.9,20.2,1.6,26.1,85.8,1974,2.9,-29.3,6.8,1.8,10.5,85.1,1404,14.1,-25.7,16.9,1.6,7.4,77.1,2036,-7.7,-51.1,10.6,1.9,,,,,,,,,,,,,,,,,,,,,,,,,,,,,,,,,,,,,,,,,,,,,,,,,,,,,,,,
"Norris, Daniel",596057,2016,23,14,69.1,302,23.5,7.3,0.253,0.42,0.326,0.32,5.3,1.4,40.2,25,46.3,38.3,25.4,28.2,8.1,L,1190,62.6,93.7,2433,7,-13.9,17.9,1.9,14.6,87.6,2372,-4.8,-33,6.6,2.4,15,86.4,1564,13.7,-31.5,15,1.7,7.8,76.7,2531,-4.3,-61,15.3,1.4,,,,,,,,,,,,,,,,,,,,,,,,,,,,,,,,,,,,,,,,,,,,,,,,,,,,,,,,
"Ogando, Alexi",468396,2016,32,36,32,148,19.6,15.5,0.247,0.369,0.332,0.329,7.4,3.2,37.9,22.8,44,42.1,24.2,25.3,8.4,R,597,58.5,94.6,2318,-5.9,-12.6,17.5,1.4,28.8,84.7,2251,4.7,-33.5,6.6,2.3,2.2,85.7,1576,-10.1,-25.9,15.4,1.7,,,,,,,,10.6,94.6,2290,-13.5,-16.8,17.7,1.5,,,,,,,,,,,,,,,,,,,,,,,,,,,,,,,,,,,,,,,,,,,,,,,,,
"Britton, Zack",502154,2016,28,69,67,254,29.1,7.1,0.167,0.226,0.191,0.201,3.1,1.2,27.2,37.8,47.4,80.2,6.2,13,0.6,L,1018,0.4,96,2032,4.8,-16.8,13,1.4,7.9,82.6,2581,-9.1,-45.6,12.2,2.2,,,,,,,,,,,,,,,91.7,96.9,2071,12.8,-21.6,14.4,1.1,,,,,,,,,,,,,,,,,,,,,,,,,,,,,,,,,,,,,,,,,,,,,,,,,
"Maeda, Kenta",628317,2016,28,32,175.2,716,25,7,0.224,0.358,0.281,0.281,3.5,2.9,25.5,27.4,45.8,44.9,20,27.1,7.9,R,2904,29.4,90.7,2348,-6.4,-14.2,18.4,1.3,29.5,82,2375,6.1,-31.7,10.6,1.6,9.6,83.1,1740,-13.4,-27.6,16.4,1.5,17.9,73,2524,11.3,-63.3,18.1,1.9,13.5,90.2,2205,-13.3,-19.1,17.8,1.6,,,,,,,,,,,,,,,,,,,,,,,,,,,,,,,,,,,,,,,,,,,,,,,,,
"Mengden, Daniel",596043,2016,23,14,72,332,21.4,9.9,0.265,0.448,0.355,0.346,7.1,4.9,35.3,21.9,45.1,42.4,23.2,29.5,4.9,R,1308,51.5,92.8,2154,-5.8,-13.4,19.1,1.9,17.4,87.5,2257,6.7,-27.7,10.1,1.4,15,81.9,1838,-13.7,-33.6,15.4,1.6,12,75.4,2572,13.4,-65.8,21.8,1.6,4.1,91.3,2017,-11.6,-16.9,18,1.6,,,,,,,,,,,,,,,,,,,,,,,,,,,,,,,,,,,,,,,,,,,,,,,,,
"Peralta, Wily",503449,2016,27,23,127.2,554,16.8,7.8,0.282,0.453,0.365,0.345,4.6,3.4,35.9,21,44.5,51.6,15.7,28.9,3.9,R,2128,25.6,95.3,1913,-8.6,-13.1,17,1.6,32.3,85.1,2060,2.5,-33.8,4.3,2.2,4.9,85.6,1529,-11,-23.6,15.9,1.5,,,,,,,,37.2,95.5,1822,-12.9,-16,16.9,1.8,,,,,,,,,,,,,,,,,,,,,,,,,,,,,,,,,,,,,,,,,,,,,,,,,
"Green, Chad",643338,2016,25,12,45.2,198,26.3,7.6,0.265,0.502,0.361,0.358,10,3.8,39.2,27.3,47.2,43.8,18.5,32.3,5.4,R,836,39,95.1,2459,-4.4,-11.5,19,1.7,29.1,84.6,2103,4.4,-38.7,5.6,1.2,2.6,86.5,1716,-8.6,-26.4,12.8,1.5,,,,,,,,14.6,94.4,2328,-11.9,-16.6,18.2,1.4,14.7,90.7,2301,3.1,-22.1,11.3,1.5,,,,,,,,,,,,,,,,,,,,,,,,,,,,,,,,,,,,,,,,,,
"Jungmann, Taylor",543380,2016,26,8,26.2,126,14.3,13.5,0.28,0.519,0.405,0.399,8,4.5,38.6,18,36.8,46.6,15.9,31.8,5.7,R,509,54.4,90.2,2292,-0.7,-19.2,11.7,1.5,,,,,,,,5.9,85.7,2128,-7.6,-21.9,14.5,1.7,31.4,75.7,2877,15.6,-60,21.9,1.3,8.3,89.9,2374,-11.6,-19.1,15,1.4,,,,,,,,,,,,,,,,,,,,,,,,,,,,,,,,,,,,,,,,,,,,,,,,,
"Lewis, Colby",407890,2016,36,19,116.1,472,15.5,5.9,0.258,0.44,0.299,0.322,6.5,3.3,35.6,18.5,46.4,35.6,29.6,24.5,10.3,R,1750,50.6,87.9,2276,-7.1,-18.1,19.9,1.5,31.9,82.7,2343,6.5,-35.7,9.4,1.4,7.3,82.6,1614,-11.9,-29.5,16.3,1.9,7.7,76.7,2177,12.2,-53,14.4,1.8,2.5,87.6,2055,-14,-22.7,16.8,1.6,,,,,,,,,,,,,,,,,,,,,,,,,,,,,,,,,,,,,,,,,,,,,,,,,
"Peavy, Jake",408241,2016,35,31,118.2,520,19.6,6.9,0.263,0.488,0.354,0.343,3.9,3.4,36.8,22.8,48.6,38.2,26.1,27.1,8.7,R,2015,27.1,89.5,2447,-11.4,-16.4,19.3,1.1,0.7,81.8,2469,2.4,-33.1,7.4,1.4,6.8,83.4,1832,-13.5,-29.4,15.6,1.3,14.6,79.3,2573,5.4,-44.1,6.7,1.4,17.4,89.3,2433,-15.5,-19.9,19.1,1.5,33.4,85.7,2570,0.4,-26,9.2,1.3,,,,,,,,,,,,,,,,,,,,,,,,,,,,,,,,,,,,,,,,,,
"Oh, Seunghwan",493200,2016,33,76,79.2,313,32.9,5.8,0.178,0.288,0.223,0.226,5.8,1.1,32.6,35.1,53,40.5,27.4,23.7,8.4,R,1292,61.1,93.5,2311,-7.1,-13.2,17.9,1.6,31,86.4,2235,2.7,-30.4,6,2.2,7,83.4,1590,-13.3,-29,15.7,2.1,0.8,74.1,2547,8.6,-59.5,15.2,1.7,0.2,89.1,2020,-9.3,-21.9,12.9,1.4,,,,,,,,,,,,,,,,,,,,,,,,,,,,,,,,,,,,,,,,,,,,,,,,,
"Conley, Adam",543045,2016,26,25,133.1,583,21.3,10.6,0.226,0.402,0.321,0.317,6.2,3.9,31.6,23.1,46.7,41.2,24.4,25.1,9.3,L,2242,63.4,91.7,2354,16.3,-17.6,21.5,1.8,18,85.6,2124,4,-31.3,6.5,2,18.6,83.5,2069,18.9,-28.2,21.3,2.3,,,,,,,,,,,,,,,,,,,,,,,,,,,,,,,,,,,,,,,,,,,,,,,,,,,,,,,,,,,,,,,
"Leone, Dominic",608678,2016,24,25,27,131,17.6,9.2,0.276,0.489,0.454,0.354,3.2,2.1,32.6,24.2,52.8,47.4,22.1,26.3,4.2,R,474,41.4,93.4,2254,-3.9,-15.3,15.7,1.5,17.3,83.2,2067,6.7,-41.7,8.1,1.3,,,,,,,,,,,,,,,15.2,93.8,2214,-11.8,-17.8,16.3,1.4,26.2,89.3,2422,5.1,-26.1,8.4,1.1,,,,,,,,,,,,,,,,,,,,,,,,,,,,,,,,,,,,,,,,,,
"Hand, Brad",543272,2016,26,82,89.1,364,30.5,9.9,0.198,0.331,0.258,0.268,8.3,1.4,37.5,28.4,44.7,47.2,22.7,22.2,7.9,L,1433,28.2,93.5,2485,12.8,-16.6,19.8,1.5,0.6,85.3,1937,-9.9,-38.2,10.6,1.4,0.8,87.7,2272,13.5,-26.9,16.8,1.5,11.9,80.8,2686,-8.6,-49.6,11.5,2.6,33.2,93.4,2321,19.3,-23.3,21.1,1.5,,,,,,,,,,,,,,,,,,,,,,25.4,83.5,2586,-9.4,-42.4,10.2,1.6,,,,,,,,,,,,,,,,,,,,,
"Surkamp, Eric",474668,2016,28,9,38.2,197,11.2,10.7,0.324,0.533,0.404,0.402,4,0,31.5,16.3,44.2,33.6,28.2,29.5,8.7,L,733,35.3,88.5,2255,5,-20,13.9,1.9,,,,,,,,7.8,81.5,1740,15,-32.2,16.9,1.4,19,77.8,2172,-7.1,-53.1,12.9,1.6,37.9,89.3,2256,12.9,-19.8,17.8,1.3,,,,,,,,,,,,,,,,,,,,,,,,,,,,,,,,,,,,,,,,,,,,,,,,,
"Davies, Zach",605200,2016,23,28,163.1,682,19.8,5.6,0.242,0.376,0.313,0.294,3.2,3.4,28.6,19.9,44.6,47.3,18.7,27.2,6.8,R,2587,,,,,,,,,,,,,,,20.6,79.1,1742,-14.7,-34.5,16.4,1.1,10.9,72.8,2544,11.7,-65.7,20.3,1.5,55.9,89.9,2070,-14,-20.4,18.5,1.2,12.6,86,2278,2.1,-26.8,8.4,1.6,,,,,,,,,,,,,,,,,,,,,,,,,,,,,,,,,,,,,,,,,,
"Shields, James",448306,2016,34,33,181.2,821,16.4,10,0.277,0.48,0.377,0.359,5.9,2.9,33.3,22.2,44,41.7,25.2,27.2,5.9,R,3119,25,91.1,2289,-5.7,-14.9,17.7,1.3,,,,,,,,21.4,84.3,1766,-12.9,-27.4,15.7,1.7,16.4,77.6,2531,10.1,-52,14.2,2.8,18,90.9,2204,-11.9,-17.7,17,1.4,19.2,86.8,2332,6.6,-27.9,9.5,2,,,,,,,,,,,,,,,,,,,,,,,,,,,,,,,,,,,,,,,,,,
"Smyly, Drew",592767,2016,27,30,175.1,738,22.6,6.6,0.233,0.407,0.323,0.3,5.4,3.7,31,24.7,47.5,32.9,32.7,21.5,12.9,L,2889,56.1,90.8,2185,9.7,-13,22.5,1.5,,,,,,,,5.7,80.3,1477,12.9,-28.5,19.4,1.4,22.8,76.2,1762,8.1,-48.2,8.9,1.7,,,,,,,,15.4,85.6,2115,7.6,-25.1,14.6,1.4,,,,,,,,,,,,,,,,,,,,,,,,,,,,,,,,,,,,,,,,,,
"Estévez, Carlos",608032,2016,23,63,55,246,24,11.4,0.209,0.338,0.313,0.295,3.9,3.9,36.4,25.6,48,44.8,20.1,24.7,10.4,R,1011,65.2,97.9,2342,-3.9,-11.2,15.7,1.6,19.9,86.4,2462,7.1,-32.7,8.3,2.6,8.8,89.6,1751,-9.7,-24.6,12.6,1.6,,,,,,,,3.7,98.6,2314,-10.3,-10.2,18.2,2,2.5,97.4,2297,2.1,-12.5,14,1.8,,,,,,,,,,,,,,,,,,,,,,,,,,,,,,,,,,,,,,,,,,
"Romo, Sergio",489265,2016,33,40,30.2,117,28.2,6,0.225,0.429,0.3,0.298,3.9,2.6,23.4,33.5,46.5,39,22.1,26,13,R,466,7.9,86.6,2351,-12.1,-23.1,16.9,1.2,63.5,76.4,2805,17.9,-38.9,19.2,1.5,7.3,82.8,1927,-14.8,-33.8,15.4,1.8,,,,,,,,21.2,86.5,2184,-17.2,-29.9,17.6,1,,,,,,,,,,,,,,,,,,,,,,,,,,,,,,,,,,,,,,,,,,,,,,,,,
"Patton, Spencer",607359,2016,28,16,21.1,101,21.8,13.9,0.257,0.398,0.321,0.34,6.3,1.6,42.2,26.5,42.5,42.2,25,31.3,1.6,R,391,58.6,92.9,2084,-7.4,-16,15.1,1.4,31.5,84.6,1959,3,-35.8,6,1.3,4.3,84.4,1477,-8.2,-30.1,10.2,1.4,,,,,,,,5.6,91.8,2014,-10.7,-19.3,14.2,1.4,,,,,,,,,,,,,,,,,,,,,,,,,,,,,,,,,,,,,,,,,,,,,,,,,
"Walker, Taijuan",592836,2016,23,25,134.1,573,20.8,6.5,0.247,0.436,0.326,0.321,3.7,2.4,36.7,22.5,48.2,45,19.3,27.4,8.3,R,2302,57.9,94.6,2118,-7.4,-11.3,17.5,1.8,,,,,,,,,,,,,,,11.3,76.5,2272,10.5,-57.5,17.8,1.7,3,95.3,2110,-12.7,-12.1,16.6,1.3,7.7,88.4,2215,3.3,-24.1,9.3,2.2,20.1,88.9,1586,-11,-25.5,12.9,1.8,,,,,,,,,,,,,,,,,,,,,,,,,,,,,,,,,,,
"Bumgarner, Madison",518516,2016,26,34,226.2,912,27.5,5.9,0.215,0.372,0.269,0.279,5.3,2.5,31.2,25.7,48.1,41.4,23.9,25.2,9.5,L,3551,45.6,91.4,2301,7.9,-14.4,18.5,1,0.9,86.6,2238,-2.2,-30.2,8.9,1.3,3.3,83.9,1667,14,-26.8,17.2,1.4,15.1,75.1,2368,-11.6,-56.1,15,1.6,2.5,91.8,2321,13.4,-16.2,20.4,1,32.6,87.4,2309,-1.1,-24.6,9.5,1.2,,,,,,,,,,,,,,,,,,,,,,,,,,,,,,,,,,,,,,,,,,
"Montgomery, Mike",543557,2016,26,49,100,414,22.2,9.2,0.247,0.364,0.289,0.313,2.9,1.8,34.7,27.2,45,59.9,14.2,23,2.9,L,1500,53,94.3,1946,12.9,-16.5,18.2,1.4,,,,,,,,9.9,84.4,1919,16.8,-30,18.6,1.6,24.4,77.5,2457,-10.4,-58.1,18,1.6,,,,,,,,12.7,89.8,1996,5.5,-26.8,8.4,1.5,,,,,,,,,,,,,,,,,,,,,,,,,,,,,,,,,,,,,,,,,,
"Hughes, Phil",461833,2016,30,12,59,259,13.1,5,0.32,0.548,0.362,0.384,6.6,2.8,43.9,14.1,49.2,36.3,27.8,27.8,8,R,907,44,91,2153,-6.6,-15.2,15.9,1.2,,,,,,,,3.7,85.8,1574,-7.4,-26.4,11.6,1.7,22.7,77.6,2387,13.8,-54.3,18.3,1.9,7.3,91.1,2131,-11.5,-16.7,15.7,1.3,22.3,88.2,2165,1.3,-20.8,11.4,1.3,,,,,,,,,,,,,,,,,,,,,,,,,,,,,,,,,,,,,,,,,,
"González, Severino",605894,2016,23,27,35.1,151,22.5,4.6,0.245,0.404,0.335,0.292,3.7,3.7,26.6,22.2,52.2,26.6,25.7,33.9,13.8,R,608,50.2,94.2,2499,-8.9,-14.2,17.4,1.3,,,,,,,,14.1,86.8,1847,-14.9,-28.5,16.5,1.3,25.8,81.4,2618,10.3,-40.1,11.2,1.9,9.9,92.3,2253,-15.4,-21.8,17.3,1.7,,,,,,,,,,,,,,,,,,,,,,,,,,,,,,,,,,,,,,,,,,,,,,,,,
"Stephenson, Robert",596112,2016,23,8,37,170,18.2,11.2,0.263,0.461,0.381,0.357,6.9,2.6,38.8,20.6,47.9,35.3,23.3,31,10.3,R,717,63.5,93.9,2322,-9.7,-10.5,17.4,1.4,,,,,,,,21.3,85.7,1384,-7.3,-25.4,10.6,1.6,15.2,81.4,2278,7.2,-39.9,10.1,2,,,,,,,,,,,,,,,,,,,,,,,,,,,,,,,,,,,,,,,,,,,,,,,,,,,,,,,,
"Chatwood, Tyler",543022,2016,26,27,158,669,17.5,10.5,0.247,0.369,0.316,0.311,4.6,4.4,35.2,19,45.2,58.3,16.1,22,3.6,R,2539,38.6,92.7,2401,-0.5,-16.8,13.1,1.6,,,,,,,,2.2,85.1,1764,-5.7,-25.7,11.9,2.2,4.8,77.1,2867,11.4,-57.3,17.8,1.7,34.2,92.6,2294,-9.8,-18.8,15,1.7,20.2,87.3,2584,5.8,-31.4,7.6,2,,,,,,,,,,,,,,,,,,,,,,,,,,,,,,,,,,,,,,,,,,
"Hoffman, Jeff",656546,2016,23,8,31.1,147,15,11.6,0.281,0.503,0.375,0.373,5.6,2.8,36.1,18.2,44.4,50.9,22.2,24.1,2.8,R,552,58.7,94.6,2396,-8.5,-13.5,17.5,1.5,9.8,84.1,2525,6.1,-39.3,7.4,1.5,15,87.1,2230,-13,-24.3,16.4,1.5,16.5,76.9,2802,14.1,-60.4,21.4,1.8,,,,,,,,,,,,,,,,,,,,,,,,,,,,,,,,,,,,,,,,,,,,,,,,,,,,,,,,
"Iwakuma, Hisashi",547874,2016,35,33,199,836,17.6,5.5,0.275,0.444,0.331,0.329,4.9,3.3,33.9,17.4,48.8,42.2,22.6,26,9.2,R,2968,18.7,88.9,2241,-8.5,-18.8,16.2,1.6,18.4,81.8,2207,6.3,-34.9,8.8,2.5,,,,,,,,9,71.5,2271,14.2,-59.2,17.3,2.9,26.1,88.1,2024,-14.2,-25,16.3,1.4,8.4,86.1,2213,0.6,-25.2,10.1,1.4,19.3,83.7,1541,-11.5,-34.9,12.9,1.7,,,,,,,,,,,,,,,,,,,,,,,,,,,,,,,,,,,
"Dayton, Grant",594795,2016,28,25,26.1,101,38.6,5.9,0.145,0.267,0.219,0.21,1.8,9.1,23.6,31.6,53.4,29.1,30.9,25.5,14.5,L,468,77.8,92.8,2316,8.2,-11.2,21.5,1.3,,,,,,,,7.7,84.5,2267,-0.7,-31.5,7.3,1.6,14.5,75.3,2339,-5.6,-56.5,10.1,2.2,,,,,,,,,,,,,,,,,,,,,,,,,,,,,,,,,,,,,,,,,,,,,,,,,,,,,,,,
"Kontos, George",502004,2016,31,57,53.1,216,16.2,9.3,0.245,0.359,0.266,0.298,3.8,3.1,28.3,24.1,46.8,44.7,20.8,28.9,5.7,R,788,14.7,91.7,2301,-6.1,-16.3,15.4,1.1,18.9,84.6,2359,9.5,-35.7,10.4,1.4,2.5,85.7,2282,-12.6,-22.4,17.3,1.3,1.3,78.4,2636,9.8,-52.5,15.4,1.3,21.4,91.4,2112,-13.2,-20.7,16.1,1.1,41.1,88,2378,3.9,-27.5,6.8,1.1,,,,,,,,,,,,,,,,,,,,,,,,,,,,,,,,,,,,,,,,,,
"Siegrist, Kevin",543779,2016,26,67,61.2,248,26.6,10.5,0.203,0.372,0.28,0.289,2.6,5.2,24.5,26.1,43.8,34.8,31,20.6,13.5,L,1042,65.3,94,2141,9.1,-13,19.1,1.3,,,,,,,,21.3,85.7,2077,16.6,-26.5,19.2,1.7,11.1,74.2,2245,-9.3,-58.7,15.7,2.3,2.3,93.3,2118,15.4,-12.5,19,1.2,,,,,,,,,,,,,,,,,,,,,,,,,,,,,,,,,,,,,,,,,,,,,,,,,
"Rusin, Chris",543734,2016,29,29,84.1,350,19.7,6.6,0.26,0.381,0.305,0.304,4.7,4.3,36.1,21.6,47.7,61.2,14.1,21.6,3.1,L,1255,14.1,90.4,2227,10,-19.1,16.4,1.3,,,,,,,,18.1,82.5,1703,15.1,-34.4,16.2,1.6,6.9,79.3,2790,-3.7,-51.2,9.1,1.6,30.5,90,2200,16.9,-24.7,18.4,1.2,30.4,86.8,2381,2.3,-29.8,6.3,1.6,,,,,,,,,,,,,,,,,,,,,,,,,,,,,,,,,,,,,,,,,,
"Pérez, Oliver",424144,2016,34,64,40,182,25.3,11,0.228,0.358,0.328,0.312,3.7,5.5,25,23.3,41.6,43.1,18.3,27.5,11,L,710,36.1,92.5,2187,13.8,-15.7,19.9,1.4,42.7,79.5,2133,-13.8,-41.2,14.3,1.5,,,,,,,,,,,,,,,21.3,91.8,2102,19.2,-23,20.3,1.4,,,,,,,,,,,,,,,,,,,,,,,,,,,,,,,,,,,,,,,,,,,,,,,,,
"Jansen, Kenley",445276,2016,28,71,68.2,251,41.4,4.4,0.143,0.238,0.192,0.189,6,4.5,24.6,33.5,56.3,32.8,34.3,20.1,12.7,R,995,11.7,95.3,2501,-3.3,-9.6,17.7,1.5,6.2,83.6,2325,6.7,-38.9,8.5,1.8,,,,,,,,,,,,,,,,,,,,,,82.1,94,2583,4.8,-11.5,16.9,1.8,,,,,,,,,,,,,,,,,,,,,,,,,,,,,,,,,,,,,,,,,,
"Manaea, Sean",640455,2016,24,25,144.2,594,20.9,6.2,0.253,0.44,0.306,0.321,6.8,2.8,38.9,24.9,52.1,45.9,20.5,26.6,7,L,2167,58.5,92.9,2000,18.1,-21,21.1,1.7,12.8,80.5,1990,-0.3,-42.6,3.9,2,28.7,85.1,1321,13,-36.9,13.4,1.7,,,,,,,,,,,,,,,,,,,,,,,,,,,,,,,,,,,,,,,,,,,,,,,,,,,,,,,,,,,,,,,
"Wood, Alex",622072,2016,25,14,60.1,254,26,7.9,0.236,0.355,0.292,0.296,4.8,4.8,34.5,25.2,43.1,55.2,16.4,23,5.5,L,982,,,,,,,,,,,,,,,17.7,84.5,1788,17.4,-33.9,18.6,1.1,29.2,82.7,1926,-3.4,-43.9,6.6,1.1,53.1,91.2,1948,14.5,-18.6,20.5,1,,,,,,,,,,,,,,,,,,,,,,,,,,,,,,,,,,,,,,,,,,,,,,,,,
"Ross Jr., Robbie",543726,2016,27,54,55.1,238,23.5,9.7,0.255,0.367,0.286,0.324,6,2,35.1,25.1,44.1,51,21.2,23.2,4.6,L,966,55,94,2061,7.5,-18.1,15.2,1.8,22.2,88,2222,-1.8,-31.3,5.4,1.6,0.1,88.7,2379,-2.4,-36.6,5.7,,21.1,79.7,2496,-4.2,-47.6,6.4,2.3,0.9,91.9,2088,7.2,-26.2,9.4,1.7,0.7,92.2,2151,-2.6,-22.5,9.3,1.7,,,,,,,,,,,,,,,,,,,,,,,,,,,,,,,,,,,,,,,,,,
"Wilhelmsen, Tom",452666,2016,32,50,46.1,209,13.4,9.1,0.28,0.5,0.407,0.367,5.6,3.1,39.4,20.5,45.2,51.2,20.6,21.9,6.3,R,807,36.7,95.3,2340,-2.5,-16.4,13.6,1.3,24.4,86.7,2157,4.6,-34,7.5,1.6,6.6,88.2,1731,-11,-24.5,14.7,1.6,18.8,77.1,2393,9.5,-58,16.3,1.7,13.5,95.9,2131,-11.7,-19.6,14.5,1.4,,,,,,,,,,,,,,,,,,,,,,,,,,,,,,,,,,,,,,,,,,,,,,,,,
"Verlander, Justin",434378,2016,33,34,227.2,903,28.1,6.3,0.206,0.362,0.272,0.274,4.5,2.9,32.9,26.7,50.2,35.4,28.1,23.5,13,R,3663,57.8,94.1,2558,-12.1,-12.4,21.3,1.9,17.8,88.5,2474,2.6,-25,9.4,2.5,8.5,85.9,2057,-17.1,-28.9,18.6,1.7,15.9,79.2,2766,11.7,-54.3,16.5,2.1,,,,,,,,,,,,,,,,,,,,,,,,,,,,,,,,,,,,,,,,,,,,,,,,,,,,,,,,
"Caminero, Arquimedes",491708,2016,29,57,60.2,280,17.9,11.8,0.268,0.419,0.36,0.345,5.7,3.6,33.3,23.1,45.6,45.3,21.4,25.5,7.8,R,1097,40.3,98.8,2362,-6.7,-13.9,14.5,1.9,23.1,92.6,2253,3.8,-22.8,8.1,2.7,0.3,87.9,1452,-9.8,-30.8,10.2,1.4,,,,,,,,27,98.3,2220,-12.1,-17.1,14.8,2,,,,,,,,9.4,90.9,1671,-12.1,-28.9,13.3,2.2,,,,,,,,,,,,,,,,,,,,,,,,,,,,,,,,,,,
"Tropeano, Nick",607374,2016,25,13,68.1,296,23,10.5,0.237,0.475,0.358,0.343,3.6,2.6,31.8,28.4,45.3,35.9,30.3,22.6,11.3,R,1208,23.7,91.3,2221,-10.1,-17,20,1.1,27.6,80.7,2021,1.7,-42.1,4.6,1.5,22.9,82.4,1798,-13.2,-32.4,17.3,1.4,,,,,,,,25.8,91.7,2222,-14.1,-18.5,20.4,1.3,,,,,,,,,,,,,,,,,,,,,,,,,,,,,,,,,,,,,,,,,,,,,,,,,
"Dunn, Mike",445197,2016,31,51,42.1,176,21.6,6.3,0.237,0.352,0.318,0.294,3.2,0.8,21,24.6,53.1,29.8,29.8,29.8,10.5,L,717,62.1,94.3,2308,5.4,-10.8,19.4,1,36.8,87.4,2444,-4.7,-29.9,6.8,1.3,,,,,,,,0.3,74.7,2177,-10.1,-61.1,16,1.5,0.8,94.4,2147,15.3,-16.9,19.8,1.4,,,,,,,,,,,,,,,,,,,,,,,,,,,,,,,,,,,,,,,,,,,,,,,,,
"Moscot, Jon",621209,2016,24,5,21.1,104,9.6,9.6,0.342,0.652,0.43,0.442,9.6,2.4,36.1,10.7,42.5,41,18.1,37.3,3.6,R,413,30,91.5,2183,-5.8,-15.3,14.4,1.3,28.3,83.6,2072,4.4,-34.7,6,1.8,10.2,82.6,1481,-13.1,-30.5,14.4,1.5,11.6,77.6,2120,6.6,-46.6,9,1.7,19.9,91.2,2149,-14.3,-20.9,16.2,1.4,,,,,,,,,,,,,,,,,,,,,,,,,,,,,,,,,,,,,,,,,,,,,,,,,
"Ureña, José",570632,2016,24,28,83.2,373,15.5,7.8,0.265,0.408,0.337,0.319,3.9,1.4,30.7,21.3,46.1,48.6,19.6,26.8,5,R,1416,27.5,96.1,2158,-10.9,-13.6,18.1,1.2,10.9,86.4,2272,3.2,-28.1,8.4,2,18.2,89.8,1765,-12.9,-20.2,17.5,1.6,6.5,84.7,2250,7.2,-34.9,7.9,1.7,36.9,95.2,2138,-15.2,-19.2,17.7,1.5,,,,,,,,,,,,,,,,,,,,,,,,,,,,,,,,,,,,,,,,,,,,,,,,,
"Cotton, Jharel",605194,2016,24,5,29.1,112,20.5,3.6,0.221,0.368,0.232,0.267,2.4,1.2,29.4,24.9,51.9,36.5,16.5,24.7,22.4,R,438,33.6,93,2256,-5.8,-13.6,18.7,1.4,16.4,89.3,2278,2.8,-26.1,8.8,1.4,28.3,77.6,2213,-10.2,-40.2,11.8,1.7,7.8,78.3,2522,4,-55.9,11.7,1.6,13.9,92.3,2101,-12,-16.6,19.3,1.5,,,,,,,,,,,,,,,,,,,,,,,,,,,,,,,,,,,,,,,,,,,,,,,,,
"Broxton, Jonathan",455009,2016,32,66,60.2,259,22,9.3,0.237,0.347,0.288,0.291,3.4,2.9,26.3,21.8,49,50.3,18.3,27.4,4,R,982,37.1,95.4,2195,-5.8,-15.2,15.1,1.7,32.8,88.3,2109,4.1,-31.1,5.8,1.6,,,,,,,,1.4,78.3,2263,8.5,-51.4,13.3,1.7,28.7,93.2,1969,-12.9,-21.4,15.8,3.1,,,,,,,,,,,,,,,,,,,,,,,,,,,,,,,,,,,,,,,,,,,,,,,,,
"Nola, Aaron",605400,2016,23,20,111,483,25.1,6,0.243,0.36,0.306,0.286,4.3,4.6,31.8,24.3,42.3,56.9,14.1,24.8,4.3,R,1789,10.2,90.9,2028,-11.4,-18.7,16,1.9,,,,,,,,8.6,82.3,1459,-14.4,-37.8,14.8,1.7,33.8,76.8,2516,18.6,-54,21.3,1.4,47.4,90.6,2015,-17.4,-24.8,18.6,1.6,,,,,,,,,,,,,,,,,,,,,,,,,,,,,,,,,,,,,,,,,,,,,,,,,
"Guerra, Deolis",500610,2016,27,44,53.1,220,16.4,3.2,0.271,0.421,0.288,0.313,4.6,4,33.1,21.8,48.3,41.7,15.4,33.1,9.7,R,901,47.2,90.8,2231,-9.4,-16.7,20.1,1.5,,,,,,,,45.3,81.1,1634,-12.8,-33.1,15.5,1.2,7.5,78.6,2022,7.7,-59,17.1,1.2,,,,,,,,,,,,,,,,,,,,,,,,,,,,,,,,,,,,,,,,,,,,,,,,,,,,,,,,
"Bailey, Homer",456701,2016,30,6,23,111,24.3,6.3,0.298,0.44,0.357,0.343,1.3,0,40,20.7,47.4,46.7,14.7,33.3,5.3,R,458,42.1,93.6,2125,-5.3,-14.2,14.7,1.9,23.6,87.8,1901,5.2,-27.4,7,2,14.8,86.8,1332,-8.4,-25.8,11.1,2,8.7,78.6,2007,13,-49.6,16.3,1.9,10.7,92.9,2003,-11.1,-16.2,14.4,1.7,,,,,,,,,,,,,,,,,,,,,,,,,,,,,,,,,,,,,,,,,,,,,,,,,
"Jenkins, Tyrell",592433,2016,23,14,52,237,11,13.9,0.272,0.468,0.379,0.371,9,4.5,37.3,14.9,42.2,50.8,17.5,27.7,4,R,890,63.6,91.8,1874,-9.3,-16.5,16.3,1.9,20,80.7,2113,2.9,-41.1,6.9,2.8,16.1,82.8,2071,-11.4,-21.1,18.6,2.2,,,,,,,,0.3,91,1624,-16.8,-28,16.9,1.6,,,,,,,,,,,,,,,,,,,,,,,,,,,,,,,,,,,,,,,,,,,,,,,,,
"Meyer, Alex",543542,2016,26,7,25.1,117,24.8,14.5,0.245,0.453,0.354,0.352,14.1,2.8,40.8,23.8,38,39.4,23.9,31,5.6,R,476,56.9,95.9,2299,-11.9,-17.7,18.6,1.3,,,,,,,,10.5,89.9,1966,-14,-26.9,16.9,1.5,31.3,84.9,2415,8.6,-45.2,10.8,1.4,1.3,94.6,2208,-17.8,-22.9,19.2,1.4,,,,,,,,,,,,,,,,,,,,,,,,,,,,,,,,,,,,,,,,,,,,,,,,,
"Lowe, Mark",450275,2016,33,54,49.1,224,21.9,9.4,0.253,0.481,0.38,0.34,9.2,1.3,43.1,23.3,46.1,37.3,24.8,26.1,11.8,R,841,57.2,92.9,2465,-14.7,-16.9,20.1,1.8,41.6,85.2,2096,-2.3,-33.2,4.9,1.3,0.2,86.5,2067,-18.1,-25.3,19.6,1.5,,,,,,,,1,91.9,2405,-16.6,-16.4,19.3,1.6,,,,,,,,,,,,,,,,,,,,,,,,,,,,,,,,,,,,,,,,,,,,,,,,,
"Storen, Drew",519322,2016,28,57,51.2,228,21.1,5.7,0.253,0.42,0.336,0.32,6.9,1.9,36.3,23.5,47.4,50,22.5,22.5,5,R,867,18.3,92.9,2283,-7.8,-15.5,16.9,1.2,36.9,81.9,2329,14.4,-45.4,16.1,1.5,18.2,85.3,1961,-14.2,-36,14.7,2.1,,,,,,,,26.5,92.2,2018,-15.4,-23.2,17.2,1.2,,,,,,,,,,,,,,,,,,,,,,,,,,,,,,,,,,,,,,,,,,,,,,,,,
"Tomlin, Josh",458708,2016,31,30,174,725,16.3,2.8,0.278,0.482,0.327,0.332,5.3,3.3,32.2,16.8,48.4,44.5,21.9,28.4,5.1,R,2606,29.7,88.4,2425,-3.5,-18.9,15.8,1.3,,,,,,,,8.3,83.9,1735,-9.9,-27.3,14.4,1.5,14.9,75.6,2753,8,-61.9,16.2,1.5,9.1,88.4,2333,-9.6,-21.3,15.3,1.4,38.1,85.9,2618,6.1,-24.6,13.2,1.5,,,,,,,,,,,,,,,,,,,,,,,,,,,,,,,,,,,,,,,,,,
"Ramos, Cesár",459987,2016,32,16,47.2,212,12.7,9.4,0.27,0.484,0.406,0.358,7.9,3.7,35.4,18.1,45,43.9,24.4,25.6,6.1,L,780,37.1,89.1,2159,14.4,-19.7,21,1.1,21.5,82.9,2133,-0.2,-32.3,7.8,1.5,26.2,83.4,1954,16.3,-26.4,21.5,2.3,15.3,68.8,2575,-11.9,-74.1,18.8,1.6,,,,,,,,,,,,,,,,,,,,,,,,,,,,,,,,,,,,,,,,,,,,,,,,,,,,,,,,
"Withrow, Chris",519437,2016,27,46,37.2,158,17.7,10.8,0.22,0.362,0.284,0.298,6.3,3.6,25.2,24.5,48.3,45.9,21.6,22.5,9.9,R,646,54.6,94.2,2225,-9.4,-13.2,18.5,1.3,,,,,,,,,,,,,,,6.3,78.5,2353,9.3,-50.8,12.7,1.6,,,,,,,,39,87.5,2200,4.6,-29.8,6.9,1.6,,,,,,,,,,,,,,,,,,,,,,,,,,,,,,,,,,,,,,,,,,
"Smith, Chris",434672,2016,35,13,24.2,100,29,13,0.19,0.288,0.246,0.271,5.2,3.4,37.9,36.1,41,46.6,22.4,25.9,5.2,R,439,49.2,88.1,2214,-11.9,-20.6,19.8,1.3,,,,,,,,24.8,77.3,1576,-12.5,-39.1,14.5,1.2,26,78.6,2068,10,-46.2,10.8,1.3,,,,,,,,,,,,,,,,,,,,,,,,,,,,,,,,,,,,,,,,,,,,,,,,,,,,,,,,
"Blazek, Michael",518468,2016,27,41,41.1,201,17.9,13.4,0.264,0.453,0.391,0.352,5.9,2.9,33.1,23.8,42.7,44.1,22.8,25,8.1,R,802,35.9,94,2421,-11.1,-13.5,19.3,1.6,28.6,83.9,2324,6.9,-37.2,7.6,1.7,0.1,86.7,2507,3.4,-28.7,10.8,,20.7,77.3,2465,14.3,-51.6,16.8,1.7,14.7,92.7,2317,-15.4,-19.9,18.3,1.6,,,,,,,,,,,,,,,,,,,,,,,,,,,,,,,,,,,,,,,,,,,,,,,,,
"Peralta, Joel",407908,2016,40,31,27.1,119,27.7,6.7,0.246,0.439,0.384,0.319,7.8,3.9,31.2,27.1,50.9,24.7,23.4,35.1,16.9,R,501,52.9,90.4,2411,-7.6,-11.7,20.4,1.1,,,,,,,,,,,,,,,17.2,78.4,2569,8,-49.9,11.5,1.3,,,,,,,,,,,,,,,29.9,81.3,1226,-9.8,-31.4,13.6,1.5,,,,,,,,,,,,,,,,,,,,,,,,,,,,,,,,,,,
"Kiekhefer, Dean",518883,2016,27,26,22,98,14.3,7.1,0.285,0.462,0.309,0.336,8,1.3,32,20.5,41.5,48,22.7,25.3,4,L,347,,,,,,,,22.2,77.9,2242,-3,-41.7,4.6,1.8,18.2,83.9,1750,14.4,-35.5,15.3,1.3,,,,,,,,59.7,87.9,1890,16.2,-28,17.7,1.3,,,,,,,,,,,,,,,,,,,,,,,,,,,,,,,,,,,,,,,,,,,,,,,,,
"Rodriguez Jr., Fernando",451775,2016,32,34,40.2,163,22.7,10.4,0.223,0.348,0.278,0.295,7.4,3.7,36.1,29.1,47.9,37,24.1,25,13.9,R,660,69.5,93.5,2384,-3,-12.3,18.3,1.2,,,,,,,,0.8,88.6,1709,-7.7,-26.6,10.9,1.5,6.8,78.6,2448,6.2,-57.4,15.5,2,,,,,,,,22.9,89.1,2185,6.1,-26.8,8.9,1.2,,,,,,,,,,,,,,,,,,,,,,,,,,,,,,,,,,,,,,,,,,
"Dyson, Sam",473879,2016,28,73,70.1,285,19.3,8.1,0.23,0.319,0.292,0.279,3.4,2.5,35.8,18.1,48.5,65.2,8.8,21.6,4.4,R,990,14.2,96.5,2318,-10.4,-17.3,17.4,1.7,1.4,88.5,2866,10.6,-33.2,11.9,1.5,19.5,89.6,1939,-13.7,-32.4,14.4,1.6,9.9,84.1,3105,21.1,-44.9,21.7,1.6,54.9,95.8,2226,-14.8,-25.1,16.2,1.4,,,,,,,,,,,,,,,,,,,,,,,,,,,,,,,,,,,,,,,,,,,,,,,,,
"Cervenka, Hunter",543017,2016,26,68,43.1,182,23.1,15.4,0.209,0.339,0.291,0.297,4.5,4.5,24.3,24.2,45.2,49.5,23.4,20.7,6.3,L,743,42,93.3,2405,6.4,-15.1,16,1.1,50.6,88.8,2484,-3.5,-29,5.7,1.7,,,,,,,,7.4,79.4,2675,-11.3,-57.7,18.3,1.5,,,,,,,,,,,,,,,,,,,,,,,,,,,,,,,,,,,,,,,,,,,,,,,,,,,,,,,,
"Latos, Mat",502009,2016,28,17,70,309,13.6,9.7,0.266,0.434,0.34,0.337,6.4,5.5,33.1,16.9,45.5,44.9,23.7,24.2,7.2,R,1182,28.1,91,1976,-2.3,-14.1,18.3,2,18.1,86.6,1918,4.3,-29.5,8.2,1.7,6.3,85.8,1789,-7.3,-21.5,16.8,2.5,5.6,75.7,1956,6.2,-56,11,2.1,12.1,90.7,1989,-7.3,-14.7,18.7,1.8,14,91.1,1960,3.3,-13.9,18,2,15.7,81.3,1767,1.9,-40.2,4.6,1.9,,,,,,,,,,,,,,,,,,,,,,,,,,,,,,,,,,,
"Law, Derek",571882,2016,25,61,55,214,23.4,4.2,0.249,0.389,0.247,0.29,3.9,3.2,30.3,24.6,44.8,49.7,18.7,27.1,4.5,R,795,52.5,93.5,2102,-1.5,-14.9,14.1,2.1,20.6,84.9,2089,6.5,-35.7,7.3,2.1,4.9,83.5,1900,-14.3,-28.3,16.5,1.7,22,77.6,2079,5.8,-51.3,11.1,2.7,,,,,,,,,,,,,,,,,,,,,,,,,,,,,,,,,,,,,,,,,,,,,,,,,,,,,,,,
"Schugel, A.J.",519263,2016,27,36,52,204,22.5,6.4,0.269,0.436,0.26,0.326,7.6,4.2,42.4,21.2,47.4,42.4,22.2,29.9,5.6,R,817,1.3,92.3,2072,-6.9,-20,14.8,1.4,,,,,,,,34.1,83.1,1941,-15.6,-37.2,15.9,1.2,4.9,78.8,2474,11.3,-57.5,16.9,1.6,59.6,92.9,2130,-12.1,-17.9,18.1,1.4,,,,,,,,,,,,,,,,,,,,,,,,,,,,,,,,,,,,,,,,,,,,,,,,,
"Clippard, Tyler",461325,2016,31,69,63,262,27.5,9.9,0.183,0.319,0.309,0.26,9.2,3.1,27.6,27.4,49.3,33.1,25.2,23.9,17.8,R,1053,45,91.7,2344,-4.6,-11.5,20.7,1.3,,,,,,,,32.1,79.6,2121,-10.1,-25.6,19.3,1.4,2.7,75.1,1739,6.3,-57.9,12.4,1.4,,,,,,,,,,,,,,,20.2,82.3,1515,-1,-37.7,7.7,1.1,,,,,,,,,,,,,,,,,,,,,,,,,,,,,,,,,,,
"Sturdevant, Tyler",573188,2016,30,16,18.1,75,18.7,8,0.265,0.408,0.309,0.32,7.4,3.7,29.6,22.1,50.6,38.9,18.5,35.2,7.4,R,256,43.8,91.9,2064,-4.1,-14.9,17.7,1.1,,,,,,,,6.3,86,1577,-9.8,-26.1,14.6,1.5,11.7,79.6,1970,6.7,-52.2,10.6,1.3,,,,,,,,38.3,88,2188,5.4,-26.7,10.6,1.1,,,,,,,,,,,,,,,,,,,,,,,,,,,,,,,,,,,,,,,,,,
"Murray, Colton",605396,2016,26,24,31.2,141,22,9.2,0.276,0.493,0.36,0.366,6.3,0,43.2,24.4,45.1,37.9,20,35.8,6.3,R,531,68,94.1,2127,-8.8,-11.5,19.5,1.3,5.8,87.4,2142,1.9,-27.2,7,1.5,1.9,85.5,939,-11.7,-28.9,14,1.6,24.3,81.8,2334,4.2,-51,13.8,1.6,,,,,,,,,,,,,,,,,,,,,,,,,,,,,,,,,,,,,,,,,,,,,,,,,,,,,,,,
"Miller, Shelby",571946,2016,25,20,101,460,15.2,9.1,0.304,0.529,0.37,0.382,4.3,3.5,39.3,18.2,47,43.6,21.4,29.5,5.5,R,1728,50,93.5,2278,-7.1,-14,18.6,1.7,,,,,,,,5.1,86.5,1855,-11.7,-26.4,14.9,2.1,11.7,79.7,2329,9,-48.2,12.3,1.6,14.2,93.8,2281,-12.6,-17.3,18,1.9,19,88.8,2183,3.3,-26.4,8.4,1.7,,,,,,,,,,,,,,,,,,,,,,,,,,,,,,,,,,,,,,,,,,
"Lorenzen, Michael",547179,2016,24,35,50,202,23.8,6.4,0.241,0.329,0.281,0.289,1.5,3,30.4,22.7,46.1,63.7,5.2,26.7,4.4,R,755,30.9,96.4,2310,-7.2,-12,15,1.7,38.9,91.4,2458,4.2,-23.6,8,3.6,1.2,88.7,1851,-10.1,-20.9,13.2,1.4,6,80.7,2247,6,-50.5,16,1.7,23,96.6,2171,-13.5,-14.7,16.5,1.9,,,,,,,,,,,,,,,,,,,,,,,,,,,,,,,,,,,,,,,,,,,,,,,,,
"DeSclafani, Anthony",543101,2016,26,20,123.1,507,20.7,5.9,0.252,0.402,0.31,0.304,4.1,2.7,36.1,21.5,46,43.8,18.8,30.2,7.3,R,1939,31.3,93.5,2104,-7.6,-12.1,16.5,1.3,29.2,87.9,2129,5.9,-27.5,7.4,1.7,2.1,87.5,1671,-12.5,-24.5,13.6,1.3,11.4,81.7,2041,10.6,-46,16.7,1.7,26,93.3,1930,-12.7,-15.7,15.9,1.6,,,,,,,,,,,,,,,,,,,,,,,,,,,,,,,,,,,,,,,,,,,,,,,,,
"Friedrich, Christian",543184,2016,28,24,129.1,567,17.6,9.2,0.246,0.376,0.317,0.306,6.5,3.6,32.9,19.3,46.3,46.7,19.4,25.2,8.7,L,2129,14.5,89.9,2225,4.1,-15.4,18.4,1.3,19.6,82.8,2366,-1.9,-38.5,4.7,1.8,13,84.8,2116,7.9,-24.3,17.2,3.1,18.6,76.9,2624,-5.4,-57.3,13.1,1.5,34.3,90,2192,10.9,-16.8,19.6,1.1,,,,,,,,,,,,,,,,,,,,,,,,,,,,,,,,,,,,,,,,,,,,,,,,,
"Farquhar, Danny",543144,2016,29,35,35.1,158,29.1,9.5,0.23,0.395,0.338,0.314,7.5,7.5,39.8,32.1,47.9,40.9,24.7,28,6.5,R,666,42.3,93.2,2401,-3.8,-12.6,20.3,1.2,,,,,,,,32.1,87.3,1663,-11.9,-30.3,13.2,1.4,13.1,75.8,2668,18.2,-57,20.6,1.4,0.2,92,2118,-15.4,-24.3,21.1,,12.3,90.2,2339,3.6,-21.3,14.8,1.6,,,,,,,,,,,,,,,,,,,,,,,,,,,,,,,,,,,,,,,,,,
"Eflin, Zach",621107,2016,22,11,63.1,272,11.4,6.3,0.286,0.495,0.345,0.35,6.7,2.7,36.3,13.8,47.5,37.2,26.9,28.3,7.6,R,989,40.1,93.3,2206,-7.9,-14.7,17.1,2,27.7,84.1,2166,4.6,-35.1,6.5,2.6,7.7,87.1,1905,-12.2,-24,15.4,2,2.6,75.7,2414,11.5,-57,16.7,1.7,21.8,92.3,2111,-14.8,-19.5,18.1,2.1,,,,,,,,,,,,,,,,,,,,,,,,,,,,,,,,,,,,,,,,,,,,,,,,,
"Neshek, Pat",450212,2016,35,60,47,185,23.2,5.9,0.214,0.368,0.243,0.256,3.1,3.8,24.4,23.1,49.3,37.4,26.7,24.4,11.5,R,687,,,,,,,,54.1,83.4,2212,4.7,-37.2,6.7,1.5,7,67.9,1392,-5.8,-51,12.2,1.9,,,,,,,,38.9,89.7,2159,-13.8,-25.1,17.3,1.6,,,,,,,,,,,,,,,,,,,,,,,,,,,,,,,,,,,,,,,,,,,,,,,,,
"Mahle, Greg",657670,2016,23,24,18.1,86,16.3,11.6,0.276,0.448,0.4,0.356,1.7,1.7,35,16.3,44.8,56.7,15,21.7,6.7,L,320,26.3,90.1,2151,16.9,-23.7,19.9,1.4,27.8,81.8,2094,0,-34.2,7.7,2.1,15.9,81.7,1832,18.3,-34,19.9,1.3,,,,,,,,30,85.4,2013,18.2,-39.8,18.7,1.6,,,,,,,,,,,,,,,,,,,,,,,,,,,,,,,,,,,,,,,,,,,,,,,,,
"Urías, Julio",628711,2016,19,18,77,336,25,9.2,0.233,0.346,0.322,0.294,3.2,3.7,30,25.5,45.3,45.2,15.2,32.3,7.4,L,1416,55.5,93.2,2432,4.2,-12.8,18.8,1.6,15.1,85.5,2370,-4.6,-31.7,7.7,2,13,80.5,1818,13.7,-28.2,19.3,1.8,16.2,76.4,2666,-13,-51.2,14.2,2.2,0.2,93.4,2350,13.2,-15.2,20.4,1.4,,,,,,,,,,,,,,,,,,,,,,,,,,,,,,,,,,,,,,,,,,,,,,,,,
"Nolasco, Ricky",445060,2016,33,32,197.2,817,17.6,5.4,0.262,0.433,0.318,0.318,6.1,2.9,35.9,20.7,46.5,44.1,26,25.3,4.6,R,3126,24,91,2099,-6.5,-15.7,17.2,1.7,32.9,81.7,2133,4.8,-43.3,6.1,2,,,,,,,,11,73.6,2576,16,-64.3,20.8,1.8,24.6,90.9,1986,-14.5,-23.7,17.3,1.8,,,,,,,,7.5,80,1386,-9,-39.2,10.1,1.5,,,,,,,,,,,,,,,,,,,,,,,,,,,,,,,,,,,
"Fulmer, Michael",605242,2016,23,26,159,647,20.4,6.5,0.237,0.388,0.285,0.3,5.2,4.3,32.3,23.4,48.8,51.1,19.4,22,7.5,R,2468,35.8,95.6,2305,-2.5,-11.8,17.5,1.3,0.1,86.6,1939,1,-26.2,11.4,1.4,17.5,86.7,1746,-10.8,-31.9,11.7,1.8,,,,,,,,20.8,95.1,2157,-12.4,-15.7,18,1.3,25.8,88.5,2429,5.4,-28.7,8.3,1.6,,,,,,,,,,,,,,,,,,,,,,,,,,,,,,,,,,,,,,,,,,
"Rodriguez, Eduardo",593958,2016,23,20,107,457,21.9,8.5,0.224,0.38,0.313,0.299,5.1,3.8,26,23.5,49.4,32.7,29.5,26.3,11.4,L,1842,49.6,94,2173,11.9,-14.5,19.6,1.5,15.7,86.2,2177,0.7,-31.3,5.4,2.1,16.8,87.9,1967,20,-26.7,21.7,1.8,,,,,,,,18,93.8,2139,16.4,-18.1,20.3,1.4,,,,,,,,,,,,,,,,,,,,,,,,,,,,,,,,,,,,,,,,,,,,,,,,,
"Shreve, Chasen",592741,2016,25,37,33,142,23.2,9.2,0.235,0.425,0.349,0.327,6.5,4.3,38.7,30.9,48.3,44.1,24.7,21.5,9.7,L,568,50,92.1,2393,11.6,-10.9,22.6,1.1,19,81.5,2039,-0.9,-38.4,3.7,1.9,31,82.6,1004,10.4,-34.9,12.1,1.4,,,,,,,,,,,,,,,,,,,,,,,,,,,,,,,,,,,,,,,,,,,,,,,,,,,,,,,,,,,,,,,
"Feliz, Michael",593140,2016,23,47,65,270,35.2,8.1,0.207,0.373,0.287,0.283,7.2,4.6,41.2,32.6,45.2,42.5,30.7,21.6,5.2,R,1148,63.7,95.6,2250,-0.4,-11.4,19.9,2.1,31.2,82.9,1996,9.7,-38.6,10.6,2.3,5.1,84.9,1861,-6.3,-21.3,18.8,1.9,,,,,,,,0.1,93.3,2363,-3.2,-7.8,14.4,,,,,,,,,,,,,,,,,,,,,,,,,,,,,,,,,,,,,,,,,,,,,,,,,,
"Butler, Eddie",572750,2016,25,17,64,293,16,7.2,0.3,0.495,0.398,0.366,3.6,3.6,43.2,18.8,46.4,48.2,19.4,28.4,4.1,R,1075,44.6,93.7,2098,-8.2,-16.1,16.2,1.6,25.9,87.6,2379,5.9,-32.6,7,1.7,7,88.3,1784,-9.4,-25.5,13,1.7,7.9,80.2,2540,7.6,-46.7,10.3,1.8,14.7,93.4,1987,-12.8,-19.9,15.7,1.8,,,,,,,,,,,,,,,,,,,,,,,,,,,,,,,,,,,,,,,,,,,,,,,,,
"Manship, Jeff",453249,2016,31,53,43.1,189,19,11.6,0.249,0.433,0.322,0.332,5.3,1.5,30.5,28.6,42.7,52.7,18.3,22.1,6.9,R,736,3,91.4,2158,-8.1,-15.9,18.7,1.4,,,,,,,,0.4,86.6,1878,-13.4,-24.8,17.7,1.5,48.8,83.6,2308,3.8,-37.9,5.3,1.5,47.8,91.5,2093,-13.2,-19.4,18.3,1.3,,,,,,,,,,,,,,,,,,,,,,,,,,,,,,,,,,,,,,,,,,,,,,,,,
"Kazmir, Scott",431148,2016,32,26,136.1,590,22.7,8.8,0.242,0.395,0.327,0.312,6.3,4.5,31,23.3,44.9,41.6,20.9,29,8.6,L,2379,6.6,91.7,2214,6.7,-13.5,20.5,2,9.9,81,1966,-0.3,-39.3,4.7,1.4,18.7,77.2,1440,13.7,-38.5,15.7,2.3,6,77,1960,-1.8,-47.8,4.7,2.1,49,92,2201,12.3,-14.3,21,1.8,9.8,87.5,2078,2.1,-23.3,11.5,2.3,,,,,,,,,,,,,,,,,,,,,,,,,,,,,,,,,,,,,,,,,,
"Gregerson, Luke",502381,2016,32,59,57.2,230,29.1,7.8,0.187,0.309,0.253,0.252,6.3,4.9,35,42.3,48.2,61.5,16.1,18.9,3.5,R,844,9.4,89.6,2391,-3.3,-28.5,8.7,1.2,45.5,81.7,2485,11.5,-44.3,12.1,1.2,1.1,79.8,1943,-4.7,-38.8,6.4,1.4,,,,,,,,42.4,89.8,2395,-8.2,-31.7,9,1.2,1.7,89.3,2381,1.2,-29.5,7.6,1.3,,,,,,,,,,,,,,,,,,,,,,,,,,,,,,,,,,,,,,,,,,
"Snell, Blake",605483,2016,23,19,89,401,24.4,12.7,0.246,0.358,0.324,0.314,6.3,3.2,29.8,27.8,42.5,38.9,23.8,31,6.3,L,1716,57.3,94.2,2508,7.3,-11.8,19.9,1.5,12.1,83.2,2203,1.7,-41.3,4.8,1.7,17.9,85.4,1742,15.9,-22.1,22,1.3,12.7,76.4,2376,-1.8,-60.3,14.4,1.8,,,,,,,,,,,,,,,,,,,,,,,,,,,,,,,,,,,,,,,,,,,,,,,,,,,,,,,,
"Bassitt, Chris",605135,2016,27,5,28,133,17.3,10.5,0.294,0.562,0.368,0.396,6.3,5.2,43.8,20.1,44.5,46.9,21.9,28.1,3.1,R,503,24.1,93.6,2217,-9,-15.9,16.9,1.8,14.1,85.5,2263,7.9,-32.2,9.5,2,7.8,83.4,1945,-15.9,-30.1,17.9,1.4,18.9,72.1,2296,17.2,-65.1,21.9,1.5,35.2,92.9,2157,-14.8,-19.2,18.3,1.8,,,,,,,,,,,,,,,,,,,,,,,,,,,,,,,,,,,,,,,,,,,,,,,,,
"Straily, Dan",573185,2016,27,34,191.1,792,20.5,9.2,0.242,0.423,0.307,0.324,6.2,1.8,35,23.2,47.4,33.5,27.1,30.2,9.2,R,3035,47.1,89.8,2212,-6.4,-12.1,18.2,1.4,26.1,83.6,2305,6.3,-30.8,8,1.9,18,82.9,1314,-9.8,-31.1,11.1,1.2,4.7,73.2,2411,11.8,-51.1,13.9,2.1,4.2,90,2131,-12.9,-16,17.5,1.4,,,,,,,,,,,,,,,,,,,,,,,,,,,,,,,,,,,,,,,,,,,,,,,,,
"McFarland, T.J.",519008,2016,27,16,24.2,112,6.3,8.9,0.3,0.459,0.388,0.355,2.2,6.5,38.7,13.5,44.9,60.2,15.1,21.5,3.2,L,373,19,92.3,2161,14.5,-20,19.7,1.3,17.7,80.3,2265,-5.3,-44,6.5,1.7,13.1,84.7,1781,17,-29.9,18.9,1.4,,,,,,,,50.1,92.3,2137,18.8,-21.7,20.7,1.3,,,,,,,,,,,,,,,,,,,,,,,,,,,,,,,,,,,,,,,,,,,,,,,,,
"Lester, Jon",452657,2016,32,32,202.2,796,24.7,6.5,0.22,0.339,0.264,0.272,4.6,3.5,29.2,23.8,47.1,47.5,19.4,25.9,7.2,L,3157,50.9,92.7,2301,7.8,-14.8,18.7,1.4,,,,,,,,4.9,85.4,1744,14.4,-29.8,16.5,1.5,12.6,75,2532,-11.2,-54.7,13.3,2.2,13,91.6,2066,13.9,-22.5,16.6,1.7,18.7,89,2387,-1.9,-24.5,10,1.5,,,,,,,,,,,,,,,,,,,,,,,,,,,,,,,,,,,,,,,,,,
"deGrom, Jacob",594798,2016,28,24,148,604,23.7,6,0.256,0.407,0.298,0.309,4.7,4,31.8,24.7,49.1,47.4,20.1,25.8,6.6,R,2353,42.9,94,2297,-5.8,-14.5,16.8,1.6,18.8,89.3,2414,3.9,-26.3,8,1.7,9.5,85.9,1686,-12.6,-29.2,14.7,1.6,11,81,2432,8.2,-44.4,9.8,1.9,17.8,93.8,2205,-13.6,-18.7,17.6,2.3,,,,,,,,,,,,,,,,,,,,,,,,,,,,,,,,,,,,,,,,,,,,,,,,,
"Milone, Tommy",543548,2016,29,19,69.1,311,15.8,7.1,0.289,0.485,0.361,0.353,5,5.9,36.4,20.9,45.1,47.7,17.6,29.3,5.4,L,1214,50,88,2251,6.3,-14.5,20.4,1.2,2.1,83.7,2241,1.3,-26.5,13.1,3.3,34.1,81.8,1722,16.7,-28.7,19.9,1.4,10.7,75.1,2558,-5.3,-53.6,9.3,2.4,2.6,87,2102,18.3,-19,24.9,1.4,0.4,86.6,2242,-2.6,-22.4,16.9,1.5,,,,,,,,,,,,,,,,,,,,,,,,,,,,,,,,,,,,,,,,,,
"Cobb, Alex",502171,2016,28,5,22,104,15.4,6.7,0.296,0.522,0.406,0.367,3.7,1.2,37,17.3,46.4,51.9,17.3,23.5,7.4,R,386,49,90.9,2083,-11.6,-18.7,19.8,1.2,,,,,,,,28.8,85.7,1665,-10.2,-23.2,18.7,1.1,22.3,80.3,2499,8.5,-60.8,18.4,1.4,,,,,,,,,,,,,,,,,,,,,,,,,,,,,,,,,,,,,,,,,,,,,,,,,,,,,,,,
"Torres, Carlos",448614,2016,33,72,82.1,339,23,8.8,0.231,0.369,0.284,0.3,5.7,3.1,29.1,24.8,50.3,46.3,22.5,26.9,4.4,R,1304,53.2,92.4,2330,0.7,-18.3,11.7,1.4,,,,,,,,0.2,86.2,2372,-4.4,-34.6,10.4,1.6,12.2,81.3,2460,13.9,-49.9,18.5,2.4,1.7,92.3,1999,-12.7,-21.1,15.3,1.4,32.7,90.6,2350,5.5,-22.4,10.1,1.9,,,,,,,,,,,,,,,,,,,,,,,,,,,,,,,,,,,,,,,,,,
"Porcello, Rick",519144,2016,27,33,223,890,21.2,3.6,0.244,0.415,0.274,0.301,6.6,2.6,35.1,18.5,48.4,44.1,25.6,23,7.3,R,3394,22.2,92.2,2447,-6.8,-14.6,17.8,1.7,12.8,85.5,2460,5.4,-30.4,9,2.1,13.4,81.4,1688,-11.6,-31.5,14.4,2.9,13.8,74.2,2802,16.7,-63.8,22.2,2,37.9,90.1,2364,-13.5,-21.5,17.3,1.7,,,,,,,,,,,,,,,,,,,,,,,,,,,,,,,,,,,,,,,,,,,,,,,,,
"Germen, Gonzalez",542674,2016,28,40,40.2,182,17.6,13.7,0.285,0.483,0.352,0.371,4.8,4.8,37.1,25.8,45.1,41.1,21,30.6,7.3,R,728,55.6,94.2,2069,-10.3,-17.8,15.6,1.1,7,87.3,1981,-0.8,-30.2,4.7,1.4,32.6,86.3,1783,-10.5,-28.2,12.9,1.4,,,,,,,,4.8,94.4,2001,-14.2,-21.1,16.1,1.2,,,,,,,,,,,,,,,,,,,,,,,,,,,,,,,,,,,,,,,,,,,,,,,,,
"Familia, Jeurys",544727,2016,26,78,77.2,321,26.2,9.7,0.203,0.268,0.253,0.246,2,5.9,28.8,31.8,49.6,65.9,8.8,21.5,3.9,R,1238,13.8,97.4,2278,-6.7,-13.3,16,1.4,20,87.3,2270,4,-36.4,5.2,1.5,,,,,,,,,,,,,,,66.2,96.7,2240,-14,-20.2,16.2,1.4,,,,,,,,,,,,,,,,,,,,,,,,,,,,,,,,,,,,,,,,,,,,,,,,,
"Norris, Bud",502032,2016,31,35,113,495,20.6,9.9,0.255,0.417,0.329,0.326,7,2.3,40.8,23.1,46.3,49.6,21.4,23.8,5.3,R,1985,47.1,94.1,2392,-6.9,-11.6,18.3,1.4,32.7,85.4,2434,6.4,-36.9,7.6,1.8,2.5,85.1,1779,-14,-28.5,16.3,1.5,,,,,,,,9.2,94,2293,-13.7,-15.1,18.9,1.8,8.5,89,2505,5.2,-27.3,7.7,1.1,,,,,,,,,,,,,,,,,,,,,,,,,,,,,,,,,,,,,,,,,,
"Pomeranz, Drew",519141,2016,27,31,170.2,703,26.5,9.2,0.204,0.349,0.286,0.279,5.3,4.2,34.4,25.5,46.2,48.6,24.6,20,6.9,L,2829,39,91.8,2467,8,-14.4,19.6,1.6,,,,,,,,9.6,87,2299,12.3,-20.7,20.4,1.9,39.2,79.7,2160,-5.2,-61.4,17.4,1.8,,,,,,,,12.2,86.3,2388,0.1,-29.2,7.7,1.9,,,,,,,,,,,,,,,,,,,,,,,,,,,,,,,,,,,,,,,,,,
"Ottavino, Adam",493603,2016,30,34,27,107,32.7,6.5,0.194,0.272,0.238,0.243,3.2,1.6,34.9,28.9,42.4,61.9,11.1,20.6,6.3,R,457,0.9,95.3,2302,0.7,-9.5,15.8,1.4,0.9,80.4,,15.5,,16.2,1.6,,,,,,,,,,,,,,,52.5,94.5,2130,-9.1,-20.7,12.2,1.4,6.1,88.6,2385,5.2,-27.5,7.3,1.8,,,,,,,,,,,,,,,39.6,81.9,2800,16.9,-40.6,17.6,1.6,,,,,,,,,,,,,,,,,,,,,
"Rasmus, Cory",474284,2016,28,19,24.2,114,14.9,14,0.243,0.431,0.349,0.346,6.3,2.5,27.5,23.9,44.2,32.5,36.3,20,11.3,R,459,44.4,92.3,2286,-4.7,-15.3,20.1,1.4,22,85.2,2286,7.9,-32.4,10.8,1.5,19.8,85.5,1667,-11.3,-26.6,17.3,1.4,13.1,74.9,2148,10.7,-63.2,16.4,1.5,0.7,92.6,2260,-15,-16.4,21.7,1.5,,,,,,,,,,,,,,,,,,,,,,,,,,,,,,,,,,,,,,,,,,,,,,,,,
"Matz, Steven",571927,2016,25,22,132.1,547,23.6,5.7,0.228,0.343,0.299,0.275,4.2,3.1,36.1,22.3,47.3,54.2,17.3,23,5.5,L,2145,0.2,92,2043,2.6,-19,14.5,1.6,9.7,87.9,2114,-1.2,-29.9,4.9,1.4,11.9,83.8,2208,17.5,-29.5,19.6,1.4,16.8,78.8,2424,-8.5,-53.1,13.3,2,61.4,94.3,2062,15.3,-18.6,19.2,1.2,,,,,,,,,,,,,,,,,,,,,,,,,,,,,,,,,,,,,,,,,,,,,,,,,
"Herrera, Kelvin",516969,2016,26,72,72,283,30.4,4.2,0.207,0.321,0.257,0.251,5.5,2.2,33.5,31.7,51.2,45.6,24.2,24.7,5.5,R,1090,50.9,97.9,2266,-7.5,-12.9,17.8,1.4,9.7,84.2,2535,13.5,-38.5,14.2,1.9,18.5,89.3,1786,-14.4,-27,16.2,1.5,11.6,82.1,2635,13.7,-48.1,15.8,1.7,9.3,97.4,2192,-13.3,-15.4,18.4,1.4,,,,,,,,,,,,,,,,,,,,,,,,,,,,,,,,,,,,,,,,,,,,,,,,,
"Pérez, Williams",554234,2016,25,11,53.2,233,11.6,6.4,0.262,0.432,0.319,0.321,5.3,2.1,40.7,14.3,44.8,58.7,19.6,18,3.7,R,848,,,,,,,,,,,,,,,10,79.5,1385,-11.2,-38.3,12,1.9,15.6,77.3,2372,11.3,-49.5,12.9,1.8,74.4,91.8,2013,-15.9,-22,18.4,1.6,,,,,,,,,,,,,,,,,,,,,,,,,,,,,,,,,,,,,,,,,,,,,,,,,
"Stroman, Marcus",573186,2016,25,32,204,854,19.4,6.3,0.257,0.387,0.312,0.306,5.7,3,41.9,21.3,47.3,61.6,13.2,22.2,3,R,3102,9.3,93.5,2377,-4,-17.6,15,1.3,0.1,86.2,,4.8,,6.1,1.5,5.3,85.2,1449,-11.6,-28.5,14.9,1.9,2.5,80,2616,16.2,-49.4,17.9,1.9,48.9,92.9,2253,-9.5,-26.5,11.1,1.1,22.2,89.2,2472,5.7,-34,7.9,1.9,,,,,,,,,,,,,,,,,,,,,,11.7,83.4,2695,13.1,-43.7,14.5,2.1,,,,,,,,,,,,,,
"Paxton, James",572020,2016,27,20,121,511,22.9,4.7,0.247,0.365,0.306,0.28,4.1,3.5,41.2,25.5,49.8,48.8,20.9,25.2,5.1,L,1940,59.4,97.5,2132,12.7,-13.2,18.3,1.7,,,,,,,,7.9,89.4,1871,12.7,-24.3,15.4,2.7,12.2,82.5,2033,-5.6,-48.9,13.8,2,3.5,91.3,2099,9.6,-22.4,18,5.7,17,90.3,2064,0.7,-26.7,5.2,1.8,,,,,,,,,,,,,,,,,,,,,,,,,,,,,,,,,,,,,,,,,,
"Hahn, Jesse",534910,2016,26,9,46.1,203,11.3,9.4,0.293,0.477,0.369,0.361,6.8,3.1,33.5,14.1,45.8,50.9,16.8,27.3,5,R,711,21,94.5,2289,-10.5,-15.6,18.7,1.5,,,,,,,,7.7,86.2,1611,-13.5,-32.9,14.6,1.7,20.4,75.9,3014,17,-62.5,23.4,1.6,50.9,94.5,2237,-13.9,-18.9,17.9,1.5,,,,,,,,,,,,,,,,,,,,,,,,,,,,,,,,,,,,,,,,,,,,,,,,,
"Smith, Joe",501925,2016,32,54,52,217,18.4,8.3,0.281,0.456,0.311,0.358,4.6,2,39.2,20,45.4,52.3,15.7,26.1,5.9,R,802,11.2,89.3,2084,-16.6,-28.1,18,1.5,32.9,80.5,2277,16.1,-35.2,17.2,1.2,5,79.1,1781,-14.6,-48.5,16,1.3,,,,,,,,50.9,88.8,1954,-16.4,-35,16.8,1,,,,,,,,,,,,,,,,,,,,,,,,,,,,,,,,,,,,,,,,,,,,,,,,,
"Wright Jr., Mike",605541,2016,26,18,74.2,328,15.2,7.9,0.262,0.442,0.362,0.343,8.6,3.7,35.4,16.1,46.1,43.2,21.8,26.7,8.2,R,1296,48.1,94.2,2229,-8.3,-13.6,18.4,1.9,13.7,84.1,2339,5.9,-37.9,6.7,2.1,7.8,81.2,1668,-13.7,-29.6,17.1,2.2,8.3,79.6,2287,6.4,-42.8,7.5,1.9,22.2,92.5,2024,-14.1,-19,18.1,2,,,,,,,,,,,,,,,,,,,,,,,,,,,,,,,,,,,,,,,,,,,,,,,,,
"Godley, Zack",643327,2016,26,27,74.2,335,17.9,7.5,0.272,0.459,0.357,0.339,3.7,1.2,35,26.6,47,55.3,14.6,26.8,3.3,R,1137,11.4,91.6,2226,-3,-22.5,10,1.1,,,,,,,,9.9,83.5,1479,-6.1,-35.3,7.3,1.3,25.5,82.2,2220,6.6,-50.9,13.7,1.5,25,91.3,2260,-10.8,-24.8,13.1,1.3,28.1,90.2,2230,1.6,-23.2,9.1,1.2,,,,,,,,,,,,,,,,,,,,,,,,,,,,,,,,,,,,,,,,,,
"Fiers, Mike",571666,2016,31,31,168.2,724,18.5,5.8,0.274,0.449,0.342,0.332,5.5,2,39.2,21.5,45.9,44,20.5,28.8,6.7,R,2770,43.4,90,2188,-0.5,-15,20,1.4,7.2,82,2294,9.8,-38.3,11.3,1.8,19.5,83.1,1765,-9.9,-32.8,13,1.3,19.1,74.4,2667,12.4,-69.4,23.4,1.5,,,,,,,,10.8,86.9,2324,8.1,-23.8,15.7,1.5,,,,,,,,,,,,,,,,,,,,,,,,,,,,,,,,,,,,,,,,,,
"Danks, John",433579,2016,31,4,22.1,100,16,11,0.303,0.601,0.404,0.405,9.6,1.4,42.5,20.9,40.8,31.5,28.8,30.1,9.6,L,387,29.7,87.7,2351,11.1,-16.5,22,1.3,,,,,,,,27.4,81.4,1814,16.4,-29,22,1.7,10.1,74.7,2028,-3.9,-49.1,6.4,1.5,15.5,88.1,2276,18.1,-20.5,23.8,1.4,17.3,84.5,2407,2.2,-23.4,15.5,1.6,,,,,,,,,,,,,,,,,,,,,,,,,,,,,,,,,,,,,,,,,,
"Wright, Steven",453214,2016,31,24,156.2,656,19.4,8.7,0.22,0.33,0.289,0.281,4.5,3.4,26.7,25.1,44.7,45.5,26.9,19.6,8,R,2494,14.8,83.9,1915,-8.4,-23.6,16.8,2.4,,,,,,,,,,,,,,,16,67.7,1940,5.3,-60.4,11.3,3.1,,,,,,,,,,,,,,,,,,,,,,69.2,74.8,1726,1.8,-47.6,10.3,2.1,,,,,,,,,,,,,,,,,,,,,,,,,,,,
"Barnes, Jacob",606930,2016,26,27,26.2,106,24.5,5.7,0.219,0.324,0.264,0.255,6.8,2.7,25.7,33.5,50.9,48.6,20.3,24.3,6.8,R,403,59.8,95.2,2365,-0.9,-12,15.7,1.8,40,88.9,2294,5.7,-28.9,6.9,2.2,,,,,,,,0.2,80.7,2271,5.3,-36.5,5.3,,,,,,,,,,,,,,,,,,,,,,,,,,,,,,,,,,,,,,,,,,,,,,,,,,,,,,,,,
"Klein, Phil",607309,2016,27,12,19.1,86,22.1,10.5,0.266,0.44,0.368,0.352,10.5,3.5,36.8,21.9,44.7,33.3,28.1,36.8,1.8,R,357,19.6,92.3,2228,-5,-14.2,18.4,1.3,30.3,86.4,2272,1.3,-27.3,8.5,2,5.6,86.2,1479,-11.5,-26.3,14.5,1.4,4.8,80.2,2274,1.7,-46,6,1.6,39.8,92.5,2152,-11.5,-16.9,17.6,1.2,,,,,,,,,,,,,,,,,,,,,,,,,,,,,,,,,,,,,,,,,,,,,,,,,
"Geltz, Steve",544993,2016,28,27,26.2,112,20.5,8,0.283,0.68,0.365,0.423,3.8,0,53.2,23.8,49.7,21.5,46.8,22.8,8.9,R,465,69.7,93,2267,-2.1,-10.6,22.2,1,19.1,81.4,2361,10.5,-40.4,11.5,1.4,,,,,,,,,,,,,,,,,,,,,,,,,,,,,11.2,84,1031,-4.1,-33.9,8.7,1.5,,,,,,,,,,,,,,,,,,,,,,,,,,,,,,,,,,,
"Medlen, Kris",450665,2016,30,6,24.1,119,15.1,16.8,0.309,0.466,0.384,0.398,6.2,2.5,42,23.2,38.9,49.4,18.5,23.5,8.6,R,475,15.6,91.4,2389,-5.6,-13.2,20.4,1.2,17.3,85.4,2728,5.5,-34.6,7.2,1.5,14.7,85.6,1956,-13.7,-25.1,18.6,1.3,13.1,78.2,3038,13.3,-61.7,21,1.5,39.4,91.2,2210,-12.8,-19.6,18.6,1.3,,,,,,,,,,,,,,,,,,,,,,,,,,,,,,,,,,,,,,,,,,,,,,,,,
"Bowman, Matt",621199,2016,25,59,67.2,281,18.5,7.1,0.225,0.299,0.271,0.258,2.4,4.3,22.1,22.9,44.8,63.5,11.5,22.1,2.9,R,1050,28.2,92.7,2043,-13.9,-19.7,18.1,1.2,22.5,87.2,2245,4.3,-32.1,7.1,1.9,14.4,81.6,1099,-8.3,-39.1,10.1,1.4,,,,,,,,35,92.1,1983,-17.3,-24.6,18.5,1.3,,,,,,,,,,,,,,,,,,,,,,,,,,,,,,,,,,,,,,,,,,,,,,,,,
"López, Reynaldo",625643,2016,22,11,44,200,21,11,0.235,0.36,0.332,0.308,5.9,1.5,26.5,22.3,46.2,42.6,17.6,30.1,9.6,R,799,64.5,96.5,2129,-9.4,-12,17.9,1.8,,,,,,,,10.3,86.4,1518,-11.1,-24.2,15.2,1.8,25.3,78.5,2339,7.3,-47.9,9.7,2,,,,,,,,,,,,,,,,,,,,,,,,,,,,,,,,,,,,,,,,,,,,,,,,,,,,,,,,
"Blanton, Joe",430599,2016,35,75,80,315,25.4,8.3,0.222,0.351,0.248,0.281,6.8,1.4,30.4,30.7,48,34.3,30,27.5,8.2,R,1262,18.6,91.6,2198,-5.8,-15.7,15.8,1.1,43.5,86.7,2366,4.6,-31.7,7,2.2,11.4,86.6,1798,-12.6,-29.5,13.5,1.1,14.7,80.5,2495,6.6,-50.3,12,1.3,11.8,91.9,2164,-11.2,-17.1,17.1,1.3,,,,,,,,,,,,,,,,,,,,,,,,,,,,,,,,,,,,,,,,,,,,,,,,,
"Glasnow, Tyler",607192,2016,22,7,23.1,105,22.9,12.4,0.216,0.354,0.342,0.32,4.6,3.1,23.1,27.7,43.5,49.2,15.4,27.7,7.7,R,438,63.2,94.1,2212,-2.8,-13.6,14.4,2,,,,,,,,1.6,89.5,1710,-5,-24.9,11.6,1.4,35.2,79.8,2458,10.9,-52,18.8,1.4,,,,,,,,,,,,,,,,,,,,,,,,,,,,,,,,,,,,,,,,,,,,,,,,,,,,,,,,
"Floyd, Gavin",425856,2016,33,28,31,124,24.2,6.5,0.212,0.377,0.276,0.287,3.6,0,33.7,33.3,47.4,41,27.7,21.7,9.6,R,474,38.6,93.1,2195,-6.5,-15.7,15.8,1.9,,,,,,,,1.7,87.1,1935,-9,-22.8,12.6,1.4,34,81.6,2414,11.1,-48.5,15.1,1.5,15.6,93.9,2140,-14.7,-18,18,1.8,10.1,87.6,2102,0.9,-28.7,6.6,1.6,,,,,,,,,,,,,,,,,,,,,,,,,,,,,,,,,,,,,,,,,,
"Hoover, J.J.",543331,2016,28,18,18.2,97,15.5,12.4,0.322,0.677,0.485,0.452,2.9,2.9,40.6,23.2,44.7,33.3,26.1,30.4,10.1,R,410,65.1,92.3,2302,-3.9,-11.9,16,1.2,17.1,84.7,2385,8.1,-32.5,8.7,1.3,3.9,86.8,2059,-4.2,-17.3,13.7,1.5,13.9,76.2,2514,14.7,-50.6,17,1.5,,,,,,,,,,,,,,,,,,,,,,,,,,,,,,,,,,,,,,,,,,,,,,,,,,,,,,,,
"Márquez, Germán",608566,2016,21,6,20.2,98,15.3,6.1,0.235,0.299,0.394,0.286,4.1,0,16.2,20.9,46.4,55.4,8.1,35.1,1.4,R,350,54.3,94.1,2179,-6.1,-18.7,12.6,1.8,,,,,,,,8.9,83.2,1497,-7.2,-32,10,1.8,28.6,79,2746,13.2,-51.3,16.6,2.1,2.3,92.5,2209,-13.9,-24.1,15.2,1.4,6,92.6,2115,0.1,-19.9,8.3,1.8,,,,,,,,,,,,,,,,,,,,,,,,,,,,,,,,,,,,,,,,,,
"Warren, Adam",476589,2016,28,58,65.1,277,18.8,10.5,0.233,0.409,0.314,0.31,3.6,3.1,29.7,23.4,46.5,44.6,25.1,23.6,6.7,R,1162,35.2,93.5,2241,-4.2,-13.1,17.8,1.1,30.9,87.7,2274,6.9,-27.9,10,1.6,14.5,85.1,1720,-14.3,-28.3,16.3,1.2,10.8,80.1,2217,8.5,-53.4,15.1,1.4,7.6,93.2,2175,-11.7,-16.2,17.5,1.4,1,91.5,2176,-0.2,-15.8,15.5,1.6,,,,,,,,,,,,,,,,,,,,,,,,,,,,,,,,,,,,,,,,,,
"Vogelsong, Ryan",285064,2016,38,24,82.1,365,16.7,11,0.247,0.417,0.344,0.331,3.8,4.2,30.4,17.2,40.1,42.7,21.5,28.5,7.3,R,1381,37.2,90.8,2046,-8.3,-16.3,17.1,1.5,22.2,87.6,2009,-0.2,-19.3,13.9,1.4,12.9,84.2,1793,-12.5,-25.6,16.4,1.5,15.6,76.3,1973,5.4,-52.9,10.1,1.5,12.1,90.2,1956,-13.9,-18.8,17.5,1.5,,,,,,,,,,,,,,,,,,,,,,,,,,,,,,,,,,,,,,,,,,,,,,,,,
"Davis, Wade",451584,2016,30,45,43.1,176,26.7,9.1,0.202,0.269,0.25,0.258,2.7,2.7,25.5,28,48.3,48.2,24.5,19.1,8.2,R,716,47.9,95.7,2344,-4.6,-11.8,18.4,1.7,0.3,92.2,2569,1.9,-21.9,8.1,1.5,,,,,,,,18.4,84.1,2490,7.2,-51.3,14.8,1.9,1.4,94,2233,-11.9,-16.8,18.5,1.8,32,92.3,2597,4.5,-22.7,10.4,1.5,,,,,,,,,,,,,,,,,,,,,,,,,,,,,,,,,,,,,,,,,,
"Cole, A.J.",595918,2016,24,8,38.1,168,23.2,8.3,0.187,0.365,0.328,0.273,3.5,0,26.5,23.2,46.7,31.9,28.3,22.1,17.7,R,671,35.5,91.5,2099,-10.7,-13.8,19.1,1.5,26.7,82.6,2195,5.1,-31.9,6.8,1.2,7.2,84,1512,-14.1,-29,15.5,2.8,8.9,75.1,2198,8.4,-48.9,10.2,1.4,21.8,91.4,2050,-13.9,-17,17.6,1.3,,,,,,,,,,,,,,,,,,,,,,,,,,,,,,,,,,,,,,,,,,,,,,,,,
"Reyes, Alex",621052,2016,21,12,46,189,27.5,12.2,0.165,0.234,0.261,0.233,1.8,7.9,15.8,26.9,45.5,43.9,24.6,18.4,13.2,R,784,26.1,97.9,2323,-5.2,-9.4,17.3,1.6,,,,,,,,26.9,89,1704,-11.5,-22.8,14.7,2.6,12.2,80.1,2505,7.3,-56.3,17.5,3,34.7,97,2271,-11.6,-12.6,19,2,,,,,,,,,,,,,,,,,,,,,,,,,,,,,,,,,,,,,,,,,,,,,,,,,
"Berríos, José",621244,2016,22,14,58.1,281,17.4,12.5,0.267,0.489,0.401,0.375,5.2,3.6,34.9,20.1,43.4,39.1,25.5,25.5,9.9,R,1144,39.6,94,2185,-4.5,-13.5,16.2,1.3,,,,,,,,14.4,85.2,1555,-11.5,-30.3,12.9,1.5,0.5,81.5,,17.3,,18.7,1.5,24.4,93.8,2134,-11.2,-17,16.7,1.4,,,,,,,,,,,,,,,,,,,,,,,,,,,,,21.1,81.5,2376,17.3,-43.3,18.2,1.4,,,,,,,,,,,,,,
"Griffin, A.J.",456167,2016,28,23,119,509,21,9,0.264,0.48,0.353,0.353,7.7,3.2,38.7,22.8,44.2,30.7,28.9,26.9,13.5,R,2057,54.9,88.2,2305,-8.2,-16.2,21.3,1.7,16.8,83.7,2310,3.5,-30.5,9.7,1.7,9.4,81.4,1789,-8.8,-27.4,16.1,1.5,18.9,67.1,2629,15.7,-73.8,21.2,1.5,,,,,,,,,,,,,,,,,,,,,,,,,,,,,,,,,,,,,,,,,,,,,,,,,,,,,,,,
"Rogers, Taylor",573124,2016,25,57,61.1,264,24.2,6.1,0.245,0.375,0.309,0.295,3.4,2.8,40.8,18.4,43.1,51.4,20.1,24.6,3.9,L,997,12.1,93.3,2065,15.2,-18.8,19.8,1.2,,,,,,,,1.4,88.3,1599,18.4,-28.1,19,1.4,43,78.3,2798,-12.1,-46.1,12.9,1.3,43.4,93.1,2017,18.9,-19.8,20.7,1.3,,,,,,,,,,,,,,,,,,,,,,,,,,,,,,,,,,,,,,,,,,,,,,,,,
"Jeffress, Jeremy",502026,2016,28,59,58,241,17.4,7.5,0.245,0.321,0.287,0.28,3.4,4.5,26.6,22.4,45.8,61,9.6,27.1,2.3,R,855,9.9,96.1,2219,-7.7,-13,16.5,1.4,,,,,,,,5.8,90.8,1673,-12.3,-28.5,13.4,1.5,20.5,81.1,2295,11.4,-47.2,14.2,1.4,63.7,95.9,2109,-16.1,-19.7,18.1,1.5,,,,,,,,,,,,,,,,,,,,,,,,,,,,,,,,,,,,,,,,,,,,,,,,,
"Villanueva, Carlos",453646,2016,32,51,74,321,19,4.4,0.29,0.497,0.368,0.347,5.3,1.2,36.2,24.1,47.4,44,21,27.6,7.4,R,1175,31.3,88.8,2156,-4.6,-15.9,19.5,1.3,28.9,83.1,2153,6.2,-35.3,8.7,1.8,12.6,82.9,1375,-6.5,-28,13.5,1.9,14.5,75,2341,11.7,-52.9,13.2,3.1,12.7,88.5,2177,-12.6,-19.7,19.3,1.4,,,,,,,,,,,,,,,,,,,,,,,,,,,,,,,,,,,,,,,,,,,,,,,,,
"Tanaka, Masahiro",547888,2016,27,31,199.2,805,20.5,4.5,0.25,0.388,0.278,0.293,6,3.3,36.3,23.3,50.2,48.8,19,25.6,6.7,R,2935,6.5,92.6,2243,-9.9,-14,20.5,1.6,27.7,84.5,2223,3.5,-31.4,8.4,2,,,,,,,,5.5,76.1,2302,9.1,-53.8,12.4,2.2,21.5,91,2029,-13.9,-20.6,17.6,1.5,8.9,89.4,2146,-5.4,-20.7,14.2,1.2,29.9,87.2,1594,-11.2,-28.9,12.8,1.6,,,,,,,,,,,,,,,,,,,,,,,,,,,,,,,,,,,
"Ynoa, Gabriel",593679,2016,23,10,18.1,88,19.3,8,0.279,0.366,0.331,0.315,0,3.2,33.3,21.9,48,50.8,17.5,27,4.8,R,323,13.3,94.3,2038,-12.6,-18.4,17.4,1.3,34.1,85.5,2179,1.6,-34.9,4.1,1.7,5.6,86.1,1963,-14.8,-25.5,17,1.4,2.8,80.5,2340,4.1,-44.7,6.4,1.5,44.3,93.9,1992,-15.4,-21.6,17.3,1.6,,,,,,,,,,,,,,,,,,,,,,,,,,,,,,,,,,,,,,,,,,,,,,,,,
"Venditte, Pat",519381,2016,31,15,22,102,18.6,10.8,0.257,0.47,0.372,0.353,8.6,2.9,44.3,24.7,44.1,40,27.1,21.4,11.4,R,230,,,,,,,,47.4,73,2914,11.6,-43,21.1,1.6,0.9,77.7,1541,-13.4,-41.7,15,1.4,,,,,,,,51.7,85.7,2424,-8.3,-26.4,14.6,1.9,,,,,,,,,,,,,,,,,,,,,,,,,,,,,,,,,,,,,,,,,,,,,,,,,
"Venditte, Pat",519381,2016,31,15,22,102,18.6,10.8,0.257,0.47,0.372,0.353,8.6,2.9,44.3,24.7,44.1,40,27.1,21.4,11.4,L,170,,,,,,,,44.7,73,2828,-12.9,-44,17.4,1.5,1.8,79.7,1694,13.6,-47.1,15.7,1.5,,,,,,,,53.5,83.2,2567,3.8,-27.8,12.1,1.6,,,,,,,,,,,,,,,,,,,,,,,,,,,,,,,,,,,,,,,,,,,,,,,,,
"Duffey, Tyler",608648,2016,25,26,133,596,19.1,5.4,0.288,0.507,0.369,0.358,6.1,2,43,19.6,47.6,48.6,17.8,29.1,4.5,R,2273,28.8,91,2102,-3.8,-15.2,14.9,1.6,,,,,,,,6.8,82.9,1636,-10.7,-28.5,13.9,1.9,38.7,80.9,2421,10.5,-49.8,15.7,2.1,24.5,90.9,2268,-11.7,-21.6,14.4,1.5,1.1,91.2,2079,1.9,-15.5,12.5,1.5,,,,,,,,,,,,,,,,,,,,,,,,,,,,,,,,,,,,,,,,,,
"Quackenbush, Kevin",534812,2016,27,60,59.2,253,16.6,8.7,0.275,0.457,0.315,0.341,10.1,2.6,38.1,18.5,43.7,38.1,24.3,29.6,7.9,R,1016,63.2,91.1,2163,-3.2,-14.9,17.8,1.1,3.9,83.4,1945,7.3,-37.4,8.4,1.5,0.6,84.3,1706,-5.6,-28.2,12.4,1.5,32.3,78.9,1932,9.3,-57.1,16.3,1.5,,,,,,,,,,,,,,,,,,,,,,,,,,,,,,,,,,,,,,,,,,,,,,,,,,,,,,,,
"Duke, Zach",435043,2016,33,81,61,258,26.4,11.2,0.196,0.263,0.275,0.26,3.8,6.4,24.2,25.9,42.7,63.1,12.1,17.2,7.6,L,1001,8.5,89.7,2142,4.2,-23.4,10.3,1.5,15.4,81.8,2379,-8.9,-35.1,10.6,1.3,4.4,85.9,1545,12.3,-35.4,13,1.2,20.8,75.9,2379,-15.2,-52.2,16.8,1.5,50.9,90.3,1941,13.4,-31.3,14.2,1.4,,,,,,,,,,,,,,,,,,,,,,,,,,,,,,,,,,,,,,,,,,,,,,,,,
"Grilli, Jason",276351,2016,39,67,59,251,32.3,12.7,0.21,0.375,0.313,0.305,5.9,1.5,34.6,31.8,45.4,30.1,35.3,27.9,6.6,R,1068,59.4,93,2362,-11.6,-14.3,20.6,1.1,35.7,81.1,2605,13.3,-42,13.9,1.3,2.4,84.9,2134,-16.3,-25.1,19.9,1.3,,,,,,,,2.5,92.7,2247,-16.5,-18,19.4,1.5,,,,,,,,,,,,,,,,,,,,,,,,,,,,,,,,,,,,,,,,,,,,,,,,,
"Richards, Garrett",572070,2016,28,6,34.2,148,23,10.1,0.249,0.406,0.3,0.323,6.1,3.1,38.8,24,46.8,46.9,16.3,31.6,5.1,R,611,36.2,96.4,2497,-0.3,-17.4,13.2,1.4,24.9,89.1,2745,5.1,-39.8,7.2,1.7,9.2,88.4,1817,-13,-29.9,14.8,1.7,3.6,80.1,3189,13.7,-62.5,24,1.6,20.6,96.3,2499,-9.4,-20.8,13.9,1.7,5.6,95.6,2540,4.9,-16.7,11.6,1.4,,,,,,,,,,,,,,,,,,,,,,,,,,,,,,,,,,,,,,,,,,
"Rondón, Héctor",444468,2016,28,54,51,200,29,4,0.214,0.334,0.275,0.259,5.3,2.3,33.3,24.6,46.6,49.2,22.7,22,6.1,R,785,50.6,96.6,2114,-6.7,-11.2,16.7,1.3,33.8,86.3,2054,6.1,-34.6,7.1,1.5,2.7,90.7,1888,-16.6,-25.9,17.4,1.5,,,,,,,,13,96.8,1983,-13.8,-15.7,17.3,1.4,,,,,,,,,,,,,,,,,,,,,,,,,,,,,,,,,,,,,,,,,,,,,,,,,
"Beck, Chris",571476,2016,25,25,25.1,123,16.3,13.8,0.258,0.399,0.371,0.341,1.2,7.1,28.6,26.6,44.5,47.6,16.7,27.4,8.3,R,459,46,95.3,2036,-8.8,-14.4,16.6,1.2,19.2,86.5,2123,7.3,-33.4,8.3,1.7,23.1,87.9,1519,-10.1,-28.6,11.5,1.9,,,,,,,,11.8,93.5,1798,-13.7,-19.6,16.8,1.2,,,,,,,,,,,,,,,,,,,,,,,,,,,,,,,,,,,,,,,,,,,,,,,,,
"Garza, Matt",490063,2016,32,19,101.2,461,15.2,7.8,0.265,0.399,0.333,0.316,4.3,3.4,37.5,19,47,57.1,14.8,22.2,6,R,1704,47.4,92.8,2017,-5.6,-14.4,16,1.4,18.1,83.4,1870,4.8,-34.8,6.3,1.4,3.6,85.5,1457,-8.9,-22.8,14.4,1.5,9.2,75.5,2351,9.5,-59.5,18.4,1.6,21.8,92.8,1973,-11.3,-15.6,16.8,1.4,,,,,,,,,,,,,,,,,,,,,,,,,,,,,,,,,,,,,,,,,,,,,,,,,
"Claudio, Alex",592222,2016,24,39,51.2,217,15.7,4.6,0.247,0.342,0.288,0.279,7,2.9,30.8,23.4,47.1,62.8,11.6,20.3,5.2,L,789,,,,,,,,2.5,80.1,2215,3.9,-37.7,6.1,1.4,26.9,67.8,2053,20.8,-62.9,21.2,2.3,15.1,74.5,2158,-4.5,-47.2,6.5,1.8,55.5,86,1969,19.1,-42.4,20,1.4,,,,,,,,,,,,,,,,,,,,,,,,,,,,,,,,,,,,,,,,,,,,,,,,,
"Barnette, Tony",501817,2016,32,53,60.1,246,19.9,6.5,0.271,0.401,0.281,0.32,4,4,29.4,24.6,49.5,47.5,23.2,24.9,4.5,R,918,13.1,93.3,2459,-0.7,-15.2,18.6,1.1,5.9,82.8,2403,12.8,-41.7,13.2,2.1,,,,,,,,10.2,77.9,2497,17.3,-50.4,18.3,1.4,19.3,92.7,2240,-10.9,-19.2,17.2,1.3,40.7,88.6,2482,8.9,-26.9,12.7,1.4,10.8,88.5,1683,-7,-30.6,9.6,1.9,,,,,,,,,,,,,,,,,,,,,,,,,,,,,,,,,,,
"Ryan, Kyle",594986,2016,24,56,55.2,226,15.5,6.6,0.254,0.402,0.27,0.304,6.9,3.5,37,19.8,48.9,56.6,18.5,20.8,4,L,821,35.8,90.1,2103,3.9,-20.3,13,1.4,0.5,85.3,2363,-4.2,-31.2,5.8,1.4,7.3,83.3,1703,11.2,-29.5,15.6,1.3,6.8,78.3,2520,-10.2,-49.1,12.4,1.5,24,89.4,2012,14.2,-25.2,16.8,2.1,25.6,85.4,2146,-3,-30.9,7.9,2.4,,,,,,,,,,,,,,,,,,,,,,,,,,,,,,,,,,,,,,,,,,
"Melancon, Mark",453343,2016,31,75,71.1,270,24.1,4.4,0.218,0.307,0.226,0.248,3.1,3.1,24,23.5,49.1,55.2,16.1,24,4.7,R,1023,13.9,92.4,2369,-2.8,-19.4,11.1,1.1,,,,,,,,,,,,,,,25.8,81.7,2746,7.4,-56.6,19.4,1.2,,,,,,,,59.9,91.5,2385,5.7,-23.7,9.4,1.4,0.4,84.5,1877,-5,-37.3,12.5,1.5,,,,,,,,,,,,,,,,,,,,,,,,,,,,,,,,,,,
"Casilla, Santiago",433586,2016,35,62,58,241,27,7.9,0.217,0.356,0.306,0.286,4.6,2.6,30.9,25.7,45.5,50,19.1,21.7,9.2,R,940,16.9,94.3,2334,-7.9,-14.9,16.4,1.5,17.1,89.4,2406,1.4,-22.6,9.2,1.2,2.4,87.3,2086,-15.4,-24.2,17.4,1.4,26,81.1,2442,12.8,-49.8,17.3,1.5,37.6,94.2,2348,-14.4,-17.5,17.7,1.3,,,,,,,,,,,,,,,,,,,,,,,,,,,,,,,,,,,,,,,,,,,,,,,,,
"Diaz, Jumbo",471822,2016,32,45,43,182,20.3,10.4,0.222,0.356,0.309,0.293,4,3.2,35.2,24.3,48.8,48.8,17.6,24,9.6,R,763,60.7,96.6,2242,-3.5,-10.1,13.8,1.3,25.3,86.3,2251,9.9,-31.4,10.7,2,5.5,89.8,1628,-9.6,-20.5,12.7,1.8,,,,,,,,8.5,96.3,2156,-12.1,-13.8,15.3,1.4,,,,,,,,,,,,,,,,,,,,,,,,,,,,,,,,,,,,,,,,,,,,,,,,,
"Marshall, Evan",605359,2016,26,15,15.1,79,11.4,10.1,0.304,0.482,0.455,0.368,1.6,1.6,39.3,20,45.8,57.4,11.5,27.9,3.3,R,278,15.8,93.6,2300,-5,-18.2,13.1,1.3,27,86.1,2456,7.5,-36.5,11.3,3.6,14,86.1,1826,-8.3,-30.5,12.1,2.8,,,,,,,,43.2,94.3,2115,-13,-22,15,1.3,,,,,,,,,,,,,,,,,,,,,,,,,,,,,,,,,,,,,,,,,,,,,,,,,
"Dull, Ryan",623430,2016,26,70,74.1,290,25.2,5.2,0.186,0.334,0.24,0.24,4,3.5,29.4,28.6,46.2,33.8,27.9,20.4,17.9,R,1205,58.9,91.4,2380,-3.9,-17.4,15.2,1.1,33.8,83.4,2190,8,-37.7,8.8,1.3,7.3,83.9,1209,-4.2,-36.7,5.6,1.3,,,,,,,,,,,,,,,,,,,,,,,,,,,,,,,,,,,,,,,,,,,,,,,,,,,,,,,,,,,,,,,
"Kluber, Corey",446372,2016,30,32,215,860,26.4,6.6,0.223,0.363,0.275,0.282,4.7,3.2,30.4,28.1,48.5,45.7,20.7,27.1,6.5,R,3183,17.1,92.9,2443,-3.1,-15,16.2,1.4,24,89.4,2640,6.1,-26,9.7,1.7,4.6,85.8,1673,-10,-28.8,12.7,1.6,18.6,83.9,2599,18.8,-37.6,19.1,1.4,35.7,93.1,2243,-12.1,-19,16.9,1.4,,,,,,,,,,,,,,,,,,,,,,,,,,,,,,,,,,,,,,,,,,,,,,,,,
"Givens, Mychal",571710,2016,26,66,74.2,313,30.7,11.5,0.209,0.312,0.296,0.284,5.7,3.4,26.3,32.1,49.3,38.3,24,29.7,8,R,1297,64.2,94.9,2384,-5.1,-16.9,13,1.8,29.4,85.9,2160,7.3,-33.4,8.3,1.8,6.4,85.9,1973,-9.9,-38.8,11,1.6,,,,,,,,,,,,,,,,,,,,,,,,,,,,,,,,,,,,,,,,,,,,,,,,,,,,,,,,,,,,,,,
"Bradley, Archie",605151,2016,23,26,141.2,638,22.4,10.5,0.261,0.409,0.341,0.327,6.8,2.8,37,21.1,42.7,47.2,18.4,30.7,3.8,R,2534,69.1,93,2368,-5.6,-14.1,17,1.6,,,,,,,,7.1,86.4,1743,-10,-25.2,13.3,1.8,23.8,80.5,2017,8.2,-51.7,15.5,2,,,,,,,,,,,,,,,,,,,,,,,,,,,,,,,,,,,,,,,,,,,,,,,,,,,,,,,,
"Araujo, Elvis",542587,2016,24,32,27.1,134,21.6,12.7,0.261,0.444,0.385,0.349,5.8,2.3,43,27.4,41.6,39.5,26.7,26.7,7,L,535,61.3,92.8,2318,6.4,-13.1,20.2,1.3,34.8,84.8,2267,-5.7,-34.2,8,1.6,3.9,87.7,2107,12.9,-24.3,17.2,1.4,,,,,,,,,,,,,,,,,,,,,,,,,,,,,,,,,,,,,,,,,,,,,,,,,,,,,,,,,,,,,,,
"Oberholtzer, Brett",519085,2016,26,37,70.1,321,16.8,9,0.281,0.49,0.384,0.361,7.6,2.5,39.7,18.4,48.2,43,22.8,28.7,5.5,L,1214,26.1,89.6,2127,10.2,-16.8,19.9,1.4,7.1,82.3,1879,5.8,-33.6,10.8,1.1,28.3,80.5,1706,11.6,-32.2,16,1.3,6.5,78.9,1967,-2.9,-43.5,4.8,1.4,32,89.7,2151,15,-19.1,20.1,1.4,,,,,,,,,,,,,,,,,,,,,,,,,,,,,,,,,,,,,,,,,,,,,,,,,
"Zimmermann, Jordan",519455,2016,30,19,105.1,450,14.7,5.8,0.266,0.469,0.341,0.333,6.5,2.2,34,17.3,48.7,44.1,24.2,21.1,10.7,R,1706,52.1,92.4,2372,-7.1,-14.2,18.3,1.2,31.1,87.7,2410,3.9,-27.6,8.5,1.3,3.2,87.6,1791,-13.1,-27.7,15.3,2,13.2,80.6,2374,6.8,-49.7,10.8,1.6,0.3,92.4,2279,-15.9,-19.8,19.1,1.4,,,,,,,,,,,,,,,,,,,,,,,,,,,,,,,,,,,,,,,,,,,,,,,,,
"Diekman, Jake",518617,2016,29,66,53,221,26.7,11.8,0.206,0.316,0.267,0.285,3.8,4.5,32.3,27.8,43.2,49.6,20.3,23.3,6.8,L,928,,,,,,,,25.1,85.5,2379,-0.6,-36,3.9,1.5,1.3,87.6,2010,13.3,-27.1,16.4,1.4,,,,,,,,73.6,95.8,2046,17.3,-18.6,21.5,1.4,,,,,,,,,,,,,,,,,,,,,,,,,,,,,,,,,,,,,,,,,,,,,,,,,
"Hernandez, David",456696,2016,31,70,72.2,321,24.9,10,0.243,0.377,0.335,0.303,8.2,2.9,33.8,26.7,48.4,40.1,21.7,27.5,10.6,R,1257,48.6,94.7,2403,-10.7,-12.5,19.6,1.2,,,,,,,,1.4,87.7,2059,-8.2,-21.2,14.9,1.9,34.4,81.5,2189,12.1,-40.1,12.7,1.4,15.5,94.6,2310,-15,-15,19.6,1.6,,,,,,,,,,,,,,,,,,,,,,,,,,,,,,,,,,,,,,,,,,,,,,,,,
"Hellickson, Jeremy",476451,2016,29,32,189,772,19.9,5.8,0.263,0.437,0.304,0.322,4.4,2.6,28.4,23.9,48,43.4,17.1,30.9,8.6,R,2923,30.4,90.7,2105,-12.8,-16.7,20,1,9.6,86.1,2368,-0.4,-23,12.6,2.3,26.1,81.1,1791,-11.3,-29.9,15,1.6,15.2,77.2,2968,10.7,-61.2,19.4,2.6,18.5,90.6,2067,-16.2,-20.4,19.5,1.3,0,86.3,2391,-1.7,-28.1,9.9,,,,,,,,,,,,,,,,,,,,,,,,,,,,,,,,,,,,,,,,,,,
"Rosenthal, Trevor",572096,2016,26,45,40.1,197,28.4,14.7,0.256,0.373,0.357,0.339,6.4,2.8,39.4,26.7,47.7,53.2,13.8,30.3,2.8,R,856,78,97.8,2419,-8.1,-11.5,19,1.4,7.8,85.4,1964,5.1,-39.7,6.4,1.6,13.7,87.7,1669,-12.9,-24,17.6,1.6,0.5,79,2219,7.9,-47.7,14,1.5,,,,,,,,,,,,,,,,,,,,,,,,,,,,,,,,,,,,,,,,,,,,,,,,,,,,,,,,
"Nova, Iván",467100,2016,29,32,162,684,18.6,4.1,0.266,0.445,0.33,0.323,6.7,2.1,41,20.3,49.5,55.4,17.1,24,3.5,R,2306,12.3,93.4,2267,-9.4,-17.1,16.2,1.5,2.8,87.3,2174,-2.3,-26.8,8.9,1.7,4.6,86.9,2006,-13,-25.4,16.2,1.3,28.1,80.6,2294,6.6,-47.8,10.2,1.7,52.3,93.2,2147,-15,-21,17.3,1.5,,,,,,,,,,,,,,,,,,,,,,,,,,,,,,,,,,,,,,,,,,,,,,,,,
"Moore, Matt",519043,2016,27,33,198.1,838,21.2,8.6,0.241,0.414,0.304,0.317,4.6,2.9,31.4,23.9,47,39.5,26.8,24.9,8.8,L,3279,52.9,93.4,2285,13.8,-13.5,22,1.4,,,,,,,,12.7,84.9,1564,17.4,-30.3,19.2,1.6,22.1,81.9,2514,-5.2,-50.5,12.6,1.7,7.7,93.2,2214,19.6,-17.1,24.3,1.7,4.5,90.8,2327,2.5,-18.8,12.9,1.6,,,,,,,,,,,,,,,,,,,,,,,,,,,,,,,,,,,,,,,,,,
"Reed, Cody",642003,2016,23,10,47.2,229,18.8,8.3,0.276,0.506,0.408,0.365,6.1,3.1,38,21.6,47.2,54,22.1,23.3,0.6,L,876,51.4,93.6,2190,16.9,-19.1,19.3,1.6,36.1,88.4,2371,-1.1,-27.6,5.3,2.2,12.6,86.5,1744,17.5,-29.2,18.4,2,,,,,,,,,,,,,,,,,,,,,,,,,,,,,,,,,,,,,,,,,,,,,,,,,,,,,,,,,,,,,,,
"Blair, Aaron",594760,2016,24,15,70,324,14.2,10.5,0.269,0.473,0.383,0.354,6.3,1.7,35.7,21.9,46.7,41.6,22.7,27.7,8,R,1198,47.2,91.5,2138,-8.3,-17.1,16,1.3,,,,,,,,21.2,84.9,1614,-9.3,-29.8,12.1,1.5,20.5,78.6,2071,5.5,-46.4,8.8,1.7,11.1,91.4,2056,-15,-21.1,17.1,1.2,,,,,,,,,,,,,,,,,,,,,,,,,,,,,,,,,,,,,,,,,,,,,,,,,
"Bergman, Christian",548357,2016,28,15,24.2,119,18.5,5,0.312,0.577,0.427,0.398,9.9,3.3,46.2,18.8,53.3,40.7,26.4,28.6,4.4,R,448,43.3,90.2,2135,-10.4,-19.5,16.8,1.4,34.4,86.5,2144,2.2,-24.2,10.5,1.6,17,81.8,1832,-12,-34.6,13.8,1.7,3.8,78.2,2268,7.4,-51.4,10.9,1.5,1.6,89.8,2081,-12.8,-24.4,15.1,1.5,,,,,,,,,,,,,,,,,,,,,,,,,,,,,,,,,,,,,,,,,,,,,,,,,
"Henderson, Jim",449104,2016,33,44,35,155,25.8,9,0.229,0.416,0.336,0.315,5.1,3,31.3,22.6,51.2,29.3,29.3,27.3,14.1,R,648,81.9,94,2243,-8.9,-13.2,19,1.7,18.1,84.6,2204,7.5,-34.3,9,2.1,,,,,,,,,,,,,,,,,,,,,,,,,,,,,,,,,,,,,,,,,,,,,,,,,,,,,,,,,,,,,,,,,,,,,,
"Ranaudo, Anthony",519168,2016,26,9,31.1,151,11.9,13.2,0.257,0.514,0.396,0.376,3.5,2.7,37.2,13.2,46.2,40.7,30.1,18.6,10.6,R,624,57.1,91.6,2249,-9.7,-15,18.7,1.4,9.8,83.8,2089,4.3,-29.1,9.5,1.8,5.6,85,1755,-11.5,-26,15.7,1.4,27.6,80.4,2205,6.5,-50.4,12,1.6,,,,,,,,,,,,,,,,,,,,,,,,,,,,,,,,,,,,,,,,,,,,,,,,,,,,,,,,
"Adleman, Tim",534947,2016,28,13,69.2,287,16.4,7,0.268,0.471,0.332,0.346,6,2.8,37.2,21.8,49.2,39.5,30.2,23.7,6.5,R,1101,30.7,91.4,2296,-5.5,-11.3,16.6,1.4,,,,,,,,20.9,85.4,1676,-10.8,-25.2,12.6,2.3,18.6,76,1988,11,-51.8,14.9,1.4,29.8,91.6,2171,-11.6,-17.4,16,1.3,,,,,,,,,,,,,,,,,,,,,,,,,,,,,,,,,,,,,,,,,,,,,,,,,
"Madson, Ryan",425492,2016,35,63,64.2,270,18.1,7.4,0.246,0.355,0.302,0.29,2,6,27.1,25.1,50,48.2,18.6,23.6,9.5,R,990,57.6,94.9,2155,-11.6,-16.4,18.1,1.5,,,,,,,,27,83.9,2028,-9,-31.4,16.2,2,,,,,,,,7.2,94.6,2046,-16.4,-21.3,17.6,1.4,8.3,91.2,2140,1.3,-23.7,8.9,1.5,,,,,,,,,,,,,,,,,,,,,,,,,,,,,,,,,,,,,,,,,,
"Morgan, Adam",605388,2016,26,23,113.1,507,18.7,5.7,0.294,0.492,0.369,0.354,7.4,3.4,39.3,23.9,48.4,39.8,23.7,30.3,6.1,L,1937,49.3,91.3,2338,11.5,-17,19.8,1.6,24.4,83.2,2405,-1.9,-33.9,6.4,1.9,20.9,79.9,1712,10.5,-29.8,17,2.6,5.5,76.3,2739,-8.3,-57.9,13.4,1.7,,,,,,,,,,,,,,,,,,,,,,,,,,,,,,,,,,,,,,,,,,,,,,,,,,,,,,,,
"Foltynewicz, Mike",592314,2016,24,22,123.1,525,21.1,6.7,0.244,0.41,0.325,0.308,5.4,2.7,37,22,48.2,42.9,25.5,23.9,7.8,R,2112,49.2,95.9,2381,-10.9,-12.9,18.9,2.2,22,85.3,2271,4.9,-34.5,6.5,2.8,8,85.8,2026,-14.2,-24.3,17.4,1.8,7.3,78.1,2406,6.4,-50.3,10.6,1.8,13.4,95.7,2264,-16.7,-18.3,19.1,2,,,,,,,,,,,,,,,,,,,,,,,,,,,,,,,,,,,,,,,,,,,,,,,,,
"Despaigne, Odrisamer",628333,2016,29,19,30.1,135,12.6,11.9,0.288,0.428,0.376,0.349,3,4,26.7,19.9,44.2,39.6,21.8,30.7,7.9,R,530,39.1,92.2,2262,-5.2,-18.2,13.6,1.8,7.5,88.4,2426,2.9,-23.8,9.4,1.3,7.5,79.4,1410,-7.6,-29,14,2.1,16.2,80.1,2979,12.8,-49.4,15.9,1.8,26.4,93.7,2193,-13.7,-20.8,15.6,1.4,3.2,90.5,2478,4.3,-21.1,12.2,1.3,,,,,,,,,,,,,,,,,,,,,,,,,,,,,,,,,,,,,,,,,,
"Vargas, César",570714,2016,24,7,34,154,18.2,9.7,0.256,0.464,0.359,0.347,4.5,3.6,33.6,22.7,42.8,56.4,15.5,21.8,6.4,R,603,62.7,89.9,2423,2,-22.6,10.7,1.4,24.5,79.9,2503,8.6,-49.4,11.3,1.5,3,80.8,2005,-6.8,-31.8,11.7,1.4,4.8,75.5,2624,12.6,-59.7,17.9,1.4,2.2,89.3,2385,-4.6,-25.5,9.8,1.7,2.8,89.4,2439,7.7,-24.5,11.6,1.6,,,,,,,,,,,,,,,,,,,,,,,,,,,,,,,,,,,,,,,,,,
"Colomé, Alex",517008,2016,27,57,56.2,226,31.4,6.6,0.2,0.308,0.252,0.25,8,0,37.7,32.2,49.5,49.3,22.5,23.9,4.3,R,856,52.6,95.2,2133,0.7,-11.6,19.1,1.4,,,,,,,,1.6,89.7,1955,-1,-25.3,9.2,1.4,0.4,83,2197,12.7,-45.4,13.3,1.5,0.9,95.3,2159,-8.5,-11.4,18.2,1.4,44.5,89.2,2118,7.9,-29,10.2,1.3,,,,,,,,,,,,,,,,,,,,,,,,,,,,,,,,,,,,,,,,,,
"Turner, Jacob",545363,2016,25,18,24.2,122,14.8,13.1,0.318,0.551,0.42,0.417,9.3,0,45.3,17.2,45.8,48.8,9.3,40.7,1.2,R,452,29,94.5,2195,-9.3,-18.2,15.5,2.1,,,,,,,,6.4,88.3,2000,-13.6,-28.7,14.4,1.4,17,80.9,2116,3.9,-47.2,6.8,1.7,41.8,95.5,2167,-13.4,-19.4,15.9,2,5.8,86.9,1960,3.4,-31.1,7,1.8,,,,,,,,,,,,,,,,,,,,,,,,,,,,,,,,,,,,,,,,,,
"Báez, Pedro",520980,2016,28,73,74,294,28.2,7.5,0.213,0.374,0.268,0.284,5.3,3.7,30.5,29.9,52.5,44.4,22.5,23,10.2,R,1178,56,97.4,2353,-5.7,-8.9,18.5,1.3,12.6,88.3,1884,2.9,-28.5,6.6,1.7,12.7,87.8,1775,-10.4,-21.1,15.9,1.4,,,,,,,,18.7,97.3,2171,-12.1,-12,17.9,1.4,,,,,,,,,,,,,,,,,,,,,,,,,,,,,,,,,,,,,,,,,,,,,,,,,
"Betances, Dellin",476454,2016,28,73,73,299,42.1,9.4,0.168,0.257,0.259,0.233,8.3,6.3,30.6,41,42,55.6,14.6,23.6,6.3,R,1246,43.3,98.3,2505,-3.3,-10.6,16,1.6,,,,,,,,,,,,,,,43.7,84.2,2808,13.8,-40.7,14.6,1.5,,,,,,,,,,,,,,,,,,,,,,,,,,,,,,,,,,,,13,86.9,2789,11.9,-46.1,17.6,1.6,,,,,,,,,,,,,,
"Weaver, Luke",596133,2016,22,9,36.1,167,26.9,7.2,0.31,0.492,0.37,0.373,10.2,1.9,34.3,22,46.6,37,18.5,39.8,4.6,R,682,58.7,92.5,2226,-10.9,-15.7,18.6,1.5,,,,,,,,24.2,83.9,1574,-13.2,-29.8,15.2,1.3,7.8,80.1,2114,5.2,-49,11,1.8,,,,,,,,9.4,88.4,2196,-0.8,-24,9.8,2,,,,,,,,,,,,,,,,,,,,,,,,,,,,,,,,,,,,,,,,,,
"Hudson, Daniel",543339,2016,29,70,60.1,268,21.6,8.2,0.253,0.404,0.325,0.316,3.8,4.3,28.8,26.3,49.2,41.3,14.7,33.2,10.9,R,1104,56.2,96.4,2415,-6.6,-14.8,16,0.9,19.2,86.4,2413,1.9,-33.2,3.9,1.5,18,85.9,2503,-16.9,-26.5,19.8,1.3,,,,,,,,6.6,96.8,2431,-11,-16,15.8,1.1,,,,,,,,,,,,,,,,,,,,,,,,,,,,,,,,,,,,,,,,,,,,,,,,,
"Harris, Will",501789,2016,31,66,64,255,27.1,5.9,0.217,0.317,0.247,0.256,4.7,2.4,35.3,30.2,47.5,58.8,16.5,20.6,4.1,R,1043,5.5,93.6,2481,-0.6,-18.6,12.9,1.4,,,,,,,,,,,,,,,33.4,82.4,2678,15.4,-56.5,21.8,1.1,,,,,,,,61.2,92.9,2477,6.2,-20,14.3,1.3,,,,,,,,,,,,,,,,,,,,,,,,,,,,,,,,,,,,,,,,,,
"Shaw, Bryan",543766,2016,28,75,66.2,275,25.1,10.2,0.226,0.351,0.297,0.29,3.4,4.5,27.1,27.1,47.2,55.9,14.7,23.7,5.6,R,1151,,,,,,,,18.2,82,2804,18.5,-43.9,19.2,1.6,0.3,83.2,1776,-6.7,-32.4,10.7,1.4,,,,,,,,,,,,,,,81.5,94.1,2428,6.2,-20.5,11.1,1.3,,,,,,,,,,,,,,,,,,,,,,,,,,,,,,,,,,,,,,,,,,
"Escobar, Edwin",546276,2016,24,25,23.2,116,14.7,10.3,0.29,0.514,0.413,0.383,8.4,2.4,38.6,20.6,44.3,36.1,22.9,36.1,4.8,L,437,75.1,92.4,2336,15.1,-18.6,21.3,1.5,0.7,82.2,2290,-0.1,-38.6,3,1.5,2.5,85.4,1850,14.8,-27.2,17.6,2.2,19.2,80.8,1994,-3,-43.8,4.4,1.7,2.5,93.3,2344,14.2,-15,18.9,1.4,,,,,,,,,,,,,,,,,,,,,,,,,,,,,,,,,,,,,,,,,,,,,,,,,
"Coulombe, Danny",543056,2016,26,35,47.2,193,28,8.8,0.21,0.344,0.272,0.27,4.9,4.9,33.6,32,46.6,63.9,12.3,23,0.8,L,723,27,90.3,2301,5.6,-21,13.1,1.3,36.9,84.4,2333,1.6,-38.7,3.3,1.5,0.4,85.2,2172,3.1,-24.6,10.1,1.6,29.7,80.7,2643,-4.2,-60.1,18.4,2,5.9,91.7,2196,14.2,-23.5,17.1,1.7,,,,,,,,,,,,,,,,,,,,,,,,,,,,,,,,,,,,,,,,,,,,,,,,,
"Cosart, Jarred",543054,2016,26,13,57,268,14.2,14.6,0.279,0.431,0.335,0.364,3.7,3.7,34.9,18.1,38.4,61.9,15.3,22.2,0.5,R,1086,49.4,93,2173,1.3,-19.1,10.8,1.3,,,,,,,,5.6,81.7,1424,-5.6,-29.4,10.3,1.5,23.8,78,2543,10.9,-55.6,17.8,1.9,10.1,92.9,2180,-7.5,-19.1,12.8,1.6,11,92.3,2129,4.6,-21.7,8.8,1.2,,,,,,,,,,,,,,,,,,,,,,,,,,,,,,,,,,,,,,,,,,
"O'Sullivan, Sean",457711,2016,28,5,21.1,98,13.3,6.1,0.33,0.517,0.376,0.385,3.9,0,44.2,13.7,45,39,26,28.6,6.5,R,358,28.8,91.4,2123,-6.4,-12.5,18.2,1.4,29.1,81.8,1985,10,-38,10.8,2.3,3.9,82.8,1788,-11.4,-26.4,16.5,2.3,11.5,73.8,2114,12.7,-63.9,20.8,1.6,26.8,90.1,2042,-10.9,-20.9,15.1,1.3,,,,,,,,,,,,,,,,,,,,,,,,,,,,,,,,,,,,,,,,,,,,,,,,,
"Strop, Pedro",467008,2016,31,54,47.1,187,32.1,8,0.2,0.311,0.231,0.262,3.7,0.9,35.2,36.1,45.3,61.1,17.6,18.5,2.8,R,728,23.5,95.5,2338,-8.2,-12.4,18.4,1,49.9,83.8,2321,4.7,-39.4,5.7,1.4,7.8,88.6,1197,-4.3,-27.5,8.6,1.4,,,,,,,,18.8,95.8,2288,-14.9,-17,18.6,1.1,,,,,,,,,,,,,,,,,,,,,,,,,,,,,,,,,,,,,,,,,,,,,,,,,
"Sipp, Tony",448609,2016,32,60,43.2,195,20.5,9.2,0.272,0.496,0.399,0.358,3.7,4.4,36.8,30.1,46.4,36.8,30.9,24.3,8.1,L,780,42.2,91.4,2130,10,-14.8,20.8,1.4,34.4,80.8,1740,3.3,-43.1,5,2.3,17.4,77.9,839,14.6,-44.5,16.7,1.5,,,,,,,,6,91.2,2105,16.9,-21.6,20.6,1.4,,,,,,,,,,,,,,,,,,,,,,,,,,,,,,,,,,,,,,,,,,,,,,,,,
"Purke, Matt",545357,2016,25,12,18,84,17.9,14.3,0.267,0.377,0.35,0.332,5.3,1.8,33.3,23.3,40.3,52.6,8.8,35.1,3.5,L,322,36,92.9,2272,14.1,-16.6,20.3,1.1,14,80.1,2154,-4.6,-45.8,7.4,1.2,,,,,,,,,,,,,,,36,93,2247,18,-21.5,19.7,1.2,,,,,,,,14,86.7,1752,15.7,-28.3,17,1.2,,,,,,,,,,,,,,,,,,,,,,,,,,,,,,,,,,,
"Ray, Robbie",592662,2016,24,32,174.1,776,28.1,9.1,0.246,0.407,0.332,0.317,6.4,2.3,39.3,26.6,46.6,46.8,18.9,28.3,6,L,3164,46.5,94.9,2277,11.2,-12.9,21.2,1.8,22.6,84.8,2152,1.5,-35.3,5.4,2.6,6.3,87.2,1918,13.4,-25.7,17.2,1.7,,,,,,,,24.6,94.5,2268,17.2,-17.1,21.7,1.8,,,,,,,,,,,,,,,,,,,,,,,,,,,,,,,,,,,,,,,,,,,,,,,,,
"Wisler, Matt",605538,2016,23,27,156.2,671,17.1,7.3,0.265,0.458,0.323,0.335,5.6,3.2,36.8,20.7,47.9,42.1,24.1,27,6.8,R,2427,34.7,93.4,2153,-7,-14.2,16.9,1.3,29,82.6,2431,11,-38.2,11.8,1.8,5.2,87.6,2085,-14.8,-24.7,17.4,1.3,6.1,77.4,2596,9,-53.5,13,1.9,25.2,93.4,2193,-13.6,-17.9,17.7,1.5,,,,,,,,,,,,,,,,,,,,,,,,,,,,,,,,,,,,,,,,,,,,,,,,,
"McHugh, Collin",543521,2016,29,33,184.2,795,22.3,6.8,0.233,0.372,0.338,0.289,4.7,4.5,28.3,23.8,47.6,42.9,24.9,24,8.2,R,3148,28.8,90.7,2202,-5.9,-18,17.7,1.3,,,,,,,,5.1,84.1,1650,-11.1,-33.3,13,1.4,30,72.9,2619,17.6,-64.9,22.3,1.7,6.7,91,2170,-11.2,-19.5,15.8,1.7,29.3,87.3,2522,5.5,-27.6,10.4,1.7,,,,,,,,,,,,,,,,,,,,,,,,,,,,,,,,,,,,,,,,,,
"Romero, Enny",544836,2016,25,52,45.2,204,24.5,13.7,0.229,0.37,0.322,0.316,4.8,0.8,40.5,30.4,45.5,38.1,28.6,24.6,8.7,L,806,58.6,96.8,2362,12,-10.7,22.3,1.6,15.9,85,2409,0.4,-35.9,4.6,2.1,0.1,94.4,1915,22.9,-17.5,26.6,,,,,,,,,,,,,,,,25.4,90,2371,2.7,-26.9,7.6,2.1,,,,,,,,,,,,,,,,,,,,,,,,,,,,,,,,,,,,,,,,,,
"Shoemaker, Matt",533167,2016,29,27,160,668,21.4,4.5,0.262,0.442,0.31,0.323,5.1,3.5,35,26.8,51.8,42.4,23.8,25.8,8,R,2467,21.1,92.2,2218,-4.8,-15.5,18.7,1.7,7.5,82.8,1992,3.7,-34.7,8,1.8,40.8,84.9,1271,-9,-32,12.3,1.6,1.1,75.4,1998,13,-49.3,13.7,1.7,29.5,91.7,2054,-13.2,-21.1,18.3,1.8,,,,,,,,,,,,,,,,,,,,,,,,,,,,,,,,,,,,,,,,,,,,,,,,,
"Bauer, Trevor",545333,2016,25,35,190,811,20.7,8.6,0.259,0.407,0.31,0.325,4.8,2.8,39.7,22.5,44.2,49.1,16.7,28,6.2,R,3085,22.4,94,2248,-7.4,-12.8,19.2,1.7,,,,,,,,12.2,87,1735,-12.5,-26.5,15.4,1.6,19.4,77.5,2518,10.5,-63.2,20.7,2.3,28.5,93.7,2205,-12.9,-16.8,18.9,1.7,17.5,89.5,2482,3.8,-22.2,12,1.8,,,,,,,,,,,,,,,,,,,,,,,,,,,,,,,,,,,,,,,,,,
"Nelson, Jimmy",519076,2016,27,32,179.1,807,17.3,10.7,0.247,0.395,0.345,0.327,4.3,4.3,35.1,18.6,45,51.2,20.4,22.2,6.2,R,2968,21.9,93.6,2324,-6.8,-13.9,17,1.2,17.1,87.5,2278,8.7,-33.5,9.8,1.5,0.8,86.4,2004,-11.2,-25.2,14.5,1.3,11.2,83.3,2432,9.5,-47.6,14.8,1.6,49.1,93.8,2173,-13.6,-21.5,15.4,1.2,,,,,,,,,,,,,,,,,,,,,,,,,,,,,,,,,,,,,,,,,,,,,,,,,
"Tillman, Chris",501957,2016,28,30,172,715,19.6,9.2,0.255,0.422,0.317,0.33,4.6,1.4,35.3,21.8,45.7,42.2,21.1,28.5,8.2,R,2930,52.8,92.3,2301,-5.3,-11.5,18.8,1.7,15.6,86.2,2285,7.5,-30.3,8.6,1.9,15.5,84.3,1651,-8.3,-22,16.1,1.6,12.5,75.8,2107,8.4,-62.7,20.4,2.2,,,,,,,,3.7,91.8,2333,3.2,-12.9,19.7,1.8,,,,,,,,,,,,,,,,,,,,,,,,,,,,,,,,,,,,,,,,,,
"Nuño, Vidal",573064,2016,28,55,58.2,247,20.6,4.5,0.266,0.442,0.342,0.319,6,2.7,27.9,18.6,50.4,38.3,25.7,26.8,9.3,L,927,21.8,90.4,2307,4.9,-14.4,17.5,1.3,38.7,84.8,2504,-4.5,-31.1,7.5,1.8,18.9,83.7,1632,12.8,-28.5,15.5,1.4,10,78.8,2656,-9.3,-48.8,12.4,2.2,10.6,89,2158,11.4,-18.2,18.6,1.6,,,,,,,,,,,,,,,,,,,,,,,,,,,,,,,,,,,,,,,,,,,,,,,,,
"Adams, Austin",542866,2016,29,19,18.1,88,19.3,8,0.289,0.53,0.439,0.37,7.8,0,39.1,24.7,46.1,45.3,21.9,29.7,3.1,R,313,63.6,96.7,2284,-4.4,-11.5,16.6,1.1,27.8,86.7,2436,6.5,-37.9,7.8,1.4,8.6,89.4,1850,-10.2,-27.6,11.8,1.5,,,,,,,,,,,,,,,,,,,,,,,,,,,,,,,,,,,,,,,,,,,,,,,,,,,,,,,,,,,,,,,
"Barnes, Matt",598264,2016,26,62,66.2,288,24.7,11.1,0.24,0.387,0.314,0.319,7.1,2.2,37.9,27.8,42.4,46.2,23.6,23.6,6.6,R,1191,65.4,97.4,2300,-6.4,-9.8,18.1,1.3,5.6,89.7,1952,4,-24.4,8.9,1.6,5,88.8,2052,-11,-20.3,17,1.6,23.9,82.7,2185,7.4,-50.7,15.5,1.7,,,,,,,,,,,,,,,,,,,,,,,,,,,,,,,,,,,,,,,,,,,,,,,,,,,,,,,,
"Ellington, Brian",623395,2016,25,32,33,141,22.7,11.3,0.18,0.294,0.287,0.261,9.9,0,30.8,25.5,50.6,30.8,33,23.1,13.2,R,558,76.7,98.6,2464,-9.2,-10.3,18.6,1.7,,,,,,,,8.4,88.9,2287,-10,-23.2,16.1,1.6,14.9,86.7,2419,7.9,-36.5,8.6,1.9,,,,,,,,,,,,,,,,,,,,,,,,,,,,,,,,,,,,,,,,,,,,,,,,,,,,,,,,
"Liberatore, Adam",571893,2016,29,58,42.2,176,26.7,9.7,0.197,0.302,0.27,0.252,2.7,2.7,27.3,23.5,45.3,40,25.5,27.3,7.3,L,700,66.6,92.3,2211,11.6,-14.6,20.4,1.4,13.6,85.3,1793,2.3,-34.1,7,1.9,19.3,86,1620,9.7,-32.1,11.8,1.7,,,,,,,,0.6,92.4,2118,16.9,-19.5,18.7,1.5,,,,,,,,,,,,,,,,,,,,,,,,,,,,,,,,,,,,,,,,,,,,,,,,,
"Pérez, Martín",527048,2016,25,33,198.2,855,12,8.9,0.288,0.457,0.323,0.354,6.5,2.1,37.4,18.1,48.1,54.3,17.9,24,3.9,L,3076,24.8,93.6,2109,11.5,-16.2,20.2,1.4,10.4,85.6,2276,-2.2,-33.9,6.5,1.7,17,84.9,1707,15.4,-27.8,19.6,1.6,10.6,80.3,2343,-2.4,-45.6,5.1,3.1,37.3,93.1,2033,18.2,-21.7,21.4,1.6,,,,,,,,,,,,,,,,,,,,,,,,,,,,,,,,,,,,,,,,,,,,,,,,,
"Odorizzi, Jake",543606,2016,26,33,187.2,773,21.5,7,0.25,0.426,0.306,0.317,5.5,1.6,35.9,21.7,49,37.7,27.5,24.6,10.2,R,3298,31.1,91.9,2268,-3.3,-12.9,20.8,1.4,9.6,83,2140,10.5,-35.6,11.9,2,,,,,,,,4,71.8,2338,13.4,-67.9,18.8,1.6,29.2,92.5,2255,-8.5,-13.7,20.3,1.3,6.3,87.1,2205,6.6,-22.4,16.2,1.5,19.8,85.3,1514,-8.5,-27.3,14.2,1.4,,,,,,,,,,,,,,,,,,,,,,,,,,,,,,,,,,,
"Salas, Fernando",477569,2016,31,75,73.2,293,21.8,6.5,0.241,0.424,0.297,0.307,3.8,2.4,34.8,22.4,51.5,39.5,30,21.4,9,R,1206,60.3,91.6,2199,-6.1,-14.1,20.5,1.5,,,,,,,,16.7,86.2,1757,-9.9,-26.8,14.9,1.4,22.1,84.1,1985,3.3,-36,5.3,1.5,0.8,90.4,1984,-13.5,-21.6,17.7,1.8,,,,,,,,,,,,,,,,,,,,,,,,,,,,,,,,,,,,,,,,,,,,,,,,,
"Ramos, Edubray",591693,2016,23,42,40,160,25,6.9,0.236,0.357,0.296,0.28,5.5,1.8,32.1,24.7,47.1,38.5,22,33.9,5.5,R,606,54,95.9,2487,-7.3,-13.1,16.7,1.5,35,83.2,2470,8,-41.5,9.6,1.7,1.3,86,1823,-11.9,-22.3,17.8,1.5,9.7,78.9,2382,8,-47.3,9.8,1.6,,,,,,,,,,,,,,,,,,,,,,,,,,,,,,,,,,,,,,,,,,,,,,,,,,,,,,,,
"Reed, Addison",592665,2016,27,80,77.2,304,29.9,4.3,0.231,0.351,0.228,0.26,6,4,35.5,25.9,51.7,42,26,27,5,R,1179,69.3,93.1,2136,-2.6,-13.7,16.4,1.2,27.3,86.5,2026,4.9,-31.4,6.5,1.8,0.2,86.1,1779,-9.4,-22.3,15.5,1.4,,,,,,,,,,,,,,,3.2,92.4,2112,2.9,-13.2,16.4,1.4,,,,,,,,,,,,,,,,,,,,,,,,,,,,,,,,,,,,,,,,,,
"Devenski, Chris",606965,2016,25,48,108.1,408,25.5,4.9,0.224,0.337,0.242,0.268,4.3,3.2,27.4,29,50.1,34.2,23.5,31.3,11,R,1576,45.9,92.9,2333,-7,-14.3,19.9,1.9,13.1,82.4,2360,11.6,-36.6,13.4,2.5,31.8,81.5,1433,-9.8,-36.6,11.5,2.1,9.2,76.1,2218,14,-62.5,19.2,1.9,,,,,,,,,,,,,,,,,,,,,,,,,,,,,,,,,,,,,,,,,,,,,,,,,,,,,,,,
"Salazar, Danny",517593,2016,26,25,137.1,584,27.6,10.8,0.228,0.388,0.304,0.307,5.6,2,44.1,25.6,47,49.2,20.4,25.1,5.3,R,2370,56.6,95.4,2414,-8.2,-12,20.2,1.6,11.1,85.1,2345,5.3,-37.5,8.3,2,17.8,86.4,1407,-6.8,-31.7,9.8,1.6,2.8,80.3,2635,7.7,-53.6,14.5,1.6,11.6,95,2388,-14.2,-16.5,19.3,1.5,,,,,,,,,,,,,,,,,,,,,,,,,,,,,,,,,,,,,,,,,,,,,,,,,
"Jackson, Edwin",429719,2016,32,21,84,373,16.4,11,0.272,0.479,0.362,0.357,7,1.9,37,22.5,44.8,41.5,23.7,26.7,8.1,R,1392,57,92.1,2259,-0.4,-17.7,14,1.8,32.2,86.6,2194,4.5,-32.2,6.4,1.9,1.6,87.5,2135,-12.4,-20.4,19.5,1.4,8.5,78.6,2368,8.3,-50.6,11.8,2.7,0.6,91.8,2069,-12.7,-20.2,15.4,1.6,,,,,,,,,,,,,,,,,,,,,,,,,,,,,,,,,,,,,,,,,,,,,,,,,
"Grimm, Justin",518748,2016,27,68,52.2,225,28.9,10.2,0.237,0.404,0.297,0.314,2.9,1.5,33.8,32.4,40.8,41.9,22.1,30.9,5.1,R,898,46.1,94.8,2191,-4.4,-9.8,18.7,1.2,4.9,84.9,2245,5.5,-42.4,14.2,3,,,,,,,,46.9,83,2219,13.1,-48.7,18.2,1.5,2.1,94.7,2130,-11,-11.6,18.8,1.5,,,,,,,,,,,,,,,,,,,,,,,,,,,,,,,,,,,,,,,,,,,,,,,,,
"Gilmartin, Sean",543219,2016,26,14,17.2,79,13.9,8.9,0.22,0.357,0.371,0.287,8.3,0,25,21.7,44.7,53.3,15,21.7,10,L,304,35.5,88.4,1985,8.2,-17.3,19.3,1.3,24,78.3,2332,-12.6,-45,13.4,1.7,18.4,78.3,1406,9.2,-30.1,17,1.7,6.3,70.6,2324,-12.3,-66.2,15.5,1.7,15.8,88.3,1948,14.8,-20.7,20.5,1.3,,,,,,,,,,,,,,,,,,,,,,,,,,,,,,,,,,,,,,,,,,,,,,,,,
"Cotham, Caleb",571584,2016,28,23,24.1,117,17.9,10.3,0.292,0.423,0.375,0.347,7.4,6.2,34.6,23.2,42.9,45.7,18.5,30.9,4.9,R,423,57.9,92.9,2245,-4.2,-9.7,17.3,1.4,30.3,87.3,2669,7.6,-28.3,8.5,1.6,,,,,,,,11.6,78.5,2789,15.3,-51.3,19.3,1.5,0.2,94.1,2402,-13,-11.2,19.3,,,,,,,,,,,,,,,,,,,,,,,,,,,,,,,,,,,,,,,,,,,,,,,,,,
"Kintzler, Brandon",445213,2016,31,54,54.1,224,15.6,3.6,0.273,0.397,0.304,0.304,3.9,3.4,40.2,16.6,45,62.6,14,20.7,2.8,R,825,5,93.1,1895,-6.1,-14.3,15.4,1.2,6.8,86,2092,5.6,-30.4,6.4,1.4,5.3,87.8,1968,-12.7,-25.9,14.5,1.5,,,,,,,,82.9,93.3,1899,-11.3,-18,14.7,1.3,,,,,,,,,,,,,,,,,,,,,,,,,,,,,,,,,,,,,,,,,,,,,,,,,
"Gallardo, Yovani",451596,2016,30,23,118,525,16.2,11.6,0.258,0.414,0.349,0.331,5.8,3.2,35.7,17.5,41,44.4,23.3,25.4,6.9,R,2099,26,90.8,2173,-2,-12.6,19.4,1.4,31.6,87.1,2284,4.9,-24.1,12.5,1.8,9.3,85,1981,-11,-22.1,18.5,2.3,13.3,78,2384,7,-51.4,13,2.4,19.7,90.5,2140,-8.6,-15,18.3,1.5,,,,,,,,,,,,,,,,,,,,,,,,,,,,,,,,,,,,,,,,,,,,,,,,,
"Burgos, Enrique",542609,2016,25,43,41.1,178,24.2,12.9,0.278,0.457,0.329,0.36,8.1,3.6,36,29,43.7,44.1,22.5,26.1,7.2,R,730,59.5,96.4,2474,-7,-11,19,1.6,35.2,89.1,2497,7.6,-27.9,9.8,2.3,,,,,,,,,,,,,,,0.1,99.2,2596,-14.5,-9.7,20.6,,,,,,,,,5.2,85.2,1512,-3.6,-28.8,9.5,2.5,,,,,,,,,,,,,,,,,,,,,,,,,,,,,,,,,,,
"Jennings, Dan",543359,2016,29,64,60.2,259,17.8,10.8,0.252,0.321,0.302,0.306,3.8,2.2,32.4,20,44.8,55.5,14.3,25.8,4.4,L,1027,40.1,91.4,2258,8.6,-22.7,12.1,1.2,38.1,83.7,2446,-8,-41.1,9.5,1.6,,,,,,,,,,,,,,,21.8,91.3,2242,11.9,-25.8,12.4,1.3,,,,,,,,,,,,,,,,,,,,,,,,,,,,,,,,,,,,,,,,,,,,,,,,,
"Harvey, Matt",518774,2016,27,17,92.2,402,18.9,6.2,0.262,0.415,0.341,0.315,8.7,4.3,37,21.4,50.9,44,18.3,31,6.7,R,1500,52.3,95.1,2233,-8.7,-13,19.1,1.7,18.9,89.4,2303,2.5,-26.2,8,1.6,11,87.6,1896,-14.7,-25.4,17.6,1.7,11.1,82.8,2261,1.8,-42.5,6.3,2.2,6.7,95.5,2205,-13,-15.9,17.8,1.3,,,,,,,,,,,,,,,,,,,,,,,,,,,,,,,,,,,,,,,,,,,,,,,,,
"Scahill, Rob",543746,2016,29,31,34.2,147,18.4,6.1,0.254,0.336,0.295,0.296,4.7,0.9,36.4,24.2,50.9,62.6,6.5,25.2,5.6,R,528,26.5,93.8,2448,-4.7,-19.5,12.6,1.7,15.5,88.9,2667,4.4,-29.4,7.5,1.6,0.9,89,2154,-8.4,-24.2,11.9,1.5,6.6,80.9,3020,11.5,-50.1,15.7,1.6,50.4,93.7,2347,-13.3,-25.2,14.5,1.3,,,,,,,,,,,,,,,,,,,,,,,,,,,,,,,,,,,,,,,,,,,,,,,,,
"Campos, Leonel",599998,2016,28,18,22,98,24.5,14.3,0.188,0.297,0.316,0.27,8.5,3.4,28.8,33.1,45.9,50.8,20.3,20.3,8.5,R,380,49.2,93.4,2075,-5.1,-14.1,17.3,1.2,39.7,86.5,1985,0.5,-33,4.3,1.5,8.9,86.3,1844,-6.6,-29.8,8.9,1.5,,,,,,,,2.1,93.9,2045,-11.2,-15.2,16.3,1.4,,,,,,,,,,,,,,,,,,,,,,,,,,,,,,,,,,,,,,,,,,,,,,,,,
"Yates, Kirby",489446,2016,29,41,41.1,184,27.2,10.3,0.218,0.315,0.327,0.287,2.7,2.7,28.8,27.3,45.8,44.1,20.7,24.3,10.8,R,796,59.9,93.8,2366,-12.6,-13.8,20.4,1.1,31.9,85,2242,3.3,-33.5,5.9,2,3.4,84.6,1957,-14.8,-27,17.7,1.6,4.8,78.3,2378,13.8,-53.9,18.1,1.4,,,,,,,,,,,,,,,,,,,,,,,,,,,,,,,,,,,,,,,,,,,,,,,,,,,,,,,,
"Pelfrey, Mike",460059,2016,32,24,119,541,10.4,8.5,0.311,0.477,0.378,0.37,4.6,5.1,39.3,16.4,43.8,52.2,14.1,27.7,6,R,2015,2.7,92.9,2011,-11,-16.9,18,1.5,9.7,84.3,1915,3.7,-32.4,6.5,1.9,,,,,,,,4.8,73.6,1970,9.3,-56.7,12.9,2.2,67,93.4,1959,-15.4,-20.7,18,1.4,,,,,,,,15.8,81.7,920,-8.7,-40.3,10.1,1.6,,,,,,,,,,,,,,,,,,,,,,,,,,,,,,,,,,,
"Cravy, Tyler",572788,2016,26,20,28.1,116,19,10.3,0.254,0.45,0.284,0.338,6.2,3.7,39.5,27.6,42.6,28.4,29.6,35.8,6.2,R,447,48.3,92.2,2089,-4.3,-13.3,16.4,1.4,17.7,84.1,2093,4.3,-32.3,7.6,2,14.1,84.6,1548,-10.6,-29.1,11.9,1.6,6,77.3,2044,6.1,-47.6,9.3,1.7,13.9,91,2068,-10.6,-16.5,15.1,1.6,,,,,,,,,,,,,,,,,,,,,,,,,,,,,,,,,,,,,,,,,,,,,,,,,
"Anderson, Chase",502624,2016,28,31,151.2,647,18.5,8.2,0.27,0.474,0.348,0.348,5.7,3,30,20.3,45.2,38.1,23.6,30.4,7.9,R,2632,50,91.6,2143,-6.3,-14.3,18.2,1.4,,,,,,,,24,82.2,2270,-15.9,-25.4,21,1.2,13.5,77.1,2134,6.1,-57.1,14.1,1.5,8.7,91.5,2116,-13.8,-17,19.1,1.3,3.8,88.4,2265,4.6,-23.4,10.6,1.5,,,,,,,,,,,,,,,,,,,,,,,,,,,,,,,,,,,,,,,,,,
"Darvish, Yu",506433,2016,29,17,100.1,416,31.7,7.5,0.197,0.339,0.276,0.264,6.8,6.4,32,29.5,47.4,40.4,25.2,28,6.4,R,1576,41.9,94.4,2519,-2,-12.2,18.8,2.2,,,,,,,,,,,,,,,9.1,73,2483,15,-67.3,21.4,3.5,17.3,92.9,2217,-10.7,-20.6,16,2,9.8,89.3,2522,7.7,-27.3,10.8,2.1,2.3,86.7,1658,-8,-27.7,13,1.9,,,,,,,,19.7,82.2,2587,17.1,-46.2,18.4,2.3,,,,,,,,,,,,,,,,,,,,,
"Colon, Bartolo",112526,2016,43,34,191.2,791,16.2,4,0.273,0.434,0.311,0.318,6.2,2.4,37.6,13.4,47.2,45.1,22.1,26.4,6.4,R,2843,25.9,90.4,2264,-7,-17,17.2,1.9,6.3,82.5,2282,3.1,-35.7,7.9,1.9,4.3,81.4,1683,-13.2,-32,16.2,1.5,,,,,,,,63.5,87.6,2100,-15.2,-26.7,17.6,1.8,,,,,,,,,,,,,,,,,,,,,,,,,,,,,,,,,,,,,,,,,,,,,,,,,
"Wainwright, Adam",425794,2016,34,33,198.2,847,19,7,0.275,0.427,0.335,0.329,5.1,4.3,30.2,19.8,44.1,45.2,17.8,30.9,6.1,R,3168,13.1,90.8,2192,-4.6,-17.3,14.9,1.6,,,,,,,,2.6,83.3,1583,-12.4,-31.9,14.4,2,26.8,74.4,2657,16.8,-63.4,22.9,2,27.6,91.1,2153,-13.6,-21.4,17.2,1.8,30,85.9,2348,4.9,-29.3,8.6,2,,,,,,,,,,,,,,,,,,,,,,,,,,,,,,,,,,,,,,,,,,
"Light, Pat",572990,2016,25,17,16.2,91,17.6,17.6,0.251,0.415,0.405,0.352,8.6,1.7,34.5,25.4,37.9,56.9,19,20.7,3.4,R,359,45.1,95.7,1593,-6.1,-17,12.6,1.3,14.5,92.7,1414,-2.5,-23.4,7.8,1.2,,,,,,,,,,,,,,,,,,,,,,,,,,,,,40.4,86.2,946,1.9,-38.5,7.4,1.6,,,,,,,,,,,,,,,,,,,,,,,,,,,,,,,,,,,
"Miller, Justin",502522,2016,29,40,42.2,193,23.3,10.4,0.255,0.447,0.375,0.344,5.6,4,42.9,25.3,46.6,34.9,23.8,35.7,5.6,R,762,65.5,93.7,2307,-5.2,-13,16.8,1.1,33.5,86,2429,7,-30.8,8.6,2.1,0.1,88.2,1807,-11.1,-20.3,15.8,,,,,,,,,0.9,95.4,2324,-10.8,-12.5,16.4,1.5,,,,,,,,,,,,,,,,,,,,,,,,,,,,,,,,,,,,,,,,,,,,,,,,,
"Albers, Matt",458006,2016,33,58,51.1,236,12.7,8.1,0.285,0.521,0.397,0.372,6,3.3,38,17.2,45,49.5,21.7,22.3,6.5,R,852,1.6,92.9,2173,-9.1,-15.9,16.7,1.6,10.9,86.9,2265,3.7,-29.5,7.3,1.7,12.3,84.3,1678,-9.7,-33.4,10.9,2.5,2.1,80.5,2399,9.7,-42,10.4,1.7,73,92.6,2048,-16,-22.4,17.5,1.6,,,,,,,,,,,,,,,,,,,,,,,,,,,,,,,,,,,,,,,,,,,,,,,,,
"Ohlendorf, Ross",456027,2016,33,64,65.2,290,23.4,11,0.239,0.435,0.342,0.338,8.2,3.8,37,25,46.3,33.7,21.7,31.5,13,R,1135,57,94.6,2208,-6.7,-9.8,17.9,1.4,20.8,82.5,1828,5.1,-40.8,7.4,1.6,16.6,86.6,2123,-11,-18.9,17.2,1.5,0.3,80.3,1910,5.9,-31.7,11.9,1.5,5.4,88.3,2130,-12.5,-17.7,16.1,1.9,,,,,,,,,,,,,,,,,,,,,,,,,,,,,,,,,,,,,,,,,,,,,,,,,
"Wood, Travis",475243,2016,29,77,61,252,18.7,9.5,0.237,0.373,0.285,0.299,7.2,2.2,35.6,16.8,50.5,38.3,21.1,27.8,12.8,L,1008,62.6,90.9,2185,3.7,-14.4,18.9,1.5,3.9,81.8,1994,-7.5,-36.1,9.6,1.2,2.2,80.6,1792,14.4,-29.4,20.2,1.5,3,72.2,1696,-6.1,-65.3,12.4,2,7.5,90.9,2163,9.1,-14.8,19,1.7,20.8,85.7,2093,-2.7,-27,10.4,2.4,,,,,,,,,,,,,,,,,,,,,,,,,,,,,,,,,,,,,,,,,,
"Hunter, Tommy",488984,2016,29,33,34,139,16.5,5.8,0.283,0.374,0.297,0.311,4.7,4.7,38.7,21.7,48.7,50,15.1,28.3,6.6,R,478,25.1,95.7,2456,-5.4,-12.6,18.4,1.2,,,,,,,,0.6,91.4,2448,-4.6,-24.2,14.8,1.6,19.7,85.2,2492,11.4,-39.2,12.3,1.9,33.5,94.9,2450,-12.2,-16.5,17.7,1.3,21.1,92.8,2491,2.7,-19.4,12.3,1.6,,,,,,,,,,,,,,,,,,,,,,,,,,,,,,,,,,,,,,,,,,
"Gray, Jon",592351,2016,24,29,168,711,26,8.3,0.238,0.386,0.307,0.31,5.1,4,34.7,26.5,49,44.8,16.5,30.5,8.1,R,2787,55.3,95.8,2183,-7.9,-12.9,16.8,1.6,26.3,89.1,2370,4.5,-26.3,7.8,1.8,7.4,85.9,1683,-8.7,-23.3,14.2,1.8,11,78.3,2584,13.1,-50.9,16.6,1.8,,,,,,,,,,,,,,,,,,,,,,,,,,,,,,,,,,,,,,,,,,,,,,,,,,,,,,,,
"Strasburg, Stephen",544931,2016,27,24,147.2,598,30.6,7.4,0.211,0.341,0.277,0.269,6.8,3.3,33.6,24.8,49.6,41.5,21.4,29.5,7.6,R,2379,50,95.6,2172,-9,-11.3,18.8,1.1,17,89.8,2270,4.7,-24,8.7,1.5,13.1,89.3,1788,-15.3,-25.7,16.5,1.3,12.7,82,2720,14,-49.2,18,1.5,7.2,95.6,2147,-13.6,-13,19.8,1.2,,,,,,,,,,,,,,,,,,,,,,,,,,,,,,,,,,,,,,,,,,,,,,,,,
"Papelbon, Jonathan",449097,2016,35,37,35,152,20.4,9.2,0.261,0.44,0.321,0.326,5.6,1.9,41.1,23.6,46.8,35.5,22.4,34.6,7.5,R,557,61.8,91.6,2073,-13.3,-15.9,18.9,1.6,19.6,80.3,1829,3.4,-39.6,4.3,1.6,,,,,,,,,,,,,,,1.6,93,2115,-16.9,-18.9,19,1.4,,,,,,,,17.1,86.5,1481,-13.3,-28.8,14.8,2,,,,,,,,,,,,,,,,,,,,,,,,,,,,,,,,,,,
"Eveland, Dana",445968,2016,32,33,23,120,17.5,16.7,0.272,0.445,0.413,0.373,6.6,6.6,35.5,21.2,40.2,48.7,19.7,30.3,1.3,L,447,2.9,90.1,2355,6.2,-22.5,13.4,1.4,46.8,82.2,3006,-14.6,-46.5,15.8,1.3,2.9,83.6,2172,15.7,-35.8,16.8,1.4,,,,,,,,47.4,89.9,2229,20.1,-30.2,21,1.2,,,,,,,,,,,,,,,,,,,,,,,,,,,,,,,,,,,,,,,,,,,,,,,,,
"Domínguez, José",523848,2016,25,34,35.2,155,12.9,11,0.273,0.452,0.333,0.361,3.5,3.5,36.8,17.9,45.9,49.1,21.9,22.8,6.1,R,596,73.3,96.5,2089,-3.3,-13.8,15.4,1.8,18.3,89.9,2303,4,-24.7,9.7,2.1,8.4,86.5,1583,-9.7,-29,11.3,2,,,,,,,,,,,,,,,,,,,,,,,,,,,,,,,,,,,,,,,,,,,,,,,,,,,,,,,,,,,,,,,
"Rodney, Fernando",407845,2016,39,67,65.1,283,26.1,13.1,0.21,0.307,0.3,0.289,3,4.2,26.9,30,43.8,56.3,15.6,24.6,3.6,R,1136,9.2,95.8,2150,-5.1,-11.7,18.7,1.4,,,,,,,,42.4,83.3,1818,-15.1,-31.7,16.6,1.6,,,,,,,,48.4,95,2002,-12.1,-17.1,17.2,1.7,,,,,,,,,,,,,,,,,,,,,,,,,,,,,,,,,,,,,,,,,,,,,,,,,
"Boyer, Blaine",430641,2016,34,61,66,282,9.2,6,0.266,0.344,0.329,0.287,3.8,4.2,26.9,13.1,52.2,50.8,16,26.9,6.3,R,1039,20.7,92.5,2358,-6.4,-17,14.5,1.8,29.8,87.2,2453,3.1,-27.3,7.3,1.9,0.7,88.4,2356,-5.1,-24,10.8,1.5,9.9,75.1,2432,8,-57.8,14,2.4,38.9,92.7,2257,-13.5,-21.2,15.9,1.7,,,,,,,,,,,,,,,,,,,,,,,,,,,,,,,,,,,,,,,,,,,,,,,,,
"Cecil, Brett",446399,2016,29,54,36.2,157,28.7,5.1,0.257,0.411,0.32,0.314,7.8,4.9,43.1,28.1,47.2,43.1,18.6,32.4,5.9,L,566,27.7,92.4,2209,8.3,-16.6,17.3,1.8,,,,,,,,6.7,84.9,1461,14.3,-29.1,17.6,1.6,45.6,84.4,2384,-0.9,-45.2,7.4,1.2,18.4,92.5,2065,16.1,-19.8,19.8,1.3,1.6,89.3,2238,-0.1,-23.9,10,1.4,,,,,,,,,,,,,,,,,,,,,,,,,,,,,,,,,,,,,,,,,,
"Cole, Gerrit",543037,2016,25,21,116,506,19.4,7.1,0.268,0.378,0.326,0.308,4.6,3,31,18.8,48.2,47.8,17.5,29.2,5.5,R,1926,47.3,95.9,2185,-9.3,-13.7,17.6,1.7,18.1,88.2,2285,6.3,-31.7,7.5,2,5.7,88.8,1696,-12.4,-22.3,16.2,1.5,9.8,81.7,2626,16.8,-49,19.2,1.9,19.1,96,2140,-13.8,-16.9,17.7,1.7,,,,,,,,,,,,,,,,,,,,,,,,,,,,,,,,,,,,,,,,,,,,,,,,,
"Chapman, Aroldis",547973,2016,28,59,58,222,40.5,8.1,0.173,0.242,0.206,0.22,5.3,4.4,34.2,36.8,53.8,46.5,14.9,31.6,7,L,976,81.1,101.1,2547,7.9,-6.9,20.3,2,15.7,88.8,2233,-9,-26.2,11.7,2.2,3.2,89.6,2090,16.1,-21.2,19.3,1.6,,,,,,,,,,,,,,,,,,,,,,,,,,,,,,,,,,,,,,,,,,,,,,,,,,,,,,,,,,,,,,,
"Perdomo, Luis",606131,2016,23,35,146.2,661,15.9,7,0.272,0.444,0.36,0.331,5,2.2,40.6,19.3,46.3,59.6,14.3,24.3,1.8,R,2336,8.6,94.8,2046,-3.9,-15.6,15,1.2,,,,,,,,12.1,89.5,1578,-10.9,-25.5,13.8,2,24.7,83.6,2283,4.8,-43.3,8.4,1.7,54.5,94.4,1931,-13.3,-21.5,15.7,1.4,0.1,97.1,2033,10.1,-15.8,12.4,1.4,,,,,,,,,,,,,,,,,,,,,,,,,,,,,,,,,,,,,,,,,,
"López, Javier",425657,2016,38,68,26.2,118,12.7,12.7,0.251,0.342,0.32,0.32,1.2,2.3,34.9,15.7,43.1,64,11.6,19.8,4.7,L,441,,,,,,,,21.1,78,2001,-0.5,-37.1,5.3,1.2,5.2,79.7,2054,16.8,-36,18.1,1.9,4.5,71.9,2163,-9.9,-50.9,10.4,1.4,69.2,84.8,2124,16.9,-34.7,17.4,1.2,,,,,,,,,,,,,,,,,,,,,,,,,,,,,,,,,,,,,,,,,,,,,,,,,
"Chavez, Jesse",445926,2016,32,62,67,282,22.3,6.4,0.25,0.449,0.33,0.319,9,2,38.7,20,49.3,43.2,25.6,24.1,7,R,1113,48.7,93.3,2376,-5.5,-14.2,16.6,1.4,3.8,84.3,2377,5,-40,7,1.4,11.9,86.4,1956,-11.5,-31.7,14.7,2,9,78.1,2635,14.2,-55.1,18.6,2.4,6,93.4,2228,-13.4,-14.5,18.7,1.8,20.6,91.5,2389,1.6,-17.5,13.1,1,,,,,,,,,,,,,,,,,,,,,,,,,,,,,,,,,,,,,,,,,,
"Chacín, Jhoulys",468504,2016,28,34,144,632,18.8,8.7,0.269,0.408,0.322,0.326,5.7,1.8,36.2,19.5,44.2,51.2,18.1,23.8,6.8,R,2375,25.6,91.4,2207,-4.5,-19.7,15.3,1.7,19.8,83,2347,13.6,-36.6,15.1,1.4,7.4,84.4,1580,-9.1,-30.3,14,1.5,12.9,79.1,2520,13.1,-48.3,14.1,1.8,29.8,91.1,2090,-13.3,-24.4,16.4,1.9,4.4,87.8,2250,2.6,-28.5,8.3,1.5,,,,,,,,,,,,,,,,,,,,,,,,,,,,,,,,,,,,,,,,,,
"Owens, Henry",596064,2016,23,5,22,103,20.4,19.4,0.227,0.464,0.421,0.366,4.9,1.6,31.1,26.7,38.4,31.1,26.2,24.6,18,L,415,56.4,89.1,2258,12.3,-15,22.7,2.3,3.1,80.5,2047,0.3,-33.9,9.2,1.7,29.9,77.2,1544,12.6,-33.5,17.3,2.1,10.6,71.5,2268,-10.4,-62.8,14.1,2.1,,,,,,,,,,,,,,,,,,,,,,,,,,,,,,,,,,,,,,,,,,,,,,,,,,,,,,,,
"Bettis, Chad",518452,2016,27,32,186,814,17,7.2,0.273,0.432,0.332,0.33,5.2,3.8,34.9,21.2,45.1,53.9,16.9,25.6,3.6,R,3041,48.2,92.3,1963,-1,-18.2,11.9,1.9,18.7,86.2,2079,6.1,-31.2,7.4,1.8,11.7,86.6,1521,-8.5,-31.9,9.3,2.1,11,75.6,2232,13.2,-52.1,14.8,3.6,10,91.6,1861,-11.2,-22.1,14,1.8,0.4,87.2,1974,2.6,-30,7.5,1.7,,,,,,,,,,,,,,,,,,,,,,,,,,,,,,,,,,,,,,,,,,
"Taillon, Jameson",592791,2016,24,18,104,418,20.3,4.1,0.24,0.373,0.3,0.283,4.8,3.5,34.5,18.4,49,55,14.7,24,6.4,R,1545,21,95,2303,-3.9,-14.1,15.2,1.1,,,,,,,,10.6,87.5,1667,-4,-23.4,10.7,1.4,26.3,80.6,2585,10.4,-55,18.9,1.3,42.1,94.9,2167,-10.2,-18.3,14.1,1.1,,,,,,,,,,,,,,,,,,,,,,,,,,,,,,,,,,,,,,,,,,,,,,,,,
"Jiménez, Ubaldo",434622,2016,32,29,142.1,637,19.6,11.3,0.242,0.383,0.337,0.318,5.3,2.1,32.3,21.4,42,50.3,19.2,23.6,6.9,R,2487,29.2,90.7,2145,-8.5,-15.2,19.3,1.7,16.5,82.8,2412,9.6,-33.8,11.9,2,,,,,,,,7,75.3,2639,14.1,-57.6,17.4,1.8,27.1,90.2,2074,-13.8,-17.7,19.7,1.7,0.4,90.2,2331,2.7,-17.7,16.5,1.6,19.9,84,1463,-10.9,-30,14.2,1.8,,,,,,,,,,,,,,,,,,,,,,,,,,,,,,,,,,,
"Wilson, Tyler",592869,2016,26,24,94,414,13.3,5.8,0.291,0.48,0.349,0.354,6.3,2.7,36.9,15.5,47.1,46.2,21.1,26,6.6,R,1468,41.8,90.4,2235,2.8,-16.7,14.6,1.6,,,,,,,,12.6,82.1,1603,-10.4,-32.2,11.7,1.7,25.8,79.2,2448,14,-44,14.9,2.5,19.8,89.7,2120,-7.8,-21,12.8,1.4,,,,,,,,,,,,,,,,,,,,,,,,,,,,,,,,,,,,,,,,,,,,,,,,,
"Asher, Alec",594742,2016,24,5,27.2,111,11.7,3.6,0.253,0.382,0.243,0.294,8.7,10.9,32.6,13.3,46.2,38,22.8,30.4,8.7,R,422,10.2,90.5,2317,-6.9,-15,18.7,1.3,2.4,82.9,1508,3.5,-37,4.9,1.3,17.3,81.7,1750,-12.5,-25.7,17.6,1.3,21.1,80.5,2277,5.9,-44.9,8.3,1.4,49.1,89.9,2199,-14.9,-19.6,19.2,1.4,,,,,,,,,,,,,,,,,,,,,,,,,,,,,,,,,,,,,,,,,,,,,,,,,
"Lyons, Tyler",544928,2016,28,30,48,187,24.6,7.5,0.257,0.469,0.286,0.337,8.7,3.1,38.6,23.6,45,40.9,18.1,29.9,11,L,677,37.1,91.4,2136,7,-16.5,18,1.4,38,81,2402,-16.9,-44.8,17.4,1.4,16.1,85.1,1556,13.6,-33.4,14.5,1.4,0.1,75.7,2222,-11.6,-60.9,13.5,,8.7,90.4,1991,13.9,-24.2,16.7,1.5,,,,,,,,,,,,,,,,,,,,,,,,,,,,,,,,,,,,,,,,,,,,,,,,,
"Lyles, Jordan",543475,2016,25,40,58.2,272,11.8,10.3,0.265,0.364,0.344,0.318,1.9,4.3,32.2,17.6,46.9,51.9,13,31.7,3.4,R,949,35.8,93.8,2082,-4.6,-16.2,12.5,1.5,23.2,89.3,2210,5.2,-26.7,7.3,1.5,8.3,84,1734,-9.9,-26.9,13,1.8,9.2,78.5,2267,7.7,-54.3,14.8,2.8,23.5,93.1,1996,-11.6,-20.5,14,1.5,,,,,,,,,,,,,,,,,,,,,,,,,,,,,,,,,,,,,,,,,,,,,,,,,
"Vázquez, Felipe",553878,2016,24,75,77,327,28.1,10.1,0.223,0.354,0.295,0.297,3.1,5.1,31.6,32.1,48.5,48.5,18.9,27.6,5.1,L,1281,61.5,96.5,2316,10.9,-13.6,18,1.8,16.9,83.2,2647,-10.9,-39.7,12.6,2.2,20.9,88.2,1931,16.7,-31.9,16.9,1.6,,,,,,,,0.6,95,2153,13.8,-22.2,14.9,1.8,,,,,,,,,,,,,,,,,,,,,,,,,,,,,,,,,,,,,,,,,,,,,,,,,
"Feldman, Scott",444857,2016,33,40,77,338,16.6,5.6,0.251,0.404,0.331,0.303,1.5,4.2,23.8,18.5,43.5,52.3,20.8,22.3,4.6,R,1304,9.7,90.6,2246,-0.4,-22.3,11,2.1,,,,,,,,4.1,84.6,1855,-10.9,-28.3,15.7,1.7,24.8,76.5,2585,17.4,-57,20.1,2.3,29.4,90.9,2142,-11.4,-22.9,15.8,1.7,32,88.7,2252,6.5,-26.6,11.1,1.8,,,,,,,,,,,,,,,,,,,,,,,,,,,,,,,,,,,,,,,,,,
"Howell, J.P.",434442,2016,33,64,50.2,220,20,6.8,0.257,0.366,0.315,0.3,3.8,3.2,27.2,23.3,40.3,60.1,12,25.9,1.9,L,876,,,,,,,,,,,,,,,3.2,82.3,1832,15,-35.2,16.3,1.8,46.9,78.9,2350,-9.1,-49.5,11.2,1.3,49.9,85.9,1961,17.4,-32.4,18,1,,,,,,,,,,,,,,,,,,,,,,,,,,,,,,,,,,,,,,,,,,,,,,,,,
"Díaz, Edwin",621242,2016,22,49,51.2,217,40.6,6.9,0.198,0.295,0.274,0.248,1.8,0.9,33.3,38.9,51,47.7,18,27,7.2,R,825,18.3,97,2263,-9.2,-14.1,18.2,1.7,32.4,87.3,2234,3.2,-32.2,4.8,1.7,0.4,91,2035,-10,-21.4,17.1,1.5,,,,,,,,49,98.3,2315,-13.7,-12.5,18.4,1.9,,,,,,,,,,,,,,,,,,,,,,,,,,,,,,,,,,,,,,,,,,,,,,,,,
"Smith, Josh A.",595001,2016,28,32,59.2,260,18.5,10,0.22,0.375,0.326,0.296,4.3,4.9,29.7,24.1,46.2,42.7,26.5,24.3,6.5,R,1033,37.6,91.4,2319,-4.7,-13.9,14.5,1.6,34.8,85.3,2505,6.9,-27.9,8.2,2,1.6,82.2,1826,-13.2,-27,14.2,1.5,22.5,78.5,2768,15.8,-48.1,18.6,1.8,3.5,88.7,2200,-12.4,-20.4,14.5,1.6,,,,,,,,,,,,,,,,,,,,,,,,,,,,,,,,,,,,,,,,,,,,,,,,,
"Worley, Vance",474699,2016,28,35,86.2,364,15.4,9.6,0.24,0.379,0.325,0.311,3.7,3.3,29.4,12.7,44.2,49.4,23.4,20.4,6.7,R,1300,14.7,89.4,2244,-2.1,-16.8,16.4,2.4,17.7,86,2232,5,-27.3,9.4,1.5,1.4,84.2,1978,-7.4,-21.6,16.3,2,7.3,75.5,2082,13.5,-57.2,17.2,2,48.3,89.7,2243,-10.2,-18.4,17.2,1.7,10.6,88.7,2301,3.7,-23.7,10.4,1.3,,,,,,,,,,,,,,,,,,,,,,,,,,,,,,,,,,,,,,,,,,
"Robertson, David",502085,2016,31,62,62.1,267,28.1,12,0.198,0.335,0.298,0.277,6.3,3.8,28.3,30.2,44.5,47.2,28.3,17,7.5,R,1034,5,93.2,2516,-1.2,-14.8,12.8,1.6,,,,,,,,1.6,87.9,2055,-9.2,-18.6,16.1,1.6,30.5,82.8,2661,12.6,-48.7,17.7,1.9,1,92.7,2198,-12.2,-15.4,18.2,1.5,61.9,92.3,2532,5.6,-16.9,14,1.5,,,,,,,,,,,,,,,,,,,,,,,,,,,,,,,,,,,,,,,,,,
"Street, Huston",434718,2016,32,26,22.1,105,13.3,11.4,0.282,0.529,0.408,0.372,8.9,3.8,35.4,19.4,47.6,38,22.8,29.1,10.1,R,392,,,,,,,,34.2,83.4,2172,0.3,-33.4,8.1,1.2,18.9,81,1879,-13.9,-33.9,17.2,1.3,,,,,,,,46.9,88.8,2228,-13.9,-22.1,20.9,1.3,,,,,,,,,,,,,,,,,,,,,,,,,,,,,,,,,,,,,,,,,,,,,,,,,
"Lobstein, Kyle",543456,2016,26,14,25,110,13.6,10.9,0.287,0.451,0.332,0.361,6.2,3.7,35.8,18.9,42.5,51.9,14.8,27.2,6.2,L,407,28.5,88.1,2094,10.5,-18.4,18.3,1.4,,,,,,,,7.6,80.1,1571,12.8,-32.7,15.6,1.3,6.9,77.1,2158,-3,-48.7,6.8,1.6,38.6,88,1971,16.7,-23.9,19.2,1.5,18.4,83.5,2228,-1.6,-32.2,6,1.5,,,,,,,,,,,,,,,,,,,,,,,,,,,,,,,,,,,,,,,,,,
"Liriano, Francisco",434538,2016,32,31,163,731,23,11.6,0.235,0.386,0.336,0.32,6,3.2,33.3,27.9,43.3,53.1,19.6,23.5,3.8,L,2792,2.4,93.1,2094,9.7,-16.8,18.1,1.8,29.1,85.9,2231,-0.9,-31.3,5.6,2.2,19.5,85.9,1784,16.6,-28.9,18.1,1.6,0.1,77.1,2208,-4.7,-46.6,7.1,1.5,48.9,93.4,2038,16.4,-20,19.4,1.7,,,,,,,,,,,,,,,,,,,,,,,,,,,,,,,,,,,,,,,,,,,,,,,,,
"Goeddel, Erik",592340,2016,27,36,35.2,157,22.9,8.9,0.263,0.465,0.305,0.347,6.6,0.9,36.8,25.4,47.5,29.2,34,32.1,4.7,R,629,51.5,92.5,2189,-5.1,-14.7,16.6,1.3,0.5,83.7,867,0.3,-34.4,2.6,1.5,32.4,84.3,1160,-7.7,-34.7,8.7,1.2,14.1,76.6,2275,11.5,-60.4,19.1,1.3,,,,,,,,1.4,88.2,2187,2.8,-27.7,7.9,1.4,,,,,,,,,,,,,,,,,,,,,,,,,,,,,,,,,,,,,,,,,,
"Gausman, Kevin",592332,2016,25,30,179.2,757,23,6.2,0.25,0.421,0.319,0.314,3.4,3.6,33.7,25.4,48.4,45.8,19.4,25.6,9.2,R,3112,61.5,95.4,2306,-9.8,-10.5,20.1,2.1,13.2,80.3,2266,5.4,-43,7.1,2.2,1.9,85,1866,-11.2,-19.6,19.3,1.9,,,,,,,,4.5,94.8,2264,-14.1,-14,18.9,2,,,,,,,,18.9,85.1,1556,-12.5,-28.1,14.5,1.8,,,,,,,,,,,,,,,,,,,,,,,,,,,,,,,,,,,
"Biagini, Joe",607352,2016,26,60,67.2,295,21,6.4,0.227,0.324,0.296,0.274,3.8,5.3,34.4,25,48.7,54.1,17.2,21.5,7.2,R,1113,58.9,94.9,2215,-9.8,-13.7,19.2,1.2,16.5,89.8,2191,1.3,-25.6,8.7,1.6,6,86.5,1622,-14,-26.8,16.7,1.3,17.3,80.7,2851,8.2,-57.3,17.7,2,1,96.5,2268,-11.7,-13.5,20.5,1.3,0.2,88.9,1836,-1.1,-25.7,10.3,1.5,,,,,,,,,,,,,,,,,,,,,,,,,,,,,,,,,,,,,,,,,,
"Bailey, Andrew",457732,2016,32,45,43.2,190,21.6,8.9,0.254,0.444,0.325,0.337,1.5,1.5,33.8,21.6,49.6,42.3,23.8,26.2,7.7,R,793,60.9,92.7,2674,3.1,-14,16.8,1.3,,,,,,,,,,,,,,,15.8,78.2,2711,11.3,-55.5,17.1,2.1,,,,,,,,23.3,85.8,2600,7.9,-35.6,9.6,2.7,,,,,,,,,,,,,,,,,,,,,,,,,,,,,,,,,,,,,,,,,,
"Fields, Josh",451661,2016,30,37,35,158,26.6,7,0.226,0.389,0.352,0.289,8.7,1,40.4,28.5,50.7,36.5,26.9,23.1,13.5,R,602,63.5,95.4,2246,-1.8,-9.6,19.2,1.3,8,84.4,1953,7.3,-33.3,9.1,1.9,4.5,81.1,1520,-10.2,-33.7,12.8,2,24.1,79.5,2123,7.3,-56.1,16.7,2.2,,,,,,,,,,,,,,,,,,,,,,,,,,,,,,,,,,,,,,,,,,,,,,,,,,,,,,,,
"Pineda, Michael",501381,2016,27,32,175.2,755,27.4,7,0.234,0.409,0.335,0.304,6.1,2.5,39.3,31.1,48.8,46,24.1,26.2,3.7,R,3013,47.6,94.6,2086,-3.6,-15,14.1,1.9,40,86.1,2004,3.5,-34.6,4.7,2.1,8.4,89.1,1896,-12.5,-21.8,16.2,1.8,,,,,,,,1.4,95.3,2058,-7.3,-16.5,11,1.6,2.7,94.4,2041,2.6,-16.5,12.6,1.5,,,,,,,,,,,,,,,,,,,,,,,,,,,,,,,,,,,,,,,,,,
"Whalen, Rob",547007,2016,22,5,24.2,110,22.7,10.9,0.198,0.37,0.334,0.31,5.7,2.9,25.7,25.4,41,44.3,22.9,28.6,4.3,R,449,43.7,89.8,2425,-0.5,-22.5,11.1,1.4,22.5,81.2,2541,10.1,-42.7,10.9,1.4,8.5,82.8,1609,-9,-34.8,10.5,1.3,2.9,75.1,2447,8.3,-60.7,16.1,1.8,22.5,89.5,2253,-14.4,-29.1,15.2,1.6,,,,,,,,,,,,,,,,,,,,,,,,,,,,,,,,,,,,,,,,,,,,,,,,,
"Doolittle, Sean",448281,2016,29,44,39,155,29,5.2,0.207,0.417,0.295,0.278,8.8,2,39.2,29.6,56.3,33.3,27.5,26.5,12.7,L,587,89.3,95.4,2263,7.6,-8.8,21.9,1.3,,,,,,,,,,,,,,,6.3,81.9,2259,-5,-43.6,7.1,1.7,,,,,,,,,,,,,,,4.4,85.1,1330,12.8,-27.4,16.9,1.3,,,,,,,,,,,,,,,,,,,,,,,,,,,,,,,,,,,
"Richard, Clayton",453385,2016,32,36,67.2,306,13.4,10.1,0.26,0.355,0.333,0.308,3.4,1.3,31.9,19.7,45.4,66.4,9.9,22,1.7,L,1074,10.6,92.1,2173,14.8,-22.6,18.8,1.4,2.3,85,2314,2.1,-36.3,4.8,1.7,13.7,84.5,1752,15.6,-37.1,16.2,1.5,10.2,81.4,2194,2.4,-44.1,4.9,1.5,63.1,91.2,2096,19.6,-28.7,20.3,1.5,,,,,,,,,,,,,,,,,,,,,,,,,,,,,,,,,,,,,,,,,,,,,,,,,
"Happ, J.A.",457918,2016,33,32,195,796,20.5,7.5,0.256,0.42,0.291,0.321,5.3,3.5,37.2,22.2,47,43.7,22.9,25.9,7.4,L,3032,58.5,92.4,2379,11.1,-15.1,20.1,1.4,12.9,85.6,2233,-1.4,-30.6,7.1,1.5,6.3,84.4,1934,16.1,-23.8,21.7,1.4,7.4,79,2175,-2.6,-48.7,6.6,1.5,14.9,91.5,2228,17.2,-24.5,18.9,1.1,,,,,,,,,,,,,,,,,,,,,,,,,,,,,,,,,,,,,,,,,,,,,,,,,
"Váldez, José A.",572308,2016,26,25,23.1,100,22,16,0.247,0.437,0.33,0.353,4.8,3.2,43.5,25.3,41.7,40.3,22.6,30.6,6.5,R,398,59.8,96,2420,-6.4,-14.4,18.4,1.6,40.2,85.3,2240,6.9,-38.5,7.6,2.2,,,,,,,,,,,,,,,,,,,,,,,,,,,,,,,,,,,,,,,,,,,,,,,,,,,,,,,,,,,,,,,,,,,,,,
"Tepera, Ryan",572193,2016,28,20,18.1,85,21.2,9.4,0.193,0.269,0.287,0.259,5.4,7.1,25,29,50,58.9,7.1,19.6,14.3,R,289,54,95.9,2334,-11.4,-15,18.6,1.2,5.9,85.2,2183,8.2,-38.1,8.8,1.7,,,,,,,,,,,,,,,,,,,,,,40.1,90,2445,6.1,-27,9,1.3,,,,,,,,,,,,,,,,,,,,,,,,,,,,,,,,,,,,,,,,,,
"Wacha, Michael",608379,2016,24,27,138,606,18.8,7.4,0.265,0.425,0.339,0.318,5.6,3.4,34.1,18.8,47.5,48.4,16.4,30,5.2,R,2302,51.8,93.9,2136,-6.2,-11.7,19.5,1.7,,,,,,,,21.5,85.5,1682,-9.9,-26,14.5,1.9,8.6,74.8,2136,6.1,-59.5,14.1,1.8,,,,,,,,18,90.7,2130,0.8,-18.1,14.4,1.6,,,,,,,,,,,,,,,,,,,,,,,,,,,,,,,,,,,,,,,,,,
"Treinen, Blake",595014,2016,28,73,67,263,24,11.8,0.194,0.284,0.28,0.253,3,2.4,28.4,25.4,44.8,66.9,14.2,16.6,2.4,R,977,3,96.4,2496,-6.9,-14.6,15.7,1.4,30.1,87.3,2497,3.7,-40.4,7,1.4,0.9,88.6,1583,-12,-30.8,12.8,1.4,,,,,,,,66,96,2342,-15.7,-23.1,17,1.5,,,,,,,,,,,,,,,,,,,,,,,,,,,,,,,,,,,,,,,,,,,,,,,,,
"Fernández, José",605228,2016,23,29,182.1,737,34.3,7.5,0.219,0.328,0.271,0.269,5,2.4,36.2,32.7,46,44.4,16.5,32.2,6.9,R,2911,50.3,95.9,2441,-8.1,-12,18.2,1.9,,,,,,,,12.4,88.8,1552,-14.5,-27.2,15.9,1.9,33.8,84.3,2379,13.5,-35.8,13.8,1.8,3.5,94.2,2277,-14.9,-16.9,18.6,2,,,,,,,,,,,,,,,,,,,,,,,,,,,,,,,,,,,,,,,,,,,,,,,,,
"Corbin, Patrick",571578,2016,26,36,155.2,701,18.7,9.4,0.273,0.466,0.354,0.351,4.6,2.8,36.5,22.6,45.3,55.1,15.4,25.7,3.8,L,2532,31.2,92.2,2285,8.6,-17.4,17,1.6,26.5,81,2302,-5.8,-43.6,7.2,1.7,9.9,85.3,1771,15.1,-28,17.9,1.8,,,,,,,,32.4,92.4,2245,14.9,-20.4,18.8,1.4,,,,,,,,,,,,,,,,,,,,,,,,,,,,,,,,,,,,,,,,,,,,,,,,,
"Verrett, Logan",548337,2016,26,35,91.2,406,16.3,10.6,0.289,0.524,0.377,0.383,5.5,2.7,35.8,19.2,47.5,46.4,23.2,26.3,4.1,R,1558,40.9,91.1,2182,-6.3,-15.2,18,1.8,25.1,83.9,2208,-0.9,-36.1,3.4,1.7,9.9,84.3,1756,-13.3,-29.9,15.1,1.4,7.6,77.4,2232,1.5,-49.6,6.2,2,16.4,89.6,2126,-13.8,-21.4,18.1,1.8,,,,,,,,,,,,,,,,,,,,,,,,,,,,,,,,,,,,,,,,,,,,,,,,,
"Goody, Nick",580792,2016,24,27,29,128,26.6,9.4,0.241,0.485,0.367,0.345,13.6,4.9,43.2,32.4,48.5,24.7,33.3,32.1,9.9,R,524,52.3,91.4,2242,-5.7,-11.2,19.8,1.1,47.5,82.8,2101,6.9,-36,7.9,1.2,0.2,87,2043,-0.5,-11,15.4,,,,,,,,,,,,,,,,,,,,,,,,,,,,,,,,,,,,,,,,,,,,,,,,,,,,,,,,,,,,,,,,
"Greene, Shane",572888,2016,27,50,60.1,256,23,8.6,0.224,0.333,0.301,0.283,1.8,5.3,29.2,28.3,47.8,48.5,18.7,22.8,9.9,R,967,6.5,94.9,2448,-5.3,-13.3,16.4,1.4,,,,,,,,0.7,86.6,1792,-14.6,-37.1,14.9,1.5,0.6,79.2,2604,9.7,-40.6,12.5,1.6,34.4,94.6,2350,-13.9,-18.5,18,1.7,36.9,89.8,2652,6,-26.1,10.1,1.4,,,,,,,,,,,,,,,20.8,83.1,2626,13.8,-37.7,14.5,1.6,,,,,,,,,,,,,,,,,,,,,
"Kahnle, Tommy",592454,2016,26,29,27.1,119,21,16.8,0.215,0.305,0.299,0.292,2.7,5.4,24.3,24.2,46.3,50,17.6,28.4,4.1,R,488,61.5,97.2,2319,-0.2,-12.9,13.3,1.4,10.2,84.7,2483,10.9,-35.6,11.3,1.6,16.2,89.3,1386,-12.5,-26.8,13.4,2,,,,,,,,10.9,97.1,2317,-4.9,-13.8,13,1.4,1.2,96.2,2260,6,-11.9,12.3,1.4,,,,,,,,,,,,,,,,,,,,,,,,,,,,,,,,,,,,,,,,,,
"Martinez, Nick",607259,2016,25,12,38.2,179,8.9,10.6,0.281,0.466,0.388,0.366,7.2,2.2,35.3,15.5,42.7,49.6,22.3,21.6,6.5,R,647,32.9,92.1,2297,-7.8,-16.5,18.4,1.6,23.8,85.2,2407,4.7,-37.5,6.8,2.6,4.2,85.5,1885,-15.3,-29.3,16.8,1.3,5.6,78,2525,6.2,-57.7,15.7,1.3,33.5,91.8,2184,-13.2,-19.8,16.8,2.4,,,,,,,,,,,,,,,,,,,,,,,,,,,,,,,,,,,,,,,,,,,,,,,,,
"Delgado, Randall",517414,2016,26,79,75,337,20.2,10.7,0.227,0.351,0.332,0.292,6.5,3.9,37.7,23.7,44.6,42.9,21.6,26.8,8.7,R,1342,32.3,93.1,2243,-6.1,-13.5,19.1,1.4,25,82.5,1975,4.7,-40.1,5.8,2.2,20.3,85.8,1973,-11.5,-23.9,17.2,1.9,,,,,,,,22.4,92.5,2149,-11.9,-16.4,18.9,1.6,,,,,,,,,,,,,,,,,,,,,,,,,,,,,,,,,,,,,,,,,,,,,,,,,
"Rea, Colin",607067,2016,25,20,102.2,453,17.7,9.7,0.268,0.424,0.331,0.339,7.5,3.7,39.6,17.1,42.4,47.7,18.1,28.3,5.9,R,1743,32.1,92.5,2087,-5.3,-14.8,17.6,1.6,,,,,,,,,,,,,,,17.6,78.7,2264,11,-54.6,16.4,1.9,27.5,92.5,2026,-10.9,-17.2,17.3,1.8,17.2,88.1,2036,3,-23.2,11.4,1.7,5.5,85.3,1600,-9.9,-25.2,15.2,2.1,,,,,,,,,,,,,,,,,,,,,,,,,,,,,,,,,,,
"Young, Chris",432934,2016,37,34,88.2,406,23.2,10.6,0.267,0.543,0.394,0.375,5.6,2.6,37.1,26.6,45.5,31.1,30.7,27.7,10.5,R,1674,48.1,88.3,2417,-3.7,-14,22.5,1.3,49.9,82.6,2346,5.7,-31.6,11.2,1.6,2,82,2282,-3.6,-29.6,13.2,2.4,,,,,,,,,,,,,,,,,,,,,,,,,,,,,,,,,,,,,,,,,,,,,,,,,,,,,,,,,,,,,,,
"May, Trevor",543507,2016,26,44,42.2,187,32.1,9.1,0.223,0.415,0.323,0.311,12,2.8,38,28.8,47.9,31.5,29.6,31.5,7.4,R,837,60.5,94.5,2312,-3.9,-9.7,18,1.5,8.7,86.3,2370,9,-31.3,9.9,1.7,9.6,86.1,1869,-8.3,-18,17.1,1.5,19.4,78.3,2430,15.2,-53.7,20.1,1.7,1.9,93.1,2099,-10.4,-14.6,15.9,2.3,,,,,,,,,,,,,,,,,,,,,,,,,,,,,,,,,,,,,,,,,,,,,,,,,
"Mitchell, Bryan",571951,2016,25,5,25,107,10.3,11.2,0.272,0.399,0.328,0.333,7.1,1.2,31,15.8,42.5,48.8,20.2,22.6,8.3,R,388,51,95.4,2268,-9.7,-11.6,19.4,1.2,,,,,,,,3.4,87.5,1862,-14.9,-20.4,19.4,1.4,21.4,82.1,2800,13.2,-50.8,18.6,1.5,,,,,,,,24.2,92.4,2350,1.5,-18.6,11.9,1.5,,,,,,,,,,,,,,,,,,,,,,,,,,,,,,,,,,,,,,,,,,
"Karns, Nate",501992,2016,28,22,94.1,417,24.2,10.8,0.25,0.406,0.331,0.326,7.8,3.7,36.9,26.4,43.5,42.9,22.8,27.6,6.7,R,1674,52.9,93.6,2216,-6.3,-12.8,17.3,1.6,,,,,,,,10.6,86.8,1606,-12.4,-26.5,14.7,1.7,36.4,82,2375,9.3,-51,16.4,2.4,,,,,,,,,,,,,,,,,,,,,,,,,,,,,,,,,,,,,,,,,,,,,,,,,,,,,,,,
"Buchholz, Clay",453329,2016,31,37,139.1,588,15.8,9.4,0.251,0.421,0.321,0.328,6,2.1,32.9,21.8,45.7,42.5,28.5,18.2,10.8,R,2225,18.2,92.8,2273,-6.1,-14.2,17.4,1.3,,,,,,,,17.3,81.4,1590,-9.4,-31.9,12.2,1.7,18.9,78.5,2783,17,-53.2,20.2,1.9,22.7,92.6,2213,-12,-17.5,17.4,1.4,21.9,89.2,2418,2.5,-21.2,12.2,1.4,1,88.1,2074,-7.3,-24.2,12.1,1.8,,,,,,,,,,,,,,,,,,,,,,,,,,,,,,,,,,,
"Cishek, Steve",518553,2016,30,62,64,258,29.5,8.1,0.198,0.34,0.263,0.271,7.6,2.5,28,29,40.7,45.2,24.8,22.9,7,R,1071,1.5,91.8,2361,-10.8,-21,15.7,1.5,50.1,79.1,2439,15.7,-41.9,16.2,1.6,1,83.7,1903,-16.4,-35.9,16.8,1.4,,,,,,,,47.3,92,2328,-15.9,-25.3,16.8,1.2,,,,,,,,,,,,,,,,,,,,,,,,,,,,,,,,,,,,,,,,,,,,,,,,,
"Giles, Ken",571704,2016,25,69,65.2,286,35.7,8.7,0.212,0.341,0.306,0.277,6.4,0.6,33.1,39.8,52.2,40.8,22.9,29.9,6.4,R,1108,51.7,97.9,2405,-2.1,-11.8,18.3,1.5,47.9,86.6,2287,3.6,-38.8,4.6,1.4,,,,,,,,,,,,,,,0.4,98.8,2231,-11.1,-15.5,15.7,1.4,,,,,,,,,,,,,,,,,,,,,,,,,,,,,,,,,,,,,,,,,,,,,,,,,
"Thornton, Matt",407819,2016,39,18,17,77,11.7,7.8,0.284,0.449,0.367,0.346,3.3,0,42.6,14.4,52.1,54.1,16.4,24.6,4.9,L,280,7.5,92.1,2081,10.4,-18.1,18.8,1.4,6.1,84.1,1824,2,-36.2,7.2,1.5,,,,,,,,,,,,,,,63.6,92,2081,17.2,-19.6,21.6,1,22.9,86.7,1315,14.1,-31.7,16,1.7,,,,,,,,,,,,,,,,,,,,,,,,,,,,,,,,,,,,,,,,,,
"Quintana, Jose",500779,2016,27,32,208,837,21.6,6,0.247,0.375,0.297,0.293,7.1,2.5,34.2,18.6,45.8,40.7,21.3,27.4,10.6,L,3277,44,92.6,2065,6.9,-13.7,17.6,1.4,,,,,,,,7.8,86.6,1322,12.2,-24.1,16.6,1.4,25,78.1,2134,-6.1,-48.7,9.1,1.9,23.2,92.6,1999,13.6,-16.1,18.7,1.4,,,,,,,,,,,,,,,,,,,,,,,,,,,,,,,,,,,,,,,,,,,,,,,,,
"Ramírez, Erasmo",541640,2016,26,64,90.2,378,16.7,6.9,0.252,0.407,0.325,0.307,4.9,2.5,35.1,19.4,50,54.7,18.2,19.6,7.4,R,1336,37,92,2282,-10.9,-20.8,17.4,1.8,17.7,86.4,2377,6.7,-29.6,11.7,2.4,18,82.3,1645,-10.2,-32.1,13.1,2,1,78.3,2428,12,-49.2,13,1.6,26.3,91.6,2257,-15.3,-24.1,17.2,1.7,,,,,,,,,,,,,,,,,,,,,,,,,,,,,,,,,,,,,,,,,,,,,,,,,
"Garton, Ryan",623439,2016,26,37,39.1,171,19.3,6.4,0.267,0.432,0.314,0.319,4.7,1.6,33.1,21.1,46.5,47.2,22,24.4,6.3,R,689,49.2,93.1,2009,3.2,-13.4,19.1,0.9,,,,,,,,2.8,85.6,1783,-5.6,-22.1,16.3,1.4,20.3,80.5,1839,5.1,-58.1,17.4,1.5,,,,,,,,27.7,89.3,2289,10.2,-28.9,12.3,1.5,,,,,,,,,,,,,,,,,,,,,,,,,,,,,,,,,,,,,,,,,,
"Cahill, Trevor",502239,2016,28,50,65.2,284,23.2,12.3,0.235,0.37,0.279,0.317,6.2,2.2,32.6,27.6,41.5,57.3,14,24.7,3.9,R,1152,10,93.1,2227,-9.7,-17.6,15.6,1.4,2.6,86.4,1749,-7.8,-32.1,9.6,1.6,23.8,84.2,1499,-12.1,-36,12.5,1.4,19.2,80,2897,10.8,-53.8,17,1.7,44.4,92.5,2219,-15.9,-23.4,17.4,2,,,,,,,,,,,,,,,,,,,,,,,,,,,,,,,,,,,,,,,,,,,,,,,,,
"Rodríguez, Francisco",408061,2016,34,61,58.1,235,22.1,8.9,0.235,0.389,0.279,0.308,6.2,2.5,39.8,27.6,45.7,54.7,20.5,19.9,5,R,917,29.2,89.9,2121,-8.3,-15.5,19.4,1.1,,,,,,,,41.5,84,1736,-11.4,-30.4,13.6,1.7,11.2,76.5,2753,13.1,-55.2,17.1,1.4,18,89.7,2004,-13,-19.2,18.5,1.4,,,,,,,,,,,,,,,,,,,,,,,,,,,,,,,,,,,,,,,,,,,,,,,,,
"Vincent, Nick",543883,2016,29,60,60.1,247,26.3,6.1,0.221,0.37,0.292,0.27,3,3,30.1,28.6,55.3,33.7,34.3,20.5,11.4,R,917,39,90.3,2393,-5.6,-16.2,16.3,1.2,46.8,87.1,2511,5,-26.8,8.9,1.4,5.1,84.1,1796,-16.2,-31.4,17.1,1.4,,,,,,,,9.1,90.6,2297,-12.2,-18.4,16.7,1.4,,,,,,,,,,,,,,,,,,,,,,,,,,,,,,,,,,,,,,,,,,,,,,,,,
"Gray, Sonny",543243,2016,26,22,117,516,18.2,8.1,0.268,0.436,0.349,0.333,4.2,3.2,43.4,19.6,44.5,54.2,15.9,25.1,4.8,R,1947,36.7,93.4,2423,0.6,-16.3,14.6,1.3,10.7,85.5,2731,11.4,-39.4,12.1,1.4,9.3,88.6,1746,-8.9,-27,11.5,1.5,15.9,81.4,2817,18.8,-51.3,21.5,1.6,24.8,93.3,2328,-8.5,-20.1,13.9,1.4,2.2,89.7,2455,6.8,-30,8.9,1.4,,,,,,,,,,,,,,,0.4,84.5,2750,22.2,-43.6,22.4,1.4,,,,,,,,,,,,,,,,,,,,,
"Overton, Dillon",592614,2016,24,7,24.1,128,13.3,5.5,0.353,0.732,0.516,0.463,8.7,1,40.8,20.5,50.3,24.3,35,36.9,3.9,L,485,48.5,89,2214,11.5,-18.1,20.6,1.3,,,,,,,,34.4,79.3,1585,15.2,-34.7,17.8,1.4,10.1,73.9,2149,-3.9,-55.8,6.8,1.7,,,,,,,,7,85.2,2181,4.6,-27.9,11.3,1.3,,,,,,,,,,,,,,,,,,,,,,,,,,,,,,,,,,,,,,,,,,
"Edwards Jr., Carl",605218,2016,24,36,36,138,37.7,10.1,0.19,0.319,0.203,0.26,1.4,1.4,29.2,39.2,47.5,51.4,18.1,25,5.6,R,622,73.8,95.8,2659,1,-11.3,15.6,1.5,,,,,,,,0.2,92.3,1850,-18.7,-26.2,18.9,,26,81.3,2497,12.5,-49.5,17.4,1.5,,,,,,,,,,,,,,,,,,,,,,,,,,,,,,,,,,,,,,,,,,,,,,,,,,,,,,,,
"McGowan, Dustin",430661,2016,34,55,67,279,22.6,11.8,0.209,0.337,0.276,0.28,6.1,3.9,27.6,30.9,48,55.2,17.7,23.2,3.9,R,1050,34.1,95.5,2350,-4.3,-12.1,17.3,1.4,30.6,87.5,2277,6.9,-34.7,7.7,1.5,5.5,88.7,1830,-14.8,-26.7,16.2,1.4,,,,,,,,29.8,95.4,2145,-13.1,-16.4,17.8,1.6,,,,,,,,,,,,,,,,,,,,,,,,,,,,,,,,,,,,,,,,,,,,,,,,,
"Bedrosian, Cam",592135,2016,24,45,40.1,162,31.5,8.6,0.208,0.312,0.242,0.271,6.3,1.1,45.3,27,43.1,51.6,17.9,27.4,3.2,R,651,61.8,95.9,2333,-3.6,-11.7,20.5,1.2,32.3,83.9,2749,10.6,-48.3,13.6,2,,,,,,,,,,,,,,,,,,,,,,6,95.7,2354,2.3,-11.5,19,1.2,,,,,,,,,,,,,,,,,,,,,,,,,,,,,,,,,,,,,,,,,,
"Andriese, Matt",542882,2016,26,29,127.2,527,20.7,4.7,0.254,0.424,0.307,0.309,5.9,1,41.2,22.9,49.4,43.7,27.4,20.7,8.2,R,1978,45.2,92.4,2348,-3.2,-14.7,18.6,1.2,21.4,85.6,2186,4.7,-36.1,5.7,1.3,12.3,86.3,1993,-2.6,-35.8,4,1.2,10.2,80.2,2682,11.1,-57,17,1.5,0.7,90.6,2103,-9.7,-24.1,14.1,1.6,10.2,87.7,2325,7,-33.1,8.5,1.1,,,,,,,,,,,,,,,,,,,,,,,,,,,,,,,,,,,,,,,,,,
"Fien, Casey",502272,2016,32,39,39.1,169,20.7,5.9,0.289,0.571,0.38,0.375,9.7,4,37.1,25.5,52.5,37.1,27.4,31.5,4,R,648,46.5,93.9,2501,-3.5,-11,18.2,1.4,38,89.2,2513,1.3,-24,8.7,1.4,,,,,,,,8,79.8,2620,10.4,-42.8,10.9,1.4,7.6,93.3,2523,-9.7,-14.4,17.5,1.8,,,,,,,,,,,,,,,,,,,,,,,,,,,,,,,,,,,,,,,,,,,,,,,,,
"Wilson, Justin",458677,2016,28,66,58.2,251,25.9,6.8,0.213,0.327,0.305,0.262,3.6,4.2,29.8,27,49.8,56.5,17.9,17.3,8.3,L,978,30.2,95.9,2463,6.7,-9.7,20.6,1.5,,,,,,,,,,,,,,,3.6,81.1,2527,-5.7,-45,7.8,2,36.6,95.4,2312,13.7,-12.7,21,1.9,29.7,90.6,2451,-2.1,-24.4,8.5,2.2,,,,,,,,,,,,,,,,,,,,,,,,,,,,,,,,,,,,,,,,,,
"Alvarez, Jose",501625,2016,27,64,57.1,256,19.9,5.9,0.256,0.365,0.318,0.289,2.6,3.2,22.2,22.1,51.1,46,23.3,28,2.6,L,913,24.9,91.5,2339,11.1,-16.6,20.5,1.2,28.3,85.9,2312,-0.9,-30,8.6,2.6,19.6,80.5,1823,15.3,-34.3,18.2,1.6,6.1,77.6,2172,-6.7,-47,7.9,2,21.1,90.8,2230,17.5,-22.2,20.7,1.6,,,,,,,,,,,,,,,,,,,,,,,,,,,,,,,,,,,,,,,,,,,,,,,,,
"Knebel, Corey",608349,2016,24,35,32.2,145,26.2,11,0.222,0.356,0.305,0.292,3.3,3.3,38.9,23,39.9,43.3,24.4,25.6,6.7,R,603,68.7,95.9,2282,-5.1,-11.3,16.8,1.4,2.7,93.1,2358,-2.1,-17.9,18.2,3,0.7,95.2,2343,-12.4,-14.6,18.9,1.6,27,80.9,2545,11.8,-53.8,19.5,1.8,1,92.9,2304,-5.7,-21.8,16.9,2.2,,,,,,,,,,,,,,,,,,,,,,,,,,,,,,,,,,,,,,,,,,,,,,,,,
"Rodón, Carlos",607074,2016,23,28,165,714,23.5,7.6,0.246,0.38,0.328,0.303,5.6,1.9,35,23.5,46.3,44,22.4,27.4,6.2,L,2789,33.2,94.2,2243,9.1,-14.4,17.8,2.5,25.5,87.2,2315,-6.3,-31.3,8.4,2.8,10.5,84.1,1610,15.9,-32.5,16.6,2,,,,,,,,30.8,93.8,2108,15.1,-17.8,18.4,2.2,,,,,,,,,,,,,,,,,,,,,,,,,,,,,,,,,,,,,,,,,,,,,,,,,
"Capuano, Chris",425626,2016,37,16,24,106,25.5,14.2,0.267,0.532,0.381,0.383,6.3,1.6,47.6,25.5,45.7,44.4,33.3,22.2,0,L,430,,,,,,,,27.4,82.8,2414,-2.6,-35.6,5.3,1.7,21.6,78.1,1553,15.1,-35.7,16.7,1.5,2.1,75.1,2662,-5,-59.3,12.2,1.6,48.8,89.1,2433,18.1,-20.7,22.5,1.4,,,,,,,,,,,,,,,,,,,,,,,,,,,,,,,,,,,,,,,,,,,,,,,,,
"Flynn, Brian",543169,2016,26,36,55.1,221,19.9,10.4,0.238,0.379,0.268,0.311,2.6,3.3,34,25.3,46,56.9,15.7,19.6,7.8,L,815,30.6,93.2,2347,7.3,-17.6,17.7,1.7,27.1,86,2274,-2.9,-33.6,6.4,1.4,3.7,84.4,1676,12.9,-26.5,18.3,1.4,1.7,76.1,2667,-11.8,-56.3,14.5,1.6,36.9,93,2340,13.4,-19.2,18.6,1.5,,,,,,,,,,,,,,,,,,,,,,,,,,,,,,,,,,,,,,,,,,,,,,,,,
"Guerra, Junior",448855,2016,31,20,121.2,492,20.3,8.7,0.236,0.393,0.277,0.304,6.1,2.9,32.4,24.6,47.3,46.8,21.7,24,7.5,R,1864,61.1,93.8,2164,-3.4,-13.4,15.9,1.3,2.9,84.1,1162,3.7,-34.7,4.3,1.6,,,,,,,,14.8,82.5,2002,5.4,-41.3,7.5,2,0.4,95.1,2113,-12.7,-16.3,17.8,1.4,,,,,,,,20.8,85.6,1012,0.4,-29.2,6.5,1.6,,,,,,,,,,,,,,,,,,,,,,,,,,,,,,,,,,,
"Hill, Rich",448179,2016,36,20,110.1,439,29.4,7.5,0.199,0.3,0.241,0.259,5.2,3.3,32.3,28,42.8,46.8,21.2,23,8.9,L,1819,45,90.9,2458,14,-14.6,22.5,1.3,1.6,80.1,2335,-4.6,-43.7,6.7,1.4,1.7,83.4,1708,15.9,-28.1,19.2,1.9,48.6,75,2832,-15.9,-61.9,21,2.3,2.1,89.5,2404,20.7,-24.8,22.5,1.4,,,,,,,,,,,,,,,,,,,,,,1,73.3,2832,-22.5,-51.4,22.6,1.3,,,,,,,,,,,,,,,,,,,,,
"De La Rosa, Jorge",407822,2016,35,27,134,614,17.6,10.3,0.273,0.45,0.369,0.351,5.1,3.4,38.6,24.4,45.5,49,19.8,25.1,6.2,L,2333,31.4,90.8,1884,13.8,-19.6,18.5,1,0.6,86.9,1974,3.4,-25.7,6.9,1.3,1.2,82.5,1398,10.6,-33.6,11.3,1.5,9.7,73.9,2608,-6.9,-59.5,13.2,2.2,1.5,90.5,1899,14.7,-20.5,17.4,1.3,22.5,87,1916,4.4,-26.5,9.3,1.4,33,82.2,1328,12.4,-36,13,1.4,,,,,,,,,,,,,,,,,,,,,,,,,,,,,,,,,,,
"Wittgren, Nick",621295,2016,25,48,51.2,213,19.7,4.7,0.249,0.406,0.286,0.298,3.1,3.1,35,15.8,48.9,41.3,26.3,26.3,6.3,R,834,75.7,92.8,2075,-7.5,-14.7,17.2,1.3,11.4,81.7,2250,6.6,-40.1,7.8,1.5,12.9,85.9,1746,-12.7,-32,13.2,1.3,,,,,,,,,,,,,,,,,,,,,,,,,,,,,,,,,,,,,,,,,,,,,,,,,,,,,,,,,,,,,,,
"Chafin, Andrew",605177,2016,26,32,22.2,98,28.6,11.2,0.218,0.301,0.312,0.28,5.2,5.2,37.9,31,49.6,51.7,12.1,25.9,10.3,L,348,25,93.7,2132,10.8,-15,19.9,1.7,27.6,82.8,2256,1.1,-40.6,3.7,1.5,0.3,85.9,1849,15.7,-23.7,19.8,,,,,,,,,47.1,93.4,2113,15.6,-18.3,20.2,1.6,,,,,,,,,,,,,,,,,,,,,,,,,,,,,,,,,,,,,,,,,,,,,,,,,
"Scherzer, Max",453286,2016,31,34,228.1,902,31.5,6.2,0.197,0.335,0.267,0.259,4.9,3.8,29.5,32.2,51.8,34.7,25,26.8,13.5,R,3554,54.5,95,2550,-12.3,-13.1,19.3,1.5,22.8,86.8,2343,2.9,-30,5.3,1.7,12,85.8,1514,-15.4,-32.1,15.7,1.6,8.1,78.5,2472,8.2,-49.5,11.3,1.9,0.9,95.4,2613,-13.6,-11.7,20.1,1.3,1.7,90,2462,-1.8,-22.6,8,1.4,,,,,,,,,,,,,,,,,,,,,,,,,,,,,,,,,,,,,,,,,,
"Hessler, Keith",594857,2016,27,17,21.2,103,10.7,12.6,0.256,0.467,0.353,0.352,7.7,3.8,33.3,17.2,43.1,41,26.9,25.6,6.4,L,410,68.8,92.2,2301,8.2,-15.7,17.8,1.1,31.2,83.6,2150,-2.8,-36.3,4.3,1.4,,,,,,,,,,,,,,,,,,,,,,,,,,,,,,,,,,,,,,,,,,,,,,,,,,,,,,,,,,,,,,,,,,,,,,
"Ynoa, Michael",573589,2016,24,23,30,135,22.2,12.6,0.199,0.314,0.261,0.29,6,3.6,34.9,20.8,43.2,39.8,31.3,22.9,6,R,537,67.2,94.9,2263,-10.9,-15.3,17.2,1.5,16.8,88.6,2310,3,-28,6,1.7,4.1,88.1,1904,-13.5,-27,14.9,1.6,11.9,80.8,2592,12.4,-50.8,17.1,1.5,,,,,,,,,,,,,,,,,,,,,,,,,,,,,,,,,,,,,,,,,,,,,,,,,,,,,,,,
"Musgrove, Joe",605397,2016,23,11,62,256,21.5,6.3,0.253,0.422,0.324,0.315,7.1,2.2,40.7,22.7,46.3,42.9,23.1,28,6,R,980,40.5,92.4,2346,-1.6,-19.4,14.9,1.8,35.6,82.3,2474,15.7,-43.8,16.3,1.6,8.4,82.9,1907,-8.2,-36.7,9.7,1.5,7.9,78.6,2508,12.7,-59.7,18.6,1.6,7.7,90.6,2193,-8.8,-27.6,10.5,1.4,,,,,,,,,,,,,,,,,,,,,,,,,,,,,,,,,,,,,,,,,,,,,,,,,
"Montero, Rafael",606160,2016,25,9,19,93,21.5,17.2,0.291,0.487,0.408,0.391,7,3.5,31.6,24.5,38.9,36.8,24.6,36.8,1.8,R,384,36.7,93.4,2351,-6.3,-14.9,15.8,1.2,20.8,83.7,2322,9.6,-36.3,10.5,1.6,22.4,85.8,1971,-13.3,-26.4,15.9,1.3,,,,,,,,20.1,92.6,2272,-13.1,-18.4,16.3,1.5,,,,,,,,,,,,,,,,,,,,,,,,,,,,,,,,,,,,,,,,,,,,,,,,,
"Koehler, Tom",543408,2016,30,33,176.2,774,19,10.7,0.26,0.417,0.33,0.333,3.5,3.5,33.4,23.2,44.4,44.3,19.3,29.3,7.1,R,3059,39.9,92.4,2102,-6.9,-14.1,18.4,1.4,24.5,86.1,2195,5.1,-31,7.9,1.7,6.6,85.2,1614,-12.9,-28.6,15.3,1.6,22.6,79.2,2464,9.1,-58.6,18.1,1.5,6.3,92.8,2038,-12.6,-17.8,17.8,1.7,,,,,,,,,,,,,,,,,,,,,,,,,,,,,,,,,,,,,,,,,,,,,,,,,
"Albers, Andrew",452027,2016,30,6,17,85,18.8,7.1,0.301,0.563,0.433,0.39,6.3,7.9,38.1,16,46,49.2,20.6,30.2,0,L,326,7.1,88.1,2098,9.4,-15,21.5,1.6,23.3,77.8,2102,-0.2,-42.1,3.4,1.5,3.1,77.7,1233,17.1,-38.2,17.6,1.5,7.4,68.8,2213,-7,-64.2,10.4,1.5,59.2,87.8,1966,15.4,-18.1,21.2,1.5,,,,,,,,,,,,,,,,,,,,,,,,,,,,,,,,,,,,,,,,,,,,,,,,,
"Gsellman, Robert",607229,2016,22,8,44.2,185,22.7,8.1,0.236,0.344,0.281,0.281,4.7,4.7,37.8,22.1,47.5,57.5,15,24.4,3.1,R,709,16.5,94.4,2178,-7.8,-14.6,17,1.3,20.6,88.6,2367,2.2,-30.1,5.1,1.7,4.8,87.3,1589,-14,-27.4,15.9,1.3,11,81.8,2649,8,-51.4,14.1,1.9,47.1,94.2,2203,-15.4,-19,18.4,1.3,,,,,,,,,,,,,,,,,,,,,,,,,,,,,,,,,,,,,,,,,,,,,,,,,
"Boxberger, Brad",502202,2016,28,27,24.1,113,19.5,15.9,0.196,0.308,0.329,0.294,2.8,2.8,31,25.2,44.6,49.3,18.3,16.9,15.5,R,467,59.3,92.6,2330,-2.6,-15.6,18.5,1.4,,,,,,,,31.5,79.8,1398,-11.5,-40.2,12.5,1.4,1.7,82.7,2208,11.5,-42.3,11.9,1.5,,,,,,,,7.5,86.1,2242,9.5,-33,11.5,1.8,,,,,,,,,,,,,,,,,,,,,,,,,,,,,,,,,,,,,,,,,,
"Morin, Mike",573046,2016,25,60,55.2,227,21.6,6.6,0.236,0.385,0.294,0.293,4.9,4.9,29.6,25.8,48.5,41.4,19.8,24.7,14.2,R,844,39.8,91.9,2174,-8.2,-16.7,19.2,1.5,25.1,81.8,2119,5.6,-38.8,7.5,2.9,34.8,72.3,1300,-1.6,-39.7,14.7,1.8,,,,,,,,0.2,92.4,2201,-12.8,-14.6,16.3,1.4,,,,,,,,,,,,,,,,,,,,,,,,,,,,,,,,,,,,,,,,,,,,,,,,,
"Kela, Keone",605309,2016,23,35,34,150,30,11.3,0.242,0.451,0.337,0.346,5.9,3.5,36.5,28.8,44.5,45.9,17.6,30.6,5.9,R,632,59.3,96.4,2246,-4.2,-12.2,19.5,1.4,,,,,,,,1.7,90.1,1670,-11.1,-20.8,17.1,1.6,35.9,84.5,2301,3.9,-42.9,6.1,1.4,3,96.5,2238,-10,-12.4,17.5,1.4,,,,,,,,,,,,,,,,,,,,,,,,,,,,,,,,,,,,,,,,,,,,,,,,,
"Williams, Jerome",425532,2016,34,11,17.1,81,9.9,7.4,0.292,0.447,0.387,0.349,4.6,4.6,24.6,21.4,48.1,38.5,20,35.4,6.2,R,289,12.8,90.4,2163,-10,-17.9,17,1.1,2.8,80.3,2349,5.7,-42.8,6.7,1.6,18,84.4,1647,-13.8,-29.1,15.3,1.3,0.7,72.4,2445,11.4,-59.3,13.5,1.5,36,90.3,2017,-15.7,-23.4,17.1,1.1,29.8,87.1,2183,1.4,-26.7,7.3,1.3,,,,,,,,,,,,,,,,,,,,,,,,,,,,,,,,,,,,,,,,,,
"Ross, Joe",605452,2016,23,19,105,447,20.8,6.5,0.27,0.398,0.309,0.318,3.8,3.8,31.7,24.1,48,44.5,16.6,32.3,6.6,R,1699,,,,,,,,39,84.3,1900,0.9,-33.5,4.1,2,8.8,87.8,2031,-15.4,-21.7,19,1.5,,,,,,,,52.1,93.4,1995,-13.9,-18.2,17.9,1.8,,,,,,,,,,,,,,,,,,,,,,,,,,,,,,,,,,,,,,,,,,,,,,,,,
"Kimbrel, Craig",518886,2016,28,57,53,220,37.7,13.6,0.168,0.309,0.252,0.278,7.8,4.9,33,34.9,44.4,31.1,33,24.3,11.7,R,934,68.7,98,2455,-8.2,-11.3,17.5,1.2,,,,,,,,,,,,,,,31,87.2,2555,11.9,-44.7,16.8,1.3,0.2,98.4,2441,-13.7,-9.2,17.1,1.4,,,,,,,,,,,,,,,,,,,,,,,,,,,,,,,,,,,,,,,,,,,,,,,,,
"Phelps, David",475479,2016,29,64,86.2,352,32.4,10.8,0.191,0.305,0.256,0.259,6.1,4.5,35.4,25.6,42,47.5,21.2,25.8,5.6,R,1481,37.1,94.3,2318,-6.3,-13.2,17.4,1.5,9.7,89.6,2388,4.5,-21.1,12.1,1.1,1.3,85,2083,-15.2,-30.9,16.3,1.2,11.4,80.3,2649,13.2,-54.1,18.4,1.5,23.7,93.7,2232,-14.9,-18.5,18.9,1.9,16.8,92.2,2370,1.6,-18,13,1.9,,,,,,,,,,,,,,,,,,,,,,,,,,,,,,,,,,,,,,,,,,
"Wang, Chien-Ming",425426,2016,36,38,53.1,231,13,7.8,0.306,0.484,0.341,0.367,8.8,1.7,44.2,12.7,49,50.3,19.3,26.5,3.9,R,834,10.1,91.7,1919,-10.5,-18.6,18.1,1.5,10.2,84.9,1990,-1.9,-32.3,6.4,1.5,,,,,,,,1.1,77.4,2285,6.8,-56.7,12.9,1.4,74.1,92.2,1864,-15.6,-22.5,18.8,1.6,,,,,,,,4.6,80.7,1696,-13.3,-31.3,17.5,1.6,,,,,,,,,,,,,,,,,,,,,,,,,,,,,,,,,,,
"Hatcher, Chris",501822,2016,31,37,40.2,181,23.8,11.6,0.247,0.428,0.344,0.328,6,2.6,38.8,23.6,45.1,44.8,23.3,23.3,8.6,R,759,57.4,96.4,2388,-6,-9.2,19.4,1,20.4,86.1,2269,5.1,-32.1,7.1,1.8,,,,,,,,,,,,,,,0.9,96.8,2406,-12.4,-8.8,19.1,1.4,6.2,92.5,2411,2.3,-22.1,10.3,1.3,15,87.4,1578,-10.3,-28.2,12.4,1.6,,,,,,,,,,,,,,,,,,,,,,,,,,,,,,,,,,,
"Giolito, Lucas",608337,2016,21,6,21.1,101,10.9,11.9,0.336,0.574,0.415,0.425,6.5,3.9,42.9,13.7,45.7,41.6,22.1,27.3,9.1,R,398,69.3,94,2064,-6.8,-13,17.4,1.4,,,,,,,,11.1,84.2,1587,-6.9,-25.9,12.5,1.5,17.8,80.6,2517,7.9,-57.1,19.7,1.4,1.8,94.3,2004,-12.8,-17,15.9,1.5,,,,,,,,,,,,,,,,,,,,,,,,,,,,,,,,,,,,,,,,,,,,,,,,,
"Roe, Chaz",475054,2016,29,30,29.2,124,29.8,11.3,0.195,0.322,0.289,0.285,6.9,1.4,36.1,30.6,45.4,58.3,13.9,19.4,8.3,R,470,12.1,93.4,2427,-5.9,-14.2,15.8,1.2,,,,,,,,,,,,,,,,,,,,,,32.1,93.2,2323,-11.9,-23.6,13.1,1.2,12.8,86.9,2208,10.2,-31.1,11.1,1.4,,,,,,,,,,,,,,,43,82.7,2715,18.6,-40,19,1.4,,,,,,,,,,,,,,,,,,,,,
"O'Day, Darren",503285,2016,33,34,31,131,29,9.9,0.209,0.347,0.304,0.28,5.1,3.8,31.6,30.8,49.5,34.2,24.1,30.4,11.4,R,529,32.7,87,2301,-11.6,-26,14.5,1.1,45,79.8,2066,9.3,-38.6,10.1,1.2,,,,,,,,,,,,,,,22.3,86.3,2132,-13.9,-39.1,15,1.2,,,,,,,,,,,,,,,,,,,,,,,,,,,,,,,,,,,,,,,,,,,,,,,,,
"Locke, Jeff",502046,2016,28,30,127.1,563,13,7.8,0.285,0.452,0.358,0.345,3.2,3.8,33.4,19.2,48.7,50.8,19.4,24.4,5.4,L,2077,4.3,92.2,2193,6.3,-15.1,18.3,1.3,,,,,,,,32.4,83.1,1506,8.1,-28.9,12.6,2,1.3,79.3,1358,-2.2,-47.8,11.2,3.3,61.9,92.1,2070,13.9,-17.6,19.1,1.4,,,,,,,,,,,,,,,,,,,,,,,,,,,,,,,,,,,,,,,,,,,,,,,,,
"Kuhl, Chad",641771,2016,23,14,70.2,301,17.6,6.6,0.252,0.414,0.326,0.319,7.6,3.1,34.4,20.2,45.5,45.5,18.8,26.3,9.4,R,1140,5.2,92.6,2158,-6.5,-18.9,13,2.2,27.5,87.2,2314,4.9,-32.2,6,1.5,5.6,85.7,1577,-12,-29.2,13.4,1.4,,,,,,,,61.8,93.5,2038,-13.6,-17.9,17.9,2.6,,,,,,,,,,,,,,,,,,,,,,,,,,,,,,,,,,,,,,,,,,,,,,,,,
"Ramos, AJ",573109,2016,29,67,64,278,26.3,12.6,0.229,0.332,0.274,0.306,8.4,3,31.3,30,41.7,39.2,16.9,31.9,12,R,1106,33.7,92.4,2465,-3.4,-13.4,17.8,1.9,33.4,80.6,2690,11.4,-47.1,13.2,1.5,17.5,85.8,1529,-13.3,-31.8,14.6,1.6,5.6,75.9,2679,13,-61.7,20.1,1.9,6.1,91.6,2197,-12.9,-18.6,17.5,1.7,3.6,92.4,2497,1.8,-17.2,14.5,1.9,,,,,,,,,,,,,,,,,,,,,,,,,,,,,,,,,,,,,,,,,,
"Iglesias, Raisel",628452,2016,26,37,78.1,325,25.5,8,0.204,0.306,0.275,0.265,4.3,3.3,27,28.2,45.3,43.1,23.2,25.1,8.5,R,1240,23.2,94.7,2403,-7,-13,16.2,3.2,31.9,83.6,2449,12.3,-34.5,13.2,3.4,6.7,85.6,1728,-13.1,-27.2,14.4,1.8,,,,,,,,38.1,92.3,2233,-14.9,-19.7,16.7,3.2,,,,,,,,,,,,,,,,,,,,,,,,,,,,,,,,,,,,,,,,,,,,,,,,,
"Hernández, Félix",433587,2016,30,25,153.1,655,18.6,9.9,0.27,0.431,0.316,0.345,4.6,3.5,34.3,22.3,46.6,51.7,18.6,25.5,3.9,R,2453,17.8,91.1,2022,-4.5,-18.3,13.2,1.3,5.7,85.1,2052,4.1,-36.6,5.9,1.4,24.5,87.6,1786,-11,-33.5,11.6,1.3,19.9,79.8,2381,12.5,-53.8,19,1.5,32.1,90.8,1943,-12.1,-22,14.6,1.4,,,,,,,,,,,,,,,,,,,,,,,,,,,,,,,,,,,,,,,,,,,,,,,,,
"Duffy, Danny",518633,2016,27,42,179.2,731,25.7,5.7,0.237,0.428,0.305,0.308,6.3,2.8,36,27.2,51.5,37.4,32.2,23.1,7.3,L,2694,38.3,95.5,2234,6.4,-11.4,21.3,1.6,0,96.5,2394,5.5,-9.2,25.3,,17.3,85.8,2512,16.2,-24.7,21.1,1.6,23.2,84.1,2312,-6.5,-41.9,7.6,1.8,21.2,95.3,2183,12.7,-13.7,20.8,1.5,,,,,,,,,,,,,,,,,,,,,,,,,,,,,,,,,,,,,,,,,,,,,,,,,
"Glover, Koda",606983,2016,23,19,19.2,83,19.3,8.4,0.232,0.408,0.284,0.31,8.5,1.7,35.6,23.6,50.3,42.4,28.8,22,6.8,R,308,2.6,96.7,2153,-8.3,-11.2,16.8,1.5,46.1,90.6,2456,5.7,-25.9,7.5,1.5,0.6,86.2,1422,-10,-25,12.4,1.4,8.1,80.5,2779,12.7,-47.3,15.1,1.4,42.5,97.3,2143,-13.7,-13,17.9,1.2,,,,,,,,,,,,,,,,,,,,,,,,,,,,,,,,,,,,,,,,,,,,,,,,,
"Sale, Chris",519242,2016,27,32,226.2,907,25.7,5,0.235,0.382,0.282,0.294,5.4,2,33.3,24.6,49.3,42.2,24.3,25.5,8,L,3356,,,,,,,,25.2,79.1,2251,-11.3,-49.6,13.8,2.5,19.4,86.8,2137,19.8,-29.5,20.7,2.2,,,,,,,,55.4,93.7,2235,17.8,-20.3,20.1,2.2,,,,,,,,,,,,,,,,,,,,,,,,,,,,,,,,,,,,,,,,,,,,,,,,,
"Martinez, Carlos",593372,2016,24,31,195.1,809,21.5,8.7,0.225,0.329,0.286,0.283,4.2,3.8,30.5,22.7,47.1,57.9,17.7,20,4.3,R,3022,27.3,97.2,2129,-9.7,-14.9,16.3,2.3,,,,,,,,19.3,87.6,2009,-15.7,-32.8,16.3,2.2,23.4,85.4,2146,10.2,-38.7,11,2.8,30,95.7,2046,-16.3,-22.7,17.7,2.1,,,,,,,,,,,,,,,,,,,,,,,,,,,,,,,,,,,,,,,,,,,,,,,,,
"Sanchez, Aaron",592717,2016,23,30,192,790,20.4,8,0.251,0.399,0.277,0.313,5.7,2,39.8,20.9,43.5,55.3,17.5,22.6,4.6,R,2919,19.1,95.2,2278,-9.1,-13.6,18.5,1.7,,,,,,,,8.8,88.8,2051,-16.8,-26.2,18.8,1.6,16.2,78.6,2844,14.8,-60.2,21.8,1.8,55.9,95.4,2267,-15.2,-17.6,19.1,1.5,,,,,,,,,,,,,,,,,,,,,,,,,,,,,,,,,,,,,,,,,,,,,,,,,
"Tolleson, Shawn",474521,2016,28,37,36.1,168,17.3,6,0.281,0.452,0.382,0.331,7.8,1.6,40.3,21,46.3,51.9,16.3,26.4,5.4,R,650,60.8,93.6,2052,-1.2,-13.8,18.7,1.1,22,84.6,2558,6.1,-43.2,8.8,1.4,10.8,82.7,1285,-5.4,-30.2,11.5,1.5,,,,,,,,0.8,93.9,2140,-9.5,-16.4,17.1,1.5,5.7,89.1,2289,6.7,-31,9.5,1.7,,,,,,,,,,,,,,,,,,,,,,,,,,,,,,,,,,,,,,,,,,
"Smith, Will",519293,2016,26,53,40.1,167,28.7,10.8,0.206,0.306,0.281,0.27,4,5,26,29.4,41.4,41,18,27,14,L,649,49.2,92.6,2276,7.6,-12.2,19.6,1.4,39.6,80.8,2323,-9.6,-39.9,10.6,1.3,,,,,,,,10.5,77,2034,-7.2,-53.1,11.1,1.3,0.8,91.1,2271,13.5,-17.1,18.7,1.5,,,,,,,,,,,,,,,,,,,,,,,,,,,,,,,,,,,,,,,,,,,,,,,,,
"Thornburg, Tyler",592804,2016,27,67,67,263,34.2,9.5,0.191,0.331,0.24,0.269,8.9,2.7,39,28.6,46.1,35.6,25.3,27.4,11.6,R,1139,66.2,94.7,2476,-4.5,-8.7,19.9,1.2,,,,,,,,9,86.2,1684,-10.8,-23.8,14.8,1.6,24.7,79.4,2755,8.3,-57.9,19.5,2,,,,,,,,0.2,95.2,2417,3.5,-6.7,15.7,1.4,,,,,,,,,,,,,,,,,,,,,,,,,,,,,,,,,,,,,,,,,,
"Kershaw, Clayton",477132,2016,28,21,149,544,31.6,2,0.195,0.3,0.204,0.222,3.9,1.9,27.3,31,51.7,51.3,18.1,24.8,5.8,L,2058,50.1,93.6,2293,0.4,-8.9,21.4,1.1,33.4,88.4,2432,-5.4,-27,9.8,1.5,0.3,87.8,2164,14.1,-19.8,22,1.6,15.6,73.5,2320,-1.9,-67.3,17.4,1.9,0.5,95.2,2269,11.9,-12.4,21,1.4,,,,,,,,,,,,,,,,,,,,,,,,,,,,,,,,,,,,,,,,,,,,,,,,,
"Bundy, Dylan",605164,2016,23,36,109.2,474,21.9,8.9,0.247,0.409,0.329,0.318,5.6,3.4,31.7,24.2,49.7,37.3,23,28.3,11.5,R,1933,61.4,94.4,2489,-6.9,-8.9,21.2,1.7,,,,,,,,20,85.3,1735,-12.3,-25.3,15.9,1.4,18.4,76.7,2316,11.3,-55.8,16.4,1.7,0.3,94.3,2315,-15.4,-15.3,19.4,1.6,,,,,,,,,,,,,,,,,,,,,,,,,,,,,,,,,,,,,,,,,,,,,,,,,
"Boshers, Buddy",542953,2016,28,37,36,152,24.3,4.6,0.242,0.399,0.28,0.29,5.6,3.7,36.4,25.9,49.1,47.7,25.2,23.4,3.7,L,538,,,,,,,,1.7,82.2,2404,5.4,-40.6,8,1.4,9.5,87.5,1448,16.2,-28.6,17.4,1.7,39.8,81.5,2435,2.1,-44.4,7,1.3,49.1,92.3,1968,14,-15.6,19.4,1.3,,,,,,,,,,,,,,,,,,,,,,,,,,,,,,,,,,,,,,,,,,,,,,,,,
"Krol, Ian",571871,2016,25,63,51,217,25.8,6,0.22,0.338,0.302,0.268,2.1,2.1,29,23.7,48.3,59.3,17.2,20.7,2.8,L,880,40.5,94.4,2471,9.7,-13.6,18.5,1.3,29.9,87.4,2330,-1.8,-32.9,4.1,1.6,2.3,86.5,1751,13.7,-26.6,16.7,1.5,3.3,78.8,2458,-6.9,-53.5,14.5,1.6,24.1,94.7,2487,15,-16.8,19,1.3,,,,,,,,,,,,,,,,,,,,,,,,,,,,,,,,,,,,,,,,,,,,,,,,,
"Chargois, JT",608638,2016,25,25,23,100,17,12,0.255,0.375,0.335,0.325,5.7,1.4,40,22,47.5,54.3,14.3,27.1,4.3,R,364,28.8,97.4,2318,-11.7,-12.7,16.7,1.2,26.9,87.7,2301,4.8,-36.6,7.6,1.3,11.3,88.2,1837,-7,-28,9.4,1.3,,,,,,,,33,96.5,2224,-14.7,-19.1,16.5,1.3,,,,,,,,,,,,,,,,,,,,,,,,,,,,,,,,,,,,,,,,,,,,,,,,,
"Gant, John",607231,2016,23,20,50,222,22.1,9.5,0.278,0.452,0.35,0.345,5.3,4,39.3,22.7,45.7,44.7,20,27.3,8,R,933,57.2,92.4,2372,-12,-14.1,20.3,1.4,,,,,,,,23,81,1551,-11.6,-33.7,13.6,1.8,18.6,75.7,2577,10.7,-63.1,20.3,1.3,1,92.9,2303,-16.4,-14.4,24.4,1.5,0.1,88.9,2346,-5.4,-9.3,24.8,,,,,,,,,,,,,,,,,,,,,,,,,,,,,,,,,,,,,,,,,,,
"Putnam, Zach",474029,2016,28,25,27.1,114,26.3,9.6,0.27,0.417,0.282,0.325,6.8,1.4,38.4,36.8,49,41.1,17.8,34.2,6.8,R,445,17.3,90.9,2309,-6.8,-18.2,16,1.2,,,,,,,,,,,,,,,,,,,,,,11.7,91.5,2193,-12.6,-18.9,17.8,1.1,2.9,90.5,2409,-0.6,-16.7,18.3,1.3,68.1,85,1648,-14.5,-32.6,15.4,1.2,,,,,,,,,,,,,,,,,,,,,,,,,,,,,,,,,,,
"Clevinger, Mike",605182,2016,25,17,53,233,21.5,12.4,0.244,0.42,0.334,0.332,3.2,3.9,26.6,22.9,43.8,39.6,19.5,30.5,10.4,R,964,54.9,93.9,2163,-6.4,-12.3,17.7,1.6,18.8,84,2302,10.9,-27.8,15.9,2.4,16.8,87.4,1507,-12.2,-24.3,15.1,1.6,5.4,74.5,2269,13.8,-57.5,18.8,1.7,4.1,95.2,2185,-13.1,-13.4,18.8,1.5,,,,,,,,,,,,,,,,,,,,,,,,,,,,,,,,,,,,,,,,,,,,,,,,,
"Hughes, Jared",453172,2016,30,67,59.1,257,13.2,8.6,0.247,0.367,0.339,0.305,2,2.6,33.7,20.3,49.9,59.2,15.8,17.9,7.1,R,893,7.7,93.7,2170,-13,-22.1,16.1,1.1,11.9,86.2,2053,2.6,-33.9,4.9,1.3,6.4,88.2,2147,-12.8,-29.5,13.9,1.4,,,,,,,,74,93.6,2108,-15.3,-25.3,16.1,1.3,,,,,,,,,,,,,,,,,,,,,,,,,,,,,,,,,,,,,,,,,,,,,,,,,
"Logan, Boone",457429,2016,31,66,46.1,187,30.5,10.7,0.197,0.339,0.247,0.27,7.4,5.6,29.6,37.4,45.5,50.9,19.4,25.9,3.7,L,728,32.4,93.7,2316,11.5,-14.9,18.7,1.2,52.6,83.9,2461,0.9,-35.6,3.4,1.5,0.8,87,1012,9.9,-27.7,13.1,1.4,,,,,,,,14.1,93.6,2213,16.4,-18.6,19.4,1.3,,,,,,,,,,,,,,,,,,,,,,,,,,,,,,,,,,,,,,,,,,,,,,,,,
"Cueto, Johnny",456501,2016,30,32,219.2,881,22.5,5.1,0.247,0.374,0.276,0.291,5.1,3.7,33.2,21.6,48.2,52.2,16,25.1,6.7,R,3290,24.4,92.6,2316,-9.2,-13.5,18.6,1.3,17.8,84.2,2286,3.9,-31.3,6.9,2,19.9,83.3,1573,-10.7,-33.6,12,2.3,0.5,73.7,2039,3.4,-48.1,6.3,3.7,20.9,92,2221,-14,-17.8,18.2,1.4,16.5,88,2300,-1.5,-23.2,10.7,1.5,,,,,,,,,,,,,,,,,,,,,,,,,,,,,,,,,,,,,,,,,,
"Alexander, Scott",518397,2016,26,17,19,84,19,8.3,0.247,0.351,0.343,0.291,6.6,3.3,37.7,27,49.1,68.9,18,13.1,0,L,324,,,,,,,,22.8,83.2,2062,-2.3,-40,4.2,1.6,4.9,83.6,1614,14.9,-35,16.2,1.5,,,,,,,,72.2,91.2,2104,14.1,-29.1,15.3,1.7,,,,,,,,,,,,,,,,,,,,,,,,,,,,,,,,,,,,,,,,,,,,,,,,,
"Miranda, Aríel",664641,2016,27,12,58,232,19,7.8,0.258,0.47,0.312,0.336,8.2,1.8,38.8,18.6,47.2,31.2,27.6,27.6,13.5,L,908,43.8,93.5,2405,12.8,-12.7,20.2,1.4,14.5,81.2,1187,6.5,-35.1,9.1,1.5,,,,,,,,,,,,,,,14.3,92,2357,14.8,-13.8,18.9,1.2,,,,,,,,27.3,83.8,1966,15,-25.1,18.7,1.9,,,,,,,,,,,,,,,,,,,,,,,,,,,,,,,,,,,
"Samardzija, Jeff",502188,2016,31,32,203.1,829,20.1,6.5,0.249,0.416,0.303,0.307,6.6,2.5,35.1,20.5,48.6,47.4,21.7,25.4,5.4,R,3166,32.9,94.7,2450,-10.1,-16.7,15.7,1.5,17.1,86.8,2382,1.5,-29.6,6.3,2.1,0.4,89.5,1753,-15.7,-20.1,19.4,1.3,7.9,80.8,2397,7,-46.5,11.2,2,19.2,95,2413,-16.2,-20.2,17.7,1.6,15.2,92.8,2499,-1.5,-17.7,11.9,1.4,7.3,86.1,1586,-11.3,-27.4,13.5,1.6,,,,,,,,,,,,,,,,,,,,,,,,,,,,,,,,,,,
"Chen, Wei-Yin",612672,2016,30,22,123.1,520,19.2,4.6,0.282,0.487,0.335,0.346,6.6,2.3,37.2,20.7,48.9,41.7,24.4,27.7,6.1,L,1916,44.4,91.3,2073,10.1,-13.6,20.8,1.5,16.5,84.9,2231,-3.8,-29.4,8,1.5,11.3,84,1542,13.1,-25.7,17.6,1.4,11.2,75.3,2288,-6.4,-58.1,12.9,2.5,16.6,90.8,1927,15,-17.2,20.6,1.8,,,,,,,,,,,,,,,,,,,,,,,,,,,,,,,,,,,,,,,,,,,,,,,,,
"Kelly, Joe",523260,2016,28,20,40,188,25.5,12.8,0.274,0.461,0.356,0.365,8.8,1.8,41.2,26.8,42.4,48.2,18.4,28.1,5.3,R,739,43,97.4,2187,-7.8,-12.4,17,2.4,18.7,87.7,2611,8,-37.5,9.5,2.4,6.4,85.9,2000,-14.5,-24.7,17.6,1.8,9.7,82.6,2854,11.1,-53.6,18.8,1.8,22.2,96,2115,-13.8,-16,18.2,2.1,,,,,,,,,,,,,,,,,,,,,,,,,,,,,,,,,,,,,,,,,,,,,,,,,
"Anderson, Tyler",542881,2016,26,19,114.1,477,20.8,5.9,0.239,0.333,0.318,0.275,3.5,6.9,26.2,22.5,50.6,53.3,17,25.4,4.3,L,1787,44,91.4,2184,11.7,-14.9,19.3,1.8,,,,,,,,28.8,81.9,1779,13.8,-29.5,16.8,1.8,1.1,76.6,2336,-4.6,-47.6,6.5,1.7,,,,,,,,26.2,86.9,2367,1.8,-24.5,9.4,1.9,,,,,,,,,,,,,,,,,,,,,,,,,,,,,,,,,,,,,,,,,,
"Holland, Derek",502706,2016,29,22,107.1,461,14.5,7.6,0.272,0.455,0.331,0.338,5.6,2.5,33.9,17.2,48,38.4,22.7,30,9,L,1822,1.5,91.5,2212,7.2,-16.5,17.1,1.6,20,80.5,2035,2.8,-36.9,7.2,2,11.6,83.7,1992,12.6,-24.4,19.5,1.8,7.5,77,1938,0.7,-45.6,3.8,1.4,59.4,92.3,2207,15.1,-17.2,21.2,1.4,,,,,,,,,,,,,,,,,,,,,,,,,,,,,,,,,,,,,,,,,,,,,,,,,
"Moylan, Peter",493247,2016,37,50,44.2,191,17.8,8.4,0.245,0.371,0.293,0.302,2.9,1.4,31.7,21.4,46.3,62.6,17.3,18,2.2,R,668,,,,,,,,38.5,78.9,2312,8.1,-46.6,9,1.6,1.3,84.3,1691,-13.5,-41.7,14.2,1.5,,,,,,,,60.2,90.5,2054,-15.6,-38.2,16.6,1.5,,,,,,,,,,,,,,,,,,,,,,,,,,,,,,,,,,,,,,,,,,,,,,,,,
"Shipley, Braden",640463,2016,24,13,70,306,14.1,9.2,0.317,0.529,0.379,0.389,5.1,1.3,40.6,18.9,44.5,44.9,21.8,28.6,4.7,R,1177,37.7,92.2,2110,-8.4,-17.2,17.4,1.7,,,,,,,,20.3,85.1,1963,-12.3,-25.4,17.4,1.7,24.6,80.3,2171,5.6,-56,14.7,1.5,17.4,91.1,2029,-14,-21.2,18.3,1.6,,,,,,,,,,,,,,,,,,,,,,,,,,,,,,,,,,,,,,,,,,,,,,,,,
"Leake, Mike",502190,2016,28,30,176.2,757,16.5,4,0.28,0.449,0.323,0.327,4.7,3,36.8,15.9,47.9,55.1,18,23.9,3,R,2654,6.9,90.1,2253,-1.6,-27.1,6.1,1.3,8.9,81.5,2484,10.4,-45.6,11.6,2.9,8.7,85.4,1838,-14.1,-35.3,14.5,3.1,6,79.1,2583,13.3,-55.5,18.2,1.7,52.9,91.2,2068,-12.2,-27.9,13.2,1.4,16.7,89.8,2246,2.6,-26.6,7,1.3,,,,,,,,,,,,,,,,,,,,,,,,,,,,,,,,,,,,,,,,,,
"Barraclough, Kyle",607457,2016,26,75,72.2,306,36.9,14.4,0.169,0.232,0.252,0.25,3.4,4.1,32,35,41,55.1,15,24.5,5.4,R,1333,54.2,96.2,2481,-4,-12.6,16.1,1.2,42,82.8,2544,12.6,-41.9,13.5,1.3,3.8,90.2,1440,-11.8,-24.7,13.9,1.2,,,,,,,,,,,,,,,,,,,,,,,,,,,,,,,,,,,,,,,,,,,,,,,,,,,,,,,,,,,,,,,
"Robles, Hansel",570663,2016,25,68,77.2,331,25.7,10.9,0.224,0.352,0.303,0.296,6.2,1.9,35.9,25.1,48.3,31.1,21.5,34,13.4,R,1360,64.4,95.8,2409,-10.9,-12.9,19.3,2.1,26.4,85.4,2151,3.2,-32.8,6.5,2.2,8.5,89.1,1712,-12.2,-22.9,16.1,1.5,,,,,,,,0.7,95.4,2276,-15.6,-19.1,17.5,1.9,,,,,,,,,,,,,,,,,,,,,,,,,,,,,,,,,,,,,,,,,,,,,,,,,
"Tonkin, Michael",543859,2016,26,65,71.2,315,25.4,7.6,0.261,0.465,0.356,0.341,7.7,2.4,42.8,25.5,46.4,36.5,27.9,28.8,6.7,R,1285,67.9,94.5,2387,-11.7,-13.3,18.1,1.6,29,83.4,2191,7,-39.6,8.8,1.7,0.1,87.4,1483,-7.3,-29.5,7.4,,,,,,,,,3,94.7,2348,-16.4,-21.8,18.5,1.4,,,,,,,,,,,,,,,,,,,,,,,,,,,,,,,,,,,,,,,,,,,,,,,,,
"Neal, Zach",594943,2016,27,24,70,281,9.6,2.1,0.264,0.423,0.306,0.302,4.9,3.2,33.6,18.6,54.7,52.6,17,23.1,7.3,R,944,20.6,90.7,2283,-5.6,-20.8,12.6,1.1,0.8,82.5,2013,4.4,-38.3,8.6,1.4,14,82.4,1907,-8.9,-31.7,11.4,1.6,2,74,2157,7.8,-53,10.5,1.5,40.9,90.3,2163,-12.1,-29,12.7,1,21.7,86.2,2183,1.1,-33.4,3.9,1.3,,,,,,,,,,,,,,,,,,,,,,,,,,,,,,,,,,,,,,,,,,
"Osuna, Roberto",532077,2016,21,72,74,288,28.5,4.9,0.231,0.395,0.254,0.285,1.6,4.2,34.9,29.9,54.6,34.9,25.4,24.3,15.3,R,1118,58.7,96.4,2460,-4.1,-9.3,20.1,1.4,19.6,86.5,2310,8.1,-33.1,9.2,2,7.2,83.5,1921,-12.6,-23.4,19.7,1.8,,,,,,,,8.8,96.3,2413,-11.8,-12.3,20.1,1.2,5.7,90.3,2367,4.5,-24.5,10,1.8,,,,,,,,,,,,,,,,,,,,,,,,,,,,,,,,,,,,,,,,,,
"Kelley, Shawn",518875,2016,32,67,58,224,35.7,4.9,0.166,0.307,0.264,0.22,7.5,3.8,36.8,31.4,54.1,36.8,30.1,21.1,12,R,898,56.2,93,2252,-4.4,-11.2,17.8,1.5,43.7,83.6,2231,5.8,-32.4,7.5,2,0.1,87.3,2204,-2.4,-28.2,7.9,,,,,,,,,,,,,,,,,,,,,,,,,,,,,,,,,,,,,,,,,,,,,,,,,,,,,,,,,,,,,,,,
"Solís, Sammy",519301,2016,27,37,41,172,27.3,12.2,0.21,0.274,0.272,0.267,1.9,1,32,26.8,48.4,44.7,21.4,28.2,5.8,L,655,,,,,,,,,,,,,,,7.9,86.1,1606,13.9,-27.9,15.4,1.4,27.3,80.9,2444,-2.7,-44.9,7.8,1.8,64.7,94.2,2322,15.2,-14.2,21,1.5,,,,,,,,,,,,,,,,,,,,,,,,,,,,,,,,,,,,,,,,,,,,,,,,,
"Kelly, Casey",543391,2016,26,10,21.2,102,6.9,6.9,0.32,0.552,0.363,0.395,5.8,3.5,38.4,14.8,50.3,45.3,16.3,30.2,8.1,R,365,38.4,90.7,2182,-4.9,-19.3,13.9,1.2,,,,,,,,10.1,86,1512,-13.6,-28.4,15.9,1.3,21.9,80.3,2222,8.9,-52.8,13.9,1.3,29.6,90.5,2028,-11.4,-24,14.2,1.3,,,,,,,,,,,,,,,,,,,,,,,,,,,,,,,,,,,,,,,,,,,,,,,,,
"Nicolino, Justin",592593,2016,24,18,79.1,346,10.7,5.8,0.309,0.489,0.341,0.359,4.2,1.7,38.8,11.8,46.4,49.3,19.2,25.9,5.6,L,1205,53,89.7,2003,15.2,-20.9,20.3,1.7,,,,,,,,18.1,83.2,1626,15.7,-31.2,18.1,1.4,12,77.5,2327,-3.8,-50.9,6.5,1.9,,,,,,,,16.8,87,2004,4,-27.2,9.9,1.4,,,,,,,,,,,,,,,,,,,,,,,,,,,,,,,,,,,,,,,,,,
"Alcántara, Raúl",593417,2016,23,5,22.1,103,13.6,3.9,0.322,0.687,0.44,0.437,4.9,1.2,48.1,14.3,46.1,40.7,24.7,27.2,7.4,R,380,50.3,93.7,2163,-7.3,-15.2,17.4,1.4,9.5,87.7,2032,4.9,-27.2,9.5,1.5,18.9,85.4,1593,-11.8,-27.4,14.5,1.4,5.5,82.6,1963,5.7,-38.7,6.4,2.2,15.8,93.6,2119,-13.2,-17.2,18.4,1.4,,,,,,,,,,,,,,,,,,,,,,,,,,,,,,,,,,,,,,,,,,,,,,,,,
"Suárez, Albert",544150,2016,26,22,84,355,15.2,7.3,0.258,0.428,0.338,0.32,5.2,2.2,32.8,20.2,46.1,49.8,19.2,26.6,4.4,R,1358,28.9,92.6,2275,-6.8,-17.4,14.4,1.6,16.8,79,1924,7.2,-43.9,8.2,1.6,12.2,83.7,2106,-13.8,-28.1,16.3,1.9,13.7,75.5,2372,15.4,-55.5,18.8,1.5,28.4,92.6,2257,-12.2,-19.4,15.7,1.6,,,,,,,,,,,,,,,,,,,,,,,,,,,,,,,,,,,,,,,,,,,,,,,,,
"Strickland, Hunter",519326,2016,27,72,61,250,22.8,7.6,0.232,0.38,0.257,0.291,4.1,1.2,34.3,25.2,50.1,47.1,18.6,28.5,5.8,R,1006,46.6,97.8,2430,-4.8,-13.2,14.3,1.3,0.1,84.8,2670,10.6,-40.1,10.6,,2.5,89.6,1673,-13.7,-24.4,16,1.5,24.4,84.8,2566,10.4,-38.9,11.3,1.8,26.4,96.7,2359,-12.1,-18.2,15.4,1.4,,,,,,,,,,,,,,,,,,,,,,,,,,,,,,,,,,,,,,,,,,,,,,,,,
"Brach, Brad",542960,2016,30,71,79,311,29.6,8,0.204,0.323,0.254,0.26,5.2,3.6,33,31.5,50.4,43.3,25.8,23.7,7.2,R,1291,57,95.2,2334,-6.4,-13,16.5,1.1,18.2,86.8,2453,7,-32.9,8,1.3,,,,,,,,,,,,,,,2.9,94.4,2190,-14.3,-18.7,17.3,1.4,,,,,,,,21.8,86.8,1914,-14.1,-33.9,14.4,1.6,,,,,,,,,,,,,,,,,,,,,,,,,,,,,,,,,,,
"Hendricks, Kyle",543294,2016,26,31,190,745,22.8,5.9,0.212,0.32,0.254,0.259,4.2,3.1,26.2,24.7,43.2,49.7,18.4,23.9,8,R,2870,3.7,90.2,2177,-3.2,-16.6,14.7,1,,,,,,,,27.1,80.7,2113,-7.1,-31.1,12,1.1,7.8,76,2880,15.5,-54.9,18.4,1.5,45.4,88.1,1962,-10.9,-24.5,13.9,1.1,16.1,88.5,2140,-2.4,-17.1,15.6,1.1,,,,,,,,,,,,,,,,,,,,,,,,,,,,,,,,,,,,,,,,,,
"Sánchez, Aníbal",434671,2016,32,35,153.1,668,20.2,7.9,0.255,0.428,0.353,0.324,6.7,3.4,35.2,21.6,46.7,40.6,25.9,22.9,10.5,R,2573,36.1,91.7,2337,-3.6,-13.3,19.4,1.4,15.6,85.3,2343,6.5,-31.5,9.5,2.3,1,71.2,1300,-6.2,-41.8,13.7,2.3,9.9,78.2,2181,7.1,-48.5,8.8,2.4,14.2,91.8,2269,-10.8,-15.7,19.5,1.5,6.7,91.2,2330,2.2,-13.4,18.5,1.3,16.6,84.8,1678,-12.3,-29.4,15,2,,,,,,,,,,,,,,,,,,,,,,,,,,,,,,,,,,,
"Jepsen, Kevin",448178,2016,31,58,49.2,224,15.6,9.4,0.283,0.511,0.389,0.366,9.5,0,43.5,20.9,44.6,31.5,26.8,29.8,11.9,R,873,59.1,94.2,2397,-3.7,-11.2,18.3,1.4,,,,,,,,7,84.7,1924,-10.6,-25.4,16.6,3.6,27.4,82.9,2418,9.5,-49.3,15.7,1.2,6.5,94,2401,-9.9,-15.1,17.4,1.4,,,,,,,,,,,,,,,,,,,,,,,,,,,,,,,,,,,,,,,,,,,,,,,,,
"Johnson, Jim",462382,2016,33,65,64.2,266,25.6,7.5,0.245,0.367,0.28,0.301,3.4,5.1,38.3,19.6,42.1,56,14.3,26.3,3.4,R,1054,10.2,93.7,2267,-5,-15.4,16.2,1.5,,,,,,,,6.6,88.5,1683,-13.7,-27.1,15,1.6,25,79.6,2257,6.8,-55.1,14.6,1.7,58.2,94,2224,-14.3,-19.9,17.6,1.6,,,,,,,,,,,,,,,,,,,,,,,,,,,,,,,,,,,,,,,,,,,,,,,,,
"Vizcaíno, Arodys",527055,2016,25,43,38.2,181,27.6,13.8,0.196,0.29,0.303,0.272,4.8,2.9,35.2,31.6,45.3,56.2,21,18.1,4.8,R,707,3.5,96.5,2363,-8.5,-11.3,19.2,1.7,37.2,85.5,2447,3.6,-39.7,6.1,1.8,1.3,89,1767,-12,-21.7,15.8,1.5,,,,,,,,58,98.1,2393,-13.5,-12.9,19.5,1.6,,,,,,,,,,,,,,,,,,,,,,,,,,,,,,,,,,,,,,,,,,,,,,,,,
"Mariñez, Jhan",501697,2016,27,46,62.1,269,18.6,7.8,0.254,0.36,0.309,0.302,5.7,4.7,39.1,20.4,47.2,52.6,15.1,25.5,6.8,R,942,16.9,95.3,2070,-8.1,-16.4,15.1,1.4,23.9,85.8,2147,2.7,-40.3,5.9,1.5,,,,,,,,,,,,,,,59.2,95.3,1953,-15.1,-23.2,16.1,1.2,,,,,,,,,,,,,,,,,,,,,,,,,,,,,,,,,,,,,,,,,,,,,,,,,
"Maness, Seth",595307,2016,27,29,31.2,134,11.9,6,0.282,0.414,0.31,0.316,9.1,4.5,38.2,14.8,49.2,58.2,14.5,23.6,3.6,R,488,21.7,88.6,1917,-11.3,-25.7,14.7,1.2,2,80.6,2156,2.5,-46.8,5.9,1.4,25,83,1617,-15,-39.5,15.4,1.2,3.5,78.5,2142,4.2,-51.3,9.1,1.4,47.7,88.6,1843,-15,-30.7,15.5,1.2,,,,,,,,,,,,,,,,,,,,,,,,,,,,,,,,,,,,,,,,,,,,,,,,,
"Miller, Andrew",453192,2016,31,70,74.1,275,44.7,3.3,0.157,0.264,0.21,0.199,5,2.8,30.5,36.2,47.2,56,21.3,18.4,4.3,L,1117,34.8,95,2089,9.9,-12.9,18.2,1.9,60.5,84.3,2592,-10.2,-38.3,11.1,1.5,,,,,,,,,,,,,,,4.7,96.5,2101,15.4,-15.7,18.7,1.8,,,,,,,,,,,,,,,,,,,,,,,,,,,,,,,,,,,,,,,,,,,,,,,,,
"Roark, Tanner",543699,2016,29,34,210,855,20.1,8.5,0.24,0.378,0.282,0.306,4,3,30.3,21.7,43.8,50.9,18.6,25.1,5.4,R,3342,4.6,92.7,2118,-2.7,-13,17.1,1.4,15.1,86,2386,3.8,-31.1,6.2,1.8,9.8,84.4,1846,-14.3,-26.9,17.1,1.5,12.7,77.8,2735,13.1,-54.4,17.1,1.7,57.7,92.7,2072,-12.2,-16.6,18.4,1.5,,,,,,,,,,,,,,,,,,,,,,,,,,,,,,,,,,,,,,,,,,,,,,,,,
"Eickhoff, Jerad",595191,2016,25,33,197.1,811,20.6,5.2,0.236,0.386,0.313,0.293,6.1,2.9,35,21.5,45.7,42.8,22.7,25.9,8.6,R,3017,36.3,91.6,2237,-8.1,-14.1,18.9,1.3,18,82.5,2141,4.4,-33.9,7.3,1.4,5.1,84.6,1806,-12,-22.7,17.8,1.5,24.1,75.5,2563,8.7,-59.2,16.3,1.7,16.5,91.5,2149,-13.7,-19.3,17.3,1.2,,,,,,,,,,,,,,,,,,,,,,,,,,,,,,,,,,,,,,,,,,,,,,,,,
"Estrada, Marco",462136,2016,32,29,176,723,22.8,9,0.221,0.377,0.279,0.296,4.1,3.5,31.5,26.1,45.8,34.6,27.2,22.1,16.2,R,2835,41.3,88.5,2403,-3.1,-12,22.4,1.5,,,,,,,,28.7,77.5,2142,-9.6,-26.6,21.3,1.5,10.1,76.6,2687,8.9,-60.2,16.2,1.7,,,,,,,,19.9,87.7,2433,3,-16.8,19.1,1.5,,,,,,,,,,,,,,,,,,,,,,,,,,,,,,,,,,,,,,,,,,
"Mariot, Michael",592527,2016,27,25,21.2,95,24.2,14.7,0.193,0.384,0.336,0.304,8.6,1.7,27.6,24.7,42.6,31,32.8,20.7,15.5,R,374,18.2,93.8,2404,-8,-13.1,18.9,1.4,39.3,82.8,2712,10,-43.9,11.9,1.5,1.3,85.8,1973,-11.5,-27,15.6,1.4,4.8,74.7,2697,14.5,-62.7,20.4,1.3,36.4,93.4,2277,-14.1,-16.9,18.6,1.3,,,,,,,,,,,,,,,,,,,,,,,,,,,,,,,,,,,,,,,,,,,,,,,,,
"Ventura, Yordano",570649,2016,25,32,186,816,17.6,9.6,0.265,0.446,0.329,0.342,4.4,3.1,38.4,22,44.4,51.4,19.8,23.4,5.5,R,3047,23.2,96.9,2190,-9.8,-13.5,19.3,1.9,,,,,,,,18.5,86.7,1500,-11,-29.4,13.7,2.4,25.3,83.6,2626,6.5,-50.6,12.8,2.5,31.3,97,2071,-14.7,-17.8,18.7,1.8,1.6,92,2149,-10.1,-16.7,20,1.1,,,,,,,,,,,,,,,,,,,,,,,,,,,,,,,,,,,,,,,,,,
"McCullers Jr., Lance",621121,2016,22,14,81,352,30.1,12.8,0.214,0.326,0.325,0.289,6,2.5,35.3,31.3,43.8,58.7,15.4,23.4,2.5,R,1338,42.5,94.4,2343,-3.5,-20.2,12.6,1.9,,,,,,,,7.8,89.3,1798,-11.1,-32.5,11.9,2.7,49.7,85.7,2899,14.6,-48.7,18.3,1.6,,,,,,,,,,,,,,,,,,,,,,,,,,,,,,,,,,,,,,,,,,,,,,,,,,,,,,,,
"LeBlanc, Wade",453281,2016,31,19,62,252,20.2,4.4,0.257,0.478,0.325,0.326,6.8,4.2,29.5,22.1,48.8,35.3,30.5,26.8,7.4,L,945,11.6,87.4,1926,9.7,-19.6,16.2,1.3,1.6,81.4,2057,-4.5,-34.1,6.5,1.3,29.9,78.4,1493,15.3,-37.2,16,1.5,6.9,74.7,2266,-7.7,-56.9,12.9,1.3,24,87.5,1855,15.3,-22.5,17.8,1.2,25.9,85,2065,0.7,-25.6,9.1,1.4,,,,,,,,,,,,,,,,,,,,,,,,,,,,,,,,,,,,,,,,,,
"García, Jaime",448802,2016,29,32,171.2,741,20.2,7.7,0.25,0.398,0.334,0.31,4.4,3.4,35.3,21.1,45.8,58.4,15.2,23.1,3.2,L,2559,29.6,91.1,2416,4.2,-20,13.6,2,12.3,82.5,2807,-10.9,-46,12.8,1.7,18,82.8,2019,14.2,-33.1,16.1,1.8,6.1,76.1,2805,-11.9,-60.3,17.2,4.5,32.3,91,2271,12.1,-26.5,13.8,1.4,1.6,91.4,2435,-1.7,-20.3,13.2,1.3,,,,,,,,,,,,,,,,,,,,,,,,,,,,,,,,,,,,,,,,,,
"Sampson, Keyvius",572102,2016,25,18,39.1,188,22.3,14.4,0.235,0.435,0.358,0.343,6.8,2.6,31.6,26.9,40.7,39.3,22.2,32.5,6,R,790,58.1,93.7,2200,-5.7,-9.6,15.9,1.6,19,86.9,2276,6.7,-26,8.5,1.5,11.1,85.5,1734,-12.6,-23.2,14.1,1.3,11.8,76.9,2153,12.4,-55.1,20.8,1.5,,,,,,,,,,,,,,,,,,,,,,,,,,,,,,,,,,,,,,,,,,,,,,,,,,,,,,,,
"Zych, Tony",543964,2016,25,12,13.2,60,35,16.7,0.116,0.165,0.284,0.208,3.6,3.6,28.6,30,39.7,50,32.1,17.9,0,R,245,59.2,95.9,2125,-15,-17.5,18.2,1.1,40.4,82.3,2298,15.3,-36.2,15.7,1.2,0.4,84.8,1566,-13,-25.6,13.4,,,,,,,,,,,,,,,,,,,,,,,,,,,,,,,,,,,,,,,,,,,,,,,,,,,,,,,,,,,,,,,,
"Luebke, Cory",458537,2016,31,9,8.2,53,17,20.8,0.269,0.4,0.477,0.365,0,9.4,18.8,15.2,41.6,34.4,21.9,34.4,9.4,L,213,55.9,92.2,2444,6.6,-14.5,17.1,1.5,21.1,83.7,2234,-2.4,-39,3.7,1.4,2.8,85.7,1930,14.3,-31.1,15.7,1.5,13.1,80.8,2418,-3.9,-45,6.7,1.7,7,91.9,2433,13.7,-17.2,18.5,1.7,,,,,,,,,,,,,,,,,,,,,,,,,,,,,,,,,,,,,,,,,,,,,,,,,
"Colon, Joe",571572,2016,26,11,10,50,20,14,0.241,0.495,0.376,0.354,3,0,45.5,17.3,43.5,33.3,21.2,36.4,9.1,R,182,43.4,95.3,2177,-1.1,-10.2,18.4,1.1,13.7,85.8,2293,7.7,-32.6,8.3,1.4,7.1,84.2,2029,-8.2,-22.2,16.8,1.5,3.8,77.9,2362,5.5,-49.4,11.5,1.4,31.9,94.8,2014,-7.6,-12.6,17.3,1.9,,,,,,,,,,,,,,,,,,,,,,,,,,,,,,,,,,,,,,,,,,,,,,,,,
"Schuster, Patrick",572119,2016,25,11,8.2,54,14.8,18.5,0.324,0.494,0.474,0.435,11.8,2.9,41.2,19.8,37.5,32.4,29.4,32.4,5.9,L,216,,,,,,,,,,,,,,,12,82.8,1785,14.5,-38,14.7,1.4,43.1,78.9,2361,-12,-47.6,12.8,1.5,44.9,88.3,1707,18.3,-29.1,19.3,1.1,,,,,,,,,,,,,,,,,,,,,,,,,,,,,,,,,,,,,,,,,,,,,,,,,
"Fulmer, Carson",608334,2016,22,8,11.2,53,18.9,13.2,0.313,0.512,0.38,0.408,5.9,0,29.4,24.4,42.3,44.1,17.6,32.4,5.9,R,211,50.2,93.4,2264,-8.1,-16.9,15.1,1.4,,,,,,,,14.7,86.6,1410,-12.7,-31.1,14.2,1.6,7.6,81.3,2535,8.8,-47,11.1,1.5,,,,,,,,27.5,89.3,2388,4.5,-26.9,7.7,1.5,,,,,,,,,,,,,,,,,,,,,,,,,,,,,,,,,,,,,,,,,,
"Gamboa, Eddie",543195,2016,31,7,13.1,54,20.4,14.8,0.213,0.337,0.276,0.302,5.7,11.4,28.6,19.8,38.7,48.6,22.9,20,8.6,R,220,,,,,,,,,,,,,,,,,,,,,,,,,,,,,13.6,87.3,1869,-10.1,-28.5,14,1.6,10.9,82.2,1936,3.9,-32.4,13.2,1.8,,,,,,,,75.5,70.7,,3.9,-53.6,9.1,2.5,,,,,,,,,,,,,,,,,,,,,,,,,,,,
"Smoker, Josh",519294,2016,27,20,15.1,65,38.5,6.2,0.219,0.39,0.334,0.285,11.4,0,40,30.4,52.3,31.4,34.3,31.4,2.9,L,254,64.2,96.2,2242,10.4,-11.9,20,1.2,22.8,81.3,2297,-6.7,-50.3,10.9,1.7,0.8,90.8,1862,4.7,-18.4,13.3,1.4,,,,,,,,,,,,,,,,,,,,,,12.2,83.4,1212,11.7,-38.3,13,1.3,,,,,,,,,,,,,,,,,,,,,,,,,,,,,,,,,,,
"Barbato, Johnny",592127,2016,23,13,13,57,26.3,8.8,0.25,0.395,0.332,0.327,2.9,0,28.6,31.6,49.8,45.7,14.3,34.3,5.7,R,235,49.4,95.3,2220,-10.3,-11.6,20,0.9,25.1,88.5,2146,2.9,-26.8,7.8,1.4,,,,,,,,25.5,78.9,2541,14.7,-54.1,18.9,1.5,,,,,,,,,,,,,,,,,,,,,,,,,,,,,,,,,,,,,,,,,,,,,,,,,,,,,,,,
"Melville, Tim",543532,2016,26,3,9,54,14.8,16.7,0.379,0.674,0.534,0.493,11.1,5.6,44.4,18.8,41.9,38.9,11.1,47.2,2.8,R,203,56.7,91.9,2195,-7,-10.3,17.7,1.4,22.7,85.3,2263,5.9,-26.4,8,1.4,3,84.3,1662,-13.5,-21,14.7,1.5,17.7,80.3,2419,6.2,-43.7,10.3,1.5,,,,,,,,,,,,,,,,,,,,,,,,,,,,,,,,,,,,,,,,,,,,,,,,,,,,,,,,
"Ramirez, Noé",598287,2016,26,14,13,61,24.6,13.1,0.271,0.521,0.433,0.405,11.1,2.8,27.8,30.5,42.2,36.1,30.6,27.8,5.6,R,221,1.4,91.1,2178,-10.6,-19.5,16.3,1.5,,,,,,,,29.4,85,1970,-9.8,-38.8,10.7,1.3,22.2,78.4,2621,14.9,-45.4,15.4,1.3,47.1,90.2,2187,-15.1,-26.7,16.4,1.2,,,,,,,,,,,,,,,,,,,,,,,,,,,,,,,,,,,,,,,,,,,,,,,,,
"Ege, Cody",643297,2016,25,18,11.2,55,20,9.1,0.295,0.493,0.399,0.369,7.9,0,47.4,27.1,41.5,42.1,13.2,36.8,7.9,L,205,0.5,87,2157,4.3,-20.4,19.1,,,,,,,,,24.9,78.5,2009,18,-42.2,18.5,1.7,22,75.4,2265,-11.3,-51.3,12.1,1.8,52.7,87.4,2089,17,-26.3,19.3,2.3,,,,,,,,,,,,,,,,,,,,,,,,,,,,,,,,,,,,,,,,,,,,,,,,,
"Brice, Austin",592169,2016,24,15,14,59,23.7,8.5,0.205,0.308,0.261,0.274,2.6,2.6,23.7,23.8,51,52.6,15.8,23.7,7.9,R,202,23.3,95,2162,-8.8,-19.4,14,1.3,17.3,86.6,2445,5.8,-37.2,6.5,1.4,,,,,,,,16.3,80,2714,15.4,-51.7,17.8,1.4,43.1,94.7,1985,-15,-27.8,15.4,1.2,,,,,,,,,,,,,,,,,,,,,,,,,,,,,,,,,,,,,,,,,,,,,,,,,
"Leclerc, José",600917,2016,22,12,15,66,22.7,19.7,0.177,0.286,0.309,0.278,13.2,2.6,26.3,31.3,42.4,28.9,31.6,31.6,7.9,R,257,42,95.1,2551,-4.3,-12.9,19.1,1.3,23,82.8,2144,6.9,-33.1,9.9,1.8,8.6,85.7,2097,-12.1,-26.1,17.2,2,7,77.8,2519,16.7,-51.8,18.7,1.7,19.5,95.2,2525,-10.5,-12.6,18.1,1.3,,,,,,,,,,,,,,,,,,,,,,,,,,,,,,,,,,,,,,,,,,,,,,,,,
"Barnes, Danny",592130,2016,26,12,13.2,58,24.1,8.6,0.2,0.275,0.303,0.26,7.7,7.7,30.8,27.4,45.3,43.6,20.5,23.1,12.8,R,234,36.3,92.1,2335,-8.3,-15.5,21,1.4,11.5,83.2,2298,3.5,-35.7,8.3,1.7,21.8,81.2,1521,-14,-39.8,15,1.4,,,,,,,,30.3,92.5,2327,-13.8,-16,21.2,1.2,,,,,,,,,,,,,,,,,,,,,,,,,,,,,,,,,,,,,,,,,,,,,,,,,
"Gustave, Jandel",594311,2016,23,14,15.1,60,26.7,6.7,0.208,0.298,0.292,0.249,5,2.5,25,25,47.1,40,20,32.5,7.5,R,238,56.7,97.8,2438,-6.2,-15.2,15.7,1.2,33.6,87.4,2200,9.6,-35.3,10.2,1.5,,,,,,,,,,,,,,,9.7,97.9,2408,-13.9,-18.8,16.7,1.3,,,,,,,,,,,,,,,,,,,,,,,,,,,,,,,,,,,,,,,,,,,,,,,,,
"Loup, Aaron",571901,2016,28,21,14.1,62,24.2,6.5,0.293,0.474,0.358,0.358,5,5,30,19,46.4,40,17.5,37.5,5,L,261,,,,,,,,19.2,76.2,2502,-13.2,-56.1,17.3,1.6,14.2,80.8,2136,19.8,-42.3,20.2,1.4,,,,,,,,66.7,91.7,2134,18.9,-25.4,20.3,1.7,,,,,,,,,,,,,,,,,,,,,,,,,,,,,,,,,,,,,,,,,,,,,,,,,
"Matusz, Brian",451085,2016,29,8,9,53,5.7,17,0.377,0.735,0.559,0.502,5,5,40,19.3,42.9,40,27.5,27.5,5,L,205,48.8,90.1,2406,7.1,-12.4,21.9,1.4,24.4,84.6,2521,-2,-31.1,7.6,1.7,16.1,82.5,1850,11.2,-20.8,21.5,1.7,8.8,78.5,2701,-9.6,-47.1,10.1,1.3,2,89.9,2454,13.7,-10.9,23.1,1.4,,,,,,,,,,,,,,,,,,,,,,,,,,,,,,,,,,,,,,,,,,,,,,,,,
"Okert, Steven",595345,2016,24,16,14,58,24.1,6.9,0.286,0.465,0.298,0.339,0,2.5,50,26.7,50,42.5,20,25,12.5,L,228,37.3,92.4,2421,8.9,-16.5,16.4,1.7,16.7,82.1,2422,-6.2,-35.4,9.6,2.3,4.4,85.6,2070,7.7,-23.9,12.9,1.6,,,,,,,,13.2,92.8,2384,15.4,-19.2,18.7,1.4,28.5,89.1,2488,-1.3,-25.2,9.4,1.8,,,,,,,,,,,,,,,,,,,,,,,,,,,,,,,,,,,,,,,,,,
"Curtis, Zac",657205,2016,23,21,13.1,67,14.9,19.4,0.229,0.358,0.382,0.352,12.2,2.4,43.9,24.3,42.4,39,22,24.4,14.6,L,267,59.9,91.5,2229,15.4,-19.9,20.1,1.3,36,83.6,2210,-2.4,-39.8,4.3,1.7,4.1,87.1,1401,13.6,-32.4,13.9,1.4,,,,,,,,,,,,,,,,,,,,,,,,,,,,,,,,,,,,,,,,,,,,,,,,,,,,,,,,,,,,,,,
"Pounders, Brooks",572044,2016,25,13,12.2,58,22.4,5.2,0.261,0.555,0.447,0.353,2.4,0,35.7,21.5,48.6,33.3,38.1,16.7,11.9,R,249,43.8,93.2,2142,-6.8,-15.6,17.8,1.5,42.6,86.4,2374,8,-33.5,9.2,1.7,6,86.6,1565,-10.1,-26.9,14.5,1.4,2.4,78.5,2145,5,-52.7,14.6,2,5.2,93.8,2106,-12.4,-18.6,18.4,1.4,,,,,,,,,,,,,,,,,,,,,,,,,,,,,,,,,,,,,,,,,,,,,,,,,
"Avilán, Luis",501593,2016,26,27,19.2,82,34.1,12.2,0.149,0.181,0.217,0.204,0,9.5,7.1,37.7,47.1,54.8,14.3,23.8,7.1,L,311,32.2,92.7,2215,9.7,-16.1,17.7,1.3,,,,,,,,47.6,82.4,2192,13.3,-34.1,14.6,1.6,6.4,76.2,2390,-10.2,-54.9,13.5,1.5,13.8,92.3,2148,15.3,-21.3,18.2,1.3,,,,,,,,,,,,,,,,,,,,,,,,,,,,,,,,,,,,,,,,,,,,,,,,,
"Duensing, Brian",488846,2016,33,14,13.1,55,18.2,5.5,0.269,0.379,0.299,0.295,9.5,2.4,31,20.2,47.4,26.2,26.2,33.3,14.3,L,205,22.4,92.5,2055,8.4,-14.9,17.6,1.4,22,81.4,2243,-6.3,-37.3,7.4,1.5,13.2,85.7,1860,17.8,-27,19.9,1.4,9.8,73.1,2600,-9.7,-64,17.7,1.4,32.7,92.5,2029,16.2,-19.4,20.4,1.3,,,,,,,,,,,,,,,,,,,,,,,,,,,,,,,,,,,,,,,,,,,,,,,,,
"Esch, Jake",605222,2016,26,3,13,59,16.9,10.2,0.327,0.597,0.426,0.421,0,4.8,52.4,21.6,47.7,50,16.7,31,2.4,R,210,50,90.7,2189,-11.5,-18.7,17.9,1.5,30,84.6,2183,0.7,-34.6,3.7,1.5,2.9,83.7,1669,-15.3,-28.6,16.6,1.5,10,79.6,2180,2.9,-45,5.7,1.6,7.1,89.9,2097,-15.6,-24,17,1.4,,,,,,,,,,,,,,,,,,,,,,,,,,,,,,,,,,,,,,,,,,,,,,,,,
"Goforth, David",592341,2016,27,10,10.2,55,16.4,7.3,0.304,0.557,0.435,0.382,9.5,0,33.3,25,47.8,54.8,14.3,26.2,4.8,R,197,24.4,93.8,2433,-0.6,-11.6,16.8,1.3,51.3,88.8,2392,5.7,-27.9,7.8,2.1,,,,,,,,,,,,,,,24.4,93.4,2270,-8.3,-16.9,14.1,1.3,,,,,,,,,,,,,,,,,,,,,,,,,,,,,,,,,,,,,,,,,,,,,,,,,
"Erlin, Robbie",572362,2016,25,3,15.2,58,22.4,5.2,0.272,0.445,0.313,0.325,7.1,2.4,40.5,22.8,45.1,42.9,21.4,28.6,7.1,L,204,49.5,88.7,2151,15.5,-19.3,21.4,1.6,2,79.4,1390,8.6,-32.8,12.9,1.5,30.9,82.5,1592,12.2,-29.5,16.7,1.9,17.6,72.1,2394,-4.8,-71.5,19.5,1.8,,,,,,,,,,,,,,,,,,,,,,,,,,,,,,,,,,,,,,,,,,,,,,,,,,,,,,,,
"Zastryzny, Rob",642239,2016,24,8,16,66,25.8,7.6,0.164,0.202,0.228,0.212,2.3,4.7,20.9,32.1,43.8,58.1,20.9,16.3,4.7,L,249,30.5,90.3,2336,3.1,-14.5,18.1,1.5,,,,,,,,0.8,80.1,1535,10.2,-28.8,14.9,1.5,26.5,77.9,2045,-0.7,-44.2,5,1.5,23.7,90.2,2313,8,-15.9,16.2,1.4,18.5,84.8,2183,-0.7,-29.7,7.8,1.6,,,,,,,,,,,,,,,,,,,,,,,,,,,,,,,,,,,,,,,,,,
"Whitley, Chase",595032,2016,27,5,14.1,61,24.6,4.9,0.242,0.391,0.264,0.292,2.3,0,41.9,27.5,50.4,41.9,16.3,32.6,9.3,R,238,45.4,90.7,2229,-5.7,-14.6,20.1,1.4,12.2,82.5,2177,7,-36.5,8.1,1.5,31.1,83.4,1580,-13.1,-31.2,15.3,1.3,9.2,76.1,2310,7.6,-52,9.3,1.4,2.1,86.6,1705,-12.3,-26.1,15.3,1.7,,,,,,,,,,,,,,,,,,,,,,,,,,,,,,,,,,,,,,,,,,,,,,,,,
"Wendelken, J.B.",605525,2016,23,8,12.2,64,18.8,14.1,0.308,0.543,0.403,0.408,7,0,39.5,27,46.3,34.9,14,39.5,11.6,R,272,65.8,93.5,2389,-5.8,-13.1,18.5,1.4,,,,,,,,24.6,82.9,1606,-13,-30.7,15.2,1.5,9.6,80,2547,12.8,-56.7,18.7,1.7,,,,,,,,,,,,,,,,,,,,,,,,,,,,,,,,,,,,,,,,,,,,,,,,,,,,,,,,
"Socolovich, Miguel",462515,2016,29,15,18,64,25,7.8,0.135,0.229,0.169,0.196,0,2.3,27.9,26.8,47.5,53.5,27.9,7,11.6,R,235,51.1,90.7,1957,-12.7,-18.4,17.7,1.6,22.1,83.3,2145,2.4,-34.4,4.7,1.4,26.8,82.7,1604,-11.2,-28.4,14.8,1.6,,,,,,,,,,,,,,,,,,,,,,,,,,,,,,,,,,,,,,,,,,,,,,,,,,,,,,,,,,,,,,,
"Morton, Charlie",450203,2016,32,4,17.1,71,26.8,11.3,0.266,0.353,0.294,0.316,4.5,4.5,38.6,30.8,42.4,65.9,13.6,20.5,0,R,276,12,91.6,2327,-6,-23.1,9.6,2,,,,,,,,,,,,,,,25.4,81.4,2993,15.6,-51.1,19.8,1.3,56.2,93.9,2097,-19.6,-24.3,20.1,2.8,,,,,,,,6.5,86.3,2197,-11.2,-33.2,13.4,1.6,,,,,,,,,,,,,,,,,,,,,,,,,,,,,,,,,,,
"Hathaway, Steve",643355,2016,25,24,14.2,65,23.1,9.2,0.241,0.348,0.358,0.292,2.3,9.1,25,19.4,38.7,50,18.2,31.8,0,L,253,62.8,93.1,2396,15.1,-17.1,20.9,1.4,,,,,,,,5.5,84.5,1938,15.3,-24.8,19.7,1.5,31.6,77,2390,-8.2,-55.4,12.1,1.9,,,,,,,,,,,,,,,,,,,,,,,,,,,,,,,,,,,,,,,,,,,,,,,,,,,,,,,,
"Williams, Trevor",592866,2016,24,7,12.2,61,18,8.2,0.31,0.526,0.44,0.384,2.2,0,28.9,19.6,50,48.9,17.8,28.9,4.4,R,224,41.1,94.1,1976,-3.8,-14.8,13,1.6,23.2,84.8,2106,7.8,-34.1,8.3,1.5,9.4,83.9,2118,-9.5,-21,16.9,1.8,,,,,,,,26.3,92.2,1799,-13,-22.7,14.3,2,,,,,,,,,,,,,,,,,,,,,,,,,,,,,,,,,,,,,,,,,,,,,,,,,
"Strahm, Matt",621381,2016,24,21,22,88,34.1,12.5,0.184,0.258,0.227,0.253,4.3,10.9,32.6,31.7,43.6,50,15.2,26.1,8.7,L,427,78,94.5,2348,16.4,-17.5,21.6,1.5,,,,,,,,8.4,84.9,2259,19,-30.4,21,1.5,11.2,77.1,2922,-15.3,-58,18.6,1.6,,,,,,,,2.3,86.5,2594,-4.3,-33.3,8.4,1.5,,,,,,,,,,,,,,,,,,,,,,,,,,,,,,,,,,,,,,,,,,
"González, Chi Chi",592346,2016,24,3,10.1,62,11.3,14.5,0.302,0.429,0.428,0.369,0,2.2,32.6,13.5,44.6,45.7,23.9,21.7,8.7,R,249,43.8,92.2,2338,-1.3,-18.8,12.9,1.6,18.1,86.8,2378,4.9,-29,7.8,1.4,10,86.4,1681,-9.9,-31.9,10.8,1.4,11.2,80.1,2406,7.6,-44.3,8.9,1.9,16.9,91.9,2248,-10.7,-21.8,13.8,1.5,,,,,,,,,,,,,,,,,,,,,,,,,,,,,,,,,,,,,,,,,,,,,,,,,
"Crockett, Kyle",641490,2016,24,29,16,70,24.3,10,0.242,0.323,0.3,0.287,4.3,2.2,41.3,20,47.4,47.8,10.9,37,4.3,L,277,67.1,89.3,1997,16.4,-20.5,20,1.6,27.8,78.9,1830,-2.9,-45.3,6.9,1.5,5.1,81.5,1535,18,-35.5,18.3,1.6,,,,,,,,,,,,,,,,,,,,,,,,,,,,,,,,,,,,,,,,,,,,,,,,,,,,,,,,,,,,,,,
"Drake, Oliver",543118,2016,29,14,18,74,28.4,9.5,0.186,0.318,0.26,0.259,10.9,2.2,21.7,32.2,48.3,52.2,21.7,19.6,6.5,R,296,54.1,90.8,2192,0,-11.1,20.7,1,7.4,82.1,929,2.1,-34.6,8.4,1.3,,,,,,,,,,,,,,,,,,,,,,,,,,,,,38.5,82.8,953,-6.2,-30.9,10.3,1.4,,,,,,,,,,,,,,,,,,,,,,,,,,,,,,,,,,,
"Wimmers, Alex",592872,2016,27,16,17.1,72,19.4,15.3,0.217,0.388,0.323,0.311,0,2.1,36.2,27.4,44.1,55.3,23.4,12.8,8.5,R,302,39.7,92.2,2001,-3.7,-11.2,19,1.3,,,,,,,,32.1,85.7,1847,-10.7,-20.3,17.3,1.4,6.3,75.5,2607,13.5,-60.7,20.3,1.5,,,,,,,,21.9,88,2221,5.9,-20.5,12.5,1.6,,,,,,,,,,,,,,,,,,,,,,,,,,,,,,,,,,,,,,,,,,
"Johnson, Steve",489002,2016,28,16,16.2,75,22.7,14.7,0.182,0.339,0.304,0.294,8.5,2.1,27.7,15.6,46.8,29.8,23.4,23.4,23.4,R,301,79.4,89.5,2234,-1.4,-16.1,16.2,1.5,3.7,79.2,2121,9.1,-39.2,10.1,1.7,2,80.6,1696,-7.6,-27.5,17.8,1.7,11.6,64.5,2077,12.9,-80.6,19.8,2,3.3,89.7,2232,-7.5,-15.8,14,1.4,,,,,,,,,,,,,,,,,,,,,,,,,,,,,,,,,,,,,,,,,,,,,,,,,
"Cunniff, Brandon",594792,2016,27,15,17,74,21.6,12.2,0.244,0.46,0.328,0.352,8.5,2.1,38.3,24.3,46.1,25.5,27.7,38.3,8.5,R,300,38.3,93.2,2183,-5.6,-12.5,17.6,1.3,33.3,85.8,2218,7,-32.7,7.4,1.5,6.7,82.1,1568,-10.5,-32.2,12.4,1.6,,,,,,,,21.7,93.4,2076,-13.3,-18.1,17.1,1.3,,,,,,,,,,,,,,,,,,,,,,,,,,,,,,,,,,,,,,,,,,,,,,,,,
"Blach, Ty",621389,2016,25,4,17,62,16.1,8.1,0.205,0.28,0.202,0.25,6.4,4.3,34,15.2,46.5,59.6,14.9,17,8.5,L,240,7.1,91.5,2149,12.2,-18.5,19,1.3,20,82.1,2326,0.6,-39.4,3.2,1.6,14.6,81.9,2001,17.3,-34.3,18.8,1.2,4.2,77.2,2229,-4.3,-53.7,10,1.4,54.2,91.8,2130,16.1,-20.8,19,1,,,,,,,,,,,,,,,,,,,,,,,,,,,,,,,,,,,,,,,,,,,,,,,,,
"Ogando, Nefi",596331,2016,27,14,15.2,65,12.3,12.3,0.259,0.326,0.226,0.31,4.1,6.1,36.7,18.7,47.1,61.2,8.2,24.5,6.1,R,227,48,95.8,2219,-9.9,-16.6,16,1.3,32.6,89.1,2227,3.3,-28.4,6.9,1.9,,,,,,,,,,,,,,,19.4,95.5,2188,-15.3,-21.2,16.7,1.6,,,,,,,,,,,,,,,,,,,,,,,,,,,,,,,,,,,,,,,,,,,,,,,,,
"Castro, Miguel",612434,2016,21,19,14.2,67,17.9,7.5,0.279,0.47,0.376,0.353,8.2,6.1,28.6,29.5,39.6,55.1,10.2,22.4,12.2,R,240,56.7,96.8,2342,-13.5,-19.3,16.2,1.5,37.9,83.4,2631,11.1,-39.3,11.5,1.9,5.4,87.9,1994,-12.6,-27.3,14.1,1.8,,,,,,,,,,,,,,,,,,,,,,,,,,,,,,,,,,,,,,,,,,,,,,,,,,,,,,,,,,,,,,,
"Herrmann, Frank",497807,2016,32,14,15,69,20.3,7.2,0.268,0.57,0.458,0.381,4.1,0,46.9,21.5,56.4,28.6,28.6,32.7,10.2,R,280,63.6,94.1,2287,-10.5,-11.7,20.6,1.4,16.1,87,2226,1.3,-30.1,5.1,1.7,2.5,87,2230,-4.8,-27.9,8.8,1.6,17.9,81.3,2386,4,-47.8,10,1.7,,,,,,,,,,,,,,,,,,,,,,,,,,,,,,,,,,,,,,,,,,,,,,,,,,,,,,,,
"Morris, Bryan",457768,2016,29,24,17.2,74,17.6,13.5,0.258,0.426,0.343,0.345,0,0,34,23,44.7,50,18,26,6,R,280,7.1,94.4,2135,-4.1,-15.6,13.9,1.3,,,,,,,,,,,,,,,10.4,82.3,2376,0.7,-45.6,7.5,1.6,51.1,93.8,1960,-12,-19.8,15,1.3,31.4,88.8,2149,1.6,-28.9,6.2,1.4,,,,,,,,,,,,,,,,,,,,,,,,,,,,,,,,,,,,,,,,,,
"Jackson, Luke",592426,2016,24,8,11.2,62,4.8,12.9,0.277,0.457,0.498,0.356,11.8,2,31.4,11.3,43.8,33.3,31.4,27.5,7.8,R,241,60.2,94.8,2152,-2.8,-9.9,19.5,1.4,18.3,86.9,2190,5.9,-28.3,8.6,1.5,6.2,82.9,1694,-5.5,-26.2,10.4,1.5,15.4,79.8,2238,7.5,-53.8,15,1.9,,,,,,,,,,,,,,,,,,,,,,,,,,,,,,,,,,,,,,,,,,,,,,,,,,,,,,,,
"Carasiti, Matt",571539,2016,24,19,15.2,83,20.5,13.3,0.302,0.484,0.443,0.396,5.8,0,32.7,27,44.6,36.5,17.3,42.3,3.8,R,307,33.2,94.5,2100,-8.1,-17.4,14.2,1.6,,,,,,,,16,86.1,1618,-11.9,-31.4,12.2,1.1,,,,,,,,27,95.3,2112,-12.1,-20,14.3,1.2,0.7,92.3,2060,2,-17.7,7,1.5,,,,,,,,,,,,,,,,,,,,,,,,,,,,,23.1,80.8,899,-8.2,-41.2,9.2,1.4,,,,,,,
"Chamberlain, Joba",501955,2016,30,20,20,82,22,13.4,0.214,0.295,0.259,0.275,7.7,7.7,30.8,28.2,42.1,53.8,15.4,26.9,3.8,R,344,49.7,94.1,2125,-3.7,-13.9,16.2,1.8,35.5,85.7,2330,4,-35.9,5.2,1.5,,,,,,,,11.9,80.4,2455,8.5,-52.5,14.7,1.6,2.9,92.7,1970,-12.7,-19,16.5,1.6,,,,,,,,,,,,,,,,,,,,,,,,,,,,,,,,,,,,,,,,,,,,,,,,,
"Boscan, Wilfredo",517448,2016,26,6,15.1,67,11.9,10.4,0.263,0.421,0.335,0.333,1.9,3.8,25,12,50.6,48.1,25,15.4,11.5,R,263,69.2,91.2,2237,-13.8,-21.2,18.1,1.5,,,,,,,,13.7,82.5,1843,-14,-34.7,15.2,1.3,17.1,76.2,2441,14.3,-51.7,16,1.6,,,,,,,,,,,,,,,,,,,,,,,,,,,,,,,,,,,,,,,,,,,,,,,,,,,,,,,,
"Breslow, Craig",444520,2016,35,15,14,63,11.1,6.3,0.319,0.494,0.377,0.371,3.8,3.8,26.9,17.9,50.5,34.6,32.7,26.9,5.8,L,210,51,90.1,2091,8.7,-13.1,20.9,1.4,25.7,85.9,2464,-1.9,-27.8,8.4,1.8,17.1,78.8,1691,9.7,-25.9,20.2,1.5,2.9,76.3,2253,-10.5,-53.4,12.2,1.5,3.3,89.9,1941,18.4,-19.1,22.7,1.4,,,,,,,,,,,,,,,,,,,,,,,,,,,,,,,,,,,,,,,,,,,,,,,,,
"Koch, Matt",571863,2016,25,7,18,69,14.5,5.8,0.194,0.321,0.211,0.261,5.7,1.9,26.4,16.9,53,43.4,28.3,18.9,9.4,R,234,38.5,92.4,2163,-11.9,-16.8,19.3,1.3,40.2,89.7,2143,1.8,-25.6,8.3,1.5,5.1,85.3,1743,-13.9,-29.4,16.2,1.4,5.1,79.9,2263,11.3,-46.2,12.3,1.8,11.1,93.1,2165,-14.5,-18.5,18.6,1.4,,,,,,,,,,,,,,,,,,,,,,,,,,,,,,,,,,,,,,,,,,,,,,,,,
"Floro, Dylan",571670,2016,25,12,15,72,19.4,6.9,0.277,0.365,0.349,0.298,7.5,0,34,23.6,42.7,54.7,15.1,24.5,5.7,R,244,11.1,92.8,2311,-5.2,-18.2,13.8,1.4,20.1,87.3,2220,4.1,-30.8,6.7,1.3,4.9,86.1,1928,-9.1,-32.6,10.4,1.6,1.6,77.5,,7.1,-44.7,8.5,1.6,61.9,93.2,2256,-13.7,-23.4,15.8,1.4,0.4,93.7,2429,4.9,-18.2,15.2,,,,,,,,,,,,,,,,,,,,,,,,,,,,,,,,,,,,,,,,,,,
"Parker, Blake",453284,2016,31,17,17.1,79,19,11.4,0.203,0.288,0.314,0.274,1.9,0,34,27.3,41.6,50.9,22.6,17,9.4,R,330,56.7,92.8,2258,-4,-12.5,18.1,1.1,,,,,,,,,,,,,,,23.6,77.8,2348,7.6,-53.9,13.7,1.3,0.3,93.3,2244,-10.7,-14.1,13.8,,,,,,,,,19.4,82,980,-8.8,-37,10,1.5,,,,,,,,,,,,,,,,,,,,,,,,,,,,,,,,,,,
"Hart, Donnie",643354,2016,25,22,18.1,71,16.9,8.5,0.165,0.214,0.228,0.2,1.9,1.9,17,21.8,43.9,60.4,11.3,18.9,9.4,L,267,,,,,,,,39.7,77.4,2438,-6.6,-44.5,7.4,1.7,14.2,80.9,2054,19.5,-44.3,20.3,1.5,,,,,,,,46.1,88.3,1975,20.1,-32.5,20.3,1.1,,,,,,,,,,,,,,,,,,,,,,,,,,,,,,,,,,,,,,,,,,,,,,,,,
"Anderson, Brett",474463,2016,28,4,11.1,62,8.1,6.5,0.348,0.538,0.504,0.396,0,3.8,28.3,12.9,44.5,50.9,13.2,34,1.9,L,209,33,91.8,2011,11.7,-15.7,18.1,1.6,15.8,82.8,2324,-1.5,-43.7,8.8,1.9,11,83.6,1834,11.9,-31.3,15.7,1.5,12.9,77.5,2423,-5,-58.5,15,1.4,27.3,91.8,1923,16.8,-21.5,19,1.8,,,,,,,,,,,,,,,,,,,,,,,,,,,,,,,,,,,,,,,,,,,,,,,,,
"García, Luis",472610,2016,29,17,15.1,76,18.4,10.5,0.258,0.402,0.379,0.324,11.3,3.8,47.2,26.6,43.8,54.7,13.2,28.3,3.8,R,287,23,97.2,2134,-7.2,-13.4,15.2,1.3,40.8,85.9,1997,7.7,-33.5,8.3,1.5,,,,,,,,,,,,,,,36.2,96.7,2037,-11.4,-15.4,15.8,2.5,,,,,,,,,,,,,,,,,,,,,,,,,,,,,,,,,,,,,,,,,,,,,,,,,
"Hoyt, James",624586,2016,29,22,22,91,30.8,9.9,0.2,0.369,0.3,0.288,1.9,1.9,30.2,31.7,48.8,54.7,24.5,20.8,0,R,371,31.5,94,2172,-6.8,-15.1,19.5,1.2,54.2,86.5,2429,4,-37.9,5.3,1.1,7.3,88.8,1263,-6.7,-30.9,9.7,1.5,,,,,,,,7,94.3,2132,-12.6,-17.1,16.3,1.4,,,,,,,,,,,,,,,,,,,,,,,,,,,,,,,,,,,,,,,,,,,,,,,,,