"last_name, first_name",player_id,year,player_age,p_game,p_formatted_ip,pa,k_percent,bb_percent,xba,xslg,woba,xwoba,solidcontact_percent,poorlyweak_percent,hard_hit_percent,whiff_percent,swing_percent,groundballs_percent,flyballs_percent,linedrives_percent,popups_percent,pitch_hand,n,n_ff_formatted,ff_avg_speed,ff_avg_spin,ff_avg_break_x,ff_avg_break_z,ff_avg_break,ff_range_speed,n_sl_formatted,sl_avg_speed,sl_avg_spin,sl_avg_break_x,sl_avg_break_z,sl_avg_break,sl_range_speed,n_ch_formatted,ch_avg_speed,ch_avg_spin,ch_avg_break_x,ch_avg_break_z,ch_avg_break,ch_range_speed,n_cu_formatted,cu_avg_speed,cu_avg_spin,cu_avg_break_x,cu_avg_break_z,cu_avg_break,cu_range_speed,n_si_formatted,si_avg_speed,si_avg_spin,si_avg_break_x,si_avg_break_z,si_avg_break,si_range_speed,n_fc_formatted,fc_avg_speed,fc_avg_spin,fc_avg_break_x,fc_avg_break_z,fc_avg_break,fc_range_speed,n_fs_formatted,fs_avg_speed,fs_avg_spin,fs_avg_break_x,fs_avg_break_z,fs_avg_break,fs_range_speed,n_kn_formatted,kn_avg_speed,kn_avg_spin,kn_avg_break_x,kn_avg_break_z,kn_avg_break,kn_range_speed,n_st_formatted,st_avg_speed,st_avg_spin,st_avg_break_x,st_avg_break_z,st_avg_break,st_range_speed,n_sv_formatted,sv_avg_speed,sv_avg_spin,sv_avg_break_x,sv_avg_break_z,sv_avg_break,sv_range_speed,n_fo_formatted,fo_avg_speed,fo_avg_spin,fo_avg_break_x,fo_avg_break_z,fo_avg_break,fo_range_speed,n_sc_formatted,sc_avg_speed,sc_avg_spin,sc_avg_break_x,sc_avg_break_z,sc_avg_break,sc_range_speed
"Volquez, Edinson",450172,2017,33,17,92.1,396,20.5,13.1,0.256,0.414,0.313,0.344,6.2,6.2,32.4,22.3,42.9,48.8,20.8,24.6,5.8,R,1497,12.8,93.6,2292,-9.6,-13.1,20.6,1.4,,,,,,,,25.2,83.7,1253,-11.7,-33.2,13.3,1.7,17.4,81,2789,8.9,-49,11.9,1.8,44.6,93.1,2263,-15.1,-19,19.8,1.4,,,,,,,,,,,,,,,,,,,,,,,,,,,,,,,,,,,,,,,,,,,,,,,,,
"Shipley, Braden",640463,2017,25,10,25,121,14.9,12.4,0.268,0.466,0.392,0.353,5.7,4.6,36,19.2,42.7,43.7,29.9,21.8,4.6,R,486,30.2,93.1,2075,-9.9,-13.7,21.1,1.6,1.9,87.6,2053,-4.2,-29.5,8.5,1.4,17.7,84.9,1964,-14.7,-27.4,19,1.4,21.2,79.5,2085,3.1,-58.5,14.3,1.7,29,92.2,2079,-14.8,-20.5,19.6,1.5,,,,,,,,,,,,,,,,,,,,,,,,,,,,,,,,,,,,,,,,,,,,,,,,,
"Bradford, Chasen",607473,2017,27,28,33.2,143,18.9,9.1,0.239,0.371,0.285,0.295,2.9,3.9,30.1,25.9,52.5,55.3,20.4,21.4,2.9,R,506,23.5,91.1,2274,-3.7,-20.1,13.9,1.2,25.7,83.9,2622,3.3,-40.9,5.5,1.3,3.8,83.9,2059,-13.8,-37.8,14.3,1.4,,,,,,,,47,90.4,2235,-14.8,-27.3,16.6,1.4,,,,,,,,,,,,,,,,,,,,,,,,,,,,,,,,,,,,,,,,,,,,,,,,,
"Locke, Jeff",502046,2017,29,7,32,152,17.1,9.9,0.284,0.469,0.36,0.352,4.5,3.6,32.4,18.4,45.5,45,21.6,29.7,3.6,L,573,24.8,90.9,2098,8.8,-17,19.1,1.4,,,,,,,,23.9,80.5,1362,8.8,-31,15.4,1.5,17.1,77.9,1618,-7,-52.6,10.3,2.1,34.2,90.7,1988,14.1,-21.1,19.1,1.2,,,,,,,,,,,,,,,,,,,,,,,,,,,,,,,,,,,,,,,,,,,,,,,,,
"Garrett, Amir",607237,2017,25,16,70.2,321,19.6,12.5,0.27,0.484,0.388,0.366,8.3,4.6,40.3,19.6,45.7,43.5,29.6,22.2,4.6,L,1235,61.1,91.6,1955,8.8,-16.9,18.4,1.8,23.2,79.5,1578,-3.7,-39.8,7.1,1.7,14.7,80.8,1574,8.7,-25.5,18.5,1.7,,,,,,,,1,91,1831,16.1,-25.8,17.8,1.6,,,,,,,,,,,,,,,,,,,,,,,,,,,,,,,,,,,,,,,,,,,,,,,,,
"Swarzak, Anthony",461872,2017,31,70,77.1,303,30,7.3,0.192,0.304,0.255,0.242,2.7,3.2,29.9,31,50.2,44.1,25,21.3,9.6,R,1256,48.6,94.7,2345,-10.4,-11.8,22,1.1,51.4,87.1,2456,1.8,-31.4,6.5,1.5,,,,,,,,,,,,,,,,,,,,,,,,,,,,,,,,,,,,,,,,,,,,,,,,,,,,,,,,,,,,,,,,,,,,,,
"Brach, Brad",542960,2017,31,67,68,275,25.5,9.5,0.225,0.389,0.27,0.298,5.6,7.3,33.5,26.3,48.9,42.5,22.3,26.3,8.9,R,1166,57.7,95,2361,-8.5,-14.9,18.9,1.2,14.2,86,2587,7.5,-37.8,8.5,1.6,22.2,87,1996,-16.2,-36.4,16.9,1.6,,,,,,,,3.6,93.5,2151,-14.5,-27.1,15.6,1.3,2.2,93.2,2434,2,-17.6,15.5,1.5,0.1,87.4,2101,-24.2,-41.6,24.5,,,,,,,,,,,,,,,,,,,,,,,,,,,,,,,,,,,,
"Turner, Jacob",545363,2017,26,18,39,170,13.5,8.8,0.318,0.553,0.364,0.394,9.2,5.3,45,14.5,46.9,43.5,22.1,26.7,7.6,R,629,20.5,95,2087,-8.5,-16.3,16.2,1.3,11.6,86.9,2020,2.5,-30.1,7.4,1.5,7.9,88.6,1995,-12.7,-26.6,15.4,1.6,14.3,79.9,2052,3.7,-46.4,6.1,1.7,45.6,95,2121,-13.4,-19.5,17.3,1.3,,,,,,,,,,,,,,,,,,,,,,,,,,,,,,,,,,,,,,,,,,,,,,,,,
"Harris, Will",501789,2017,32,46,45.1,177,29.4,4,0.21,0.336,0.262,0.25,4.2,5.9,30.8,29.4,47.2,49.2,21.2,21.2,8.5,R,665,2.6,92.5,2493,-4.9,-20.8,12,1.4,,,,,,,,,,,,,,,31.3,81.4,2749,9.4,-57.4,18.4,1.1,,,,,,,,66.2,91.6,2448,1.6,-21.4,11.3,1.2,,,,,,,,,,,,,,,,,,,,,,,,,,,,,,,,,,,,,,,,,,
"Hardy, Blaine",543278,2017,30,35,33.1,156,17.9,8.3,0.296,0.549,0.384,0.382,5.2,1.7,45.2,24.4,45.7,33.9,30.4,26.1,9.6,L,592,44.6,89.8,2172,6.2,-12.7,22.7,1.2,,,,,,,,27.2,80.3,2010,16.4,-29.7,21.7,1.1,14,77,1774,-2.8,-59.7,13.2,1.4,0.2,92.4,2207,10.6,-21.5,14.9,,14,85.3,2470,-4.7,-27,12.7,1.6,,,,,,,,,,,,,,,,,,,,,,,,,,,,,,,,,,,,,,,,,,
"Peters, Dillon",596071,2017,24,6,31.1,139,19.4,13.7,0.248,0.387,0.341,0.333,0,5.5,40.7,24.3,44.3,62.6,15.4,18.7,3.3,L,519,31.2,91.7,2226,4,-20.3,13.9,1.4,,,,,,,,12.7,84.3,1450,13,-28.7,17.7,1.2,37.4,78.6,2695,-7.8,-58,14.1,1.6,18.7,91.4,2119,9.9,-22.7,14.9,1.5,,,,,,,,,,,,,,,,,,,,,,,,,,,,,,,,,,,,,,,,,,,,,,,,,
"Sewald, Paul",623149,2017,27,57,65.1,275,25.1,7.6,0.235,0.399,0.3,0.301,7.7,3.8,33.5,25.8,47.5,34.6,28,28.6,8.8,R,1129,63.2,91.4,2361,-16.2,-19.8,21.4,1.3,32,82.9,2226,4.3,-40.2,6.3,1.7,4.1,82.5,1864,-17.4,-36.3,18.5,1.5,,,,,,,,0.8,91.2,2391,-21,-25.2,22.5,1.4,,,,,,,,,,,,,,,,,,,,,,,,,,,,,,,,,,,,,,,,,,,,,,,,,
"Iglesias, Raisel",628452,2017,27,63,76,306,30.1,8.8,0.208,0.312,0.256,0.263,4.8,4.3,26.9,30.3,49.8,43,20.4,30.1,6.5,R,1231,33.5,96.3,2366,-10.1,-10.2,22.4,1.6,30.2,85.3,2542,9.4,-33.3,11.6,2.1,13.6,88.2,1777,-16.3,-27.3,18.9,1.8,0.2,66.5,1419,-0.2,-44.8,16.6,1.5,22.6,96,2405,-15.9,-16.6,21.1,1.7,,,,,,,,,,,,,,,,,,,,,,,,,,,,,,,,,,,,,,,,,,,,,,,,,
"Wilson, Justin",458677,2017,29,65,58,247,32.4,13.8,0.184,0.298,0.281,0.271,6.1,3.8,27.5,29,45.8,37.9,25,22.7,14.4,L,1129,65.7,95.9,2427,7.3,-9.5,22.4,1,10.5,84.8,2440,-4.5,-39.1,6,1.6,0.2,89.9,1523,18.1,-24.6,20.8,1.5,,,,,,,,1.7,96.1,2425,15.1,-11.7,24,1.4,22,91.7,2474,-2.6,-22,12.1,1.3,,,,,,,,,,,,,,,,,,,,,,,,,,,,,,,,,,,,,,,,,,
"Bleier, Richard",542947,2017,30,57,63.1,265,9.8,4.9,0.254,0.368,0.286,0.287,4.1,4.5,35.9,18.1,55.7,69.4,12.2,15.3,3.2,L,892,6.6,89,1889,7.3,-23.4,13.7,1.8,3.5,80.5,1909,-4.1,-44.3,4.8,1.3,7.4,81.7,1574,15.7,-35.7,17.2,1.5,,,,,,,,56.6,89,1870,14.3,-30.3,15.3,1.4,25.9,86.4,1877,-1.4,-29.5,8,1.5,,,,,,,,,,,,,,,,,,,,,,,,,,,,,,,,,,,,,,,,,,
"Ramírez, Erasmo",541640,2017,27,37,131.1,539,20.2,5.8,0.258,0.458,0.308,0.325,6.8,4.5,35.8,22.1,49.1,44.1,26.2,23.9,5.8,R,1989,9.1,92.2,2299,-9.5,-15.3,19.8,1.3,10.7,84,2460,4.5,-35.7,6.8,1.7,20.4,83.6,1766,-14.7,-29.4,17.7,1.4,0.3,76.4,2462,5.7,-51.9,7.9,1.5,35.1,91.5,2260,-17,-22.8,20.1,1.4,24.4,88.8,2419,-0.9,-21.4,13.8,1.3,,,,,,,,,,,,,,,,,,,,,,,,,,,,,,,,,,,,,,,,,,
"Phelps, David",475479,2017,30,54,55.2,238,26.1,10.9,0.246,0.386,0.301,0.312,4.7,2,31.8,24.2,42.1,47.7,22.8,28.2,1.3,R,968,32.2,94.7,2348,-7.8,-12.4,21,1.2,,,,,,,,0.3,86.2,2045,-18.5,-31.4,19.6,1.4,19.3,81.6,2586,8.1,-51.5,12.7,1.2,20,93.9,2259,-16.1,-17.8,21.9,1.5,28.1,91,2421,2.1,-20.3,14.4,1.2,,,,,,,,,,,,,,,,,,,,,,,,,,,,,,,,,,,,,,,,,,
"Brebbia, John",605154,2017,27,50,51.2,209,24.4,5.3,0.233,0.405,0.268,0.296,5.6,1.4,33.6,26.9,49.8,26.1,34.5,29.6,9.9,R,765,49.8,94.1,2293,-8.5,-12.4,20.3,1.4,40.7,82.8,2538,7.6,-37.4,8.8,1.7,2.4,87.9,1981,-16.5,-26.8,18.6,1.4,0.3,77.5,2580,11.5,-45.2,12.4,1.5,6.9,93.7,2222,-15.7,-18.6,20.1,1.5,,,,,,,,,,,,,,,,,,,,,,,,,,,,,,,,,,,,,,,,,,,,,,,,,
"Wood, Alex",622072,2017,26,27,152.1,614,24.6,6.2,0.234,0.36,0.266,0.28,4.3,6.2,28,25.9,48.7,54.2,16.7,23.9,5.3,L,2248,,,,,,,,,,,,,,,25.4,85.1,1738,16.9,-30.8,18.9,1.4,24.2,83.5,2082,-4.9,-40.4,7,1.3,50.4,91.9,2031,13.9,-16.3,21.7,1.5,,,,,,,,,,,,,,,,,,,,,,,,,,,,,,,,,,,,,,,,,,,,,,,,,
"Carrasco, Carlos",471911,2017,30,32,200,798,28.3,5.8,0.235,0.389,0.289,0.295,5,5.2,34.6,29.6,48.9,46.9,20.5,26.4,6.2,R,3038,40.2,94.3,2260,-12.9,-15.9,20,1.5,16.6,85.4,2515,1.3,-35.2,4.8,1.7,16.1,88.4,1485,-12.4,-32.5,13.4,1.6,18,83.3,2653,5.7,-42.7,7.3,1.7,9.2,93.4,2086,-16.9,-23.3,18.9,1.8,,,,,,,,,,,,,,,,,,,,,,,,,,,,,,,,,,,,,,,,,,,,,,,,,
"Barnette, Tony",501817,2017,33,50,57.1,252,22.6,8.7,0.252,0.389,0.338,0.304,5.8,5.3,34.5,29.6,48.9,42.1,23.4,28.7,5.8,R,1033,24.5,93,2502,-3.2,-15,16.7,1.2,,,,,,,,,,,,,,,18.1,78.6,2536,13.1,-52.5,15.6,1.7,6.4,92.4,2148,-14.4,-21.7,17.9,1.4,46.4,88.7,2550,5.3,-27.1,9.6,1.4,4.6,87.8,1566,-11.7,-29.8,13.6,1.4,,,,,,,,,,,,,,,,,,,,,,,,,,,,,,,,,,,
"Griffin, A.J.",456167,2017,29,18,77.1,338,18,8.3,0.233,0.462,0.356,0.33,3.7,4.1,31.7,20.1,45.5,29.2,32.1,21,17.7,R,1320,51.7,87.3,2252,-12.1,-17.4,22.1,1.5,,,,,,,,11.1,80,1779,-14.3,-29.9,19,1.8,30.4,66.1,2587,12.6,-77.7,18.5,1.5,1.1,86.6,2212,-17,-24.3,20.6,1.4,5.7,82.5,2230,-2.3,-30.8,10.1,2.3,,,,,,,,,,,,,,,,,,,,,,,,,,,,,,,,,,,,,,,,,,
"Cole, Gerrit",543037,2017,26,33,203,849,23.1,6.5,0.257,0.427,0.315,0.317,4,5.7,34.4,21.7,46.5,46.6,20.7,25.1,7.6,R,3276,47.1,95.9,2164,-13.4,-14,21.2,1.6,17.4,88.1,2417,2.6,-32.1,5.9,1.8,10.3,88.5,1631,-16.5,-26.2,19.3,1.6,12.1,80.4,2667,11.7,-50.2,14.1,2,13.1,95.6,2096,-17.8,-19.8,20.8,1.5,,,,,,,,,,,,,,,,,,,,,,,,,,,,,,,,,,,,,,,,,,,,,,,,,
"Freeland, Kyle",607536,2017,24,33,156,688,15.6,9.2,0.258,0.393,0.34,0.319,5.5,8.6,33.6,18.1,45.5,56.5,16.9,21.4,5.3,L,2552,26.2,92.2,2252,8.3,-18.6,15.9,1.3,25.7,86.2,2168,-1.7,-29.8,8,1.9,7.6,86.5,1596,10,-28,13.6,1.6,3.8,80,2253,-5.3,-41.9,6.8,1.9,36.6,91.8,2225,13.2,-24.6,15.5,1.4,,,,,,,,,,,,,,,,,,,,,,,,,,,,,,,,,,,,,,,,,,,,,,,,,
"Alvarez, Jose",501625,2017,28,64,48.2,203,22.2,5.9,0.257,0.441,0.304,0.309,6.2,4.8,32.9,23.7,50.5,39,21.2,30.8,8.9,L,759,34.7,91.5,2344,7.9,-15.8,18.7,1.2,4.9,84,2339,-4.3,-33.7,7.3,1.2,17.1,81.5,1894,13.1,-33.2,15.9,1.4,18.8,79.2,2428,-6.8,-44.4,7.4,1.9,21.2,91,2270,16,-21.7,19.6,1,3.3,87.1,2344,-1.1,-27.8,8.8,1.4,,,,,,,,,,,,,,,,,,,,,,,,,,,,,,,,,,,,,,,,,,
"Krol, Ian",571871,2017,26,51,49,214,20.6,9.8,0.251,0.41,0.346,0.328,3.4,6.9,33.3,25.5,47.3,44.8,20.7,28.3,6.2,L,830,31.8,93.4,2385,7.7,-14.1,20.3,1.3,39.8,87.9,2312,-2.7,-29.7,8.5,2,1,85.1,1649,13,-28.1,17.2,1.4,8.9,77.7,2395,-7.3,-57.9,13.1,1.6,18.6,93.2,2317,15.4,-18.5,21.1,1.6,,,,,,,,,,,,,,,,,,,,,,,,,,,,,,,,,,,,,,,,,,,,,,,,,
"Pinto, Ricardo",620982,2017,23,25,29.2,146,17.1,11.6,0.267,0.469,0.398,0.358,3.9,4.9,28.4,21.2,47.4,45.6,25.2,23.3,5.8,R,575,37.4,95.6,2024,-5.4,-13.9,17.5,1.7,14.6,86.1,2016,0.6,-31.2,7.8,1.5,28.2,87.9,1687,-10.7,-23,17.2,1.9,,,,,,,,19.8,95.1,1994,-14.3,-18.8,18.9,1.5,,,,,,,,,,,,,,,,,,,,,,,,,,,,,,,,,,,,,,,,,,,,,,,,,
"Cessa, Luis",570666,2017,25,10,36,160,18.8,10.6,0.268,0.499,0.355,0.368,4.5,3.6,33.6,25.4,44.9,45.5,20.9,27.3,6.4,R,624,41.8,95.3,2236,-9.7,-13.3,20.6,1.8,30,85.7,2461,-0.1,-35.9,4.3,1.6,19.2,86.5,1729,-14.3,-29.7,16.8,1.5,8.8,80.9,2468,6.4,-46.5,8.3,1.4,0.2,92.7,2212,-19.9,-25.6,21.1,,,,,,,,,,,,,,,,,,,,,,,,,,,,,,,,,,,,,,,,,,,,,,,,,,
"Turley, Nik",543867,2017,27,10,17.2,89,14.6,9,0.34,0.623,0.479,0.441,13.6,4.5,53,16.2,44,43.9,19.7,31.8,4.5,L,323,61.9,93.4,2612,8.8,-12,21.4,1.4,,,,,,,,5.6,87.1,2038,14.4,-20.4,21.8,1.4,32.5,78.4,2736,-9,-55.9,14.1,2,,,,,,,,,,,,,,,,,,,,,,,,,,,,,,,,,,,,,,,,,,,,,,,,,,,,,,,,
"Solís, Sammy",519301,2017,28,30,26,112,25,11.6,0.211,0.362,0.308,0.294,4.2,2.8,29.6,24.4,39.2,47.9,25.4,19.7,7,L,439,0.7,91.3,2317,5,-16.4,17.4,1.4,,,,,,,,11.4,84.4,1517,14.2,-29.8,16.7,1.5,25.7,78.6,2547,-8.3,-51.2,11.2,1.6,62.2,93.7,2331,13.8,-14.6,21.5,1.5,,,,,,,,,,,,,,,,,,,,,,,,,,,,,,,,,,,,,,,,,,,,,,,,,
"Romero, Enny",544836,2017,26,53,55.2,245,26.5,9.4,0.235,0.411,0.316,0.313,5.2,4.5,34.7,27.4,50.2,39.6,26,25.3,9.1,L,998,77.9,97.9,2314,8.7,-9.8,21.7,1.6,21.4,88.2,2345,1.1,-27.8,9.9,2.3,,,,,,,,0.2,81.9,2466,-4.3,-43,6.8,1.4,,,,,,,,0.5,87.4,2118,16.4,-18.2,24.9,1.5,,,,,,,,,,,,,,,,,,,,,,,,,,,,,,,,,,,,,,,,,,
"Ray, Robbie",592662,2017,25,28,162,665,32.8,10.7,0.215,0.37,0.282,0.297,7.3,3.5,41,34.2,44.7,41.8,25.3,23.7,9.2,L,2708,56.5,94.2,2276,8.6,-13.6,19.7,1.7,21.2,84.6,2094,0.3,-33.8,6.6,2.1,,,,,,,,19.6,81.7,2037,-2.7,-47.3,6.5,2.6,2.7,93.4,2256,15.9,-20.2,19.7,1.4,,,,,,,,,,,,,,,,,,,,,,,,,,,,,,,,,,,,,,,,,,,,,,,,,
"Gossett, Daniel",605254,2017,24,18,91.1,414,17.4,7.5,0.311,0.538,0.38,0.382,6.4,3.9,31.5,20.9,46,44.7,20.9,28.9,5.5,R,1580,34.2,91.6,2342,-2.4,-15.6,17.4,1.2,21.8,84,2430,5.7,-37.6,6.9,1.4,10.4,84.2,1648,-8.7,-25.7,15.9,2.2,15,78.5,2399,7,-52.6,10.8,1.7,18.6,91.5,2355,-10.4,-17.9,18.2,1.2,,,,,,,,,,,,,,,,,,,,,,,,,,,,,,,,,,,,,,,,,,,,,,,,,
"Taillon, Jameson",592791,2017,25,25,133.2,587,21.3,7.8,0.255,0.382,0.337,0.305,5.6,5.6,31.2,20.1,47,49,17,27.9,6.1,R,2317,29,95.3,2286,-5.9,-13.9,17.5,1.2,,,,,,,,9.8,88.1,1647,-10.1,-24.5,15.6,1.4,26,81.4,2649,9.7,-54.5,15.7,1.3,35.1,95,2157,-14.2,-20.3,17.6,1.1,,,,,,,,,,,,,,,,,,,,,,,,,,,,,,,,,,,,,,,,,,,,,,,,,
"Corbin, Patrick",571578,2017,27,33,189.2,826,21.5,7.4,0.264,0.427,0.333,0.32,3.1,4.3,35.6,25.3,47,52.2,18.7,23.6,5.5,L,3073,27.3,92.3,2293,6.4,-17.1,16.5,1.4,37.6,80.9,2359,-6.3,-43.8,7.7,2,9.1,83.5,1797,10.8,-27.9,16.1,2.1,,,,,,,,26,92.2,2244,12.7,-21,17,1.5,,,,,,,,,,,,,,,,,,,,,,,,,,,,,,,,,,,,,,,,,,,,,,,,,
"Nola, Aaron",605400,2017,24,27,168,693,26.6,7.1,0.224,0.36,0.293,0.279,4.4,6.3,31,26.1,45.2,50.4,21.8,23.1,4.6,R,2663,32.5,92.3,2098,-10.4,-18.1,17.5,1.6,,,,,,,,15.5,83.8,1435,-12.8,-35.9,13.5,1.4,30.8,77.4,2544,19.2,-54.8,21.1,1.3,21.2,91.4,2036,-15.1,-24.2,17.4,1.6,,,,,,,,,,,,,,,,,,,,,,,,,,,,,,,,,,,,,,,,,,,,,,,,,
"Stanek, Ryne",592773,2017,25,21,20,95,30.5,12.6,0.239,0.458,0.406,0.337,5.6,1.9,41.5,34.8,46.8,33.3,35.2,27.8,3.7,R,422,67.3,98.2,2409,-11.1,-10.7,21.7,1.3,19.2,89.6,2272,-2.1,-30.5,5.5,1.5,4.5,89.3,1293,-14.5,-30.9,15.9,1.5,0.7,85.3,2415,-2,-41.8,4.3,1.4,,,,,,,,,,,,,,,8.3,88.5,1076,-13.3,-32.9,14.2,1.3,,,,,,,,,,,,,,,,,,,,,,,,,,,,,,,,,,,
"Worley, Vance",474699,2017,29,24,71.2,333,15,9,0.296,0.471,0.396,0.359,6.5,5.7,36,13.8,45,49,19,28.7,3.2,R,1237,13.5,90.2,2231,-2.1,-15.8,19.4,1.7,,,,,,,,0.5,81.9,1505,-7.4,-26.3,18.1,1.5,6.8,76.9,1996,12.3,-54.3,13.8,1.5,42.4,89.9,2173,-11.7,-20.2,19.3,1.8,36.9,87.7,2202,3.2,-26.4,11.6,1.6,,,,,,,,,,,,,,,,,,,,,,,,,,,,,,,,,,,,,,,,,,
"Smith, Joe",501925,2017,33,59,54,214,33.2,4.7,0.215,0.321,0.259,0.249,3,7.6,31.8,25.2,50.1,50,20.5,23.5,6.1,R,801,24.7,89.3,2098,-17.6,-26.8,19.2,1,32.7,80.7,2317,12.8,-33.4,15.9,1.1,0.6,79.1,1689,-14.7,-47.9,15.7,1.5,,,,,,,,41.9,88.8,2000,-18.9,-36.3,19.2,1,,,,,,,,,,,,,,,,,,,,,,,,,,,,,,,,,,,,,,,,,,,,,,,,,
"Hughes, Jared",453172,2017,31,67,59.2,244,19.7,9.8,0.247,0.396,0.308,0.318,4.2,5.4,36.7,26.9,46.6,62.7,10.8,22.3,4.2,R,910,8.2,93.8,2130,-13.7,-19.5,18.3,1.2,21.1,86.2,2211,4.2,-33,7.4,1.3,1.4,88.8,2262,-15.8,-28.9,17.2,1.3,,,,,,,,69.2,93.4,2090,-18,-28.1,18.6,1.1,,,,,,,,,,,,,,,,,,,,,,,,,,,,,,,,,,,,,,,,,,,,,,,,,
"Williams, Trevor",592866,2017,25,31,150.1,642,18.2,8.1,0.254,0.396,0.309,0.317,4.1,5.2,29.4,19.1,47.8,49.9,18.6,25.3,6.3,R,2418,48.9,92.7,2092,-6.6,-17.1,15.9,1.5,16.3,84,2183,4.9,-34.9,6.8,1.7,10.4,85.2,1778,-15.9,-28.7,18.2,1.4,1.9,76.6,2174,6.5,-50.7,8.5,1.4,22.4,90.3,1864,-15.9,-26.7,17.4,1.6,,,,,,,,,,,,,,,,,,,,,,,,,,,,,,,,,,,,,,,,,,,,,,,,,
"Alexander, Scott",518397,2017,27,58,69,284,20.8,10.2,0.228,0.337,0.288,0.289,4.6,6.6,35.2,28.8,49.5,73,8.2,17.9,1,L,1059,12,93.7,2253,6.8,-24.6,9.9,1.3,4.2,85.7,2319,-7.2,-40.3,8.1,1.4,1.8,86,1674,10.8,-35.6,11.5,1.5,,,,,,,,82,93.1,2222,9.5,-29.6,10.1,1.3,,,,,,,,,,,,,,,,,,,,,,,,,,,,,,,,,,,,,,,,,,,,,,,,,
"Blackburn, Paul",621112,2017,23,10,58.2,238,9.2,6.7,0.284,0.399,0.3,0.321,5,7.5,35.9,13.9,42.9,56.3,13.6,26.1,4,R,935,8.1,90.4,2167,-4.1,-17.1,17.4,1.3,26.1,84.6,2486,6.7,-36.4,8.1,2.1,9.1,83.4,1716,-12.4,-30.6,15.8,1.5,9.2,75.8,2839,13.8,-63.2,19.6,1.5,47.5,90.2,2110,-10.8,-22.7,15.8,1.4,,,,,,,,,,,,,,,,,,,,,,,,,,,,,,,,,,,,,,,,,,,,,,,,,
"Brault, Steven",643230,2017,25,11,34.2,162,14.2,8.6,0.273,0.426,0.339,0.337,3.3,4.9,32.8,18.5,47.3,44.7,22.8,22.8,9.8,L,638,58,92,2089,10.6,-18.2,17.8,1.3,13.5,82.8,2179,-6.4,-37.2,8.1,1.7,12.4,85.6,1955,13.1,-27.9,16,1.1,1.9,74.3,2159,-12.7,-50,13,2,14.3,91.2,1914,15.8,-25.5,17.5,1.3,,,,,,,,,,,,,,,,,,,,,,,,,,,,,,,,,,,,,,,,,,,,,,,,,
"Gibson, Kyle",502043,2017,29,29,158,693,17.5,8.7,0.289,0.465,0.355,0.354,4.3,4.7,37.9,23.2,46,51.6,18.4,26.7,3.4,R,2609,22.5,92.6,2155,-6.8,-12.3,20.6,1.6,17.2,84.2,2437,4.9,-33.8,7.9,1.4,14.6,84,1645,-13.5,-29.8,16.4,1.5,10.3,79.5,2420,6.1,-47.3,8.7,1.4,35.4,91.8,2025,-14.3,-18.7,19.8,2,,,,,,,,,,,,,,,,,,,,,,,,,,,,,,,,,,,,,,,,,,,,,,,,,
"Edgin, Josh",572831,2017,30,46,37,166,16.3,10.8,0.24,0.37,0.34,0.318,5.2,6,27.6,22.3,46.1,49.1,22.4,21.6,6.9,L,610,44.8,91.2,2143,3.7,-19.2,14.7,1.5,31.8,85.6,2162,-4,-32.5,7.4,1.7,3,85.3,1887,8.9,-30.6,13,1.5,19.5,78.2,2264,-10.7,-42.4,11.9,1.5,1,90.8,2097,8.2,-24.5,11.9,1.4,,,,,,,,,,,,,,,,,,,,,,,,,,,,,,,,,,,,,,,,,,,,,,,,,
"Márquez, Germán",608566,2017,22,29,162,700,21,7,0.258,0.434,0.341,0.324,5.2,3.2,36,20.5,48.7,46.8,23.2,25.8,4.2,R,2654,51.9,95,2174,-5.6,-15,17.8,2,3.8,86.9,2040,3.6,-28.7,10.3,2.8,5,85.6,1682,-8.4,-28.3,14,2.1,25.4,80.6,2671,8,-51.4,11.6,2.6,13.9,94.3,2160,-14.3,-19.8,19.2,2,,,,,,,,,,,,,,,,,,,,,,,,,,,,,,,,,,,,,,,,,,,,,,,,,
"Wilk, Adam",573244,2017,29,4,14,74,10.8,12.2,0.345,0.692,0.498,0.461,10.5,1.8,36.8,20.1,46,42.1,24.6,28.1,5.3,L,302,54.6,88.1,2126,15,-20.2,22,1.3,12.6,83.9,2246,-1.1,-30.1,9.4,1.4,19.5,82.7,1685,15.4,-29,19.6,1.3,12.9,78.5,2136,-5.5,-44.6,6.9,1.2,0.3,86.2,2157,16.5,-31.5,17.3,,,,,,,,,,,,,,,,,,,,,,,,,,,,,,,,,,,,,,,,,,,,,,,,,,
"Yacabonis, Jimmy",642231,2017,25,14,20.2,90,8.9,15.6,0.248,0.367,0.315,0.345,8.8,8.8,41.2,15.1,41.2,47.1,19.1,26.5,7.4,R,316,0.3,94.9,2315,-11.8,-11.2,22.8,,23.7,84.1,2375,3.6,-42.8,6.2,1.7,4.4,88.9,1667,-17,-27.4,19.1,1.5,,,,,,,,71.5,95.2,2295,-18.3,-19.7,21.8,1.2,,,,,,,,,,,,,,,,,,,,,,,,,,,,,,,,,,,,,,,,,,,,,,,,,
"Buchter, Ryan",488748,2017,30,71,65.1,268,24.3,9.7,0.179,0.308,0.277,0.259,4.6,7.5,29.5,23.8,49.8,32.4,33.5,17.9,16.2,L,1097,81.5,92.6,2270,4.3,-12.9,19.6,1.2,,,,,,,,,,,,,,,7.9,78.9,2164,-14.3,-46.6,15,2.7,,,,,,,,10.6,87.8,2217,-5.5,-27.4,10.7,1.9,,,,,,,,,,,,,,,,,,,,,,,,,,,,,,,,,,,,,,,,,,
"Grace, Matt",594840,2017,28,40,50,215,14.4,8.4,0.25,0.392,0.301,0.311,3.7,9.8,28.8,16.7,47,63.2,14.1,20.9,1.8,L,752,0.7,90.9,1713,1.7,-22.3,11.3,1.4,23.9,82.9,1939,-4.4,-37.4,6.6,1.3,4.8,86,1596,14,-30.6,16.3,1.5,,,,,,,,70.6,90.9,1741,13.9,-25.5,16.6,1.3,,,,,,,,,,,,,,,,,,,,,,,,,,,,,,,,,,,,,,,,,,,,,,,,,
"Mengden, Daniel",596043,2017,24,7,43,169,17.2,5.3,0.271,0.468,0.277,0.333,6.1,3.1,36.6,21.5,43.7,39.7,29,25.2,6.1,R,648,55.4,92.2,2093,-6.1,-13.1,20,1.4,16.5,84.1,2129,5.2,-38.3,6.4,1.2,13.3,80.8,1757,-14.3,-33.5,17,1.2,14.5,72.6,2374,9.4,-68.4,18.7,1.6,0.3,91.7,2122,-11.1,-20.9,15.4,1.5,,,,,,,,,,,,,,,,,,,,,,,,,,,,,,,,,,,,,,,,,,,,,,,,,
"Santana, Ervin",429722,2017,34,33,211.1,863,19.4,7.1,0.235,0.398,0.291,0.3,4,6.2,30.1,23.2,48.5,42.6,25.4,21.4,10.7,R,3231,33,93.2,2232,-4.8,-12.1,20.7,1.5,36.9,84.5,2372,5.3,-31.1,10.7,1.8,10.2,85.8,1516,-11.1,-21.4,20.1,1.5,,,,,,,,19.9,92.3,2136,-11.3,-16.9,19.4,1.7,,,,,,,,,,,,,,,,,,,,,,,,,,,,,,,,,,,,,,,,,,,,,,,,,
"Foltynewicz, Mike",592314,2017,25,29,154,692,20.7,8.5,0.266,0.438,0.342,0.336,6.5,3.3,32.9,22.8,45.2,41.9,24.4,27.7,6,R,2765,38.8,95.3,2294,-8.7,-12.5,20.3,2.1,22.5,86,2427,3.5,-33,7.3,2.2,5.6,86.2,1882,-15,-24.9,19.7,2,11.6,79.5,2439,4.3,-47.2,6.8,2,21.6,95.3,2198,-16.1,-18.8,20,2.1,,,,,,,,,,,,,,,,,,,,,,,,,,,,,,,,,,,,,,,,,,,,,,,,,
"Smoker, Josh",519294,2017,28,54,56.1,267,25.5,12,0.241,0.415,0.358,0.323,5.5,4.3,30.5,30,45.4,45.1,23.2,23.2,8.5,L,1056,55.4,94.6,2192,8.9,-13.5,20.3,1.4,27.1,80.7,2299,-8.3,-49.8,10.8,1.6,,,,,,,,,,,,,,,1.3,93.9,2126,14.1,-17.5,20.2,1.5,,,,,,,,16.2,84.2,1636,13.9,-32.2,16.3,1.3,,,,,,,,,,,,,,,,,,,,,,,,,,,,,,,,,,,
"Hildenberger, Trevor",657610,2017,26,37,42,170,25.9,3.5,0.227,0.328,0.281,0.261,5.2,5.2,25.9,25.9,47.6,60.3,14.7,20.7,4.3,R,624,7.7,92.6,2051,-12.6,-17.8,19.5,1.3,14.4,76.7,2312,7.2,-48.5,8.1,1.4,34.6,76.3,1392,-11.7,-49,12.4,1.8,,,,,,,,43.3,88.3,1980,-16.2,-33.8,16.8,1.6,,,,,,,,,,,,,,,,,,,,,,,,,,,,,,,,,,,,,,,,,,,,,,,,,
"Buchanan, Jake",594772,2017,27,5,14.1,77,5.2,9.1,0.318,0.463,0.405,0.373,3.2,0,36.5,11.6,49.6,58.7,19,20.6,1.6,R,226,42,89.2,1906,-10.7,-20.5,17.5,1.3,27,83.7,2256,6.3,-31.8,10.2,1.7,9.7,82,1189,-8.5,-32.3,12.1,1.4,11.5,76.9,1787,6.8,-55.7,11.9,1.5,9.7,88.1,1858,-14.6,-28.3,16.1,1.6,,,,,,,,,,,,,,,,,,,,,,,,,,,,,,,,,,,,,,,,,,,,,,,,,
"Tazawa, Junichi",547749,2017,31,55,55.1,238,16,9.2,0.252,0.404,0.324,0.315,6.3,3.4,34.1,18.9,48.9,38.1,25,29.5,7.4,R,961,56.6,92.8,2268,-7.3,-14.9,19.9,1.2,0.1,81.7,2817,10.5,-44.7,10.6,,,,,,,,,17.6,76.5,2657,11.2,-62.6,17.2,2.5,,,,,,,,,,,,,,,,,,,,,,,,,,,,,,,,,,,,,,,,,,,25.7,87.2,1635,-12.2,-26.8,16.9,1.5,,,,,,,
"Kelly, Joe",523260,2017,29,54,58,238,21.8,11.3,0.242,0.356,0.259,0.305,4.4,3.2,36.7,24.7,47.3,51.3,19.6,25.9,3.2,R,1021,32.4,99,2249,-9.7,-10.6,20.6,1.6,15.4,89.6,2680,4.6,-32.8,7,1.8,3,87.5,2107,-16.4,-28,19.4,2.4,18.3,83.8,2908,5.9,-52.4,13.3,2.1,30.9,99,2203,-14.2,-14.3,20.2,1.4,,,,,,,,,,,,,,,,,,,,,,,,,,,,,,,,,,,,,,,,,,,,,,,,,
"Workman, Brandon",519443,2017,28,33,39.2,163,22.7,7.4,0.232,0.415,0.327,0.304,5.3,1.8,42.5,24,47.1,44.2,30.1,20.4,5.3,R,609,51.2,92.2,1982,-4.4,-14,18.3,2,,,,,,,,,,,,,,,23.8,80.9,2491,4.7,-54.6,13.6,1.8,,,,,,,,25,88.2,2059,0.7,-27.2,8,1.5,,,,,,,,,,,,,,,,,,,,,,,,,,,,,,,,,,,,,,,,,,
"McCarthy, Brandon",435221,2017,33,19,92.2,384,18.8,7,0.255,0.35,0.292,0.294,5,3.9,21.3,19.1,47.5,44,18.8,27.3,9.9,R,1441,28.9,93.2,2250,-7.3,-15.4,18.5,1.4,1.5,86.5,2390,9.1,-34.5,10.1,1.5,2.6,88.6,2216,-14.4,-23.9,18.9,1.2,21.6,80.2,2631,14.4,-50.2,16,1.3,21.4,92.9,2201,-14.1,-21.6,17.9,1.2,24,91.3,2281,2.4,-18.2,15.5,1.3,,,,,,,,,,,,,,,,,,,,,,,,,,,,,,,,,,,,,,,,,,
"deGrom, Jacob",594798,2017,29,31,201.1,827,28.9,7.1,0.219,0.349,0.291,0.273,3.8,6.1,28.8,29.1,49.9,47.6,21.8,24.1,6.5,R,3160,39.6,95.2,2362,-7.2,-12.5,18.6,1.4,22.2,89.3,2453,2.3,-28.1,6.7,1.4,12.4,87.7,1793,-14.8,-26.8,17.2,1.6,10,81.5,2549,5.3,-43.9,7.5,2.2,15.8,94.7,2294,-15.6,-17.8,19.8,1.4,,,,,,,,,,,,,,,,,,,,,,,,,,,,,,,,,,,,,,,,,,,,,,,,,
"Madson, Ryan",425492,2017,36,60,59,219,30.6,4.1,0.215,0.305,0.214,0.246,4.3,7.2,28.8,28.9,49.8,56.1,12.2,26.6,5,R,853,31.7,95.7,2254,-13.1,-13,21.7,1.5,0.1,92.2,2220,0.7,-19.7,12.6,,15.4,85.4,1895,-14.4,-26.6,18.9,1.3,18.6,82.6,2430,4.8,-52.8,13.1,1.7,34.2,94.7,2119,-17.3,-20.4,20.3,1.6,,,,,,,,,,,,,,,,,,,,,,,,,,,,,,,,,,,,,,,,,,,,,,,,,
"McFarland, T.J.",519008,2017,28,43,54,241,12,7.1,0.264,0.372,0.319,0.295,4.7,7.8,31.1,15.4,49.2,68.9,10.9,19.7,0.5,L,829,0.1,91.6,2316,7.8,-16.9,18.3,,14.6,81.5,2311,-6,-44,7.5,1.1,12.4,84.4,1725,14.5,-36.5,15.3,1.2,,,,,,,,72.9,91.4,2048,16.1,-29.7,17,1,,,,,,,,,,,,,,,,,,,,,,,,,,,,,,,,,,,,,,,,,,,,,,,,,
"Kahnle, Tommy",592454,2017,27,69,62.2,256,37.5,6.6,0.193,0.3,0.263,0.243,5,2.8,35.5,33.3,53.4,41.8,29.1,24.1,5,R,1015,63.4,97.8,2286,-6.7,-10.2,19.5,1.3,11.6,86.4,2495,6.6,-33.2,8.3,1.8,21.8,90.3,1422,-15.6,-26.5,17.4,1.4,,,,,,,,3.1,97.3,2272,-12.3,-15.1,18.3,1.4,0.1,97.9,2311,7.6,-5.4,24.4,,,,,,,,,,,,,,,,,,,,,,,,,,,,,,,,,,,,,,,,,,,
"Melancon, Mark",453343,2017,32,32,30,130,22.3,4.6,0.26,0.373,0.34,0.294,6.4,9.6,29.8,22.7,46.4,54.3,16,24.5,5.3,R,502,13.3,92.4,2521,-4.1,-21.1,12.3,1.1,,,,,,,,,,,,,,,25.1,81.5,2805,6.6,-56.2,16.1,1.2,,,,,,,,61.4,90.8,2519,5.6,-23,12.2,1.4,0.2,86.5,1830,-4.3,-22.4,15.2,,,,,,,,,,,,,,,,,,,,,,,,,,,,,,,,,,,,
"Valdez, César",491624,2017,32,11,30.2,140,15,7.9,0.32,0.593,0.41,0.406,15.9,3.7,43.9,23.9,50.2,43.9,17.8,34.6,3.7,R,500,15.6,88.9,2316,-12.8,-22.9,18.1,1.2,9.4,81.6,2521,4.8,-42,6.6,1.9,49.4,82.3,1807,-13.6,-44.6,14.8,1.8,,,,,,,,25.6,88,2214,-17.4,-34.7,17.9,1.3,,,,,,,,,,,,,,,,,,,,,,,,,,,,,,,,,,,,,,,,,,,,,,,,,
"Odorizzi, Jake",543606,2017,27,28,143.1,603,21.1,10.1,0.24,0.444,0.313,0.326,5.3,4.6,35.7,25.2,48,32.4,32,25.2,10.4,R,2619,49.4,91.5,2285,-12.1,-15.1,22.6,1.6,10.4,82.4,2191,5,-35.6,8.4,2.4,,,,,,,,5.8,72.3,2242,6.1,-66.3,12.8,1.6,,,,,,,,11.7,86.3,2218,1.3,-24,14,1.8,22.6,84.1,1414,-13.9,-31.5,16.9,1.4,,,,,,,,,,,,,,,,,,,,,,,,,,,,,,,,,,,
"Farquhar, Danny",543144,2017,30,52,49.1,215,20.9,13,0.194,0.304,0.284,0.279,5.1,5.8,24.6,28.9,47.5,44.2,27.5,15.9,12.3,R,886,55.3,93.2,2377,-10.3,-11.9,22.7,1.2,,,,,,,,33.5,86.7,1853,-18.5,-29.8,20,1.4,10.6,74.8,2641,12.1,-60.3,15.8,1.5,0.6,92.8,2412,-18.6,-17.7,23.5,1.4,,,,,,,,,,,,,,,,,,,,,,,,,,,,,,,,,,,,,,,,,,,,,,,,,
"Rodney, Fernando",407845,2017,40,61,55.1,231,28.1,11.3,0.21,0.313,0.259,0.277,3.6,4.3,28.1,31,42.2,53.6,21.7,19.6,5.1,R,959,26.9,94.9,2109,-7.9,-13.5,19.5,1.6,1.5,85.3,2269,2.6,-35.3,4.8,1.5,39.1,83.5,1787,-15.8,-31.5,18.5,1.6,,,,,,,,32.5,94.1,2042,-15.1,-20,19.2,1.6,,,,,,,,,,,,,,,,,,,,,,,,,,,,,,,,,,,,,,,,,,,,,,,,,
"Whitley, Chase",595032,2017,28,41,57.1,238,18.1,6.7,0.263,0.395,0.271,0.313,5.7,6.8,29,27.1,52.1,33.5,21,31.8,13.6,R,826,43.5,90.1,2221,-6.9,-14.9,20.9,1.3,25.7,81.7,2314,3.4,-37.8,6,1.3,30.1,82.7,1511,-15,-31.2,18.1,1.4,0.6,76.1,2323,7.2,-50.5,7.9,1.5,0.1,90.1,2226,-14,-19.6,20,,,,,,,,,,,,,,,,,,,,,,,,,,,,,,,,,,,,,,,,,,,,,,,,,,
"Chacín, Jhoulys",468504,2017,29,32,180.1,765,20,9.4,0.238,0.38,0.302,0.307,2.3,4.2,28.4,20.1,42.6,50.4,20.7,22.1,6.8,R,2905,16.3,91.4,2207,-9.9,-17.9,19.2,1.6,35.2,80,2480,12.9,-41,14.1,1.7,6,83.3,1503,-14.2,-32.4,17.6,1.8,4.1,75.6,2500,11.5,-52.8,12.9,1.8,38.3,91.1,2120,-19.9,-24.8,22.3,1.5,,,,,,,,,,,,,,,,,,,,,,,,,,,,,,,,,,,,,,,,,,,,,,,,,
"Stephenson, Robert",596112,2017,24,25,84.2,383,22.5,13.8,0.253,0.454,0.344,0.352,4.5,3.3,37.2,29.1,46.2,41.3,24.8,26.9,7,R,1460,54.1,93.7,2359,-13,-12.1,23.7,1.7,22.5,85.2,2512,-1.6,-33.3,6.8,2,,,,,,,,7.9,79,2525,2.7,-48.6,5.6,2,,,,,,,,,,,,,,,15.5,85,1507,-11.1,-25.2,17.9,1.4,,,,,,,,,,,,,,,,,,,,,,,,,,,,,,,,,,,
"Saupold, Warwick",599683,2017,27,45,62.2,280,15.7,11.1,0.258,0.435,0.334,0.34,5.5,5.5,31.2,18.3,45.6,44.2,25.1,23.6,7,R,1084,48,93,2171,-12.8,-17.4,19.9,1.1,29,88.5,2230,2.2,-28.6,7.9,1.4,7.1,86.3,2091,-17,-28.7,19.8,1.4,12.4,81.7,2581,6.5,-54.8,14.2,1.4,3.6,92.7,2177,-18.2,-23.7,20.2,1.3,,,,,,,,,,,,,,,,,,,,,,,,,,,,,,,,,,,,,,,,,,,,,,,,,
"Cueto, Johnny",456501,2017,31,25,147.1,648,21,8.2,0.282,0.476,0.347,0.354,5.8,3.8,33.6,22.8,49.2,41.2,21.3,30.4,7.1,R,2513,31.8,91.3,2192,-8.2,-16.4,19.7,1.5,23,84,2208,2.9,-31.3,10.2,1.9,20.4,82,1471,-11.3,-36.4,13.4,2.1,0.1,78.3,1625,1.2,-41.5,7.3,1.5,18.5,91.1,2156,-15.6,-21.2,20.6,1.7,6.2,87.5,2201,-0.2,-23.2,14.3,1.1,,,,,,,,,,,,,,,,,,,,,,,,,,,,,,,,,,,,,,,,,,
"Scahill, Rob",543746,2017,30,18,22.1,97,10.3,10.3,0.298,0.506,0.321,0.371,6.8,2.7,40.5,14.8,51.2,54.1,18.9,21.6,5.4,R,344,4.9,94.3,2416,-6.3,-17.2,15.4,1.3,19.5,89.1,2634,-0.4,-27.3,8.5,1.2,,,,,,,,9.3,82.2,2969,11.6,-46.8,13.1,1.5,66.3,93.9,2313,-16.3,-24,18.2,1.1,,,,,,,,,,,,,,,,,,,,,,,,,,,,,,,,,,,,,,,,,,,,,,,,,
"Osich, Josh",592612,2017,28,54,43.1,201,21.4,13.4,0.273,0.472,0.362,0.366,5.4,3.8,36.4,21.7,46,46.2,19.2,29.2,5.4,L,759,49.3,95.4,2312,8,-13.5,19.4,1.4,27,78.7,2178,-0.7,-48.6,4.6,2.1,8.8,84.3,1724,12.3,-22.9,20.6,1.5,,,,,,,,5.1,94.9,2306,15.6,-20,19.5,1.7,9.7,90.8,2222,-0.1,-23.6,10.9,1.5,,,,,,,,,,,,,,,,,,,,,,,,,,,,,,,,,,,,,,,,,,
"Coulombe, Danny",543056,2017,27,72,51.2,219,17.8,10,0.258,0.399,0.311,0.327,2.6,3.9,34.4,22.8,42.1,57.1,14.9,22.7,5.2,L,905,16.9,91,2296,4.8,-20.8,14.1,1.3,32.3,86.3,2343,-1.9,-32.1,6.6,1.4,0.1,87.4,2236,10,-27,13.8,,37.5,80.9,2610,-9.4,-61.1,19.7,1.6,13.3,91.2,2182,13.1,-23.8,16.8,1.3,,,,,,,,,,,,,,,,,,,,,,,,,,,,,,,,,,,,,,,,,,,,,,,,,
"Tanaka, Masahiro",547888,2017,28,30,178.1,751,25.8,5.5,0.247,0.444,0.326,0.315,6.3,4.9,36.2,31.1,51.2,50.1,21.2,23.4,5.3,R,2805,13.9,92.3,2228,-9.4,-16.5,19.1,1.8,31.8,84.6,2367,3.6,-36.1,7,1.7,,,,,,,,5.9,76.8,2445,8.1,-55.7,11.6,1.8,18.3,91.4,2065,-16.4,-23.8,19.3,1.3,5.2,89.5,2282,-1.9,-24,11.5,1.2,24.8,87.6,1497,-12.8,-33,13.9,1.7,,,,,,,,,,,,,,,,,,,,,,,,,,,,,,,,,,,
"Kelley, Shawn",518875,2017,33,33,26,121,20.7,9.1,0.268,0.601,0.395,0.389,3.6,1.2,40.7,29,53.8,26.2,46.4,20.2,7.1,R,490,57.6,91.9,2300,-3.8,-13.2,19.6,1.4,40.8,81.6,2353,5.1,-38,7.3,1.9,,,,,,,,,,,,,,,1.6,90.9,2204,-11.6,-18.9,18.5,1.4,,,,,,,,,,,,,,,,,,,,,,,,,,,,,,,,,,,,,,,,,,,,,,,,,
"Ramos, AJ",573109,2017,30,61,58.2,258,27.9,13.2,0.21,0.364,0.307,0.304,5.3,2.7,26.2,31,40,41.3,23.3,26,9.3,R,1100,29.5,92.4,2288,-3,-14.3,19,1.6,43.1,80.1,2611,10.4,-49.5,12.1,1.4,17.8,85.4,1488,-12.7,-30.1,16,1.5,2.4,75.2,2606,9.8,-63.3,16.8,1.4,6.4,92.4,2201,-14,-19.5,19.5,1.7,0.8,91.2,2396,4.7,-18.7,15.6,1.6,,,,,,,,,,,,,,,,,,,,,,,,,,,,,,,,,,,,,,,,,,
"Peralta, Wandy",593974,2017,25,69,64.2,263,21.7,9.1,0.21,0.313,0.293,0.266,5.5,8.3,31.5,31.1,50,55.8,20.4,18.8,5,L,1015,48.7,96.5,2120,9.6,-13,20.3,1.2,27,86.3,2136,-1.6,-31.3,7.6,1.7,19.8,86.7,2087,12.4,-27.6,16,2.3,,,,,,,,4.5,96.7,2097,16.3,-17.8,20.6,1.3,,,,,,,,,,,,,,,,,,,,,,,,,,,,,,,,,,,,,,,,,,,,,,,,,
"Heaney, Andrew",571760,2017,26,5,21.2,101,26.7,8.9,0.292,0.654,0.45,0.418,7.7,4.6,46.2,30.9,46.7,33.8,29.2,29.2,7.7,L,414,,,,,,,,,,,,,,,22.5,83.5,1945,16.9,-32.4,19,1.5,16.2,79.6,2381,-3.7,-46.7,5.4,1.9,61.4,91.9,2459,13.7,-17.3,21.1,1.8,,,,,,,,,,,,,,,,,,,,,,,,,,,,,,,,,,,,,,,,,,,,,,,,,
"Weaver, Jered",450308,2017,34,9,42.1,191,12,6.3,0.293,0.569,0.404,0.386,4.6,4.6,30,19,45.5,44.1,25,22.4,8.6,R,664,28.9,83.8,2176,-6.3,-20.7,20.8,1.4,15.1,79.2,2451,4.1,-35.8,10.9,1.4,17.8,77.1,1861,-13.6,-31.3,21.4,1.4,17.6,71.9,2490,6.7,-52.8,7.9,1.4,20.6,83.2,2042,-14.3,-24.6,21.6,1.4,,,,,,,,,,,,,,,,,,,,,,,,,,,,,,,,,,,,,,,,,,,,,,,,,
"Haley, Justin",595234,2017,26,10,18,81,17.3,7.4,0.351,0.514,0.369,0.403,5,5,35,14.8,47,38.3,13.3,41.7,6.7,R,330,65.2,90.1,1935,-3.8,-14.6,19.6,1.6,11.2,82.4,2263,5.4,-37.8,6.6,1.6,14.2,81,1266,-10.3,-28.7,16.8,1.5,9.4,73.7,2201,7.5,-59.6,12.2,1.5,,,,,,,,,,,,,,,,,,,,,,,,,,,,,,,,,,,,,,,,,,,,,,,,,,,,,,,,
"Urías, Julio",628711,2017,20,5,23.1,102,10.8,13.7,0.283,0.404,0.338,0.351,5.3,3.9,23.7,22.2,47.1,43.4,21.1,31.6,3.9,L,412,51.9,93.2,2443,6.3,-12.2,21.6,1.7,13.6,85.4,2529,-2.4,-32.2,8.2,1.6,25.2,81.3,1991,16.6,-25.7,23.8,1.4,8.7,77.5,2656,-4.9,-50.2,6.4,1.9,0.5,93.1,2339,15.4,-14.2,24.1,1.4,,,,,,,,,,,,,,,,,,,,,,,,,,,,,,,,,,,,,,,,,,,,,,,,,
"Martinez, Carlos",593372,2017,25,32,205,858,25.3,8.3,0.221,0.352,0.299,0.284,5,6.1,33.3,24.4,46.8,52.4,18,23.9,5.7,R,3118,28.2,96.3,2091,-10.2,-16.9,17.3,2.4,25.9,85.3,2189,8.9,-35.6,10.7,1.9,16.9,87.8,1988,-17.1,-35.1,17.6,1.9,1.6,80,2078,9.5,-43.3,11.2,1.5,27.4,94.9,2007,-17.9,-25.8,19,1.8,,,,,,,,,,,,,,,,,,,,,,,,,,,,,,,,,,,,,,,,,,,,,,,,,
"Freeman, Sam",518693,2017,30,58,60,254,23.2,10.6,0.225,0.301,0.267,0.28,2.4,6.1,27.9,26.2,46.5,58.2,17.6,20.6,3.6,L,946,39.5,95.4,2151,4.7,-14.4,17.5,1.3,,,,,,,,,,,,,,,22.2,84.1,2634,-6.5,-42.2,7.8,1.5,17.9,95.1,2030,14.1,-18.7,19,1.2,,,,,,,,20.4,86.6,1330,11.8,-32.8,13.2,1.2,,,,,,,,,,,,,,,,,,,,,,,,,,,,,,,,,,,
"Lorenzen, Michael",547179,2017,25,70,83,361,22.2,9.4,0.235,0.364,0.3,0.297,3.7,7.8,29.6,24.2,46.3,56.8,15.2,23.9,4.1,R,1364,24.2,96.2,2199,-13.3,-11.9,22.8,1.4,15.1,88.1,2479,2.8,-32.4,5.9,1.5,2.2,88.5,1735,-13,-21.7,19.4,1.3,11.7,82.7,2577,3,-43.9,6,1.5,27.2,96.3,2189,-16.7,-17.4,21.1,1.5,19.6,92.7,2474,0.9,-21.3,11.8,1.4,,,,,,,,,,,,,,,,,,,,,,,,,,,,,,,,,,,,,,,,,,
"Doolittle, Sean",448281,2017,30,53,51.1,197,31.5,5.1,0.179,0.285,0.221,0.218,2.4,6.4,19.2,28.5,60.2,31.2,28,20,20.8,L,786,87.7,94.7,2219,4.4,-10.2,21.1,1.1,5,81.4,2352,-10.1,-37.9,11.4,1.6,,,,,,,,0.3,76.4,2277,-16.2,-49.9,16.4,1.5,,,,,,,,,,,,,,,7.1,85.4,2095,13.8,-21,21.6,1.3,,,,,,,,,,,,,,,,,,,,,,,,,,,,,,,,,,,
"Petit, Yusmeiro",433589,2017,32,60,91.1,354,28.5,5.1,0.213,0.362,0.243,0.261,5.6,3.8,34.3,24.1,48.3,33.8,28.6,22.6,15,R,1342,46.3,89.6,2212,-6.4,-16.1,18.3,1.1,,,,,,,,17,82,1853,-10.1,-24.5,18.2,1.2,20.4,77.1,2144,11.9,-40.8,13.3,1.3,0.7,88.9,2180,-12.8,-18.6,20,1.4,15.6,85.6,2179,-0.4,-21,15.4,1.3,,,,,,,,,,,,,,,,,,,,,,,,,,,,,,,,,,,,,,,,,,
"Uehara, Koji",493157,2017,42,49,43,178,28.1,6.7,0.256,0.453,0.284,0.316,3.4,4.3,33.6,31.7,55,25.9,29.3,31,13.8,R,672,63.1,87,2367,-13.7,-16.4,25.3,0.9,2.5,81.6,2168,-1,-30.6,12.5,1.6,,,,,,,,,,,,,,,2.1,86,2336,-17.7,-22.3,24,1.2,,,,,,,,32.3,79.2,1710,-16.7,-36.2,19.4,1.1,,,,,,,,,,,,,,,,,,,,,,,,,,,,,,,,,,,
"Nelson, Jimmy",519076,2017,28,29,175.1,728,27.3,6.6,0.233,0.355,0.301,0.285,6.6,7.2,31.4,25.2,48.7,51.1,18.6,26.5,3.8,R,2750,29.3,94.1,2300,-8.7,-14.4,18.8,1.2,16.5,88.5,2534,5.6,-30.5,8.8,1.2,2.7,87.6,1561,-7.9,-31.8,9.8,1.4,19.5,84.3,2559,10.6,-43.3,12.1,1.4,32,93.7,2133,-15,-23.3,17.1,1.1,,,,,,,,,,,,,,,,,,,,,,,,,,,,,,,,,,,,,,,,,,,,,,,,,
"Allen, Cody",592102,2017,28,69,67.1,282,32.6,7.4,0.197,0.352,0.283,0.269,4.8,5.4,29.5,34.2,46.2,33.5,26.9,26.9,12.6,R,1160,55.4,94.3,2506,-10,-11.3,22,1,,,,,,,,,,,,,,,44.6,84.2,2617,10.7,-47.7,14,1.2,,,,,,,,,,,,,,,,,,,,,,,,,,,,,,,,,,,,,,,,,,,,,,,,,,,,,,,,
"Feliz, Neftalí",491703,2017,29,49,46,196,18.9,11.7,0.254,0.464,0.334,0.347,6.7,5.9,34.8,25.3,49.5,36.3,26.7,26.7,10.4,R,847,62.8,96.3,2428,-13.6,-13.1,22.1,1.5,21.1,84.1,2506,4,-37.9,6.4,2.7,16.1,88.8,1771,-17.4,-28.2,19.4,1.7,,,,,,,,,,,,,,,,,,,,,,,,,,,,,,,,,,,,,,,,,,,,,,,,,,,,,,,,,,,,,,,
"García, Jaime",448802,2017,30,27,157,673,19.2,9.5,0.258,0.425,0.324,0.325,5.8,6.9,36.8,25.7,46.4,55.5,17.5,23,4,L,2422,27.8,90.8,2390,3.9,-18.5,15.7,1.3,13.6,82.3,2789,-10.8,-44.2,11.9,1.9,18.7,83.2,2001,14,-33.2,15.9,1.6,6.9,74.3,2799,-10.1,-60.9,14.4,2.3,28.3,90.8,2236,12.7,-25.3,15.5,1.3,4.7,90.3,2426,-2.7,-20.4,13.8,1.5,,,,,,,,,,,,,,,,,,,,,,,,,,,,,,,,,,,,,,,,,,
"Lester, Jon",452657,2017,33,32,180.2,763,23.6,7.9,0.241,0.392,0.32,0.304,5.6,4.2,29.5,25,45.4,47.8,20.6,26.8,4.8,L,3123,38.1,91.4,2206,7.6,-16.1,18.4,1.2,,,,,,,,8.5,84.6,1743,13,-30.9,15.3,1.3,13.1,75.6,2512,-10.8,-53.2,11.8,2.1,11.9,90.3,2015,14,-25.4,16.4,1.4,28.4,87.8,2333,-3,-24.9,11.6,1.7,,,,,,,,,,,,,,,,,,,,,,,,,,,,,,,,,,,,,,,,,,
"Cahill, Trevor",502239,2017,29,21,84,381,22.8,11.8,0.236,0.394,0.364,0.32,4.9,6.5,29,26.6,42.9,56.9,18.3,21.1,3.7,R,1521,2.2,91.8,2255,-5.8,-16.9,17.2,1.6,,,,,,,,21.2,83.8,1467,-14.3,-37.5,14.9,1.6,21.9,79.4,2927,8.8,-56.1,15.1,1.6,44.3,90.9,2192,-16.3,-26.4,18.6,1.7,10.4,85.1,2066,-2.5,-36.2,5.8,1.5,,,,,,,,,,,,,,,,,,,,,,,,,,,,,,,,,,,,,,,,,,
"Espino, Paolo",502179,2017,30,12,24,109,18.3,9.2,0.271,0.57,0.365,0.391,1.3,5.3,30.3,19.6,42,40.8,26.3,21.1,11.8,R,433,36.5,88.7,2107,-9.2,-16.1,21.2,1.4,13.2,81.5,2250,5.9,-35.4,8.9,1.7,7.9,82.7,1401,-13,-35.2,14.8,1.4,22.9,72.1,2861,14.8,-68,21,1.5,19.6,88.4,1970,-16.8,-24.6,20.1,1.4,,,,,,,,,,,,,,,,,,,,,,,,,,,,,,,,,,,,,,,,,,,,,,,,,
"Motte, Jason",435400,2017,35,46,40.2,166,16.3,12,0.248,0.443,0.299,0.341,3.4,5.2,26.7,18.9,46.3,45.7,26.7,21.6,6,R,643,19.6,93.7,2295,-9.8,-12.5,21.9,1.3,,,,,,,,1.1,87.6,2245,-18.2,-29.2,20.9,1.6,,,,,,,,26.3,93.1,2281,-15.1,-17.6,21.2,1.4,53,87.3,2095,1.2,-30.6,6.9,2,,,,,,,,,,,,,,,,,,,,,,,,,,,,,,,,,,,,,,,,,,
"Newcomb, Sean",656794,2017,24,19,100,456,23.7,12.5,0.252,0.404,0.335,0.331,6.7,4.2,35,27,46.9,46,21.1,28.1,4.9,L,1829,63.2,93.8,2198,7.9,-14,20.1,1.7,4.4,80.7,2704,-15.2,-47.1,15.8,1.7,10.8,86,1641,13.2,-27,17.5,1.7,21.6,78.3,2784,-10.4,-60.3,17.3,1.8,,,,,,,,,,,,,,,,,,,,,,,,,,,,,,,,,,,,,,,,,,,,,,,,,,,,,,,,
"Storen, Drew",519322,2017,29,58,54.2,246,19.5,9.3,0.255,0.37,0.337,0.317,2.4,7.9,29.7,19.3,47.3,49.1,25.5,22.4,3,R,909,15.7,90.5,2377,-7.2,-16.4,19.2,1.2,37.5,80.1,2582,13.1,-43.3,13.9,1,17.7,83.9,1895,-12.9,-35.8,14.1,1.4,1.3,79.9,2419,8.6,-45.7,13.8,1.6,27.7,89.9,2100,-17,-25.8,19.6,1.3,,,,,,,,,,,,,,,,,,,,,,,,,,,,,,,,,,,,,,,,,,,,,,,,,
"Smith, Caleb",592761,2017,25,9,18.2,86,20.9,11.6,0.284,0.514,0.359,0.371,6.9,3.4,37.9,29.5,48.7,27.6,31,36.2,5.2,L,340,48.2,93.8,2366,11.8,-10.5,25,1.3,21.8,82.1,2262,-2,-39,5.4,1.3,27.9,84.2,1686,14.6,-25.5,20.5,1.2,,,,,,,,2.1,93.7,2296,15.1,-18.9,20.3,1.5,,,,,,,,,,,,,,,,,,,,,,,,,,,,,,,,,,,,,,,,,,,,,,,,,
"Despaigne, Odrisamer",628333,2017,30,18,58.1,254,12.2,9.4,0.274,0.424,0.303,0.337,6.1,8.2,28.1,16.8,47.9,38.3,22.4,33.2,6.1,R,965,34,92.4,2106,-6.6,-17.5,17,1.6,,,,,,,,12.4,80,1511,-8.1,-29.9,16,1.6,3.2,75.3,2781,11.1,-62.2,16.6,2,19.4,92.5,2106,-14.8,-23.1,17.9,1.5,31,85.6,2602,3.1,-34.4,6.8,1.8,,,,,,,,,,,,,,,,,,,,,,,,,,,,,,,,,,,,,,,,,,
"Volstad, Chris",458690,2017,30,6,19.1,76,13.2,6.6,0.264,0.485,0.307,0.348,5,8.3,33.3,9.6,42.4,63.3,21.7,15,0,R,269,7.1,92.2,2179,-10.4,-18.2,18.5,1.4,5.6,87.3,2288,-4.4,-32,7.1,1.4,13.8,84.5,1859,-17.1,-30.5,19.6,1.3,19,81.9,2276,6.1,-49.6,10.6,1.4,54.6,92.2,2175,-17.6,-24,20.1,1.2,,,,,,,,,,,,,,,,,,,,,,,,,,,,,,,,,,,,,,,,,,,,,,,,,
"Bonilla, Lisalverto",570810,2017,27,10,36.2,172,16.3,12.8,0.264,0.468,0.393,0.359,5.8,6.7,32.5,25.9,47.4,48.3,25,21.7,5,R,649,35.6,92.3,2081,-8.7,-14.6,20,1.3,,,,,,,,27.1,84.4,1553,-8.6,-26,15.9,1.5,23.3,79.6,2052,2.3,-48.2,5.8,1.6,14,91.6,2029,-14,-20,19,1.6,,,,,,,,,,,,,,,,,,,,,,,,,,,,,,,,,,,,,,,,,,,,,,,,,
"Suárez, Albert",544150,2017,27,18,31.2,135,25.2,8.1,0.241,0.383,0.294,0.296,7.9,3.4,34.1,28,44.2,47.2,24.7,23.6,4.5,R,549,36.2,93.5,2279,-7.2,-15.4,18,1.3,16.6,82.5,2157,6.3,-37.2,8.1,1.3,8.6,85.1,2256,-13.9,-25.6,19.1,1.2,25.7,75.9,2390,15.2,-56.9,17.7,1.3,12.9,93.5,2276,-16.5,-19.5,20.6,1.3,,,,,,,,,,,,,,,,,,,,,,,,,,,,,,,,,,,,,,,,,,,,,,,,,
"Shreve, Chasen",592741,2017,26,44,45.1,198,29.3,12.6,0.194,0.357,0.301,0.281,7,5.2,40,33.5,45.9,37.4,27,22.6,13,L,851,49.1,92.6,2533,10.3,-12,23.1,1.2,8.5,84.3,2437,-1.6,-33.1,7.1,1.4,,,,,,,,,,,,,,,,,,,,,,,,,,,,,42.4,83.3,1300,12.1,-34,14.3,1.5,,,,,,,,,,,,,,,,,,,,,,,,,,,,,,,,,,,
"Sims, Lucas",608371,2017,23,14,57.2,255,17.3,9,0.263,0.437,0.366,0.335,7.6,5.4,29.9,20.2,44.8,40.2,27.2,23.9,8.7,R,985,25,91.2,2367,-5.3,-18,17.5,1.4,27.1,86.4,2450,4.8,-32.4,8.6,1.6,13,83.5,1762,-16.7,-36.9,17.6,1.5,13.1,76.7,2830,15.1,-55.8,16.8,2.2,21.8,92.3,2261,-16,-22.5,19.7,1.6,,,,,,,,,,,,,,,,,,,,,,,,,,,,,,,,,,,,,,,,,,,,,,,,,
"Cotton, Jharel",605194,2017,25,24,129,564,18.6,9.4,0.24,0.428,0.352,0.321,6.2,5.7,30.9,21.9,47.5,38.3,27.9,20.6,13.2,R,2161,33.8,93.2,2215,-9.9,-13.3,22.6,1.5,22.5,88.5,2199,0.2,-26,11.1,1.4,21.6,77.9,2322,-13.5,-38.6,16.5,2,8.6,77.2,2413,3.2,-56.6,8.5,2,13.4,92.7,2155,-15.8,-18.5,22.1,1.7,,,,,,,,,,,,,,,,,,,,,,,,,,,,,,,,,,,,,,,,,,,,,,,,,
"Osuna, Roberto",532077,2017,22,66,64,249,33.3,3.6,0.203,0.298,0.223,0.237,4.5,3.2,33.3,33.5,52.5,46.8,17.5,26,9.7,R,931,29.4,94.8,2426,-5.7,-11.7,20.3,1.2,24.7,86.3,2443,4.6,-33.6,7.1,2.4,4.2,83.5,1923,-14.2,-24.9,21.1,1.8,,,,,,,,15.4,94.4,2398,-13.5,-15,21.3,1.4,26.3,90.9,2439,2.7,-22.3,12.1,1.5,,,,,,,,,,,,,,,,,,,,,,,,,,,,,,,,,,,,,,,,,,
"Mahle, Tyler",641816,2017,22,4,20,92,15.2,12,0.248,0.336,0.313,0.322,3.2,1.6,22.2,17.4,42,55.6,27,15.9,1.6,R,368,64.4,92.9,2117,-13.7,-14.9,22.1,1.9,25.3,83.9,2497,3.6,-38.7,5.5,1.9,8.4,84.1,1692,-12,-24,19.4,1.8,1.9,75.6,2320,5.1,-57.7,10.7,1.5,,,,,,,,,,,,,,,,,,,,,,,,,,,,,,,,,,,,,,,,,,,,,,,,,,,,,,,,
"Cashner, Andrew",488768,2017,30,28,166.2,704,12.2,9.1,0.275,0.402,0.304,0.33,4.4,6.1,32.3,14.9,44.7,48.8,18.9,25.1,7.2,R,2631,12.8,93.8,2193,-9.7,-14.2,20.4,2,11.3,88.1,2050,-0.9,-29.4,7.6,1.9,13.5,84.9,1495,-14.6,-30.4,17.1,1.4,8.3,81.7,2217,5,-48.9,8.8,1.9,54,93.1,2083,-15.2,-19.7,20.1,2.3,,,,,,,,,,,,,,,,,,,,,,,,,,,,,,,,,,,,,,,,,,,,,,,,,
"Givens, Mychal",571710,2017,27,69,78.2,315,27.9,7.9,0.218,0.374,0.27,0.29,5.6,6.1,32.3,27.1,48.1,42.6,20.8,26.4,10.2,R,1304,70.3,95.4,2366,-9.6,-17.8,16.4,1.8,18.5,87.3,2440,4.8,-33,7.5,2.3,9.2,85.6,2046,-12.6,-40,13.5,1.7,,,,,,,,0.2,95.9,2378,-10.7,-28.7,10.8,1.5,1.8,94.6,2274,3.9,-14.7,16.8,1.4,,,,,,,,,,,,,,,,,,,,,,,,,,,,,,,,,,,,,,,,,,
"Hernández, Ariel",554374,2017,25,19,24.1,108,26.9,20.4,0.196,0.392,0.323,0.334,12.3,3.5,33.3,32,40.3,43.9,33.3,17.5,5.3,R,434,65.7,97.9,2194,-7.2,-14.4,17,1.2,,,,,,,,6.5,90.1,1840,-16.2,-29.7,17.3,1.6,26.7,87.2,2860,6.4,-40.3,7.9,1.4,1.2,97.9,2244,-13.9,-21.1,16.4,1.4,,,,,,,,,,,,,,,,,,,,,,,,,,,,,,,,,,,,,,,,,,,,,,,,,
"Davies, Zach",605200,2017,24,33,191.1,817,15.2,6.7,0.287,0.43,0.323,0.336,4.8,7.3,31.1,17.7,43.4,51.4,16.4,27.5,4.8,R,3073,,,,,,,,,,,,,,,14,79.4,1795,-16.1,-34.5,19.1,1.3,15.5,73.4,2603,10.1,-65.2,16.2,1.3,57.8,89.7,2103,-16.9,-22.9,20.9,1.1,12.8,86.5,2278,0.6,-26.3,11.1,1.5,,,,,,,,,,,,,,,,,,,,,,,,,,,,,,,,,,,,,,,,,,
"Liriano, Francisco",434538,2017,33,38,97,439,19.4,12.1,0.258,0.409,0.354,0.339,5.4,3.4,34.5,24.4,41.2,45.5,20.9,26.3,7.4,L,1740,16.9,92.8,2052,10,-17.8,17.5,1.6,32.3,85.6,2266,-3.7,-32.9,7.4,2.3,16.9,85.4,1763,13.9,-28.9,16.6,1.6,0.5,76.4,2251,-8.6,-49.4,9.2,1.7,33.4,93,2039,13.8,-21,17.7,1.5,,,,,,,,,,,,,,,,,,,,,,,,,,,,,,,,,,,,,,,,,,,,,,,,,
"Martes, Francis",642564,2017,21,32,54.1,249,27.7,12.4,0.236,0.386,0.333,0.329,5.7,4.3,37.6,30.3,44.7,44,21.3,27,7.8,R,1027,55,95.6,2364,-3.7,-14.9,15.9,1.6,,,,,,,,8,89.7,2041,-6.3,-28.8,9.1,1.6,36.9,85,2607,9.5,-40.6,10.5,1.7,0.1,92.8,2223,-11.1,-25.5,12.6,,,,,,,,,,,,,,,,,,,,,,,,,,,,,,,,,,,,,,,,,,,,,,,,,,
"Giles, Ken",571704,2017,26,63,62.2,247,33.6,8.5,0.19,0.287,0.251,0.248,4.2,3.5,34,33.9,50.8,45.1,21.1,21.8,12,R,948,52.7,98.2,2456,-9.5,-12.1,20.1,1.3,47.2,87,2410,-0.9,-38.8,3.4,1.6,0.1,85.6,2476,-11,-40.4,11,,,,,,,,,,,,,,,,,,,,,,,,,,,,,,,,,,,,,,,,,,,,,,,,,,,,,,,,,,,,,,,,
"Rogers, Taylor",573124,2017,26,69,55.2,237,20.7,8.9,0.278,0.452,0.297,0.341,3.7,3.7,35.4,20.8,44.1,46.3,17.7,30.5,5.5,L,868,3.8,93.4,2088,8.7,-13.9,20.1,1.2,,,,,,,,3.9,88.4,1813,16.4,-29.2,17.8,1.4,34.1,78.8,2824,-15.3,-44.3,15.8,1.3,58.2,93.3,2060,15.9,-19.8,20.4,1.2,,,,,,,,,,,,,,,,,,,,,,,,,,,,,,,,,,,,,,,,,,,,,,,,,
"Samardzija, Jeff",502188,2017,32,32,207.2,847,24.2,3.8,0.247,0.425,0.309,0.301,6,4.6,33.8,22.4,49.1,43,24,26.2,6.8,R,3262,18.7,94.3,2479,-8.5,-14.9,18.7,1.5,18.8,87.8,2402,-0.9,-26.6,10.5,1.8,,,,,,,,14.6,80.7,2379,4.7,-48.6,9.2,2,30.9,94.3,2454,-16.3,-20,20.2,1.6,8.7,91.6,2536,-2.3,-19.6,14.3,1.5,8.3,86.7,1690,-11,-27.1,15.6,2.3,,,,,,,,,,,,,,,,,,,,,,,,,,,,,,,,,,,
"Darvish, Yu",506433,2017,30,31,186.2,766,27.3,7.6,0.233,0.378,0.296,0.295,5.7,6.3,31.4,27.9,47,42.6,23.9,25.6,7.9,R,3039,35.3,94.3,2506,-4.3,-13.6,18.2,1.8,0.1,84.1,2590,-2.6,-45,6.2,1.5,2.6,88.5,1585,-10.2,-26.6,13.9,1.9,5.9,73.4,2510,10.7,-67.4,18.8,2.7,16.7,93.4,2357,-13.4,-21,18,3.9,14.8,88.7,2655,5.4,-30.9,8.1,1.8,,,,,,,,,,,,,,,24.5,82.5,2664,16.4,-43.7,17.2,2,,,,,,,,,,,,,,,,,,,,,
"Ramos, Edubray",591693,2017,24,59,57.2,256,29.3,10.9,0.25,0.381,0.304,0.313,5.2,5.2,35.3,27.3,44.4,39.2,22.2,30.1,8.5,R,1003,42.4,94.3,2555,-5,-14,18,1.5,50.2,83.2,2632,10.7,-42.3,11.7,1.8,0.3,82.5,1839,-9.2,-27.1,16.4,1.5,7.1,78.7,2481,9.8,-47,10.7,1.4,,,,,,,,,,,,,,,,,,,,,,,,,,,,,,,,,,,,,,,,,,,,,,,,,,,,,,,,
"Norris, Daniel",596057,2017,24,22,101.2,459,18.7,9.6,0.272,0.48,0.357,0.353,8.3,1.5,38,22.7,43.8,39.6,24.8,27.9,7.7,L,1825,53.4,93.1,2411,7.1,-14.8,19,1.5,23.1,87.3,2456,-4.5,-33.1,7.4,1.7,12.4,86.1,1551,12.7,-36.2,13.5,1.9,9.8,77.4,2475,-6.5,-62.3,16.2,1.2,1.4,92.9,2379,12.4,-19.1,18.4,1.3,,,,,,,,,,,,,,,,,,,,,,,,,,,,,,,,,,,,,,,,,,,,,,,,,
"Wilhelmsen, Tom",452666,2017,33,27,26.1,113,15,10.6,0.301,0.576,0.328,0.403,2.4,6,33.7,17.3,43.3,49.4,28.9,19.3,2.4,R,452,34.7,95.1,2317,-3.9,-18.4,13.4,1.2,21.9,86.2,2282,3.8,-36.6,6.1,1.6,3.3,88.6,1787,-11,-27.1,14.8,1.4,17.7,78.1,2278,4.9,-55.2,10.9,1.2,22.3,95.1,2138,-13.1,-21.3,16.6,1.2,,,,,,,,,,,,,,,,,,,,,,,,,,,,,,,,,,,,,,,,,,,,,,,,,
"Anderson, Brett",474463,2017,29,13,55.1,251,15.1,8.4,0.317,0.503,0.37,0.375,9.4,5.7,44.3,20.4,45.8,50.5,13.5,33.3,2.6,L,838,18.7,91.1,1983,7.1,-15.6,19.5,1.7,21.7,82.3,2321,-3.6,-46.9,7.5,1.5,13.5,83.6,1587,14.8,-28.5,19.1,1.5,11.8,75.3,2305,-5.9,-63.1,14.2,1.6,34.2,90.3,1823,15.1,-21.7,19.8,1.4,,,,,,,,,,,,,,,,,,,,,,,,,,,,,,,,,,,,,,,,,,,,,,,,,
"Roark, Tanner",543699,2017,30,32,181.1,776,21.4,8.2,0.256,0.403,0.313,0.314,3.9,4.3,33.1,23.3,46.1,48.9,20.4,26.7,4.1,R,3211,20.1,92.5,2088,-5.5,-13.4,20,1.5,16.5,85.9,2321,3.6,-29.5,9.6,1.9,12.2,83.7,1757,-12.5,-28.1,17.5,1.4,15,75.8,2720,13.8,-61.4,18.6,1.5,36.3,92.2,2041,-12.7,-17.5,20.1,1.5,,,,,,,,,,,,,,,,,,,,,,,,,,,,,,,,,,,,,,,,,,,,,,,,,
"Barnes, Matt",598264,2017,27,70,69.2,287,28.9,9.8,0.21,0.322,0.287,0.276,4.6,5.1,29.1,30.2,43.8,49.1,16.6,27.4,6.9,R,1201,55,95.2,2252,-7.2,-11.1,20.3,1.1,13.6,88,2017,3.2,-26.8,9.2,1.4,,,,,,,,31.4,80.9,2127,2.3,-55.2,13.3,1.7,,,,,,,,,,,,,,,,,,,,,,,,,,,,,,,,,,,,,,,,,,,,,,,,,,,,,,,,
"Boyer, Blaine",430641,2017,35,32,41.1,178,18.5,7.9,0.277,0.429,0.343,0.329,2.3,3.1,31.5,21.7,50.8,36.9,25.4,28.5,9.2,R,691,37.3,94.2,2361,-8.8,-15.4,18.5,1.3,36.8,86.4,2432,1.7,-31,7.6,2.6,,,,,,,,7.7,73.4,2400,6.6,-62.7,11.8,1.9,18.2,94.1,2339,-14.1,-19.2,18.9,1.3,,,,,,,,,,,,,,,,,,,,,,,,,,,,,,,,,,,,,,,,,,,,,,,,,
"Váldez, José A.",572308,2017,27,14,18,80,21.3,6.3,0.311,0.613,0.436,0.416,17.9,1.8,51.8,26.1,46.9,30.4,23.2,37.5,8.9,R,292,20.5,96.1,2494,-5.8,-10.5,20.7,1.4,44.5,86.6,2650,0.2,-34.4,6.2,1.6,1.7,87.3,1736,-17.1,-24.3,21.4,1.5,,,,,,,,33.2,95.7,2500,-14.7,-16,21,1.3,,,,,,,,,,,,,,,,,,,,,,,,,,,,,,,,,,,,,,,,,,,,,,,,,
"Hatcher, Chris",501822,2017,32,49,59.2,257,24.5,8.2,0.231,0.388,0.312,0.293,10.4,3.5,34.9,28.9,48.7,34.1,27.2,30.1,8.7,R,1008,49.3,94.7,2404,-5.4,-9.8,22.5,1,24.6,86.7,2371,6.2,-30.8,9.9,2.8,,,,,,,,2.5,81.9,2362,4.1,-40.5,5.8,1.5,0.1,94.4,2232,-10.4,-16.6,18.2,,2.8,93.8,2406,2.6,-12.8,19.4,1.5,20.7,87,1639,-10.7,-25.9,16.3,1.2,,,,,,,,,,,,,,,,,,,,,,,,,,,,,,,,,,,
"Wilson, Alex",543935,2017,30,66,60,260,16.2,5.8,0.27,0.455,0.32,0.329,5,6,38.7,18.7,51.6,42.5,20.5,27.5,9.5,R,943,29.6,93,2266,-4.7,-13.5,19,1,34.5,88.1,2516,4.1,-26.3,10.4,1.2,0.3,88.4,1990,-17.4,-27,19.5,1.5,6.6,81.9,2485,3.6,-46.8,7.6,1.3,29.1,92.6,2153,-12.3,-17.5,19,1,,,,,,,,,,,,,,,,,,,,,,,,,,,,,,,,,,,,,,,,,,,,,,,,,
"O'Flaherty, Eric",447714,2017,32,22,18.1,83,18.1,10.8,0.272,0.478,0.378,0.354,10.2,8.5,39.3,28.7,45.2,50.8,16.9,27.1,5.1,L,296,15.2,90.5,2067,5.8,-21.5,14.8,1.4,35.5,84.5,2559,-5.3,-37.3,7.6,1.8,,,,,,,,,,,,,,,49.3,90.4,2025,14.6,-26,17.4,1.3,,,,,,,,,,,,,,,,,,,,,,,,,,,,,,,,,,,,,,,,,,,,,,,,,
"Holder, Jonathan",656547,2017,24,37,39.1,171,23.4,4.7,0.257,0.424,0.328,0.312,7.5,0.8,32.5,26.4,50.2,42.5,20,25,12.5,R,655,37.6,92.4,2339,-2.5,-15.4,17.1,1.1,32.7,87.1,2432,4.1,-30.6,7.7,1.5,1.4,85.7,1792,-15.9,-27.9,18.5,1.4,28.2,75.8,2879,10,-63.3,17.4,1.2,0.2,91.7,2148,-13.1,-19.9,18.7,,,,,,,,,,,,,,,,,,,,,,,,,,,,,,,,,,,,,,,,,,,,,,,,,,
"Sabathia, CC",282332,2017,36,27,148.2,623,19.3,8,0.258,0.397,0.309,0.315,4.7,8.7,28.9,21,46.2,51.1,15.4,27,6.5,L,2336,0.3,89.2,2105,5.9,-22.5,12.9,1.5,31.1,79.6,2237,-13.9,-41,14.8,1.7,15.6,83.8,1843,9.9,-28,14.6,1.5,,,,,,,,22.9,90.7,2004,13.6,-21.3,18.2,1.9,30.2,89.9,2155,0.7,-19.8,13.9,1.8,,,,,,,,,,,,,,,,,,,,,,,,,,,,,,,,,,,,,,,,,,
"Nuño, Vidal",573064,2017,29,12,14.2,77,16.9,13,0.278,0.54,0.484,0.378,5.6,3.7,31.5,18.7,45.6,42.6,27.8,24.1,5.6,L,305,27.9,89.5,2329,3.8,-14.4,21.1,1.4,52.5,83.7,2468,-6.6,-32.3,11.6,1.7,6.6,82.7,1626,12.3,-27,18.8,1.5,7.5,77.6,2691,-11.4,-49.8,13.6,1.9,5.6,88.2,2083,15.6,-21.6,21.7,1.5,,,,,,,,,,,,,,,,,,,,,,,,,,,,,,,,,,,,,,,,,,,,,,,,,
"Cingrani, Tony",571561,2017,27,47,42.2,176,29.5,6.8,0.196,0.346,0.333,0.263,4.5,3.6,28.8,30.7,48.8,42.3,27.9,20.7,9,L,726,80.9,94.3,2246,6.6,-13.7,18.1,1.3,12.9,83.7,2136,-4.9,-31.4,10.8,1.4,6.2,88.5,1163,7.6,-26.4,12.2,1.5,,,,,,,,,,,,,,,,,,,,,,,,,,,,,,,,,,,,,,,,,,,,,,,,,,,,,,,,,,,,,,,
"Parker, Blake",453284,2017,32,71,67.1,254,33.9,6.3,0.199,0.355,0.228,0.263,5.3,4,33.8,31.8,47.4,47.7,25.8,21.2,5.3,R,1053,59.3,93.5,2214,-5,-13.8,18,1.1,,,,,,,,,,,,,,,8.3,79.4,2237,5.6,-54,12.2,1.6,0.7,93.3,2108,-11.8,-17.6,17.6,1.4,,,,,,,,31.8,82.3,1034,-8.5,-39.3,9.4,1.5,,,,,,,,,,,,,,,,,,,,,,,,,,,,,,,,,,,
"Bundy, Dylan",605164,2017,24,28,169.2,698,21.8,7.3,0.242,0.44,0.308,0.321,6.1,3.7,36.5,25.3,49.1,33.2,30.3,25.8,10.7,R,2815,44,92.2,2485,-7.3,-12.5,22.1,1.7,22.5,83,2488,4.1,-38.3,6.5,1.7,13.5,83.6,1754,-13.8,-28,19.1,1.6,10.3,74.5,2241,7.9,-62,13.8,2,9.7,91.8,2395,-14.7,-16.8,22.2,1.5,,,,,,,,,,,,,,,,,,,,,,,,,,,,,,,,,,,,,,,,,,,,,,,,,
"Stewart, Brock",592779,2017,25,17,34.1,147,19.7,12.9,0.199,0.291,0.297,0.273,3.1,9.2,22.4,24.1,48.9,42.9,25.5,22.4,9.2,R,585,31.5,93.7,2485,-9.3,-11.7,22.2,1,11.6,86.3,2281,2.5,-30,8.9,1.6,26.5,82.9,1833,-14.6,-29.2,19.2,1.3,,,,,,,,30.4,93,2444,-16.7,-18,22,1.2,,,,,,,,,,,,,,,,,,,,,,,,,,,,,,,,,,,,,,,,,,,,,,,,,
"Hill, Rich",448179,2017,37,25,135.2,552,30.1,8.9,0.196,0.348,0.28,0.278,4.3,5.2,29.1,28.1,45.5,39.3,29.6,21.3,9.8,L,2222,52.6,89.2,2470,12.2,-14,24.3,1.2,0,75,2834,-15,-60.3,18.1,,0.6,83.9,1744,13.9,-28.8,18.6,1.5,39.1,74.1,2801,-16,-61.6,19,1.5,1.9,87.9,2442,20,-24.1,23.4,1.6,3,85.6,2458,3,-22,16.5,1.7,,,,,,,,,,,,,,,2.7,73.5,2728,-18.1,-49,19,2.4,,,,,,,,,,,,,,,,,,,,,
"Loup, Aaron",571901,2017,29,70,57.2,265,24.2,10.9,0.215,0.307,0.316,0.28,3,7.2,27.1,23,45.3,56,19.3,22.3,2.4,L,1007,0.7,92.8,2152,15.4,-17,22.2,1.6,,,,,,,,14.2,79.7,1976,17,-44.1,17.2,1.4,10.2,77.2,2619,-18.2,-50.2,18.9,1.2,64.6,92,2155,18.5,-28.1,19.5,1.4,10.2,85.3,2466,0.1,-34,5.3,1.6,,,,,,,,,,,,,,,,,,,,,,,,,,,,,,,,,,,,,,,,,,
"Gonzalez, Gio",461829,2017,31,32,201,827,22.7,9.6,0.226,0.364,0.281,0.295,4.5,5.2,27.9,22.1,42.3,47.7,20.8,22.6,8.9,L,3357,36.1,90,2247,9.9,-16.7,20.2,1.3,,,,,,,,18.7,83,1676,13.1,-29.9,16.9,1.3,24.7,74.8,2708,-13.1,-63.4,18.4,1.7,20.5,89.3,2139,16.5,-23.5,20.1,1.4,,,,,,,,,,,,,,,,,,,,,,,,,,,,,,,,,,,,,,,,,,,,,,,,,
"Alvarado, José",621237,2017,22,35,29.2,123,23.6,7.3,0.199,0.325,0.248,0.254,8.2,8.2,30.6,25.2,45.4,55.3,17.6,22.4,4.7,L,462,39.4,98.1,2106,3.1,-13.2,15.4,1.3,,,,,,,,,,,,,,,20.3,85.2,2571,-6.1,-45,9.7,1.9,36.4,98.4,2079,8.7,-14.7,16.2,1.2,3.9,90,2368,-5.3,-29,8.1,1.5,,,,,,,,,,,,,,,,,,,,,,,,,,,,,,,,,,,,,,,,,,
"Okert, Steven",595345,2017,25,44,27,118,18.6,9.3,0.256,0.46,0.318,0.342,4.9,2.4,32.1,22,50.3,34.1,29.3,31.7,4.9,L,459,34,91.7,2378,10.2,-15.8,20.3,1.5,20.3,82.1,2524,-5.2,-34.6,10.1,1.6,4.4,85.2,1967,17.1,-26.2,21.3,1.5,1.7,75.2,2478,-4.8,-43.5,8.7,1.5,20.3,91.7,2389,17.8,-19.9,22.2,1.4,19.4,88.1,2485,1.5,-23.7,13,1.5,,,,,,,,,,,,,,,,,,,,,,,,,,,,,,,,,,,,,,,,,,
"Arroyo, Bronson",276520,2017,40,14,71,322,14,5.9,0.29,0.54,0.417,0.368,4.7,2.3,29.8,17.3,48.7,32,30.5,28.9,8.6,R,1147,23.5,84.4,2017,-13.6,-26.4,19,1.5,20.7,72.9,2302,6.9,-39.6,16.8,2.7,9.7,75.7,1489,-11.3,-41,15.3,2.3,28.1,71.8,2341,13.7,-48.4,16.2,2.9,10.5,83.4,1979,-15.4,-35.3,16.5,1.8,7.5,84.4,2104,-6.3,-22,18.6,1.3,,,,,,,,,,,,,,,,,,,,,,,,,,,,,,,,,,,,,,,,,,
"Báez, Pedro",520980,2017,29,66,64,280,22.9,10.4,0.235,0.388,0.311,0.308,5.4,3.2,29.7,31.5,54,35.1,23.8,29.7,11.4,R,1174,54.1,97.2,2278,-5.6,-8.8,21.6,1.3,16.3,88.2,1759,3.5,-26.9,10.1,1.8,11.2,87.8,1748,-11,-21.3,18.7,1.3,,,,,,,,18.5,96.8,2226,-12.5,-13.5,20.5,1.4,,,,,,,,,,,,,,,,,,,,,,,,,,,,,,,,,,,,,,,,,,,,,,,,,
"Soria, Joakim",465657,2017,33,59,56,232,27.6,8.6,0.216,0.319,0.263,0.271,5.4,3.4,27.2,30,45.9,58.5,16.3,22.4,2.7,R,992,50.9,92.8,2245,-7.7,-15.4,18.4,1.4,6.9,81,2643,7.8,-44.4,10,2,30.4,88,1413,-12.3,-30.6,13.6,1.4,11.8,70.5,2644,9.4,-72.9,19.7,1.8,,,,,,,,,,,,,,,,,,,,,,,,,,,,,,,,,,,,,,,,,,,,,,,,,,,,,,,,
"Hellickson, Jeremy",476451,2017,30,30,164,695,13.8,6.8,0.277,0.489,0.338,0.351,7.7,3.9,34.7,18.1,48,36.4,25.6,28.3,9.7,R,2605,22.3,90.1,2096,-11.1,-17.3,20.9,1,,,,,,,,30.3,81.3,1830,-10.3,-30.8,16,1.6,12.6,76.7,2924,10.3,-61.6,16.4,1.9,22.4,90.2,2086,-15.8,-22.2,20.3,1.1,12.4,86.9,2331,-1.9,-21.3,16.7,1.5,,,,,,,,,,,,,,,,,,,,,,,,,,,,,,,,,,,,,,,,,,
"Montero, Rafael",606160,2017,26,34,119,550,20.7,12.2,0.25,0.374,0.359,0.32,4.9,6.9,25.3,23.9,45.6,49.7,20.6,23.1,6.6,R,2214,36.8,93.9,2305,-8.4,-14.9,18.9,1.3,24.9,83.8,2357,4.7,-39.2,6.3,1.9,18.9,88,2064,-16.8,-26.6,19.6,1.4,,,,,,,,19.4,93.1,2221,-16.2,-21.4,19.5,1.4,,,,,,,,,,,,,,,,,,,,,,,,,,,,,,,,,,,,,,,,,,,,,,,,,
"Pomeranz, Drew",519141,2017,28,32,173.2,739,23.5,9.2,0.247,0.408,0.31,0.317,5.9,4.7,35.7,24,44.6,45.2,19.7,26,9.1,L,3042,53.1,91.4,2359,6,-15.1,20.4,1.8,,,,,,,,1.4,81.1,1697,12.5,-30.7,18.3,1.8,36.9,79.4,2204,-7.2,-62.3,17.4,1.7,2.9,89.2,2263,12.6,-19.9,20.6,1.7,5.7,86.6,2340,-3.8,-28.9,10.4,1.5,,,,,,,,,,,,,,,,,,,,,,,,,,,,,,,,,,,,,,,,,,
"Shaw, Bryan",543766,2017,29,79,76.2,312,23.4,7.1,0.222,0.301,0.281,0.255,4.1,6.9,28.7,25.6,50.8,57.1,9.7,26.3,6.9,R,1205,1.2,95.2,2428,-5.1,-24,8.5,1.5,11.9,82.5,2706,11.7,-49.2,14.5,1.6,,,,,,,,,,,,,,,,,,,,,,86.9,94.3,2431,3.4,-21.3,11.3,1.5,,,,,,,,,,,,,,,,,,,,,,,,,,,,,,,,,,,,,,,,,,
"Familia, Jeurys",544727,2017,27,26,24.2,111,22.5,13.5,0.244,0.319,0.279,0.295,1.4,12.9,28.6,24.1,46.5,61.4,10,22.9,5.7,R,411,21.7,96.5,2201,-13.1,-16.1,19.4,1.4,15.6,86.5,2225,-0.6,-35,4.5,1.7,,,,,,,,,,,,,,,57.2,95.8,2157,-19.8,-24.4,20.9,1.3,,,,,,,,5.6,92.5,1982,-18.3,-26.2,20.1,1.3,,,,,,,,,,,,,,,,,,,,,,,,,,,,,,,,,,,
"López, Reynaldo",625643,2017,23,8,47.2,207,14.5,6.8,0.258,0.434,0.315,0.319,6.8,3.7,27.3,18.5,49.9,29.6,24.7,31.5,14.2,R,765,57.9,94.7,2114,-12.9,-15.6,20.1,2.1,1.7,86.9,2023,-2.5,-24.7,12.5,1.8,26,83.8,1516,-14.9,-28.4,18.6,2.7,13.1,78.1,2215,1.3,-48.1,3.8,2.3,1.3,94.1,2076,-19.1,-22.4,21,1.6,,,,,,,,,,,,,,,,,,,,,,,,,,,,,,,,,,,,,,,,,,,,,,,,,
"Overton, Dillon",592614,2017,25,10,23,103,10.7,3.9,0.359,0.681,0.371,0.437,4.6,1.1,40.2,18.8,52.7,41.4,32.2,24.1,2.3,L,374,45.5,89.2,2287,5.5,-17.2,19.1,1.2,8.3,89.5,2280,6.3,-15.1,20.6,1.3,34,81.1,1735,10.8,-29.6,17,2.2,11.8,73.6,2400,-9.3,-55.6,10.2,1.5,0.5,90,2263,11.3,-23.2,16.1,1.5,,,,,,,,,,,,,,,,,,,,,,,,,,,,,,,,,,,,,,,,,,,,,,,,,
"Watson, Tony",453265,2017,32,71,66.2,291,18.2,6.9,0.235,0.343,0.321,0.276,2.3,6.1,22.6,25.6,55.2,50.7,16.4,24.9,8,L,999,,,,,,,,15.4,84.9,2319,-4.2,-35,7.2,1.4,19.2,86.3,2292,17.6,-27.2,20.8,1.8,,,,,,,,65.4,93.5,2255,15.2,-22.3,18.5,1.4,,,,,,,,,,,,,,,,,,,,,,,,,,,,,,,,,,,,,,,,,,,,,,,,,
"Wojciechowski, Asher",592879,2017,28,25,62.1,278,23,6.8,0.24,0.447,0.374,0.321,6.8,3.2,32.8,22.8,49.5,31.6,26.3,24.2,17.9,R,1103,61.8,92.5,2065,-7.9,-12.6,21.1,1.1,27.2,81.1,2213,13.6,-40.1,14.3,1.1,11,84.9,1736,-12.5,-23.9,18.9,1.3,,,,,,,,,,,,,,,,,,,,,,,,,,,,,,,,,,,,,,,,,,,,,,,,,,,,,,,,,,,,,,,
"Cecil, Brett",446399,2017,30,73,67.1,277,23.8,5.8,0.229,0.356,0.299,0.27,7.7,4.6,28.9,27.7,52.9,46.7,21,25.1,7.2,L,974,31,91.9,2040,7,-17.5,18,1.2,,,,,,,,13.1,83.1,1408,12.5,-32.6,16,1.7,29.1,83.4,2219,-1.3,-44,5.4,1.4,10,90.9,1925,15.6,-23.3,19.4,1.4,16.8,88.7,2129,0.9,-25.2,11.7,1.2,,,,,,,,,,,,,,,,,,,,,,,,,,,,,,,,,,,,,,,,,,
"Wheeler, Zack",554430,2017,27,17,86.1,386,21,10.4,0.259,0.439,0.355,0.337,3.1,6.9,35.9,21.8,46.5,48.1,22.5,25.6,3.8,R,1559,43.9,94.7,2320,-10.3,-13.5,19.4,1.4,,,,,,,,4.8,88.2,1790,-13.9,-22.2,18.9,1.7,13.4,78.8,2582,5.2,-53.2,11.1,1.7,17.6,94.3,2257,-16.1,-16.4,21.2,1.4,20.3,88,2444,0,-30.5,5.5,1.5,,,,,,,,,,,,,,,,,,,,,,,,,,,,,,,,,,,,,,,,,,
"Chatwood, Tyler",543022,2017,27,33,147.2,631,19,12.2,0.253,0.398,0.338,0.329,4.2,7,32.1,24,43.9,59.3,14.7,23.5,2.6,R,2454,34.5,94.8,2480,-1,-13.7,17.2,1.4,,,,,,,,4.2,88.1,1708,-6.2,-26.9,11.4,1.8,11,79.3,2989,7.9,-57.3,15.3,2.5,29,94.3,2398,-10.8,-16.9,18,1.3,21.3,89.1,2625,3.3,-29.2,8.1,1.7,,,,,,,,,,,,,,,,,,,,,,,,,,,,,,,,,,,,,,,,,,
"Wisler, Matt",605538,2017,24,20,32.1,153,14.4,8.5,0.285,0.552,0.402,0.381,11.2,6.9,40.9,21.2,47.4,32.8,31,28.4,7.8,R,556,14.7,92.8,2076,-7,-15.4,18.7,1.4,37.8,81.3,2596,9.3,-43.1,10.4,1.7,1.6,86.5,2143,-18.2,-26.9,21.3,1.4,4.5,75,2664,6.3,-62.2,13.5,1.6,41.4,92.5,2145,-14.3,-19.5,19.6,1.4,,,,,,,,,,,,,,,,,,,,,,,,,,,,,,,,,,,,,,,,,,,,,,,,,
"O'Day, Darren",503285,2017,34,64,60.1,240,31.7,10,0.192,0.346,0.267,0.276,2.9,5.1,32.8,25.6,46,48.2,24.1,17.5,10.2,R,1004,36.1,87.8,2336,-14.3,-26.6,17.1,1,46.3,80.2,2229,6.5,-39.2,8.6,1,,,,,,,,0.1,75.1,2062,-2.5,-44.9,5.4,,17.5,87,2185,-16.3,-39.6,17,1,,,,,,,,,,,,,,,,,,,,,,,,,,,,,,,,,,,,,,,,,,,,,,,,,
"Bedrosian, Cam",592135,2017,25,48,44.2,190,27.9,8.9,0.23,0.382,0.302,0.296,4.2,0.8,40,30.1,44.7,44.2,31.7,18.3,5.8,R,763,57.8,93.9,2326,-4,-12.5,19.1,1.2,42.2,84.3,2647,4.9,-44.9,8.6,1.7,,,,,,,,,,,,,,,,,,,,,,,,,,,,,,,,,,,,,,,,,,,,,,,,,,,,,,,,,,,,,,,,,,,,,,
"Smith, Chris",434672,2017,36,14,55.2,250,12.4,8.8,0.305,0.601,0.366,0.403,5.1,4.6,36.2,20.9,41.3,37.2,32.1,23.5,7.1,R,969,48.6,85.7,2044,-14.1,-22.2,21.6,1.3,,,,,,,,25.9,76.7,1631,-13.4,-38.2,16.8,4.3,25.3,76.7,1940,2.6,-46.6,5.6,1.3,0.2,85.2,2025,-16.5,-28.4,19.4,1.5,,,,,,,,,,,,,,,,,,,,,,,,,,,,,,,,,,,,,,,,,,,,,,,,,
"Anderson, Tyler",542881,2017,27,17,86,362,22.4,7.2,0.24,0.423,0.346,0.314,4.7,7.9,30.2,24.8,50.1,45.5,22.5,24.5,7.5,L,1391,45.1,92,2240,9.4,-13.2,22,1.6,,,,,,,,30.8,82.7,1818,11.8,-26.9,18.2,1.8,0.1,76.1,2316,-2.2,-55.5,7.2,1.5,1.5,91.9,2191,15.1,-16.9,22.1,1.7,22.4,87.5,2415,-1.2,-24.6,12.4,1.7,,,,,,,,,,,,,,,,,,,,,,,,,,,,,,,,,,,,,,,,,,
"Fried, Max",608331,2017,23,9,26,121,18.2,9.9,0.272,0.436,0.355,0.35,10.8,10.8,38.6,22.4,41.2,65.1,9.6,24.1,1.2,L,422,58.1,92.6,2009,6.4,-19.3,14.2,1.8,,,,,,,,9.7,83.9,1422,11.5,-32.5,13.2,1.8,27,74.3,2687,-10,-65.2,17.6,2.2,1.2,90.9,1838,11.9,-27.6,13.2,1.5,4,91.2,2005,-2.9,-19.7,13.2,1.5,,,,,,,,,,,,,,,,,,,,,,,,,,,,,,,,,,,,,,,,,,
"Salas, Fernando",477569,2017,32,61,58.2,263,21.3,8.4,0.256,0.43,0.326,0.32,4.9,2.2,33.3,26.6,52.6,49.2,23.8,21.1,5.9,R,1032,65.9,91.1,2220,-7.4,-13.9,21.3,1.4,,,,,,,,17.4,86.2,1783,-11.4,-24.2,17.7,1.3,16.4,83,2045,-0.5,-38.1,5,1.7,0.3,91.5,2249,-14.1,-16.2,21.8,1.5,,,,,,,,,,,,,,,,,,,,,,,,,,,,,,,,,,,,,,,,,,,,,,,,,
"Young, Chris",432934,2017,38,14,30,148,14.9,9.5,0.285,0.493,0.419,0.36,7.2,6.3,30.6,25.6,49.6,40.5,18,27,14.4,R,536,42.7,86.9,2349,-7,-15,23.1,1.4,56.5,82,2276,1.7,-29.9,12,1.4,0.7,82.8,2281,-9.7,-26,17.2,1.4,,,,,,,,,,,,,,,,,,,,,,,,,,,,,,,,,,,,,,,,,,,,,,,,,,,,,,,,,,,,,,,
"Kintzler, Brandon",445213,2017,32,72,71.1,288,13.5,5.6,0.252,0.388,0.276,0.298,3.9,7,27.8,13.2,45.7,55.2,14.3,23.5,7,R,1109,21.3,93.7,1993,-11.5,-13.7,21.2,1.2,14,87.2,2241,1.8,-29.4,7.9,1.5,5,88.9,2161,-16.9,-22.8,21,1.3,,,,,,,,59.7,93.4,1983,-16,-19.3,20.2,1.1,,,,,,,,,,,,,,,,,,,,,,,,,,,,,,,,,,,,,,,,,,,,,,,,,
"Lamet, Dinelson",659275,2017,24,21,114.1,485,28.7,11.1,0.203,0.386,0.304,0.301,5.2,6.3,36,28.8,44.8,36.7,26.6,28,8.7,R,1829,24.5,95,2402,-6.4,-11.2,20.9,1.6,38.9,85.7,2543,7.1,-36.7,9.2,1.7,5,89.6,1769,-15.9,-25.3,18.9,1.4,0.8,81.9,2459,9.2,-43.9,10.3,1.2,30.8,94.6,2377,-14.6,-15.2,22,1.4,,,,,,,,,,,,,,,,,,,,,,,,,,,,,,,,,,,,,,,,,,,,,,,,,
"Jiménez, Joe",641729,2017,22,24,19,99,17.2,9.1,0.315,0.553,0.422,0.401,5.6,1.4,42.3,26.1,48.9,35.2,29.6,31,4.2,R,407,62.7,95.4,2454,-10.7,-13.7,19.5,1.4,24.6,84.8,2244,4.4,-32.3,8,1.9,12.8,88.4,1931,-13,-29.2,14.4,1.6,,,,,,,,,,,,,,,,,,,,,,,,,,,,,,,,,,,,,,,,,,,,,,,,,,,,,,,,,,,,,,,
"Neal, Zach",594943,2017,28,6,14.2,65,15.4,1.5,0.316,0.626,0.384,0.391,3.7,3.7,27.8,21.4,51.6,42.6,27.8,24.1,5.6,R,242,8.3,91,2298,-9.1,-18.1,17.8,1.3,,,,,,,,14,83.3,1758,-11.3,-29.1,15.5,1.3,4.5,74.8,2205,5.7,-52.8,7.1,1.8,53.7,90,2149,-15.5,-28.4,16.9,1.2,19.4,85.8,2247,0.4,-34.1,4.3,1.4,,,,,,,,,,,,,,,,,,,,,,,,,,,,,,,,,,,,,,,,,,
"Stumpf, Daniel",621385,2017,26,55,37.2,160,20.6,9.4,0.232,0.382,0.324,0.308,2.7,3.6,25.5,18.4,44.7,42.7,22.7,21.8,12.7,L,638,41.2,93.7,2461,8.8,-15.6,18.7,1.2,33.1,84.6,2259,-3.2,-35,6.4,1.4,6.7,86.6,1794,12,-25.5,17,1.7,,,,,,,,19,93.7,2397,13.8,-20.7,18,1.4,,,,,,,,,,,,,,,,,,,,,,,,,,,,,,,,,,,,,,,,,,,,,,,,,
"Asher, Alec",594742,2017,25,24,60,265,17.7,8.7,0.25,0.428,0.339,0.328,5.3,3.7,27.7,21.2,43.3,38.3,21.8,28.7,11.2,R,1067,15.8,89.5,2476,-4.2,-19.8,15.4,1.7,0.2,81.7,2580,7.7,-45.1,8.4,1.4,8.3,82.7,1850,-14.6,-26.7,20.1,1.5,14.3,79.1,2597,6.3,-50.7,9.4,1.6,43.8,90.7,2369,-16.3,-20.1,21.4,1.5,17.5,88,2508,2.5,-26.4,10.4,1.4,,,,,,,,,,,,,,,,,,,,,,,,,,,,,,,,,,,,,,,,,,
"Montas, Frankie",593423,2017,24,23,32,152,23.7,13.2,0.266,0.525,0.412,0.386,6.5,1.1,37,27.1,45.8,35.5,26.9,26.9,10.8,R,617,37.8,98.2,2377,-8.1,-11.7,19.8,1.7,28,86.6,2680,6.7,-32.3,9.6,2.2,5.8,88.9,2065,-19.1,-26.6,21.5,1.7,,,,,,,,28.4,97.1,2337,-16,-17.5,20.6,1.6,,,,,,,,,,,,,,,,,,,,,,,,,,,,,,,,,,,,,,,,,,,,,,,,,
"Jackson, Luke",592426,2017,25,43,50.2,224,14.7,8.5,0.286,0.472,0.324,0.354,4.8,4.8,41.5,22,49.6,42.9,21.4,28,7.7,R,785,51.2,94.6,2116,-6.6,-12.4,19.6,1.2,30.1,85.9,2125,-0.9,-39.1,4.6,1.2,1.1,85.6,2117,-23.2,-41.2,24,1.6,16.8,81.5,2294,3.3,-51.7,11.3,1.5,0.5,95.6,2024,-20.6,-13.9,26,1.5,0.3,89.9,2191,4.5,-24.7,10.2,1.4,,,,,,,,,,,,,,,,,,,,,,,,,,,,,,,,,,,,,,,,,,
"Neshek, Pat",450212,2017,36,71,62.1,235,29.4,2.6,0.187,0.302,0.23,0.218,6.3,4.4,26.3,26.4,56.1,36.3,21.9,28.1,13.8,R,939,,,,,,,,52.2,83.5,2207,2.9,-35,7,1.6,2.6,67.9,1275,-6.1,-48.9,14,1.9,,,,,,,,45.3,90.3,2062,-14.8,-23.6,18.7,1.6,,,,,,,,,,,,,,,,,,,,,,,,,,,,,,,,,,,,,,,,,,,,,,,,,
"Barraclough, Kyle",607457,2017,27,66,66,286,26.6,13.3,0.209,0.312,0.285,0.286,5.9,5.9,25.4,31.1,41.9,46.5,22.4,24.7,6.5,R,1150,54.3,94.8,2464,-4.8,-13.8,18.2,1.2,41.4,80.1,2434,11.6,-48.5,13.2,1.9,4.3,88.6,1502,-11.7,-26.2,15.3,1.4,,,,,,,,,,,,,,,,,,,,,,,,,,,,,,,,,,,,,,,,,,,,,,,,,,,,,,,,,,,,,,,
"Moylan, Peter",493247,2017,38,79,59.1,243,18.9,10.3,0.223,0.325,0.256,0.285,2.4,9.6,24.6,25.2,46.1,62.3,14.4,19.2,4.2,R,901,,,,,,,,47.3,78.9,2417,4.5,-46.7,6.5,1.2,2.9,84.4,1664,-17.5,-44.1,18.4,1.3,,,,,,,,49.8,90.4,2105,-21.6,-39.5,22.3,1.1,,,,,,,,,,,,,,,,,,,,,,,,,,,,,,,,,,,,,,,,,,,,,,,,,
"Barnes, Danny",592130,2017,27,60,66,265,23.4,9.1,0.198,0.349,0.279,0.271,5.6,2.8,31.5,25.3,48.6,33.1,28.7,23,15.2,R,1053,66.3,92,2277,-13.1,-15.4,22.4,1.3,4.5,83.6,2372,-0.6,-33.7,8.3,2.6,27.8,79.5,1423,-15.4,-40.6,16.3,1.5,,,,,,,,1.4,92.1,2287,-17.2,-20.8,21.2,1.4,,,,,,,,,,,,,,,,,,,,,,,,,,,,,,,,,,,,,,,,,,,,,,,,,
"Meyer, Alex",543542,2017,27,13,67.1,292,25.7,14.4,0.226,0.349,0.293,0.318,6.4,4.1,30,27.9,39.9,46.8,21.1,26.3,5.8,R,1151,27.4,96.1,2359,-12.5,-13.8,19.7,1.3,3.3,85.5,2479,5.3,-42.3,9.8,2.2,1.4,90,2018,-13.4,-22.6,17,1.4,37,85.1,2478,6.3,-43.2,9.1,1.6,30.9,95.3,2328,-17.2,-20.3,19.8,1.5,,,,,,,,,,,,,,,,,,,,,,,,,,,,,,,,,,,,,,,,,,,,,,,,,
"Blanton, Joe",430599,2017,36,51,44.1,195,20,6.7,0.263,0.425,0.367,0.317,7.7,6.3,32.4,28.2,49.5,33.8,31,26.1,9.2,R,765,28.2,90.2,2151,-4.8,-15.9,19,1.2,34.1,86.1,2352,4,-30.2,9.4,1.2,15.4,85.4,1806,-12,-30,15.2,1.3,11.9,79.4,2480,5.3,-51.9,9.3,1.4,10.3,90.4,2176,-11.5,-19.1,19.2,1.4,,,,,,,,,,,,,,,,,,,,,,,,,,,,,,,,,,,,,,,,,,,,,,,,,
"Godley, Zack",643327,2017,27,26,155,627,26.3,8.5,0.23,0.368,0.285,0.294,3.5,6.7,38.7,30.5,44.8,57.7,16.8,21.5,4,R,2420,14.4,90.7,2281,-5,-24.4,10.9,1.7,,,,,,,,7.3,83.9,1459,-8.7,-37.7,10.3,1.4,35.9,83.1,2173,2.2,-50.1,10.5,1.4,28.5,91.5,2279,-14.3,-27.6,15.7,1.4,13.9,89.6,2263,2,-25.6,9.5,1.3,,,,,,,,,,,,,,,,,,,,,,,,,,,,,,,,,,,,,,,,,,
"Gearrin, Cory",518715,2017,31,68,68,285,22.5,12.3,0.214,0.309,0.286,0.286,4.5,2.2,34.1,28.4,44.2,49.2,20.7,22.9,7.3,R,1065,5,92.7,2309,-10.9,-21.6,15.5,1.3,34.4,84.8,2739,7.7,-32.6,11,1.7,10.8,84.9,2056,-13.8,-37.9,14.2,1.2,,,,,,,,49.9,91.6,2276,-17.2,-28.9,18.1,1.4,,,,,,,,,,,,,,,,,,,,,,,,,,,,,,,,,,,,,,,,,,,,,,,,,
"O'Grady, Chris",622217,2017,27,13,33,145,20.7,12.4,0.267,0.481,0.35,0.36,6.3,2.1,34.4,21,42.2,36.5,26,25,12.5,L,550,40.5,87.4,2056,5.8,-15.1,22.5,1.3,,,,,,,,14.4,78.6,1574,9.9,-30.7,17.5,1.4,7.8,74.7,2386,-5.8,-49.5,6.3,1.4,0.4,89,2016,13.2,-16.2,23.1,1.4,36.9,82.3,2269,-2.8,-31.3,10.9,1.4,,,,,,,,,,,,,,,,,,,,,,,,,,,,,,,,,,,,,,,,,,
"Brothers, Rex",571521,2017,29,27,23.2,105,31.4,11.4,0.228,0.4,0.322,0.305,5.1,0,33.9,33,51.2,39,27.1,28.8,5.1,L,379,65.4,95.5,2245,5.8,-13.1,18.6,1.2,34,88.4,2131,-0.7,-33.2,4.9,1.4,0.5,86.7,1221,18.4,-26.8,21.9,1.5,,,,,,,,,,,,,,,,,,,,,,,,,,,,,,,,,,,,,,,,,,,,,,,,,,,,,,,,,,,,,,,
"Infante, Gregory",500872,2017,29,52,54.2,227,21.6,8.8,0.238,0.365,0.275,0.296,4.5,5.2,30.5,24.3,44.3,36.8,29,27.1,7.1,R,936,57.9,95.5,2127,-7.6,-12.8,19.2,1.6,23.8,86,2727,5.8,-39.3,7.3,1.6,1.9,86.2,1552,-7.1,-28,12.2,1.6,16.3,82.2,2813,9.1,-48.8,12.6,1.4,,,,,,,,,,,,,,,,,,,,,,,,,,,,,,,,,,,,,,,,,,,,,,,,,,,,,,,,
"Drake, Oliver",543118,2017,30,64,56,251,24.7,10,0.273,0.415,0.344,0.331,4.9,3.7,34.8,27.3,46.8,50.6,17.1,27.4,4.9,R,1047,51.4,91.9,2088,-5.2,-12.8,21.1,1.3,,,,,,,,,,,,,,,,,,,,,,,,,,,,,,,,,,,,48.6,83.3,1128,-6.3,-31,12,1.4,,,,,,,,,,,,,,,,,,,,,,,,,,,,,,,,,,,
"Kershaw, Clayton",477132,2017,29,27,175,678,29.8,4.4,0.213,0.364,0.258,0.263,4.3,4.9,27.1,29.8,51.7,48.7,20.4,22.4,8.5,L,2447,46.4,92.8,2339,0.7,-9.2,23,1,34.7,88.6,2470,-3.5,-23.1,13.4,1.6,1,85.9,2171,10.9,-15.4,25,1.4,16.8,73.3,2364,-1,-65.9,13.8,1.2,1.1,94.6,2330,12.6,-10.6,24.1,1.2,,,,,,,,,,,,,,,,,,,,,,,,,,,,,,,,,,,,,,,,,,,,,,,,,
"Britton, Zack",502154,2017,29,38,37.1,161,18,11.2,0.245,0.314,0.307,0.292,3.5,8.8,39.5,27.4,46,75.4,5.3,18.4,0.9,L,560,7,95.8,2157,5.1,-19.7,12.2,1.3,5.5,83.4,2641,-11.6,-44.5,12.6,1.5,,,,,,,,,,,,,,,87.5,96.1,2096,11.9,-22.4,14.6,1,,,,,,,,,,,,,,,,,,,,,,,,,,,,,,,,,,,,,,,,,,,,,,,,,
"Quintana, Jose",500779,2017,28,32,188.2,790,26.2,7.7,0.244,0.402,0.301,0.309,8,4.5,35.5,21.3,43.9,46.1,21.1,26.8,6.1,L,3168,37.5,92.2,2042,3.5,-13.9,18.7,1.1,,,,,,,,9,86.1,1329,10.1,-25.9,15.4,1.1,22.1,77,2179,-9.6,-50,11.2,1.2,25.4,92.1,2010,12.1,-16.4,19.9,1.2,,,,,,,,,,,,,,,,,,,,,,,,,,,,,6.1,77.2,2215,-15.2,-47.9,15.6,1.3,,,,,,,,,,,,,,
"Nicolino, Justin",592593,2017,25,20,48,229,11.4,8.7,0.33,0.513,0.377,0.383,8.2,6.6,34.1,15.3,45.1,47.8,18.1,31.9,2.2,L,839,52.8,90.9,2014,14.3,-19.4,21.3,1.3,,,,,,,,20.3,83.5,1562,14.5,-31.2,17.9,1.4,16.9,77.1,2371,-6.9,-52.2,8.4,1.8,,,,,,,,10,88.1,2035,3.7,-25.5,12.2,1.4,,,,,,,,,,,,,,,,,,,,,,,,,,,,,,,,,,,,,,,,,,
"Gsellman, Robert",607229,2017,23,25,119.2,549,14.9,7.7,0.28,0.442,0.344,0.34,4.6,6.5,32.5,16.8,47.8,51.1,19.7,24.9,4.3,R,2046,17.2,93.1,2087,-11.2,-16,20,1.4,15.6,88.7,2206,-3.4,-27.4,9.5,1.9,9.8,85.4,1627,-17.5,-28,20.6,1.9,11.5,80.3,2606,5.9,-52.4,10.7,2.1,45.8,92.7,2115,-19.6,-21.2,22.9,1.5,,,,,,,,,,,,,,,,,,,,,,,,,,,,,,,,,,,,,,,,,,,,,,,,,
"Eflin, Zach",621107,2017,23,11,64.1,280,12.5,4.3,0.292,0.53,0.373,0.366,4.8,3.1,35.7,15.1,49.3,45.6,26.3,20.6,7.5,R,1016,30.5,93.1,2211,-10.2,-14.9,20,1.9,12.8,85.5,2193,3.1,-29.9,9.4,2,7.5,86.1,1899,-13.1,-24.9,18.2,1.5,11.5,77.4,2352,11.8,-52.1,13.7,1.8,37.7,92.3,2109,-15.3,-20.4,19.5,1.9,,,,,,,,,,,,,,,,,,,,,,,,,,,,,,,,,,,,,,,,,,,,,,,,,
"Santiago, Héctor",502327,2017,29,15,70.1,311,16.4,10,0.276,0.555,0.338,0.386,5.8,0.9,39.4,17.7,45.8,32.1,30.4,24.6,12.9,L,1232,4.9,89.2,2149,4.9,-16.3,20,1.9,6.2,79.4,2181,-5,-42.4,7.4,1.7,19.9,82.9,2028,15.4,-24.6,23.1,1.5,5.9,74.5,2098,-11.1,-53,11.7,1.8,56.8,90.8,2168,12.7,-14.2,24,1.9,3.2,85.1,2137,-2.9,-27.4,12.4,1.5,,,,,,,,,,,,,,,,,,,,,,,,,,,,,,,,,,,,3.2,79.3,1993,14.5,-32.6,19.7,1.3
"Skoglund, Eric",607215,2017,24,7,18,93,15.1,12.9,0.291,0.43,0.434,0.354,6,3,35.8,14.5,48.1,38.8,23.9,28.4,9,L,387,52.7,91.7,2212,6.4,-15.6,18,1.7,14.7,85.7,2251,-4.4,-30.6,8.2,1.4,2.1,85.8,1594,8.4,-25.1,14.6,1.6,19.9,79.5,2299,-6.5,-47.3,8.3,1.9,10.6,90.9,2084,10.5,-21.9,15.2,1.5,,,,,,,,,,,,,,,,,,,,,,,,,,,,,,,,,,,,,,,,,,,,,,,,,
"McCarthy, Kevin",641838,2017,25,33,45,196,13.8,6.6,0.273,0.418,0.306,0.321,5.8,5.8,28.8,18.8,51.5,54.5,16.7,23.7,5.1,R,715,1.4,93.2,2183,-9.2,-21.7,13.6,1.4,19.3,88.3,2303,-2.8,-28.8,7.4,1.4,19.7,85.7,1986,-20,-30.8,21.2,1.1,,,,,,,,59.6,93,2149,-17.9,-24.2,19.5,1,,,,,,,,,,,,,,,,,,,,,,,,,,,,,,,,,,,,,,,,,,,,,,,,,
"Manaea, Sean",640455,2017,25,29,158.2,691,20.3,8,0.263,0.426,0.329,0.329,5.1,3.1,41.2,25.3,47.8,44.2,24.5,24.9,6.4,L,2678,,,,,,,,17.4,79.9,2009,-2.1,-42.6,4,1.6,24.4,83.4,1196,8.7,-39,9.4,1.6,,,,,,,,58.2,91.7,1977,14.1,-21.8,18,1.4,,,,,,,,,,,,,,,,,,,,,,,,,,,,,,,,,,,,,,,,,,,,,,,,,
"Guduan, Reymin",594056,2017,25,22,16,83,19.3,14.5,0.324,0.498,0.393,0.4,7.3,5.5,43.6,23.1,45.4,54.5,20,23.6,1.8,L,324,63.9,95.1,2373,6.5,-14.4,17.5,1.5,36.1,86.4,2362,-2.2,-37.3,4.6,1.4,,,,,,,,,,,,,,,,,,,,,,,,,,,,,,,,,,,,,,,,,,,,,,,,,,,,,,,,,,,,,,,,,,,,,,
"Casilla, Santiago",433586,2017,36,63,59,259,22,8.5,0.241,0.392,0.324,0.31,4.6,3.4,35.6,26.9,45.8,39.7,24.1,28.7,7.5,R,1017,21.1,94.1,2310,-10.3,-14,19.9,1.2,11.5,89.5,2407,-1.1,-23.3,11.3,1.4,4.8,87.7,2118,-17.7,-26.3,20.3,1.2,21.5,80.7,2433,9.8,-52.5,14.2,1.5,41,93.8,2329,-16.5,-19.3,20.5,1.3,,,,,,,,,,,,,,,,,,,,,,,,,,,,,,,,,,,,,,,,,,,,,,,,,
"Warren, Adam",476589,2017,29,46,57.1,223,24.2,6.7,0.22,0.351,0.212,0.272,7.2,4.6,24.8,23.3,45.7,43.8,25.5,24.2,6.5,R,936,37.9,92.8,2212,-5.7,-13.5,19.5,1,43.4,86.3,2294,5,-31.5,8.6,1.6,10.1,85.3,1746,-17.9,-30.2,19.6,1.1,7.6,80,2152,5.2,-53.7,11.7,1.3,0.9,92.5,2193,-12.4,-19,17.8,1.4,0.1,92.2,2036,3.8,-17.8,15.3,,,,,,,,,,,,,,,,,,,,,,,,,,,,,,,,,,,,,,,,,,,
"Jaye, Myles",594867,2017,25,5,12.2,71,5.6,14.1,0.334,0.506,0.411,0.408,5.6,5.6,37,9.7,42.2,50,16.7,29.6,3.7,R,268,21.6,89.8,2123,-3.8,-19.1,15.7,1.5,20.1,82.3,2494,5.3,-39.5,6.5,1.4,7.1,84,1395,-10.7,-30.7,14.1,1.3,12.3,75.8,2586,12.4,-58.5,15.3,1.4,38.8,89.6,2133,-11.9,-23.3,16.5,1.4,,,,,,,,,,,,,,,,,,,,,,,,,,,,,,,,,,,,,,,,,,,,,,,,,
"Bush, Matt",456713,2017,31,57,52.1,240,24.2,7.9,0.241,0.386,0.325,0.305,3.1,6.9,27,25.2,52.5,39,24.5,25.2,11.3,R,943,45.2,97.5,2562,-7.3,-10.4,20.2,1.4,4.8,85.3,2515,9.2,-34.4,10.8,1.3,0.1,90.5,2160,-15.1,-21,19.3,,13.8,80,2513,9.8,-53.2,14.5,1.5,24.1,97.5,2458,-13.1,-13.7,20.3,1.4,12.1,91.6,2630,1,-26.4,7.3,1.4,,,,,,,,,,,,,,,,,,,,,,,,,,,,,,,,,,,,,,,,,,
"Feliz, Michael",593140,2017,24,46,48,218,32.1,10.1,0.24,0.406,0.356,0.312,12.7,4,41.3,32.2,47.7,31,26.2,33.3,9.5,R,899,71.7,96.3,2297,-6.4,-11.1,19.7,1.5,27.1,84.7,2192,2.8,-33.1,7.2,2.3,1.1,87.7,2097,-9.1,-19,18.9,1.6,,,,,,,,,,,,,,,,,,,,,,,,,,,,,,,,,,,,,,,,,,,,,,,,,,,,,,,,,,,,,,,
"Mariñez, Jhan",501697,2017,28,43,58.1,262,17.2,9.9,0.264,0.429,0.356,0.34,8.2,3.8,37,23.1,49.5,52.2,19,25.5,3.3,R,969,15.7,95.3,2110,-11.9,-17.7,18.5,1.3,23.6,86.4,2183,-1.3,-38,3.9,1.7,13.7,91.8,1958,-19.6,-29.8,20.2,1.2,,,,,,,,47,94.8,1971,-18.5,-26.1,19.6,0.9,,,,,,,,,,,,,,,,,,,,,,,,,,,,,,,,,,,,,,,,,,,,,,,,,
"Brice, Austin",592169,2017,25,22,32.2,137,19,5.1,0.26,0.436,0.323,0.325,6.9,4,36,24.2,49.1,49.5,20.8,23.8,5.9,R,495,20,94.1,2210,-9.6,-15.1,19.6,1.4,23.2,85.8,2496,4,-35,6.7,1.5,1,87.3,1464,-9.7,-34.2,10.7,1.5,13.3,80.8,2728,10.9,-46.1,11.7,1.3,42.4,93.5,2020,-15.9,-24.9,18.1,1.3,,,,,,,,,,,,,,,,,,,,,,,,,,,,,,,,,,,,,,,,,,,,,,,,,
"Kuhl, Chad",641771,2017,24,31,157.1,680,20.9,10.6,0.262,0.419,0.338,0.332,6.5,4.1,38.6,23.1,44.9,42.8,20.9,29.6,6.7,R,2681,30.6,95.6,2160,-11.7,-13,20.9,1.7,20.6,88.5,2505,2.2,-32.7,5.4,1.5,9.8,88.7,1745,-17,-26.4,19.2,1.8,6.2,82.4,2875,7.9,-52.2,13.8,1.8,32.9,95.3,2133,-16.5,-16.5,21.5,1.8,,,,,,,,,,,,,,,,,,,,,,,,,,,,,,,,,,,,,,,,,,,,,,,,,
"Gallardo, Yovani",451596,2017,31,28,130.2,578,16.3,10.4,0.275,0.479,0.349,0.356,4.7,4.3,35.1,20.6,44.3,45,19.7,25.6,9.7,R,2283,31.6,92.4,2141,-4.8,-12.6,20.6,1.6,21.6,89.1,2322,3.6,-25.3,10.8,1.7,10,86.4,1931,-14.4,-24.9,19.1,1.7,17.6,80.6,2423,6.9,-48.9,9.5,1.5,19.2,92,2103,-10.8,-17,19.2,1.6,,,,,,,,,,,,,,,,,,,,,,,,,,,,,,,,,,,,,,,,,,,,,,,,,
"Middleton, Keynan",641871,2017,23,64,58.1,246,25.6,7.3,0.241,0.448,0.331,0.315,4.2,4.2,37,35.2,51.8,37.6,27.3,26.7,8.5,R,976,62.7,96.9,2444,-11,-14.4,18.9,1.9,35.5,88.5,2406,0.5,-31.4,5.7,2.7,1.8,88.2,2043,-16.2,-26.5,18.5,1.9,,,,,,,,,,,,,,,,,,,,,,,,,,,,,,,,,,,,,,,,,,,,,,,,,,,,,,,,,,,,,,,
"Qualls, Chad",430589,2017,38,19,16.2,72,15.3,6.9,0.263,0.491,0.33,0.341,3.6,5.4,37.5,21,49.2,58.9,19.6,19.6,1.8,R,252,0.8,91.3,2016,-4.4,-20.8,12.6,1.5,29,85.1,2399,2.7,-32.3,8.7,1.7,,,,,,,,,,,,,,,70.2,91.1,1979,-14.7,-26.9,16.4,1.3,,,,,,,,,,,,,,,,,,,,,,,,,,,,,,,,,,,,,,,,,,,,,,,,,
"Vizcaíno, Arodys",527055,2017,26,62,57.1,235,27.2,8.9,0.211,0.378,0.272,0.291,8.8,4.1,32.9,30.8,50.9,38.5,32.4,20.9,8.1,R,839,17.6,97.9,2363,-11.5,-10.6,22.3,1.1,36,85.7,2419,1.6,-39.8,5.6,1.4,2.7,89.1,2206,-19.1,-23.8,23.4,1.8,,,,,,,,43.6,97.7,2340,-16.7,-15.7,21.8,1.1,,,,,,,,,,,,,,,,,,,,,,,,,,,,,,,,,,,,,,,,,,,,,,,,,
"Paredes, Eduardo",622161,2017,22,18,22.1,92,18.5,6.5,0.244,0.378,0.311,0.301,4.5,7.6,39.4,20,49.2,50,25.8,22.7,1.5,R,352,48,93.4,2324,-13.1,-18.1,19.9,1.2,25,85.4,2458,1.2,-39.3,3.8,1.4,11.9,81.6,1746,-17.2,-42.6,17.6,1.8,,,,,,,,15.1,92.5,2280,-16.4,-24.8,18.6,1.4,,,,,,,,,,,,,,,,,,,,,,,,,,,,,,,,,,,,,,,,,,,,,,,,,
"Teheran, Julio",527054,2017,26,32,188.1,812,18.6,8.9,0.253,0.424,0.33,0.324,5,4.3,30.5,21.5,47,40.9,25.9,24.9,8.2,R,3062,39.9,91.4,2274,-8.1,-18,17.3,1.8,19.7,82.6,2453,2.2,-35.6,7.1,2.5,6.5,81.9,1595,-13.9,-30.3,17.9,2.1,9,73.3,2602,11.2,-55.8,12.6,2.8,24.9,91.1,2158,-16.4,-25.2,18.5,2,,,,,,,,,,,,,,,,,,,,,,,,,,,,,,,,,,,,,,,,,,,,,,,,,
"Lynn, Lance",458681,2017,30,33,186.1,776,19.7,10.1,0.234,0.398,0.305,0.315,4.9,5.4,27.5,22.5,44.9,45.4,23.7,23.4,7.5,R,3144,36.7,92.4,2375,-8.9,-16.7,18.6,1.7,,,,,,,,5.3,86,1987,-13,-27.8,17.1,2.2,4.8,78.9,2184,5.6,-52.2,9.8,2.1,42.6,91.4,2239,-14.7,-24.2,17.7,1.6,10.5,87.1,2423,1.2,-28.5,9.4,2,,,,,,,,,,,,,,,,,,,,,,,,,,,,,,,,,,,,,,,,,,
"VerHagen, Drew",572403,2017,26,24,34.1,145,17.2,6.2,0.295,0.553,0.397,0.373,7.2,5.4,38.7,21.1,45.5,51.4,23.4,18.9,6.3,R,531,25.4,93.9,2194,-6.2,-15.8,16.8,1.2,15.4,85,2268,6.8,-39.4,7.6,2.1,2.8,87.6,2095,-10.7,-24.2,16.2,1.3,21.3,78.6,2351,9.1,-59.5,16.9,1.6,35,93.9,2165,-13.3,-19,18.1,1.2,,,,,,,,,,,,,,,,,,,,,,,,,,,,,,,,,,,,,,,,,,,,,,,,,
"Rodríguez, Joely",570257,2017,25,26,27,134,13.4,11.2,0.254,0.369,0.394,0.321,4.1,6.2,32.3,18.9,45.7,59.8,14.4,21.6,4.1,L,496,20.6,92.8,2043,15.3,-20.9,19.6,1.6,35.9,86.4,2038,1.8,-34.5,6,2.1,,,,,,,,,,,,,,,43.5,93.2,2020,19.3,-26.3,20.4,1.7,,,,,,,,,,,,,,,,,,,,,,,,,,,,,,,,,,,,,,,,,,,,,,,,,
"Bumgarner, Madison",518516,2017,27,17,111,450,22.4,4.4,0.25,0.435,0.295,0.306,3.7,3.7,34.5,21.5,51.2,41.7,23,25.5,9.8,L,1656,42.9,91.1,2163,9.2,-16.3,19.6,1.3,,,,,,,,5.4,82.8,1536,14,-32.1,16.3,1.3,15.6,78,2356,-8.8,-48.5,9.8,1.5,,,,,,,,36.1,86.8,2198,-2,-26.1,11.7,1.3,,,,,,,,,,,,,,,,,,,,,,,,,,,,,,,,,,,,,,,,,,
"Milone, Tommy",543548,2017,30,17,48.1,221,17.2,6.3,0.302,0.551,0.4,0.374,4.1,3.6,35.5,19,45.5,35.5,23.7,30.8,10.1,L,866,43.9,88,2273,2.3,-15.5,20.6,1.1,4.6,80.6,2394,-4.3,-37.6,8,1.4,23.7,81.2,1648,12.1,-33.2,15.2,1.2,14.3,74.8,2617,-9.4,-55,11,1.6,8,87.6,2085,11.2,-21.3,18.6,1.2,5.5,86.9,2237,-3.4,-19.2,17.8,1.4,,,,,,,,,,,,,,,,,,,,,,,,,,,,,,,,,,,,,,,,,,
"Rusin, Chris",543734,2017,30,60,85,340,20.9,5.6,0.235,0.362,0.278,0.281,2.8,3.6,27.5,26.4,50.4,59.5,17,19.8,3.6,L,1200,15.8,91.1,2314,10.8,-20.6,17.5,1.3,1.8,83.7,2686,-1.8,-38.1,6.2,1.6,27.8,84.5,1733,13.6,-32.1,15.8,1.2,0.4,80.2,2798,-2.5,-45.4,3.5,1.5,30.3,91.3,2288,16.7,-25.3,19,1.3,24.1,88.1,2427,1.4,-28.7,8.8,1.4,,,,,,,,,,,,,,,,,,,,,,,,,,,,,,,,,,,,,,,,,,
"Castillo, Luis",622491,2017,24,15,89.1,359,27.3,8.9,0.196,0.311,0.276,0.261,6.2,5.3,31,28.2,47.8,59.7,19,15.9,5.3,R,1483,46.6,97.4,2249,-11.2,-12.6,20.7,1.3,15.2,84.9,2226,-0.6,-36.4,4.6,1.4,22.5,87.2,1861,-15.4,-31.4,16.9,1.1,,,,,,,,15.7,96.9,2185,-17.6,-19.7,20.8,1.2,,,,,,,,,,,,,,,,,,,,,,,,,,,,,,,,,,,,,,,,,,,,,,,,,
"Wood, Travis",475243,2017,30,39,94,436,14.9,10.3,0.28,0.495,0.385,0.365,5.6,3.7,37.4,14.3,48,38,27.8,26.9,7.4,L,1707,46.6,88.8,2097,1.3,-17,19.3,2,10.1,80,2139,-9.3,-37.7,12.9,1.5,8.7,81,1742,8.8,-29.3,17.2,1.8,4.7,71.9,1725,-9.5,-68.1,15.8,2,9.7,87.8,1970,9.3,-18.8,20.4,1.8,20.2,86.8,2122,-7.4,-25.1,14.8,1.5,,,,,,,,,,,,,,,,,,,,,,,,,,,,,,,,,,,,,,,,,,
"Leone, Dominic",608678,2017,25,65,70.1,279,29,8.2,0.203,0.354,0.264,0.269,6.3,5.1,32.6,32.8,48.7,41.1,29.1,19.4,10.3,R,1082,43.7,94.5,2247,-7.5,-13.3,19.1,1.4,9.6,83.4,2464,3.4,-42.9,5.5,1.5,,,,,,,,,,,,,,,10.4,94.1,2192,-14.7,-18.7,19.2,1.4,36.3,88.6,2486,3.2,-29.4,7.1,1.4,,,,,,,,,,,,,,,,,,,,,,,,,,,,,,,,,,,,,,,,,,
"Mitchell, Bryan",571951,2017,26,20,32.2,153,11.1,8.5,0.327,0.489,0.34,0.378,4.9,4.1,36.9,16.7,44.9,54.9,17.2,24.6,3.3,R,534,38,96.1,2266,-13,-13.1,21.5,1,,,,,,,,,,,,,,,30.7,82.9,2725,8.7,-48.7,12.4,1.4,9,95.9,2261,-17.1,-19,20.3,1.2,22.3,91.6,2403,-1.4,-21.4,11.9,1.7,,,,,,,,,,,,,,,,,,,,,,,,,,,,,,,,,,,,,,,,,,
"Morgan, Adam",605388,2017,27,37,54.2,229,27.5,7.9,0.24,0.392,0.311,0.298,3.4,4.7,28.6,33.8,51.7,45.3,21.6,24.3,8.8,L,901,13.5,94.3,2428,11.6,-14.8,20.6,1.5,32.7,82.7,2674,-7.9,-34.4,12.1,1.8,25.2,82.6,1791,14.3,-28.4,19.1,1.8,8.9,77,2799,-9.2,-53.5,11.3,1.8,19.6,94.4,2457,17.9,-19.2,21.8,1.6,,,,,,,,,,,,,,,,,,,,,,,,,,,,,,,,,,,,,,,,,,,,,,,,,
"Kontos, George",502004,2017,32,65,66.1,278,25.2,7.2,0.224,0.357,0.301,0.276,8,4.8,29,35.3,49.2,50.5,18.1,23.4,8,R,1013,14,91,2235,-7.1,-17.3,18.3,1.1,19.9,83.9,2621,11.3,-37.7,12.4,1.1,0.7,85.4,2167,-14.7,-24.5,20.7,1.4,1.9,79.4,2722,10.6,-52.4,14.1,1.4,11.3,91,2085,-15.7,-22.7,19.5,1.2,52.2,87.2,2424,2.3,-30,8.5,1.1,,,,,,,,,,,,,,,,,,,,,,,,,,,,,,,,,,,,,,,,,,
"Socolovich, Miguel",462515,2017,30,15,18.2,87,16.1,4.6,0.312,0.592,0.416,0.395,6,4.5,35.8,22.4,45.2,35.8,25.4,26.9,11.9,R,325,43.1,91.5,1988,-13.2,-17.5,20.8,1.4,20.3,83.4,2098,3.1,-32.9,8.7,1.5,36,82.9,1613,-11.3,-27,17.9,1.5,,,,,,,,0.6,91.4,1957,-15.9,-26.2,17.3,1.4,,,,,,,,,,,,,,,,,,,,,,,,,,,,,,,,,,,,,,,,,,,,,,,,,
"Estrada, Marco",462136,2017,33,33,186,806,21.8,8.8,0.229,0.409,0.333,0.305,5,4,30.2,24.1,49.3,31.3,29.7,23.6,15.5,R,3242,53.5,89.8,2386,-5.8,-11.7,24.7,1.1,,,,,,,,31.9,77.5,2125,-11.8,-27.4,23.8,1.5,7.7,77.5,2662,4.5,-60.1,12.5,1.4,,,,,,,,6.9,86.5,2515,3,-26.4,12.6,1.6,,,,,,,,,,,,,,,,,,,,,,,,,,,,,,,,,,,,,,,,,,
"Wacha, Michael",608379,2017,25,30,165.2,701,22.5,7.8,0.25,0.391,0.316,0.305,3.9,4.5,30.1,22.9,47.8,50.1,19.6,24.7,5.6,R,2681,49.6,95.1,2159,-7.4,-11.8,19.7,1.6,,,,,,,,18.5,87.8,1702,-10.7,-23.6,16.1,1.5,11.5,76.5,2234,6.2,-60.2,14.8,1.5,3.5,95.1,2128,-14.1,-14.9,20.5,1.6,16.9,90.7,2152,1,-21.8,11.2,1.5,,,,,,,,,,,,,,,,,,,,,,,,,,,,,,,,,,,,,,,,,,
"Hughes, Phil",461833,2017,31,14,53.2,244,15.6,5.3,0.292,0.541,0.378,0.363,8.3,1,37,15.3,50.6,30.2,31.8,30.7,7.3,R,907,32.1,90,2125,-8.3,-18.8,18,1.6,,,,,,,,14.2,82.4,1349,-11.3,-31.9,15.6,1.5,20.1,77.2,2353,7.4,-55.4,11.3,1.5,15.2,89.4,2105,-14.1,-24.2,17.7,1.4,18.4,86.1,2156,-0.4,-27,11.4,1.9,,,,,,,,,,,,,,,,,,,,,,,,,,,,,,,,,,,,,,,,,,
"Jeffress, Jeremy",502026,2017,29,61,65.1,295,17.3,11.5,0.247,0.399,0.354,0.323,3.8,8.2,25.9,23.7,45.7,59.6,13.5,22.6,4.3,R,1128,17.6,94.8,2190,-8.6,-14.7,18.1,1.3,,,,,,,,,,,,,,,18.9,80.2,2367,8.8,-50.2,11.7,1.5,48.8,94.4,2030,-17.4,-21.8,19.8,1.5,,,,,,,,14.7,89.4,1363,-9.7,-30.3,11.3,1.4,,,,,,,,,,,,,,,,,,,,,,,,,,,,,,,,,,,
"Petricka, Jake",502593,2017,29,27,25.2,122,21.3,4.9,0.285,0.436,0.398,0.327,10.1,4.5,37.1,18.1,45.9,48.3,14.6,33.7,3.4,R,477,11.3,94.2,2106,-9.7,-14,19.1,1.9,5.2,85.8,2029,-3.2,-29.7,8.1,2,24.1,87.6,1964,-16.4,-25.4,19.2,1.6,,,,,,,,59.3,94.3,2110,-16.7,-17.5,21,1.8,,,,,,,,,,,,,,,,,,,,,,,,,,,,,,,,,,,,,,,,,,,,,,,,,
"Torres, Carlos",448614,2017,34,67,72.2,322,17.4,10.2,0.26,0.41,0.339,0.329,3.5,5.2,27.4,21.2,49.2,48.3,23.5,22.2,6.1,R,1240,43.9,93.4,2334,-3.2,-16.9,15.3,1.5,1.8,83.2,2558,15.8,-42,16.2,1.8,,,,,,,,11.9,80.1,2547,10.7,-56.2,16.3,1.6,3.1,92.3,2011,-10.5,-25.4,13.3,1.5,39.4,92.4,2363,2.9,-19.4,13.4,1.5,,,,,,,,,,,,,,,,,,,,,,,,,,,,,,,,,,,,,,,,,,
"Holland, Greg",518813,2017,31,61,57.1,235,29.8,11.1,0.191,0.336,0.274,0.274,7.2,3.6,36.2,35.5,44.6,40.6,23.9,27.5,8,R,882,44.2,93.4,2296,-1,-14,18.1,1.5,49.4,85.8,2172,4.1,-34.2,6.9,1.5,,,,,,,,6.3,76.1,2404,4.5,-58.2,10.9,2.1,,,,,,,,,,,,,,,,,,,,,,,,,,,,,,,,,,,,,,,,,,,,,,,,,,,,,,,,
"Lyles, Jordan",543475,2017,26,38,69.2,324,17,6.8,0.287,0.483,0.398,0.353,7.4,6.2,37.3,21.6,47.4,50.2,21,25.1,3.7,R,1250,30.2,94,2234,-6.8,-15.2,17.1,1.5,19.8,89.8,2332,2.3,-26,9.1,1.8,5.9,85.7,1730,-13.3,-32.2,14.7,1.6,20,83.7,2452,2.5,-46.3,8.9,1.8,24.2,93.5,2146,-15,-19.7,19,1.4,,,,,,,,,,,,,,,,,,,,,,,,,,,,,,,,,,,,,,,,,,,,,,,,,
"LeBlanc, Wade",453281,2017,32,50,68,283,19.1,6,0.282,0.463,0.304,0.338,5.7,5.7,31.8,22.3,46.2,47.4,21.8,24.6,6.2,L,1066,21.3,87.2,1876,9.2,-20.4,18.2,1.2,6.7,80.4,2020,-7.2,-37,10.3,1.7,27.3,78.4,1416,11.3,-37.1,13.7,1.5,5.2,72.9,2132,-9.3,-56.7,10.7,1.4,13.2,87.1,1860,13.8,-23.5,18.7,1.1,26.4,84.9,2016,-2.3,-25.9,12.6,1.4,,,,,,,,,,,,,,,,,,,,,,,,,,,,,,,,,,,,,,,,,,
"Martinez, Nick",607259,2017,26,23,111.1,478,14,5.9,0.279,0.493,0.352,0.349,5.2,5,30.4,15.2,45.9,42.8,23.1,25.2,8.9,R,1792,39,92.5,2392,-10.8,-15.1,21.1,1.1,,,,,,,,11.7,85.5,1768,-16.9,-29.1,19.7,1.2,18.8,79.7,2559,-0.2,-52.8,8.8,1.3,17.2,92.2,2300,-16.9,-20.3,21.4,1.2,13.3,89.2,2426,-4.1,-24,12.6,1.4,,,,,,,,,,,,,,,,,,,,,,,,,,,,,,,,,,,,,,,,,,
"Stammen, Craig",489334,2017,33,60,80.1,329,22.5,8.5,0.235,0.397,0.294,0.302,4.4,5.3,29.9,26.5,46.1,52,23.6,21.8,2.7,R,1273,11.9,91.4,2130,-9.1,-16.5,18.6,1.1,,,,,,,,2,85.8,1728,-20.2,-28.7,22.3,1.5,8,79.2,2293,6.7,-56.1,14.2,1.3,51.2,91.3,2101,-18.7,-23.1,21.4,1,26.9,85.6,2246,-0.1,-33.6,6.7,1.6,,,,,,,,,,,,,,,,,,,,,,,,,,,,,,,,,,,,,,,,,,
"Sipp, Tony",448609,2017,33,46,37.1,165,23.6,9.7,0.224,0.393,0.344,0.302,6.4,6.4,33.3,28,48.3,50.5,18.3,22.9,8.3,L,663,33.2,91,2142,7.2,-15.6,19.4,1.2,40.1,82.6,2051,-1,-38.2,5,1.2,,,,,,,,,,,,,,,16.1,90,2097,12.4,-20.2,18.7,1.2,,,,,,,,10.6,77.9,1033,6,-46,9.9,1.4,,,,,,,,,,,,,,,,,,,,,,,,,,,,,,,,,,,
"Velasquez, Vince",592826,2017,25,15,72,315,21.6,10.8,0.273,0.484,0.36,0.362,8.1,4.8,41.1,20.7,48.7,44.8,22.9,25.7,6.7,R,1266,65.8,93.9,2356,-4.1,-12,19.6,1.8,7.8,84.9,2299,6.6,-33.6,9,2.8,10.2,87.6,1646,-12,-26.8,15.3,1.7,14.3,80.7,2407,8.5,-50.8,12.2,2.1,1.9,92.5,2121,-11.7,-19,17.3,1.7,,,,,,,,,,,,,,,,,,,,,,,,,,,,,,,,,,,,,,,,,,,,,,,,,
"Musgrove, Joe",605397,2017,24,38,109.1,461,21.3,6.1,0.256,0.432,0.338,0.319,5.7,4.8,32.7,25.5,50.9,46.5,21.5,26.9,5.1,R,1759,40.5,93.1,2350,-6.2,-18.5,15.3,2,27.5,83.2,2493,9.8,-42.1,10.6,1.6,9.7,84.3,2003,-13,-33.8,14.6,1.9,9.4,81.1,2539,7.9,-55.3,14.9,1.5,8.1,91.6,2207,-13.1,-27.6,14.4,1.8,4.7,90.4,2481,1.6,-25.6,8.9,1.8,,,,,,,,,,,,,,,,,,,,,,,,,,,,,,,,,,,,,,,,,,
"Pineda, Michael",501381,2017,28,17,96.1,410,22.4,5.1,0.257,0.428,0.325,0.312,4.7,5.4,33.3,26.3,50,52.2,20.3,21.7,5.8,R,1548,47.7,93.9,2088,-7.1,-17.6,15.6,1.5,37.9,85.1,2106,-1.1,-37.3,4,1.9,14,89,1885,-17.7,-25.5,20.2,1.6,,,,,,,,0.5,93,2084,-11.4,-23,14.2,1.4,,,,,,,,,,,,,,,,,,,,,,,,,,,,,,,,,,,,,,,,,,,,,,,,,
"Green, Chad",643338,2017,26,40,69,253,40.7,6.7,0.187,0.323,0.203,0.25,3.8,3.1,43.8,36.2,45.6,27.5,29,34.4,9.2,R,1135,64.1,95.8,2482,-5.4,-10.9,19.9,1.3,22.8,85.9,2172,1.6,-38.1,4.2,1.8,0.8,85.2,1629,-11.5,-24.8,18,1.6,,,,,,,,5.3,95.6,2471,-12,-13,20.9,1.5,7,90.1,2271,0.9,-25,9.3,1.4,,,,,,,,,,,,,,,,,,,,,,,,,,,,,,,,,,,,,,,,,,
"Vincent, Nick",543883,2017,30,69,64.2,262,19.1,5,0.242,0.396,0.27,0.285,6.5,4,26.6,19.8,56.7,34.7,27.6,26.6,11.1,R,945,35.9,90.1,2397,-6,-16,19.4,1.2,0.8,83.2,2331,6.4,-37.3,8.7,1.4,4.8,84.4,1822,-16.5,-28.8,19.8,1.3,0.5,77.5,3027,13.5,-56.8,16.2,1.4,7.1,90,2299,-13.3,-22.9,17.7,1.2,50.9,87.3,2495,2.7,-24.8,12.4,1.2,,,,,,,,,,,,,,,,,,,,,,,,,,,,,,,,,,,,,,,,,,
"Walker, Taijuan",592836,2017,24,28,157.1,683,21.4,8.9,0.244,0.406,0.311,0.313,6.6,3.4,34.5,21.5,45,50.1,22.1,23.3,4.5,R,2741,54.7,93.7,2105,-7.3,-13.9,19.4,1.5,,,,,,,,,,,,,,,12.5,75.6,2296,10.8,-59.3,15.3,1.7,4,93.1,2035,-15.5,-17.9,21,1.3,15,86.4,2291,4.5,-31.2,8.3,1.8,13.8,88.1,1556,-11.4,-26,15.9,1.5,,,,,,,,,,,,,,,,,,,,,,,,,,,,,,,,,,,
"Boshers, Buddy",542953,2017,29,38,35,153,18.3,6.5,0.272,0.473,0.335,0.342,7.1,4.4,33.6,24.2,47.1,46.9,23,23.9,6.2,L,560,,,,,,,,,,,,,,,15.7,84.8,1453,12.9,-29.6,16.7,1.3,35.4,78.6,2388,-4.6,-51.4,7.6,1.2,48.9,90.7,1960,10.8,-16.3,21.4,0.9,,,,,,,,,,,,,,,,,,,,,,,,,,,,,,,,,,,,,,,,,,,,,,,,,
"Belisle, Matt",279571,2017,37,62,60.1,247,21.9,8.9,0.222,0.366,0.279,0.282,5.3,5.9,27.2,23.2,49.7,42.6,21.3,28.4,7.7,R,935,46,90.6,2060,-6.9,-14.6,19.5,1.8,32.6,85.8,2072,2.6,-26.6,10.9,2.1,0.5,85,1514,-10,-29.1,13.9,1.5,11.4,73.7,2499,12.8,-56.1,14.6,2.2,9.4,90.3,2033,-12.5,-20.8,17.4,1.9,,,,,,,,,,,,,,,,,,,,,,,,,,,,,,,,,,,,,,,,,,,,,,,,,
"Gohara, Luiz",627894,2017,20,5,29.1,123,25.2,6.5,0.225,0.398,0.34,0.289,6,3.6,41.7,27,52.3,36.9,27.4,27.4,8.3,L,432,47.7,96.4,2126,9.2,-13.7,19,1.7,32.9,83.8,2347,-5,-39.2,6.6,2.1,10,88.2,1861,12.4,-21.6,19,1.5,,,,,,,,9.5,96.9,2103,15.1,-16.7,20,1.4,,,,,,,,,,,,,,,,,,,,,,,,,,,,,,,,,,,,,,,,,,,,,,,,,
"Bracho, Silvino",611093,2017,24,21,20.2,87,28.7,8,0.218,0.451,0.309,0.311,3.6,5.5,32.7,28.5,51.3,45.5,27.3,14.5,12.7,R,349,49.3,93.5,2386,-5.2,-16.9,16.4,0.9,19.2,82.7,2511,8.5,-41.3,10.1,1.5,30.1,84.4,2059,-10.6,-33,13.5,1.2,,,,,,,,1.4,93.5,2316,-13.6,-21.1,17.5,1.4,,,,,,,,,,,,,,,,,,,,,,,,,,,,,,,,,,,,,,,,,,,,,,,,,
"Kennedy, Ian",453178,2017,32,30,154,655,20,9.3,0.263,0.515,0.338,0.359,6.3,2.8,35.8,22.3,45.7,36.2,32.5,23.1,8.1,R,2636,39.8,92,2346,-11.1,-13.4,22.1,1.2,12.2,85.9,1959,-1.9,-31.5,7.6,1.6,11,85.1,1973,-17.1,-25.4,21.6,1.7,15.7,77.8,2547,6.6,-58.1,14.8,1.3,21.3,92.1,2360,-16,-17.4,21.7,1.2,,,,,,,,,,,,,,,,,,,,,,,,,,,,,,,,,,,,,,,,,,,,,,,,,
"Hembree, Heath",592390,2017,28,62,62,271,25.8,6.6,0.255,0.455,0.342,0.326,6.6,2.2,36,29.7,50.5,41.8,24.2,25.8,8.2,R,1094,53.7,95.3,2365,-6.3,-12.3,19.1,1.6,36.4,89.1,2511,3.9,-27.4,8.6,1.4,,,,,,,,9,80.4,2604,8,-51.3,11.9,1.6,1,95,2412,-11.5,-19.1,15.9,1.7,,,,,,,,,,,,,,,,,,,,,,,,,,,,,,,,,,,,,,,,,,,,,,,,,
"Hader, Josh",623352,2017,23,35,47.2,188,36.2,11.7,0.158,0.265,0.251,0.249,5.3,6.4,25.5,37,49.6,36.2,28.7,20.2,14.9,L,778,,,,,,,,11.2,80.3,2571,-8.9,-37.7,11.7,1.8,7.3,85.3,1458,10.8,-28.9,14.1,2.1,,,,,,,,81.5,94.3,2076,7.8,-11.4,20.7,1.8,,,,,,,,,,,,,,,,,,,,,,,,,,,,,,,,,,,,,,,,,,,,,,,,,
"McGowan, Dustin",430661,2017,35,63,77.2,331,19.3,8.5,0.27,0.476,0.328,0.347,7.2,4.2,38.4,24.3,49,52.3,21.5,22.4,3.8,R,1175,31.6,93.8,2221,-7.5,-16.1,17.2,1.4,33.6,86.7,2304,6.5,-34.2,7.7,1.8,7,87.8,1823,-13.7,-28.8,15.2,1.6,,,,,,,,27.8,93.8,2153,-14.3,-21,17.6,1.2,,,,,,,,,,,,,,,,,,,,,,,,,,,,,,,,,,,,,,,,,,,,,,,,,
"Clevinger, Mike",605182,2017,26,27,121.2,501,27.3,12,0.229,0.386,0.294,0.312,6.6,4,34.6,31,42.5,40.5,20.9,29.2,9.3,R,2100,52.9,92.5,2217,-9.2,-15.4,18.9,1.4,19,81.3,2317,13,-33.6,15.8,1.5,16,86.9,1489,-13.1,-26.2,16.6,1.4,11.6,75.3,2192,11.7,-56.2,14.3,1.7,0.5,92.6,2265,-15.9,-21.9,18.6,1.4,,,,,,,,,,,,,,,,,,,,,,,,,,,,,,,,,,,,,,,,,,,,,,,,,
"Colon, Bartolo",112526,2017,44,28,143,648,13.7,5.4,0.284,0.5,0.381,0.351,7.6,4.4,37.4,12.6,46.8,44.2,24.7,24.7,6.5,R,2280,19.7,90.3,2241,-8.5,-17,20.5,1.7,7.3,81.5,2334,2.8,-37.4,8,1.7,9.7,81.3,1678,-14.3,-33.6,18.1,1.3,,,,,,,,62.9,87.1,2087,-16.7,-27.2,20.3,1.7,0.3,86.6,2300,-0.3,-20.3,18,1.5,,,,,,,,,,,,,,,,,,,,,,,,,,,,,,,,,,,,,,,,,,
"Gant, John",607231,2017,24,7,17.1,76,14.5,13.2,0.237,0.367,0.369,0.313,5.6,3.7,33.3,23.9,46.2,53.7,18.5,20.4,7.4,R,290,32.1,92.5,2361,-12.8,-13.5,22.8,2,5.9,86.6,2328,-0.2,-28.9,8.2,1.3,19.7,81.7,1492,-13.6,-31.8,17.1,1.3,9.3,75.8,2550,7.6,-59.8,14,1.6,33.1,93.5,2370,-18.1,-19.3,21.9,1.5,,,,,,,,,,,,,,,,,,,,,,,,,,,,,,,,,,,,,,,,,,,,,,,,,
"Rzepczynski, Marc",519240,2017,31,64,31.1,136,18.4,14.7,0.22,0.308,0.307,0.284,0,3.3,35.6,26.2,44,68.9,10,20,1.1,L,500,0.2,92.1,2185,11.1,-12.9,23.7,,30.6,84.5,2442,-4,-40.9,6.5,1.7,9.4,86.9,1693,14.1,-31.4,15.9,1.2,,,,,,,,59.8,92.5,2107,17.5,-23.9,19.9,1,,,,,,,,,,,,,,,,,,,,,,,,,,,,,,,,,,,,,,,,,,,,,,,,,
"Oberg, Scott",623184,2017,27,66,58.1,265,20.8,9.1,0.255,0.358,0.343,0.301,4.9,1.6,35.9,24.9,50.1,57.6,16.3,22.3,3.8,R,990,46.1,96.4,2245,-4,-16.4,14.2,1.3,34.4,88.9,2581,6.2,-32.6,7.8,1.7,9,89.8,1931,-11.9,-27.3,14.3,1.5,0.3,82.3,2695,13.5,-39.7,13.9,1.5,10.2,95.6,2188,-13.9,-21.3,16.8,1.4,,,,,,,,,,,,,,,,,,,,,,,,,,,,,,,,,,,,,,,,,,,,,,,,,
"Verlander, Justin",434378,2017,34,33,206,849,25.8,8.5,0.24,0.42,0.285,0.315,5.8,4.9,35.6,23.6,49.3,34.1,27.1,28.7,10.1,R,3531,57.7,95.3,2541,-13.6,-13.5,22.3,1.6,21.5,88.2,2528,1.3,-29.5,7.7,2.2,4.1,87.6,1813,-16.5,-28.6,18.8,1.4,16,80.4,2803,9,-53.9,13.8,1.5,0.3,95.6,2551,-21.6,-18.1,25.1,1.4,0.4,92.1,2483,-1.2,-19.3,12.2,1.6,,,,,,,,,,,,,,,,,,,,,,,,,,,,,,,,,,,,,,,,,,
"Stripling, Ross",548389,2017,27,49,74.1,304,24.3,6.3,0.236,0.373,0.29,0.278,2.8,5.7,28.1,25.6,47,50.7,17.5,25.6,6.2,R,1170,38.3,92.9,2236,-2.1,-12,20.7,1.3,35.1,88.7,2346,5.6,-27.4,10.5,1.7,6.2,84.9,1702,-8.6,-24.8,17,1.4,20.3,80.4,2668,4.9,-56.6,13.6,1.7,,,,,,,,,,,,,,,,,,,,,,,,,,,,,,,,,,,,,,,,,,,,,,,,,,,,,,,,
"Goeddel, Erik",592340,2017,28,33,29,122,27,9,0.22,0.441,0.362,0.314,11.5,2.6,40.3,32.7,48.9,43.6,26.9,19.2,10.3,R,499,45.7,92.5,2219,-9.3,-14.9,19.8,1.1,0.2,85.2,952,7.5,-25.3,14.7,,35.5,85.3,1140,-10.8,-32.9,12.7,1.4,18.6,76.9,2212,7.9,-58.3,14.1,1.3,,,,,,,,,,,,,,,,,,,,,,,,,,,,,,,,,,,,,,,,,,,,,,,,,,,,,,,,
"Junis, Jakob",596001,2017,24,20,98.1,422,19,5.9,0.272,0.483,0.325,0.347,9.4,2.9,38.2,21.8,45.4,42.2,25.3,24.4,8.1,R,1518,21,91.6,2015,-7.6,-17.5,17.6,1.4,33.9,81.3,2282,11.5,-44.2,12.4,1.9,6.9,81.9,1245,-7.4,-37.2,9.6,1.8,3.8,75.8,2191,8.9,-55.4,11.3,1.5,34.5,91,1960,-14.3,-23.5,17.7,1.6,,,,,,,,,,,,,,,,,,,,,,,,,,,,,,,,,,,,,,,,,,,,,,,,,
"Ramírez, José",542432,2017,27,68,62,258,21.7,11.2,0.224,0.416,0.297,0.322,6,6,32.3,27.1,48.7,45.8,28,19.6,6.5,R,1014,63.4,97,2339,-14.6,-15.8,20.5,1.5,18.7,89.2,2368,1.2,-29.3,6.8,1.5,17.8,88,2322,-17.7,-26.7,20.3,1.4,,,,,,,,0.1,96.9,2301,-14,-26,14.3,,,,,,,,,,,,,,,,,,,,,,,,,,,,,,,,,,,,,,,,,,,,,,,,,,
"Berríos, José",621244,2017,23,26,145.2,616,22.6,7.8,0.231,0.386,0.302,0.305,7.2,4.1,29.1,23.2,45.6,40.6,24.8,25.7,8.9,R,2387,30.9,93.9,2243,-8.6,-12.5,20.8,1.6,,,,,,,,8.6,83.6,1588,-15,-31,17.7,1.6,,,,,,,,30.5,93.2,2169,-16.4,-19.1,20.8,1.6,,,,,,,,,,,,,,,,,,,,,,,,,,,,,30,81.4,2407,15.2,-44,16.1,1.9,,,,,,,,,,,,,,
"De Jong, Chase",608328,2017,23,7,28.1,125,10.4,10.4,0.27,0.469,0.356,0.348,9.1,3,33.3,13.7,43,32.3,30.3,24.2,13.1,R,458,41,89.9,2267,-3.6,-15,20.3,1.2,13.3,81.3,2303,3.7,-43.6,5,1.3,12.9,84.4,1814,-14.3,-25.4,20.3,1.5,14.8,76.8,2385,6.1,-57.6,10.9,1.5,17.9,90.7,2115,-13,-17.6,21.2,1.3,,,,,,,,,,,,,,,,,,,,,,,,,,,,,,,,,,,,,,,,,,,,,,,,,
"Dickey, R.A.",285079,2017,42,31,190,815,16.7,8.2,0.257,0.399,0.334,0.318,6,4.7,30.8,20.5,47.4,48.5,19.1,25.2,7.1,R,2817,17.3,83.6,1878,-15.7,-29.1,19.9,1.5,,,,,,,,,,,,,,,,,,,,,,,,,,,,,,,,,,,,,,,,,,,82.7,77.3,1530,-1.6,-43.9,9.5,3.2,,,,,,,,,,,,,,,,,,,,,,,,,,,,
"Archer, Chris",502042,2017,28,34,201,852,29.2,7,0.233,0.387,0.306,0.296,7.6,2.6,40.2,30.3,47.9,43.1,23.6,27,6.3,R,3394,47.4,95.5,2249,-6.5,-12.4,19.5,1.5,44.5,88.9,2546,3.2,-34.9,4.7,1.9,8,85.9,1766,-14.6,-29.5,17,1.8,,,,,,,,,,,,,,,,,,,,,,,,,,,,,,,,,,,,,,,,,,,,,,,,,,,,,,,,,,,,,,,
"Davis, Wade",451584,2017,31,59,58.2,242,32.6,11.6,0.205,0.348,0.269,0.291,6.1,4.5,28.5,33.9,47.6,41.7,20.5,27.3,10.6,R,1049,44.9,94.4,2330,-5.6,-12.3,19.6,1.7,,,,,,,,,,,,,,,21,83.3,2499,5.3,-49.3,10.7,1.8,4,93.1,2327,-12.3,-20.4,16.9,1.7,30.1,90.5,2602,2.6,-24.3,10.2,1.5,,,,,,,,,,,,,,,,,,,,,,,,,,,,,,,,,,,,,,,,,,
"Arrieta, Jake",453562,2017,31,30,168.1,707,23.1,7.8,0.24,0.396,0.306,0.305,5.4,4.4,33.3,21.1,44.1,45.5,24.2,25.5,4.8,R,2726,2.1,92.2,2312,-5.6,-15.8,18,1.3,14,87.9,2439,5.7,-30.1,9.1,1.8,8.3,87.3,1800,-14.4,-30.9,16.1,1.4,14.3,78.8,2705,13.7,-56.4,17.5,1.6,61.3,92.2,2259,-14.4,-20.6,19.1,1.2,,,,,,,,,,,,,,,,,,,,,,,,,,,,,,,,,,,,,,,,,,,,,,,,,
"Leclerc, José",600917,2017,23,47,45.2,200,30,20,0.142,0.237,0.279,0.274,7.2,4.1,30.2,38.6,42.8,40.2,27.8,16.5,15.5,R,861,41.8,95.9,2628,-5.5,-13.3,18.6,1.3,27.9,82.8,2436,4.8,-36.6,7.8,1.5,6.5,87.4,2103,-13.1,-27.2,16.5,1.4,5.3,78.4,2615,8.5,-52.2,11.3,1.4,9.1,95.4,2425,-15.5,-19.6,19.7,1.2,9.4,87.3,2609,2,-30.4,8.4,1.5,,,,,,,,,,,,,,,,,,,,,,,,,,,,,,,,,,,,,,,,,,
"Duke, Zach",435043,2017,34,27,18.1,74,16.2,8.1,0.251,0.415,0.273,0.315,5.6,5.6,35.2,27.5,47.5,51.9,22.2,22.2,3.7,L,276,3.6,87.6,1963,3.6,-25.9,11.2,1.4,19.6,79.5,2323,-9.3,-39.7,11.7,1.6,4.7,83.2,1466,11.8,-41.1,12.7,1.4,19.2,73.5,2242,-13.7,-57.4,15,1.3,52.9,88.1,1830,13.8,-32.6,14.7,1.2,,,,,,,,,,,,,,,,,,,,,,,,,,,,,,,,,,,,,,,,,,,,,,,,,
"Delgado, Randall",517414,2017,27,26,62.2,259,23.2,5.4,0.244,0.402,0.296,0.303,5.4,4.3,35.5,27.1,48.8,48.1,20.5,23.8,7.6,R,1045,43.8,94.2,2342,-8.9,-12.4,21.1,1.6,15.3,85.8,2168,0.1,-31.7,7.5,1.9,26.6,86.8,1981,-14.6,-24,19.6,1.5,1.9,79.4,2072,2.5,-48.6,5.4,1.5,12.3,93.4,2266,-15.5,-17.8,21,1.5,,,,,,,,,,,,,,,,,,,,,,,,,,,,,,,,,,,,,,,,,,,,,,,,,
"Hart, Donnie",643354,2017,26,51,43.2,190,15.3,6.8,0.257,0.395,0.328,0.318,3.5,4.9,29.2,23.9,44.9,53.5,20.8,18.1,7.6,L,709,,,,,,,,34.8,76.4,2416,-8.4,-46.9,9.3,1.5,17.2,79.6,1969,17.3,-45.2,17.9,1.1,,,,,,,,48,87.5,1922,17.6,-33.5,18.2,1,,,,,,,,,,,,,,,,,,,,,,,,,,,,,,,,,,,,,,,,,,,,,,,,,
"Tuivailala, Sam",592815,2017,24,37,42.1,171,19.9,6.4,0.256,0.413,0.267,0.309,4,4.8,31.3,23,46,49.2,21,23.4,6.5,R,598,46,95.7,2313,-8.5,-14,18.7,1.4,18.6,87,2083,2.8,-33.8,5.4,1.5,,,,,,,,19.7,79.6,2423,14.3,-53,16.7,1.5,15.7,95.4,2206,-16.5,-19.4,20.1,1.4,,,,,,,,,,,,,,,,,,,,,,,,,,,,,,,,,,,,,,,,,,,,,,,,,
"McAllister, Zach",502083,2017,29,50,62,249,26.5,8.4,0.252,0.409,0.293,0.316,6.2,3.1,43.1,23.4,48.2,37.3,28,29.2,5.6,R,971,69,95.5,2199,-12.8,-14.8,19.4,1.3,,,,,,,,,,,,,,,19.7,81,2310,7.4,-43.1,8.3,1.6,11.2,94.7,2173,-15,-18.8,18.7,1.4,0.1,86,2237,1.4,-26.2,10,,,,,,,,,,,,,,,,,,,,,,,,,,,,,,,,,,,,,,,,,,,
"Perdomo, Luis",606131,2017,24,29,163.2,716,16.5,9.1,0.27,0.42,0.339,0.334,3.8,4.6,36.4,21.2,45.3,62.1,14.7,21,2.3,R,2550,11.3,94.3,1969,-12.7,-18.2,18.8,1.6,32,84.4,2338,-0.7,-42.8,6.1,1.6,,,,,,,,,,,,,,,51.5,93.9,1952,-21,-24.7,22.5,1.5,,,,,,,,5.1,87.2,1488,-17.6,-31.2,19.1,1.5,,,,,,,,,,,,,,,,,,,,,,,,,,,,,,,,,,,
"Tonkin, Michael",543859,2017,27,16,21,97,24.7,12.4,0.229,0.441,0.379,0.341,0,5,35,27.6,49.4,36.7,31.7,21.7,10,R,397,50.6,94.1,2379,-11.3,-14.2,20.7,1.3,29.5,83.1,2256,4.4,-39.5,6.1,1.3,,,,,,,,,,,,,,,14.9,94.1,2365,-19.7,-20.6,22.5,1.4,5,90.1,2158,-1.8,-22.2,12.1,1.3,,,,,,,,,,,,,,,,,,,,,,,,,,,,,,,,,,,,,,,,,,
"Fiers, Mike",571666,2017,32,29,153.1,670,21.8,9.3,0.256,0.445,0.354,0.34,5.1,6.2,32.8,21.3,46.2,43.2,25.2,24.5,7.1,R,2628,32.8,89.5,2258,-7.3,-15.9,20,1.6,5.5,82.2,2317,3.4,-35.3,7.6,1.9,18.1,82.5,1769,-16.6,-34.9,18.1,1.4,19.3,73.9,2770,10.1,-70.4,21.2,1.8,20.4,89.5,2162,-14.4,-19.7,20.7,1.3,3.9,86.7,2356,3.1,-24.1,12.8,1.6,,,,,,,,,,,,,,,,,,,,,,,,,,,,,,,,,,,,,,,,,,
"Gray, Sonny",543243,2017,27,27,162.1,678,22.6,8.4,0.245,0.404,0.29,0.31,4.7,6.5,38.6,27.2,46.6,54,17,24.7,4.3,R,2661,29.6,93.4,2474,-2.8,-16.9,15,1.3,16.3,85.2,2839,6.9,-43.2,9.4,1.4,3.9,89,1826,-11.3,-25.8,14.8,1.5,13.6,81.1,2896,14,-53.3,17.7,1.7,36.5,91.7,2052,-12.4,-23.2,15.9,1.8,0.1,88.3,2674,4.8,-25.3,12.1,1.6,,,,,,,,,,,,,,,,,,,,,,,,,,,,,,,,,,,,,,,,,,
"Wood, Blake",502028,2017,31,72,74.1,332,25.3,9.9,0.249,0.356,0.334,0.301,0.9,4.2,31.9,28.5,43.4,53.3,17.3,25.7,3.7,R,1278,22.1,96.1,2242,-6.2,-12.5,18.8,1.1,34,89.7,2380,3.9,-28.5,7.6,1.4,0.1,90.6,2501,-4.8,-25.6,9.5,,,,,,,,,33.3,96.1,2192,-13.4,-14.2,20.9,1.1,,,,,,,,10.5,85.1,1274,-8,-33.4,10.4,1.6,,,,,,,,,,,,,,,,,,,,,,,,,,,,,,,,,,,
"Axford, John",446099,2017,34,22,21,109,19.3,15.6,0.261,0.409,0.385,0.355,5.8,5.8,31.9,20,40.2,50.7,14.5,29,5.8,R,471,32.1,95.1,2241,-4.4,-13.9,16.9,1.2,15.7,91.8,2325,2.6,-21.8,11.3,1.5,,,,,,,,16.3,78.8,2163,7.1,-58.8,15.7,1.4,35.9,95.2,2156,-14.1,-17.4,19.1,1.3,,,,,,,,,,,,,,,,,,,,,,,,,,,,,,,,,,,,,,,,,,,,,,,,,
"Albers, Andrew",452027,2017,31,9,41,177,20.9,5.6,0.266,0.405,0.312,0.315,3.9,0.8,29.7,17.2,52.3,34.4,28.9,28.1,8.6,L,723,24.9,88.4,2088,8.3,-15.5,22.1,1.2,19.4,78.4,2252,-2.5,-44.4,4.3,1.6,7.7,79.1,1249,11.9,-36.7,15.1,1.4,8.2,69.3,2247,-10,-67.3,12.8,1.4,39.8,87.6,1978,14.5,-20.7,21.6,1.5,,,,,,,,,,,,,,,,,,,,,,,,,,,,,,,,,,,,,,,,,,,,,,,,,
"Holmberg, David",571787,2017,25,37,57.2,272,12.1,12.5,0.3,0.551,0.374,0.399,7.5,5.5,36.2,17.7,40.5,44.2,20.1,28.6,7,L,1073,43.4,87.7,1972,9.9,-20.5,17.8,1.1,18,80.4,2088,-7.6,-38.3,9.3,1.4,19.8,81.7,1708,12.6,-32.6,15,1.3,14.4,73.1,2321,-13.5,-63.7,18.4,1.2,4.5,86.6,1852,14.9,-26.5,17.7,1.2,,,,,,,,,,,,,,,,,,,,,,,,,,,,,,,,,,,,,,,,,,,,,,,,,
"Holland, Derek",502706,2017,30,29,135,626,16.6,12,0.287,0.51,0.388,0.383,6.8,5.7,39.5,18.8,41.2,38.6,27.6,27.4,6.4,L,2458,19,91.3,2240,8.1,-17.3,18.2,1.5,12,81.1,2102,-1.7,-36.9,7.8,1.2,10.4,83.1,1978,9.9,-26,18.2,1.7,22.5,78,1994,-4.3,-44.4,6.4,1.4,36.1,91,2167,13.5,-21.2,18.7,1.4,,,,,,,,,,,,,,,,,,,,,,,,,,,,,,,,,,,,,,,,,,,,,,,,,
"Albers, Matt",458006,2017,34,63,61,233,27,7.3,0.19,0.283,0.232,0.248,3.4,4.7,21.9,22.9,43.9,51.7,16.8,22.8,8.7,R,954,37.2,93.4,2093,-13.2,-17.2,19.5,1.5,26.4,86.8,2306,3.8,-27.8,10,1.8,6,84.5,1724,-11.1,-32.7,13.1,2.2,0.1,77.2,2256,11.7,-46.4,11.7,,30.3,92.9,2035,-17.4,-24.1,19.1,1.5,,,,,,,,,,,,,,,,,,,,,,,,,,,,,,,,,,,,,,,,,,,,,,,,,
"Pérez, Oliver",424144,2017,35,50,33,143,27.3,8.4,0.227,0.406,0.327,0.311,6.8,5.7,29.9,24.3,45,31.8,26.1,27.3,14.8,L,600,31.3,92.9,2179,13.6,-15.1,21.9,1.5,42.7,79.6,2110,-13.6,-42.3,14.3,1.3,,,,,,,,,,,,,,,26,92.5,2099,18.2,-21.5,21.4,1.5,,,,,,,,,,,,,,,,,,,,,,,,,,,,,,,,,,,,,,,,,,,,,,,,,
"Ross, Joe",605452,2017,24,13,73.2,322,21.1,6.2,0.285,0.488,0.364,0.348,5.2,5.6,37.6,23.2,47.3,40.8,22.3,29.2,7.7,R,1181,3.6,91.9,1979,-6.6,-15.6,18.2,1.6,37.4,84.9,1833,2.6,-29.9,9.3,2.2,8.1,84.8,1727,-11.7,-27.5,16,1.3,,,,,,,,50.9,91.5,1971,-13.2,-21.3,17.8,1.7,,,,,,,,,,,,,,,,,,,,,,,,,,,,,,,,,,,,,,,,,,,,,,,,,
"Pagán, Emilio",641941,2017,26,34,50.1,196,28.6,4.1,0.192,0.319,0.26,0.239,3.1,2.3,30.5,27.6,54,22.9,39.7,25.2,12.2,R,716,64,93.7,2389,-8.4,-11.9,20.9,1.3,,,,,,,,2.2,84.7,2038,-14.8,-23.2,20.8,1.4,,,,,,,,4.7,93.5,2404,-13.6,-17.8,18.9,1.6,29.1,84.2,2425,2.9,-37.2,5.1,1.4,,,,,,,,,,,,,,,,,,,,,,,,,,,,,,,,,,,,,,,,,,
"Blach, Ty",621389,2017,26,34,163.2,692,10.5,6.2,0.289,0.447,0.326,0.336,7,5.7,33,15.4,45.8,47.8,18.4,27.1,6.6,L,2512,6.5,89.7,2093,9.4,-21.4,17.4,1.4,5.8,79.3,2315,-0.1,-44.8,4.3,1.4,23.6,80.3,1990,18.2,-32.5,22.6,1.1,10.5,76.4,2183,-3.8,-56.7,8.5,1.6,53.5,90.1,2105,16.3,-19.8,22.9,1.1,,,,,,,,,,,,,,,,,,,,,,,,,,,,,,,,,,,,,,,,,,,,,,,,,
"Syndergaard, Noah",592789,2017,24,7,30.1,124,27.4,2.4,0.244,0.341,0.246,0.263,2.3,5.8,31.8,29.6,50.1,58.1,17.4,23.3,1.2,R,457,17.9,98.6,2148,-9.5,-10,21.1,1.3,19.7,92.3,2075,1.2,-23.7,9,1.5,18.6,90.2,1749,-17.3,-23.2,20.6,1.4,10.5,84.4,2214,7.1,-39,7.5,1.6,33.3,98,2134,-16.1,-14.7,21.6,1.4,,,,,,,,,,,,,,,,,,,,,,,,,,,,,,,,,,,,,,,,,,,,,,,,,
"Adleman, Tim",534947,2017,29,30,122.1,531,20.3,9.6,0.244,0.46,0.365,0.337,7.1,4.9,32.7,24.6,47.2,36.1,29.8,24.6,9.6,R,2078,55.1,90,2247,-6.7,-14.3,20.8,1.4,,,,,,,,20,84.2,1587,-12.4,-26.8,17.2,1.4,15.2,74.1,1968,10.6,-55.3,12.2,1.4,9.7,90,2161,-13.6,-20.4,19,1.5,,,,,,,,,,,,,,,,,,,,,,,,,,,,,,,,,,,,,,,,,,,,,,,,,
"Bowman, Matt",621199,2017,26,75,58.2,247,18.6,7.3,0.231,0.337,0.285,0.279,2.2,6.7,28.8,23.1,46.2,56.2,23,17.4,3.4,R,974,3.3,91.7,2048,-8.9,-18.6,17.2,1.2,12,86.4,2332,5.8,-30.6,10.6,1.8,,,,,,,,,,,,,,,60.5,90.9,2021,-16.5,-24.3,19.3,1.1,,,,,,,,24.2,80.2,1154,-9.4,-39.7,11.6,1.5,,,,,,,,,,,,,,,,,,,,,,,,,,,,,,,,,,,
"Oh, Seunghwan",493200,2017,34,62,59.1,264,20.5,5.7,0.245,0.425,0.324,0.297,4.2,5.2,28.1,27,54.3,30.2,32.3,25.5,12,R,1029,60.9,93,2264,-7.5,-14.6,19.8,1.2,3.8,81.7,2182,1.4,-38.1,6.2,1.3,7.5,84.4,1681,-14.2,-26.8,19.5,2.4,1.8,75,2536,4.9,-59.5,10.3,1.7,0.3,92.8,2353,-13.2,-20.6,17.9,1.4,25.7,86,2228,0.6,-31.5,7.3,1.6,,,,,,,,,,,,,,,,,,,,,,,,,,,,,,,,,,,,,,,,,,
"Hendriks, Liam",521230,2017,28,70,64,273,28.6,8.4,0.223,0.403,0.288,0.298,8.1,4.1,38.4,27.3,50.4,41.3,25,25.6,8.1,R,1161,64.3,94.9,2245,-6.9,-11.8,20,1.1,22,87.3,2049,3.3,-30.3,6.8,1.2,0.4,88.2,1858,-13.8,-19,21.6,1.5,3.4,79,1911,4.2,-52.5,9.9,1.9,9.9,94.1,2144,-13.1,-16.7,19.3,1.2,,,,,,,,,,,,,,,,,,,,,,,,,,,,,,,,,,,,,,,,,,,,,,,,,
"Dull, Ryan",623430,2017,27,49,42,177,25.4,9,0.223,0.378,0.312,0.299,3.5,6.2,33,29.2,45.8,40.7,26.5,22.1,10.6,R,729,49.4,91.3,2405,-5.6,-18.2,16.7,1.4,40.6,81.8,2516,7,-41.5,8.1,1.8,10,85.3,1328,-7.2,-34.8,9.3,1.3,,,,,,,,,,,,,,,,,,,,,,,,,,,,,,,,,,,,,,,,,,,,,,,,,,,,,,,,,,,,,,,
"Diaz, Jumbo",471822,2017,33,31,30,136,20.6,11,0.223,0.379,0.338,0.306,6.5,3.2,35.2,25.6,49.2,35.5,20.4,23.7,20.4,R,538,37.4,97,2257,-6.3,-13.4,16.9,1.2,53,87.1,2357,6.4,-34.7,7.8,2.4,,,,,,,,,,,,,,,9.7,96.5,2201,-12.7,-17.6,17.5,1.7,,,,,,,,,,,,,,,,,,,,,,,,,,,,,,,,,,,,,,,,,,,,,,,,,
"Wainwright, Adam",425794,2017,35,24,123.1,546,17.6,8.2,0.275,0.412,0.34,0.327,3.8,6.3,33.8,17.8,44.3,49.8,17.3,29.3,3.8,R,2126,19.3,90.1,2200,-4.7,-18.8,15.8,1.8,,,,,,,,4.1,81.4,1788,-13.8,-31.8,17.3,2.2,26.2,72.5,2643,15.7,-67.6,20.6,3.3,26.8,89.7,2174,-13.7,-22.8,17.9,2.4,23.6,84.2,2377,5.5,-32.6,9.2,2.6,,,,,,,,,,,,,,,,,,,,,,,,,,,,,,,,,,,,,,,,,,
"Richard, Clayton",453385,2017,33,32,197.1,858,17.6,6.9,0.278,0.412,0.357,0.325,3.4,5.9,33.3,19.6,48.5,60.5,13.3,23.8,2.5,L,3012,33,90.8,2117,15.2,-25.2,18.3,1.5,20.3,81.5,2211,-1.8,-44.2,6.6,2.5,11,83.7,1848,14.6,-37.4,15.7,2,,,,,,,,35.8,90.1,2064,14.6,-34.1,14.9,1.3,,,,,,,,,,,,,,,,,,,,,,,,,,,,,,,,,,,,,,,,,,,,,,,,,
"Jiménez, Ubaldo",434622,2017,33,31,142.2,648,21.5,9,0.28,0.482,0.379,0.358,6.3,2.9,39.5,21,42.8,43.7,21.1,26.7,8.5,R,2581,18.9,90.8,2224,-8.4,-15.5,20.3,1.7,20,82.4,2395,7.6,-36.5,10.7,1.9,,,,,,,,4.3,74.9,2638,12.3,-59,14.8,1.7,35.9,90.4,2139,-15.4,-19.5,21.4,1.5,0.8,89.3,2309,2.8,-17.9,17.6,1.4,20.1,83.9,1332,-12,-32.9,14.9,1.9,,,,,,,,,,,,,,,,,,,,,,,,,,,,,,,,,,,
"Zimmermann, Jordan",519455,2017,31,29,160,713,14.4,6.2,0.294,0.512,0.372,0.362,7.2,2.7,35.4,17.9,49.3,34.7,26.5,29.9,8.9,R,2640,44.5,92.2,2351,-8,-15.5,19,1,24.3,87,2362,2.8,-29.4,8.4,1.1,6.1,86.3,2245,-14.9,-28.2,17.6,1,15.6,80.8,2431,4.7,-48.7,8.3,1.2,9.5,92.4,2280,-14.9,-20.5,19.3,0.9,,,,,,,,,,,,,,,,,,,,,,,,,,,,,,,,,,,,,,,,,,,,,,,,,
"Romo, Sergio",489265,2017,34,55,55.2,224,26.3,8.5,0.217,0.388,0.281,0.29,6.9,4.1,26.8,34.4,45.9,37.9,24.8,26.2,11,R,903,18.7,86.4,2292,-12.8,-23.4,19.1,1.3,58.4,77,2898,14.7,-39,17.9,1.7,7.2,80.6,1964,-18.5,-36.9,20.4,1.2,,,,,,,,15.7,85.8,2139,-20,-33.9,20.6,1.2,,,,,,,,,,,,,,,,,,,,,,,,,,,,,,,,,,,,,,,,,,,,,,,,,
"Edwards Jr., Carl",605218,2017,25,73,66.1,262,35.9,14.9,0.169,0.263,0.238,0.266,4,12,25.8,35.4,45.3,46.4,26.4,20.8,6.4,R,1124,69.9,95.2,2677,-0.7,-12.4,17.6,1.2,,,,,,,,,,,,,,,30,81.4,2500,8.8,-50.5,13.1,1.3,0.1,91.1,1708,-13.9,-23.2,16.8,,,,,,,,,,,,,,,,,,,,,,,,,,,,,,,,,,,,,,,,,,,,,,,,,,
"Garza, Matt",490063,2017,33,24,114.2,504,15.7,8.9,0.27,0.423,0.336,0.328,5,5.3,31.7,18.1,48.1,42.5,23.5,25.3,8.7,R,1910,43.6,92,2003,-6.8,-14.5,19.1,1.3,23.2,82.4,2031,4.5,-37.4,7.1,1.4,5.8,84.1,1413,-9.7,-23.8,18.2,1.7,10.5,73.9,2254,9.5,-63.2,15.5,1.8,17,91.5,1969,-14.1,-17.8,20.6,1.4,,,,,,,,,,,,,,,,,,,,,,,,,,,,,,,,,,,,,,,,,,,,,,,,,
"Fields, Josh",451661,2017,31,57,57,223,26.9,6.7,0.208,0.382,0.267,0.28,9.5,2,39.5,26.3,57.2,29.9,33.3,25.9,10.9,R,890,78.9,95.5,2234,-3.4,-8.6,22,1.2,,,,,,,,2.5,80.8,1566,-10.8,-32.9,15.2,1.7,18.7,79.4,2036,6.8,-53.7,12.1,2.5,,,,,,,,,,,,,,,,,,,,,,,,,,,,,,,,,,,,,,,,,,,,,,,,,,,,,,,,
"Bolsinger, Mike",502211,2017,29,11,41.1,196,19.9,13.8,0.26,0.463,0.392,0.363,3.9,3.1,40.2,20.4,42.1,51.2,18.1,21.3,9.4,R,755,13.6,90,2109,-10.9,-21.3,17,1.5,15.6,80.9,2492,9.2,-43.1,9.6,1.3,2.8,82.7,1573,-9.5,-30.3,14.7,1.3,33.1,79.8,2399,4.3,-54.6,12.1,1.6,,,,,,,,34.8,88.7,2118,-0.5,-18.4,16.5,1.8,,,,,,,,,,,,,,,,,,,,,,,,,,,,,,,,,,,,,,,,,,
"Altavilla, Dan",656186,2017,24,41,46.2,203,25.6,9.9,0.233,0.454,0.322,0.325,10.8,3.8,38.5,29.5,46.7,38.5,26.2,22.3,13.1,R,764,59.7,96.8,2393,-12.2,-13.8,20.7,1.6,37.3,87.8,2753,7.6,-32.8,9.7,2,,,,,,,,,,,,,,,3,95.6,2348,-18.7,-24.5,19.9,1.8,,,,,,,,,,,,,,,,,,,,,,,,,,,,,,,,,,,,,,,,,,,,,,,,,
"Gray, Jon",592351,2017,25,20,110.1,461,24.3,6.5,0.252,0.378,0.309,0.3,6.9,5.4,31.8,22.4,44.2,48.6,16.4,28.7,6.3,R,1830,56.2,96,2064,-9,-13.6,18.7,1.3,27.5,89.7,2207,2.2,-25.7,9,1.4,2.2,88.6,1798,-8.5,-21.9,15.4,2.2,13.8,80.1,2527,7.4,-49.2,10.9,1.5,0.4,95.5,2017,-19.9,-19.6,22.5,1.5,,,,,,,,,,,,,,,,,,,,,,,,,,,,,,,,,,,,,,,,,,,,,,,,,
"Chapman, Aroldis",547973,2017,29,52,50.1,209,33,9.6,0.179,0.285,0.259,0.247,6,5.1,23.9,30,50.8,47.9,21.4,21.4,9.4,L,869,76.9,100,2494,5.5,-8,20.2,1.7,19.7,87.7,2399,-9.8,-25.5,14.8,1.8,3.5,88.7,1988,13.1,-20.7,18.9,1.4,,,,,,,,,,,,,,,,,,,,,,,,,,,,,,,,,,,,,,,,,,,,,,,,,,,,,,,,,,,,,,,
"Kela, Keone",605309,2017,24,39,38.2,151,33.8,11.3,0.166,0.319,0.218,0.259,8.5,4.9,26.8,28.7,42.5,31.7,28,18.3,22,R,612,58.2,96.3,2254,-4,-11,19,1.5,,,,,,,,1.3,89.8,1754,-10.1,-18.4,18.7,1.7,40.5,82.9,2360,1.2,-45.3,6.4,1.8,,,,,,,,,,,,,,,,,,,,,,,,,,,,,,,,,,,,,,,,,,,,,,,,,,,,,,,,
"Collmenter, Josh",518567,2017,31,11,17,87,20.7,6.9,0.277,0.594,0.454,0.375,4.8,3.2,27.1,22.8,45.6,36.5,36.5,20.6,6.3,R,306,2,84.1,1939,-4.2,-23.3,16.6,1.4,,,,,,,,34,76.9,1672,-6.8,-29.9,20.2,1.6,11.8,69.8,2090,-1.6,-70.6,12,1.6,,,,,,,,52.3,84.6,1982,4.9,-21.9,18.8,1.5,,,,,,,,,,,,,,,,,,,,,,,,,,,,,,,,,,,,,,,,,,
"Rodriguez, Eduardo",593958,2017,24,25,137.1,582,25.8,8.6,0.229,0.412,0.315,0.309,5.8,5.8,31.3,26.3,47.2,35.8,30.8,24.9,8.5,L,2459,61.2,93.2,2186,9,-16,18.6,1.4,7.9,83,2179,-3.1,-35.9,6.5,1.4,18,86.2,1970,17,-28.8,19.3,1.6,,,,,,,,4.6,92.4,2181,15.6,-22.2,18.9,1.5,8.4,87.5,2201,-2,-27.2,9.8,1.6,,,,,,,,,,,,,,,,,,,,,,,,,,,,,,,,,,,,,,,,,,
"Kimbrel, Craig",518886,2017,29,67,69,254,49.6,5.5,0.163,0.319,0.199,0.236,8.2,1.8,45.5,42.7,48.8,37.3,32.7,21.8,8.2,R,1146,68.3,98.3,2428,-11.7,-12.7,19.8,1,,,,,,,,,,,,,,,31.4,87.3,2591,8.9,-45.6,13.2,1.3,0.3,98,2449,-17.5,-21.2,19,1.4,,,,,,,,,,,,,,,,,,,,,,,,,,,,,,,,,,,,,,,,,,,,,,,,,
"Harvey, Matt",518774,2017,28,19,92.2,431,15.5,10.9,0.278,0.493,0.377,0.369,5.8,6.1,34.4,18.5,46.2,45.7,24.4,24.1,5.8,R,1673,28.9,94,2182,-10.5,-14,20.8,1.6,22.4,88.6,2251,-0.6,-26.9,9.2,1.9,12.5,86.3,1804,-17.3,-28,20,2.1,7.1,81,2307,0,-46.7,5.7,2.5,29.2,93.9,2159,-15.9,-17.4,21.5,1.5,,,,,,,,,,,,,,,,,,,,,,,,,,,,,,,,,,,,,,,,,,,,,,,,,
"Pivetta, Nick",601713,2017,24,26,133,584,24,9.8,0.255,0.437,0.358,0.335,6.5,3.9,37.2,22.1,45.8,45.2,23.2,25.6,6,R,2438,53.9,94.5,2267,-7.2,-11.3,20.6,1.5,15.1,83.1,2489,8,-37.6,9.9,2.8,4.1,86.5,1771,-12.4,-24.9,17.5,1.6,14.8,79.5,2829,13.5,-53.3,17,2.2,12.1,93.8,2246,-15,-15.9,21.4,1.8,,,,,,,,,,,,,,,,,,,,,,,,,,,,,,,,,,,,,,,,,,,,,,,,,
"McGee, Jake",459429,2017,30,62,57.1,229,25.3,7,0.223,0.358,0.272,0.277,7.8,5.8,34.6,20.6,50.3,40.3,25.3,25.3,9.1,L,941,92.6,94.9,2248,10,-12.9,20.7,1.7,6.5,79,2068,-2.4,-45.4,7.3,2.3,,,,,,,,,,,,,,,1,95.2,2226,16.6,-16,22.1,1.6,,,,,,,,,,,,,,,,,,,,,,,,,,,,,,,,,,,,,,,,,,,,,,,,,
"Minaya, Juan",573668,2017,26,40,43.2,184,27.7,10.9,0.229,0.386,0.331,0.317,6.4,0.9,31.2,27,46.7,33.9,31.2,24.8,10.1,R,805,45.6,94.2,2325,-8.6,-13.5,19.2,1,14,86.7,2260,0.1,-28.8,8.8,1.5,3.5,88.4,1787,-13.3,-30.4,15.4,1.5,20,82.6,2320,3.5,-40.3,5.4,1.3,16.6,94.4,2330,-12.3,-16.7,18.3,1.1,0.2,92.5,2289,2.8,-17.5,13.9,1.4,,,,,,,,,,,,,,,,,,,,,,,,,,,,,,,,,,,,,,,,,,
"Tomlin, Josh",458708,2017,32,26,141,585,18.6,2.4,0.3,0.511,0.34,0.351,6.3,2.2,36.6,19.5,48.9,41.5,22.5,29.5,6.6,R,2078,18.7,87.8,2284,-8.3,-19.8,18.9,1.4,,,,,,,,7.3,83.8,1852,-12.8,-28.4,18,1.7,24.1,74.4,2739,9.6,-63.8,15.2,1.3,15.9,87.7,2265,-13.8,-22.8,19.8,1.2,34,85.5,2572,3.3,-26,13.4,1.3,,,,,,,,,,,,,,,,,,,,,,,,,,,,,,,,,,,,,,,,,,
"Schugel, A.J.",519263,2017,28,32,32,136,19.9,10.3,0.234,0.393,0.31,0.307,5.3,5.3,38.7,19.3,46,53.7,20,24.2,2.1,R,478,8.6,91.9,2139,-10,-15.4,20.8,1.2,,,,,,,,37.9,81.1,1842,-16.9,-39.1,17.7,1.1,5.2,76.1,2443,9.4,-61.6,15.1,1.4,48.3,91.8,2149,-15.1,-18.5,21.5,1.1,,,,,,,,,,,,,,,,,,,,,,,,,,,,,,,,,,,,,,,,,,,,,,,,,
"Vargas, Jason",450306,2017,34,32,179.2,756,17.7,7.7,0.256,0.435,0.326,0.325,7.2,3.9,32.7,23.5,43.4,40.8,22.4,27.5,9.3,L,2919,2.6,85.7,2229,2.1,-20.8,16.6,1.5,,,,,,,,32.4,79.5,2278,12.4,-31.8,17.4,1.3,20.3,72.1,2491,-13.8,-65.3,17.7,1.6,44.7,85.6,2195,10.2,-23.2,17.8,1.4,,,,,,,,,,,,,,,,,,,,,,,,,,,,,,,,,,,,,,,,,,,,,,,,,
"Feldman, Scott",444857,2017,34,21,111.1,472,19.7,7.4,0.278,0.46,0.347,0.344,3.8,7.1,27.9,20.4,43.6,45.6,20.4,29.9,4.1,R,1904,6.1,89.1,2160,-8.2,-20.2,16.8,1.7,,,,,,,,4.1,81.7,1953,-15.7,-31.8,18.7,1.7,26.5,75.5,2505,14.1,-51.4,14.9,2.4,29.3,89.4,2117,-14,-24.4,17.6,1.7,34,88.3,2251,1.5,-23,12.7,1.9,,,,,,,,,,,,,,,,,,,,,,,,,,,,,,,,,,,,,,,,,,
"Norris, Bud",502032,2017,32,60,62,267,27.7,10.1,0.232,0.361,0.301,0.298,2.5,1.8,33.7,30,46.2,44.8,19,29.4,6.7,R,1092,24.4,94.1,2422,-7.3,-13.5,19.3,1.1,20.4,84.9,2670,4.3,-41.4,6.4,1.6,0.2,87.5,1945,-12.3,-26.7,16.2,1.5,,,,,,,,20.5,94.2,2380,-14.6,-17.4,20.3,1.4,34.5,89.9,2527,3.7,-27.1,8.5,1.2,,,,,,,,,,,,,,,,,,,,,,,,,,,,,,,,,,,,,,,,,,
"Quackenbush, Kevin",534812,2017,28,20,26.1,125,18.4,12.8,0.24,0.407,0.374,0.333,5.9,3.5,29.4,19.8,42.5,47.1,20,25.9,7.1,R,510,59,90.5,2082,-7,-18.6,17.5,1,16.5,83.1,1949,1.8,-40,4.8,1.4,,,,,,,,24.5,77.4,1956,5.3,-61.9,15.7,1.3,,,,,,,,,,,,,,,,,,,,,,,,,,,,,,,,,,,,,,,,,,,,,,,,,,,,,,,,
"Vázquez, Felipe",553878,2017,25,73,75.1,300,29.3,6.7,0.195,0.293,0.215,0.247,2.7,7.4,27.2,31.9,51.3,53.2,20.7,20.7,5.3,L,1144,60.6,98.4,2465,6.4,-13.2,17.2,1.8,8.5,85.8,2733,-16,-31.6,18,1.9,20.3,88.4,1960,12,-32.4,12.9,1.6,10.2,82.1,2765,-14.6,-46.3,15.5,1.8,0.4,98.3,2486,16.3,-22.6,17.6,1.5,,,,,,,,,,,,,,,,,,,,,,,,,,,,,,,,,,,,,,,,,,,,,,,,,
"Colomé, Alex",517008,2017,28,65,66.2,281,20.6,8.2,0.214,0.342,0.268,0.271,5.6,5.1,35,26,47.9,50.3,22.3,18.8,8.6,R,995,32.5,95.2,2121,-5.4,-11.8,19.8,0.9,,,,,,,,4.6,90.7,2146,-7.8,-24.7,12.1,1.2,,,,,,,,,,,,,,,62.9,89.5,2116,1.1,-27.5,8.1,1.3,,,,,,,,,,,,,,,,,,,,,,,,,,,,,,,,,,,,,,,,,,
"Chafin, Andrew",605177,2017,27,71,51.1,221,27.6,9.5,0.235,0.373,0.301,0.301,5.8,3.6,33.1,26.7,43.9,57.7,13.9,25.5,2.9,L,876,20.1,93.5,2132,9.2,-16.1,17.9,1.3,38.5,82.5,2291,-1.9,-41.3,4.5,1.5,0.5,85.9,1851,14,-24.9,18.6,1.5,,,,,,,,41,93.5,2121,14,-20.2,17.9,1.2,,,,,,,,,,,,,,,,,,,,,,,,,,,,,,,,,,,,,,,,,,,,,,,,,
"Ellington, Brian",623395,2017,26,42,44.2,219,21.9,16,0.233,0.394,0.381,0.345,7.7,0.8,36.2,29.1,48.7,37.7,33.1,20.8,8.5,R,928,63.7,98.2,2488,-9.8,-11.1,20.5,1.4,,,,,,,,9.1,89,2229,-14.7,-21.5,20.7,1.4,15.3,87.5,2663,6.1,-34.5,7.5,1.8,12,98.8,2520,-14.9,-16,19.5,1.1,,,,,,,,,,,,,,,,,,,,,,,,,,,,,,,,,,,,,,,,,,,,,,,,,
"Hoffman, Jeff",656546,2017,24,23,99.1,440,18.6,9.1,0.249,0.446,0.351,0.331,6.7,4.1,35.7,19.3,45.3,42,26.1,25.5,6.4,R,1609,65.5,94.4,2394,-8.5,-13.5,19.3,1.6,8.9,82.7,2725,5.1,-44.3,8.1,1.5,6,86.8,2113,-10.3,-23.2,17.2,1.5,18.1,76.8,2728,11.4,-59.2,17.4,1.8,1.4,94.6,2385,-18,-14.5,24.1,1.4,,,,,,,,,,,,,,,,,,,,,,,,,,,,,,,,,,,,,,,,,,,,,,,,,
"Hendricks, Kyle",543294,2017,27,24,139.2,570,21.6,7,0.251,0.39,0.291,0.303,4.4,7.4,29.3,20.9,42.8,52.1,17.3,25.2,5.4,R,2265,23.4,86,2018,-3.7,-20.4,17.3,1.3,,,,,,,,27.9,78.8,2087,-9.4,-31.8,16.5,1,7.9,72.2,2765,13.9,-63.2,16.7,1.5,39.6,85.7,1933,-12.1,-25.4,17.2,1.2,1.1,85.9,2050,3.8,-19.6,18.3,1.5,,,,,,,,,,,,,,,,,,,,,,,,,,,,,,,,,,,,,,,,,,
"Rowley, Chris",635903,2017,26,6,18.2,89,12.4,11.2,0.266,0.46,0.395,0.35,4.4,4.4,29.4,27.6,49.2,41.2,26.5,22.1,10.3,R,307,3.3,89.3,2482,-8.8,-17.3,19.4,1.6,20.5,82.7,2460,1.4,-35.8,5.9,1.5,23.1,81.7,2001,-15.8,-26.2,21.9,1.4,0.7,78.1,2361,8.6,-40.6,10.6,1.4,52.4,89.1,2406,-16.6,-24.4,19.9,1.3,,,,,,,,,,,,,,,,,,,,,,,,,,,,,,,,,,,,,,,,,,,,,,,,,
"Busenitz, Alan",641427,2017,26,28,31.2,121,19,7.4,0.23,0.385,0.259,0.295,4.5,4.5,39.3,17.1,48.9,38.2,31.5,24.7,5.6,R,503,60.4,95.7,2487,-7.6,-11.7,20.8,1.2,,,,,,,,0.6,90.2,2117,-18.5,-23.4,21.5,1.4,29,83.2,2792,7,-47.3,10.3,2,9.9,95.8,2502,-14.3,-14.9,21.3,1.2,,,,,,,,,,,,,,,,,,,,,,,,,,,,,,,,,,,,,,,,,,,,,,,,,
"Pruitt, Austin",643493,2017,27,30,83,371,17.8,5.9,0.263,0.433,0.352,0.321,5.4,2.5,33.2,22.3,47.2,46,20.5,27.7,5.8,R,1327,35,91.6,2295,-4.4,-16.5,18,1,28.9,87.4,2642,1.6,-32.1,6.8,1.4,13.7,85.4,1863,-12.9,-30.4,15.7,1.1,15.2,81,2941,3.3,-55.8,12.6,1.7,7.2,91.6,2301,-12.8,-19.8,19.1,1.1,,,,,,,,,,,,,,,,,,,,,,,,,,,,,,,,,,,,,,,,,,,,,,,,,
"Hernandez, David",456696,2017,32,64,55,214,24.3,4.2,0.229,0.384,0.264,0.277,4.6,3.9,37.5,26.4,51.2,44.1,26.3,22.4,7.2,R,798,27.3,93.9,2359,-10.1,-13.9,20.6,1.2,,,,,,,,,,,,,,,23.4,81.2,2300,11.2,-43.3,12,1.5,24.6,93.4,2267,-15.3,-19.3,20.1,1.2,24.7,87.6,2289,-0.7,-30.5,7.1,1.5,,,,,,,,,,,,,,,,,,,,,,,,,,,,,,,,,,,,,,,,,,
"Peacock, Brad",502748,2017,29,34,132,546,29.5,10.4,0.195,0.313,0.274,0.268,4.3,6.5,28.3,29.9,43.3,43.7,21.8,25.2,9.2,R,2246,24.3,92.6,2328,-13.6,-16.8,20.8,1.2,,,,,,,,4.4,81.3,2002,-19.8,-36.1,21.1,2,7.1,77.5,2612,11.4,-61.4,18.4,1.7,27,91.8,2289,-18.9,-23.6,21.2,1.2,,,,,,,,,,,,,,,,,,,,,,37.1,81.5,2658,9.9,-36,12.7,1.6,,,,,,,,,,,,,,,,,,,,,
"Tepesch, Nick",519344,2017,28,4,15.2,80,11.3,11.3,0.352,0.752,0.454,0.492,6.8,8.5,44.1,14.4,44,37.3,32.2,22,8.5,R,300,29.3,89.1,2152,-3.5,-20.4,14.2,1.3,20.7,84.1,2148,2.7,-33.5,6.5,1.4,3,85.6,1705,-13,-26.3,17.1,1.4,18.7,78.5,2356,7.7,-56.5,14.3,1.2,28.3,89,2031,-12,-25.6,14.9,1.2,,,,,,,,,,,,,,,,,,,,,,,,,,,,,,,,,,,,,,,,,,,,,,,,,
"Bauer, Trevor",545333,2017,26,32,176.1,749,26.2,8,0.25,0.422,0.332,0.32,5.1,3.9,39.2,23.7,42.2,46.7,19.3,27.7,6.4,R,3145,37.3,94.1,2278,-9.7,-13.2,20.6,1.6,,,,,,,,7.6,86.8,1624,-14.5,-28.5,17,1.8,30.1,78.6,2548,7.9,-62.3,18,2.1,11.9,93.5,2257,-16.5,-17.6,21.8,1.5,13.1,86.4,2564,3.7,-33,7.7,2.3,,,,,,,,,,,,,,,,,,,,,,,,,,,,,,,,,,,,,,,,,,
"Montgomery, Mike",543557,2017,27,44,130.2,540,18.5,10.2,0.238,0.352,0.28,0.301,4.5,6.6,28.5,20.4,43.7,58.9,15.1,23.1,2.9,L,2074,53.2,92.3,1839,12.1,-20.5,17.2,1.3,,,,,,,,12,83.3,1763,16.1,-32.6,18,1.5,23.9,77.2,2335,-9,-55.2,13,1.5,,,,,,,,11,88.2,1959,4.1,-28.6,8.5,1.3,,,,,,,,,,,,,,,,,,,,,,,,,,,,,,,,,,,,,,,,,,
"Barrett, Jake",545332,2017,25,28,27,121,21.5,12.4,0.275,0.522,0.351,0.368,5,6.3,36.3,27,45.6,37.5,26.3,30,6.3,R,471,68.4,95.8,2198,-8.4,-14.6,18.2,1.2,26.8,86.6,2135,2.8,-36.4,4.9,1.9,,,,,,,,,,,,,,,0.2,96.2,2296,-12.5,-22,15.1,,,,,,,,,4.7,85.5,2001,-4.2,-36.5,6.4,1.6,,,,,,,,,,,,,,,,,,,,,,,,,,,,,,,,,,,
"Díaz, Miguel",622766,2017,22,31,41.2,192,17.2,13,0.243,0.459,0.39,0.355,4.6,3.8,31.3,21.4,43.4,41.2,25.2,24.4,9.2,R,773,19.7,95.9,2306,-8.6,-12.7,20.2,1.4,20.1,82.1,2482,7.6,-45.4,9.6,2.5,14.7,88.2,1852,-16.7,-27.5,19.5,1.4,,,,,,,,45.5,95.7,2253,-16.7,-16.6,22.3,1.4,,,,,,,,,,,,,,,,,,,,,,,,,,,,,,,,,,,,,,,,,,,,,,,,,
"Smith, Josh A.",595001,2017,29,26,35,151,16.6,9.9,0.268,0.447,0.338,0.343,7.2,3.6,35.1,18.1,44.2,45.9,16.2,31.5,6.3,R,578,31,91.6,2293,-6.1,-15.2,18.4,1.4,17.8,84.9,2495,2.1,-33.3,6.7,1.5,2.6,82.4,1898,-17.7,-32.8,19.5,1.5,15.4,79.2,2666,11.4,-49.7,12.8,1.6,9.3,90.4,2250,-12.7,-22.3,17.2,1.4,23.9,88.6,2483,1.9,-23.2,12.4,1.2,,,,,,,,,,,,,,,,,,,,,,,,,,,,,,,,,,,,,,,,,,
"Milner, Hoby",571948,2017,26,37,31.1,139,15.8,11.5,0.235,0.354,0.32,0.307,2.1,10.3,18.6,23,44.1,46.4,13.4,28.9,11.3,L,542,43.5,89,2010,17.4,-23.8,20.5,1.2,,,,,,,,11.1,80.8,1667,17.3,-36.9,18.1,1.4,,,,,,,,22.9,88.9,2001,17.1,-30.3,17.8,1.4,,,,,,,,,,,,,,,,,,,,,,22.5,76.1,1895,-11.9,-45.3,12.6,1.5,,,,,,,,,,,,,,,,,,,,,
"Maeda, Kenta",628317,2017,29,29,134.1,557,25.1,6.1,0.23,0.377,0.303,0.286,5.6,3.7,28.4,27,48.1,40.2,22.5,28.3,9,R,2174,34.2,92,2323,-7,-13.1,21.3,1.3,24.5,83.9,2399,4.2,-28.7,12.9,1.8,10.1,83.8,1850,-12.4,-28,17.4,1.6,14,75.1,2446,8.8,-60,14,2.1,8.6,90.4,2165,-15.4,-21.5,20.1,1.5,8.6,87.9,2273,0.8,-22.6,14.1,1.3,,,,,,,,,,,,,,,,,,,,,,,,,,,,,,,,,,,,,,,,,,
"Benoit, Joaquín",276542,2017,39,52,50.1,213,21.6,10.3,0.221,0.401,0.308,0.305,4.9,4.9,28.5,27.6,52.3,35.4,28.5,22.2,13.9,R,861,49.1,94.8,2249,-9.7,-13.1,20.7,1.2,12.5,87.4,2396,0.6,-29.4,8.2,1.7,27.9,84.5,1421,-13.6,-31.5,16.1,1.6,0.1,83.7,1498,-12.9,-37.6,13,,10.3,94.7,2225,-14.4,-17.2,20.2,1.3,,,,,,,,,,,,,,,,,,,,,,,,,,,,,,,,,,,,,,,,,,,,,,,,,
"Grimm, Justin",518748,2017,28,50,55.1,232,25.4,11.6,0.257,0.472,0.328,0.354,6.2,3.4,35.2,30.1,42,41.4,24.1,29,5.5,R,959,51.2,94.9,2192,-4.5,-10.2,20,1.1,1.7,87.3,2442,4.5,-31.6,6.9,1.8,,,,,,,,42,82.1,2205,9.7,-49.4,13.6,1.4,5.1,94.4,2175,-11.3,-13,20.4,1.3,,,,,,,,,,,,,,,,,,,,,,,,,,,,,,,,,,,,,,,,,,,,,,,,,
"Neverauskas, Dovydas",596720,2017,24,24,25.1,105,16.2,7.6,0.286,0.473,0.322,0.354,6.3,3.8,32.1,17.2,45.5,46.8,25.3,22.8,5.1,R,411,59.1,96.9,2178,-12.2,-11.3,21.8,1.4,,,,,,,,0.2,89.4,1783,-14.9,-24.5,17.8,,22.4,83.7,2915,7.2,-46,10.3,1.3,,,,,,,,18.2,90.8,2476,1.5,-24.2,9.5,1.3,,,,,,,,,,,,,,,,,,,,,,,,,,,,,,,,,,,,,,,,,,
"Flaherty, Jack",656427,2017,21,6,21.1,94,21.3,10.6,0.253,0.435,0.354,0.334,3.2,6.3,22.6,28.4,49.2,49.2,25.4,25.4,0,R,356,29.5,93.4,2217,-4.8,-14,17.5,1.3,25,84.5,2172,2.5,-33.5,6.5,1.5,5.9,87.4,1612,-13.6,-22.7,18.9,1.3,13.8,77.7,2571,10.8,-57.2,16.7,1.7,25.8,92.6,2107,-12.5,-18.6,17.8,1.4,,,,,,,,,,,,,,,,,,,,,,,,,,,,,,,,,,,,,,,,,,,,,,,,,
"Miller, Andrew",453192,2017,32,57,62.2,244,38.9,8.6,0.172,0.249,0.207,0.236,3.3,10.6,21.3,36.2,47.5,42.3,26,26.8,4.9,L,981,40.8,94,2066,8.2,-14.6,17.7,2,57.8,83.8,2622,-11.7,-39,12.2,1.4,,,,,,,,,,,,,,,1.4,96.3,2022,16.9,-20.4,19.1,1.5,,,,,,,,,,,,,,,,,,,,,,,,,,,,,,,,,,,,,,,,,,,,,,,,,
"Porcello, Rick",519144,2017,28,33,203.1,885,20.5,5.4,0.27,0.477,0.348,0.337,6.2,4.5,35.7,21.1,49.6,40,26,26.8,7.2,R,3368,33.3,92.1,2441,-9.6,-15.7,19.5,1.6,16.9,85.6,2497,2.8,-32.6,6.9,1.9,8.3,80.3,1621,-14.8,-34,17.5,1.6,15.5,74.7,2858,13.8,-62.6,18.1,2.2,25.9,89.7,2321,-16.2,-23.3,20,1.7,,,,,,,,,,,,,,,,,,,,,,,,,,,,,,,,,,,,,,,,,,,,,,,,,
"Hammel, Jason",434628,2017,34,32,180.1,804,18,6,0.278,0.475,0.329,0.345,7,4.3,33.9,21.5,48,38.2,28.6,25.4,7.8,R,3008,20.7,92.2,2198,-8.8,-14.6,19.6,1.1,36.9,84.9,2492,2.3,-38.1,4.9,1.5,3.6,85.1,1764,-16.4,-28.5,19.1,1,9.5,77.5,2267,8.4,-57,14.4,1.2,29.4,92.1,2165,-15.7,-19.5,20.1,1,,,,,,,,,,,,,,,,,,,,,,,,,,,,,,,,,,,,,,,,,,,,,,,,,
"González, Miguel",456068,2017,33,27,156,684,14.6,8,0.269,0.462,0.337,0.341,7.3,4.2,35.9,15.2,47.6,37.5,29.6,24.9,8,R,2526,26.2,90.9,2358,-9.3,-14.6,21.8,1.3,21.4,86.4,2454,0.1,-27.9,10.5,1.7,0.4,86.8,1822,-10.5,-31.1,13,1.6,16.7,77.4,2753,6.9,-54.1,10.3,2,23.4,91.3,2236,-17.2,-20.3,22,1.3,,,,,,,,11.7,84.5,1338,-14.1,-33.3,16.2,1.7,,,,,,,,,,,,,,,,,,,,,,,,,,,,,,,,,,,
"Tepera, Ryan",572193,2017,29,73,77.2,319,25.4,9.7,0.216,0.346,0.277,0.289,5,5,30.8,28.9,49.1,42.7,23.6,22.6,11.1,R,1256,29.4,95,2279,-10.1,-13.2,20.2,1.1,1,83,2296,6.8,-41.4,7.2,1.5,,,,,,,,,,,,,,,29.4,95,2279,-16.8,-17.4,21.6,1.1,40.3,88.6,2474,3,-30.1,6.6,1.3,,,,,,,,,,,,,,,,,,,,,,,,,,,,,,,,,,,,,,,,,,
"Hamels, Cole",430935,2017,33,24,148,614,17.1,8.6,0.251,0.427,0.301,0.327,5.8,4,36,21.5,46.8,48.1,22.5,24.3,5.2,L,2311,24.1,92.1,2033,8.6,-16.1,18.6,1.2,,,,,,,,20.7,83.1,1605,13.2,-30.3,16.7,1.3,12.9,79,2139,-5.3,-52.5,9.9,1.6,23.3,91.9,2059,14.8,-21.7,18.4,1.2,19,88.8,1965,1,-24.7,10.5,1.2,,,,,,,,,,,,,,,,,,,,,,,,,,,,,,,,,,,,,,,,,,
"Mejía, Adalberto",606167,2017,24,21,98,443,19.2,9.9,0.27,0.453,0.349,0.345,5.5,3.2,32.9,23.5,48.3,40.8,23,30.1,6.1,L,1742,43.5,92.6,2466,8.9,-13.5,21.3,1.5,23.2,84.1,2439,-3.6,-34.1,7.6,2.5,18,83.4,2035,14.9,-26.4,20.2,1.7,2.3,79.7,2327,-3.5,-42.1,6.1,1.6,12.9,91.8,2381,15.6,-20.3,20.6,1.6,,,,,,,,,,,,,,,,,,,,,,,,,,,,,,,,,,,,,,,,,,,,,,,,,
"Pérez, Martín",527048,2017,26,32,185,811,14.2,7.8,0.296,0.469,0.349,0.356,5.7,3.7,32.4,17.9,44.9,47.8,18.7,27.9,5.6,L,3088,23.3,93.2,2085,9.9,-16.4,18.8,1.4,9.6,84.4,2320,-4.4,-35.5,6.9,1.9,20.4,84.6,1780,14.6,-29.2,17.8,1.3,11.3,79.2,2569,-6.4,-49.4,8.5,1.7,35.4,93,2023,16.1,-22.3,19.1,1.7,,,,,,,,,,,,,,,,,,,,,,,,,,,,,,,,,,,,,,,,,,,,,,,,,
"Moore, Andrew",621058,2017,23,11,59,243,12.8,3.3,0.301,0.526,0.325,0.361,6.9,1.5,41.6,17.4,49.9,28.6,30,29.1,12.3,R,917,52.5,91,2209,-4.9,-11.6,21.8,1.5,13.1,81.8,2019,3.7,-36,6.7,1.6,18.6,81.5,1953,-10.2,-23.4,20.4,1.3,15.8,75.3,1964,1.4,-51.9,4.6,1.7,,,,,,,,,,,,,,,,,,,,,,,,,,,,,,,,,,,,,,,,,,,,,,,,,,,,,,,,
"Rodón, Carlos",607074,2017,24,12,69.1,297,25.6,10.4,0.245,0.403,0.331,0.32,4.8,4.8,41.7,25.4,44,44.9,22.5,28.3,4.3,L,1178,46.2,93.3,2168,7.2,-15.9,17.8,2.1,25.3,85.1,2450,-9.7,-37.2,10.7,2.2,13.8,83.5,1708,11.5,-32.3,14.2,1.9,,,,,,,,14.7,93.3,2120,14.8,-19.6,19.4,1.9,,,,,,,,,,,,,,,,,,,,,,,,,,,,,,,,,,,,,,,,,,,,,,,,,
"Suter, Brent",608718,2017,27,22,81.2,341,18.8,6.5,0.258,0.383,0.302,0.3,3.6,5.1,24.5,21.3,48.2,45.5,14.2,31.2,9.1,L,1282,66.9,85.8,2126,-1.7,-22.2,14.4,1.7,,,,,,,,11.5,80.3,1780,10.5,-27,18.4,1.5,18.1,74.2,2247,-9.6,-51.1,10.1,1.7,3.4,85.9,2114,8.9,-21.9,16.9,1.4,,,,,,,,,,,,,,,,,,,,,,,,,,,,,,,,,,,,,,,,,,,,,,,,,
"Dayton, Grant",594795,2017,29,29,23.2,102,19.6,11.8,0.204,0.388,0.312,0.295,5.7,2.9,34.3,23.2,48.6,32.9,37.1,15.7,14.3,L,406,81.8,91.3,2244,9.1,-12,23.2,1.3,,,,,,,,,,,,,,,16,75.6,2342,-0.9,-55,8,2.1,2.2,91.1,2276,13.4,-18.3,20.1,1.4,,,,,,,,,,,,,,,,,,,,,,,,,,,,,,,,,,,,,,,,,,,,,,,,,
"Wright Jr., Mike",605541,2017,27,13,25,109,25.7,6.4,0.267,0.455,0.35,0.338,7,1.4,39.4,24.6,45.8,43.7,15.5,31,9.9,R,417,29.7,94,2235,-10.8,-16.6,18.6,1.9,30.7,86.6,2304,1.8,-35.3,5,2.3,7.2,85.4,1824,-16.9,-29.6,19.3,2,0.7,77.9,2309,2.1,-48.8,4,1.6,31.4,93,2080,-17.1,-23.7,19.3,2,0.2,92.1,2336,2.2,-24.9,8.1,,,,,,,,,,,,,,,,,,,,,,,,,,,,,,,,,,,,,,,,,,,
"Richards, Garrett",572070,2017,29,6,27.2,108,25,6.5,0.223,0.349,0.22,0.274,6.8,9.5,28.8,27.3,48,55.4,13.5,27,4.1,R,426,37.6,95.7,2591,0.1,-18.6,11.8,1,33.1,89.1,2911,1.4,-40.2,5.8,1.4,,,,,,,,8.7,79.7,3186,8,-67.1,23.3,1.9,20.7,95.8,2587,-7.8,-19.6,13.6,1.2,,,,,,,,,,,,,,,,,,,,,,,,,,,,,,,,,,,,,,,,,,,,,,,,,
"Minor, Mike",501985,2017,29,65,77.2,307,28.7,7.2,0.184,0.289,0.252,0.234,6.1,5.6,30.3,27.2,49.9,43.4,25.5,17.9,13.3,L,1191,43.1,94.7,2605,3.9,-14.8,17,1.2,35.8,88.5,2664,-7.1,-28.7,10.8,1.2,10.2,86.7,2248,11.7,-24.6,17.5,1.4,7.8,82.5,2531,-8.7,-50.1,12.2,1.4,3.1,91.6,2498,10.7,-22,15.9,1.4,,,,,,,,,,,,,,,,,,,,,,,,,,,,,,,,,,,,,,,,,,,,,,,,,
"Wright, Steven",453214,2017,32,5,24,114,11.4,4.4,0.314,0.619,0.47,0.401,4.3,4.3,44.7,14.8,47.8,42.6,26.6,26.6,4.3,R,383,10.2,83.9,1890,-10.7,-24.6,19.2,2,,,,,,,,,,,,,,,9.9,64.5,1684,-0.5,-66.4,9,1.8,,,,,,,,,,,,,,,,,,,,,,79.9,73.6,1248,-2.3,-50.2,8,2.5,,,,,,,,,,,,,,,,,,,,,,,,,,,,
"Reed, Addison",592665,2017,28,77,76,306,24.8,4.9,0.246,0.421,0.275,0.299,6.1,2.3,36.4,25.8,56.1,40.7,27.6,22.9,8.9,R,1188,66.9,92.3,2160,-4,-14.9,17.7,1.4,33,85.3,2087,3.5,-32.9,6.6,1.7,0.1,86.3,1711,-11.1,-25.5,15.4,,,,,,,,,,,,,,,,,,,,,,,,,,,,,,,,,,,,,,,,,,,,,,,,,,,,,,,,,,,,,,,,
"Pazos, James",572021,2017,26,59,53.2,240,27.1,10,0.213,0.308,0.316,0.283,5.5,4.1,34.5,27.4,47.9,51.4,18.5,25.3,4.8,L,917,,,,,,,,25.5,81.7,2068,-4.2,-42.1,5.7,2,,,,,,,,,,,,,,,74.5,95.6,2041,14.9,-17.5,19.8,1.4,,,,,,,,,,,,,,,,,,,,,,,,,,,,,,,,,,,,,,,,,,,,,,,,,
"Miranda, Aríel",664641,2017,28,31,160,678,20.2,9.3,0.241,0.463,0.329,0.334,6.6,3.8,34,25.8,47.7,33.6,31.3,22.2,12.9,L,2662,57.7,92.1,2411,12.8,-13.5,23.7,1.4,25.6,80.6,1319,8.1,-34.5,13.2,1.4,,,,,,,,,,,,,,,,,,,,,,,,,,,,,16.7,83.8,2101,14.6,-24.1,22.1,1.2,,,,,,,,,,,,,,,,,,,,,,,,,,,,,,,,,,,
"Devenski, Chris",606965,2017,26,62,80.2,316,31.6,8.2,0.184,0.337,0.251,0.257,6.4,4.3,26.1,36.2,49.1,41,27.1,20.7,11.2,R,1269,39.7,94,2369,-13.2,-13.9,22.7,1.3,22.5,82.8,2358,3.7,-38.8,7.3,2,37.8,83,1495,-15.4,-36.3,16.3,1.4,,,,,,,,,,,,,,,,,,,,,,,,,,,,,,,,,,,,,,,,,,,,,,,,,,,,,,,,,,,,,,,
"Johnson, Brian",598271,2017,26,5,27,121,17.4,6.6,0.287,0.543,0.344,0.367,5.4,7.6,33.7,16.9,48.9,38,32.6,21.7,7.6,L,448,55.6,87.4,2088,3.4,-18.3,17.8,1.8,10.9,79.8,2230,-5.9,-36.3,10.9,1.6,4.5,78.5,1628,5.4,-28.2,17.1,1.5,28.3,73.3,2415,-9.7,-65.4,16.5,1.5,0.7,87.9,2198,12.8,-20.3,19.5,1.6,,,,,,,,,,,,,,,,,,,,,,,,,,,,,,,,,,,,,,,,,,,,,,,,,
"Fister, Doug",450729,2017,33,18,90.1,392,21.2,9.7,0.246,0.38,0.312,0.31,6.3,7.1,34.8,19.3,41.9,53,18.7,23.5,4.9,R,1529,0.7,88.3,2064,-6.6,-19.9,16.6,1.5,,,,,,,,7,82.6,1773,-14.8,-31.4,17.1,1.4,16.7,73.4,2114,7,-63.6,14,1.3,59.2,89.8,2007,-15.1,-22.9,18.7,1.5,16.4,85.1,2155,2.6,-31.2,7.3,1.7,,,,,,,,,,,,,,,,,,,,,,,,,,,,,,,,,,,,,,,,,,
"Merritt, Ryan",607320,2017,25,5,20.2,89,7.9,4.5,0.311,0.372,0.307,0.318,2.6,10.3,29.5,12.5,45,55.1,9,29.5,6.4,L,319,22.6,87.3,1838,11.3,-19,20.8,1.6,,,,,,,,25.4,81.7,1416,13.6,-29,18.6,1.3,16.3,72.1,1963,-6.5,-53.4,7.6,1.5,,,,,,,,35.7,85.2,1808,2.3,-23.7,15.1,1.4,,,,,,,,,,,,,,,,,,,,,,,,,,,,,,,,,,,,,,,,,,
"Lugo, Seth",607625,2017,27,19,101.1,436,19.5,5.7,0.268,0.437,0.327,0.326,5.9,4.3,35.5,20.5,47.3,42.6,24.7,26.9,5.9,R,1634,22.3,91.9,2249,-9.7,-15.3,20.1,1.7,15,85.7,2319,1,-30.1,8.3,2.1,16.9,85.9,1875,-14.7,-26.3,19,2.6,17.4,76.3,3064,12.1,-61.8,18.3,2.5,26.3,91.1,2247,-17.4,-21.3,21.3,1.5,2.1,88.5,2167,-2.8,-19.9,15.8,1.3,,,,,,,,,,,,,,,,,,,,,,,,,,,,,,,,,,,,,,,,,,
"Paulino, David",600944,2017,23,6,29,127,26.8,5.5,0.263,0.515,0.381,0.347,3.5,1.2,42.4,25.6,45,32.6,27.9,31.4,8.1,R,527,45.9,92.7,2140,-7.2,-13.4,19.9,1,22.8,82,2524,0.3,-39.4,4.6,1.9,14.6,82.1,1730,-13.9,-26.7,19.9,2,16.7,76,3023,8.7,-67.4,20.2,2,,,,,,,,,,,,,,,,,,,,,,,,,,,,,,,,,,,,,,,,,,,,,,,,,,,,,,,,
"Barbato, Johnny",592127,2017,24,24,28.2,130,17.7,13.8,0.252,0.425,0.331,0.349,9.2,3.4,33.3,24,47.9,40.2,32.2,21.8,5.7,R,477,19.3,94.2,2005,-6.2,-14.5,18.5,1.2,23.3,86.4,1953,1.1,-34.7,5.9,1.8,1,84.6,899,-10.9,-43.6,11.6,1.4,21.6,78.4,2506,8.7,-57.1,14,1.1,34.8,94,1982,-11.7,-17.7,18.4,1,,,,,,,,,,,,,,,,,,,,,,,,,,,,,,,,,,,,,,,,,,,,,,,,,
"Guerra, Deolis",500610,2017,28,19,25,105,21,11.4,0.216,0.469,0.312,0.329,2.8,4.2,30,32.4,48.1,36.6,39.4,11.3,12.7,R,421,38.7,91.7,2361,-12.7,-15.6,21.3,1.1,15.4,85.5,2262,2.8,-27.7,10.3,1.4,40.4,81.6,1612,-13.6,-33.9,15.3,1.3,5,77.8,2233,8.5,-61.6,18.1,1.5,0.5,91.1,2388,-16.2,-24.6,18.2,1.5,,,,,,,,,,,,,,,,,,,,,,,,,,,,,,,,,,,,,,,,,,,,,,,,,
"Duensing, Brian",488846,2017,34,68,62.1,257,23.7,7,0.223,0.341,0.292,0.274,5.7,5.7,28.4,25.5,44.8,49.4,16.5,25,9.1,L,1027,29.8,92.2,2052,6.4,-16.4,17.5,1.2,24.5,81.4,2564,-8.5,-39.1,9.7,1.5,13.2,85.2,1840,14.9,-27.8,18.4,1.3,13.3,72.4,2559,-10.2,-65.6,15.9,1.2,19.1,91.7,1982,15.3,-20.7,19.7,1.2,,,,,,,,,,,,,,,,,,,,,,,,,,,,,,,,,,,,,,,,,,,,,,,,,
"McHugh, Collin",543521,2017,30,12,63.1,270,23,7.4,0.247,0.415,0.322,0.318,7.7,4.9,34.4,27.7,47.5,32.8,32.2,27.3,7.7,R,1079,47.5,90.2,2239,-11.1,-18.6,18.9,2,,,,,,,,1.7,84.8,1642,-14.6,-32.8,16.4,1.6,20,73.8,2703,12.3,-64.6,18.3,1.5,3.3,89,2203,-15.7,-27.5,17.4,1.5,10.8,86.1,2524,1.9,-31.3,6.5,1.6,,,,,,,,,,,,,,,16.8,80.2,2718,11.4,-43.4,12.2,1.4,,,,,,,,,,,,,,,,,,,,,
"Anderson, Chase",502624,2017,29,25,141.1,569,23.4,7.2,0.213,0.351,0.281,0.275,7.7,5.7,26,24.2,46.9,41.2,24,24.7,10.1,R,2251,38.9,93.2,2197,-7.6,-13,21.2,1.6,,,,,,,,16.1,83.6,2278,-18.3,-25.7,24,1.2,18.3,78.2,2212,5.8,-56.3,11.5,1.3,14.9,92.7,2154,-15.6,-17.2,22.2,1.4,11.8,89.3,2389,2.8,-22.2,13.9,1.4,,,,,,,,,,,,,,,,,,,,,,,,,,,,,,,,,,,,,,,,,,
"Ottavino, Adam",493603,2017,31,63,53.1,243,25.9,16,0.219,0.37,0.343,0.324,5.1,8,32.1,28.2,35.4,40.1,28.5,24.1,7.3,R,1049,24.5,94.4,2223,-6.1,-16.7,15.1,1.5,3.6,85.3,2592,9.1,-36,9.9,1.6,,,,,,,,,,,,,,,25.6,94.3,2185,-12.5,-20.4,16.9,1.2,0.9,91.7,2783,5,-22.5,11.7,1.5,,,,,,,,,,,,,,,45.4,81.5,2874,16.9,-42.6,17.3,1.5,,,,,,,,,,,,,,,,,,,,,
"Duffey, Tyler",608648,2017,26,56,71,310,21.6,5.8,0.264,0.463,0.304,0.327,6.3,5.4,41.1,23.8,49.6,50.4,25,21,3.6,R,1125,27.8,92.1,2210,-7.2,-14.6,19.5,1.3,,,,,,,,5.3,83.8,1602,-14.5,-29,18.1,1.6,35.2,81.5,2481,7.8,-51.3,12.7,2.1,31.6,92.3,2362,-15.1,-21.2,18.9,1.2,,,,,,,,,,,,,,,,,,,,,,,,,,,,,,,,,,,,,,,,,,,,,,,,,
"Rosenthal, Trevor",572096,2017,27,50,47.2,202,37.6,9.9,0.192,0.27,0.259,0.253,5.8,9.6,31.7,34.9,49.4,40.4,19.2,31.7,8.7,R,882,74.1,98.5,2476,-6.7,-9.8,20.3,1.7,13.2,86.7,2319,5,-36.7,6.3,2.1,12.5,87.6,1520,-12,-23.5,17.9,1.8,,,,,,,,0.2,100.5,2521,-12.6,-15.7,17.6,1.5,,,,,,,,,,,,,,,,,,,,,,,,,,,,,,,,,,,,,,,,,,,,,,,,,
"Morris, Bryan",457768,2017,30,20,21,94,16,11.7,0.284,0.461,0.338,0.351,2.9,4.4,33.8,26.1,50.3,51.5,17.6,26.5,4.4,R,320,30.9,93,2026,-3.6,-21,11.2,1.1,,,,,,,,0.3,88.9,1808,-7.8,-24.2,13,,11.9,82.3,2457,3.9,-46.2,7.3,1.4,25.3,92.8,1973,-9,-24,11.8,1.2,31.6,89.4,2236,3.7,-27.6,8,1.4,,,,,,,,,,,,,,,,,,,,,,,,,,,,,,,,,,,,,,,,,,
"Díaz, Edwin",621242,2017,23,66,66,278,32,11.5,0.171,0.285,0.272,0.251,6.5,3.2,34.4,34.1,49.6,40.9,26,18.2,14.9,R,1126,68.6,97.4,2288,-11.2,-12.6,19.8,1.6,31.4,88,2340,2.1,-32.9,4.7,1.5,,,,,,,,,,,,,,,,,,,,,,,,,,,,,,,,,,,,,,,,,,,,,,,,,,,,,,,,,,,,,,,,,,,,,,
"Bergman, Christian",548357,2017,29,13,54,230,14.3,6.5,0.315,0.555,0.36,0.39,6.1,3.4,36.5,16.4,48.9,39.7,27.9,25.7,6.7,R,799,,,,,,,,28,85.4,2118,-0.3,-25.7,13.5,1.4,11.3,80.5,1853,-17.9,-36.6,20,1.4,12.1,77.3,2367,7.3,-53,9.4,1.4,48.6,88.5,2065,-14.6,-22.2,20.9,1.8,,,,,,,,,,,,,,,,,,,,,,,,,,,,,,,,,,,,,,,,,,,,,,,,,
"Straily, Dan",573185,2017,28,33,181.2,769,22.1,7.8,0.236,0.413,0.33,0.306,5.1,3.6,29.2,26.4,49.9,35.8,27.2,24.9,12.2,R,3049,45,90.5,2227,-6.7,-13.2,21.9,1.3,29.1,83.7,2397,5.4,-33.5,9,1.6,17.4,83.4,1408,-11.8,-33.7,14.3,1.5,3,73.5,2513,9.6,-56.4,11.3,1.6,5.4,90.3,2251,-17.4,-17.2,24.6,1.5,,,,,,,,,,,,,,,,,,,,,,,,,,,,,,,,,,,,,,,,,,,,,,,,,
"Hand, Brad",543272,2017,27,72,79.1,311,33.4,6.4,0.192,0.302,0.255,0.251,3.9,3.9,26.7,30.8,45.5,46.1,23.3,21.7,8.9,L,1198,27.5,93.5,2527,6.9,-17.3,17.6,1.4,,,,,,,,,,,,,,,3.7,77.1,2976,-16.1,-65.1,22,1.6,23.8,93.2,2349,13.8,-25.6,16.1,1.3,,,,,,,,,,,,,,,,,,,,,,45.1,81.9,2629,-20.4,-47.4,21,1.2,,,,,,,,,,,,,,,,,,,,,
"Salazar, Danny",517593,2017,27,23,103,439,33,10,0.237,0.402,0.313,0.314,4.9,3.2,31.7,34.3,50.6,39.3,23.1,32.4,5.3,R,1811,37.4,95.3,2479,-9.4,-11.7,21.7,1.6,10.5,86.2,2273,0.8,-32.9,6.8,1.7,24.4,86.6,1628,-10.6,-32.5,12.7,1.6,5.7,80.9,2765,4,-52.5,11.1,1.8,22,94.9,2468,-16.1,-16.6,22,1.5,,,,,,,,,,,,,,,,,,,,,,,,,,,,,,,,,,,,,,,,,,,,,,,,,
"Morin, Mike",573046,2017,26,16,20,93,17.2,5.4,0.249,0.389,0.381,0.301,5.6,9.9,33.8,26.7,52.3,50.7,21.1,22.5,5.6,R,344,34.3,90.7,2127,-10.9,-17.1,19.7,1.5,25.9,79.3,2131,3.5,-43.1,5.4,1.5,34,74.2,1315,-6,-37.1,14.2,1.6,,,,,,,,3.8,88.4,1914,-18.9,-27.1,20.4,1.5,2,85.4,2051,-6,-29.8,9.4,1.5,,,,,,,,,,,,,,,,,,,,,,,,,,,,,,,,,,,,,,,,,,
"Thompson, Jake",622097,2017,23,11,46.1,210,16.7,10.5,0.274,0.469,0.366,0.366,4.1,4.7,34.5,19.3,42.6,46.6,27,18.2,8.1,R,803,33.4,91,2130,-1.7,-17.5,16,1.4,22.4,82.9,2469,14.3,-40.6,14.9,1.8,17.2,85.8,1416,-9.7,-29.6,13.4,1.3,,,,,,,,27,91.3,2053,-10.5,-22.5,15.2,1.1,,,,,,,,,,,,,,,,,,,,,,,,,,,,,,,,,,,,,,,,,,,,,,,,,
"Rodríguez, Francisco",408061,2017,35,28,25.1,118,19.5,9.3,0.245,0.524,0.413,0.354,7.2,4.8,34.1,24.7,41.1,30.1,31.3,25.3,13.3,R,431,55.2,89,2070,-9.8,-16.5,21,1.4,,,,,,,,35.5,83.3,1745,-12.9,-28.4,17.5,1.6,8.8,74.9,2648,9.6,-60.8,14.7,1.4,0.5,89.6,2055,-13.9,-21.9,18.3,1.5,,,,,,,,,,,,,,,,,,,,,,,,,,,,,,,,,,,,,,,,,,,,,,,,,
"Ynoa, Gabriel",593679,2017,24,9,34.2,147,17.7,5.4,0.277,0.524,0.341,0.361,6.3,6.3,42,21.3,47.8,39.3,31.3,20.5,8.9,R,540,16.1,94.1,2072,-8.2,-16.5,18,1.3,37,84.4,2251,2,-38,5.4,2,7.4,85.9,2148,-18.8,-29.1,21.4,1.6,0.2,76.9,2221,20.2,-48,20.2,,38.7,94.2,2080,-16.9,-23,19.4,1.2,0.6,92.7,2084,4.3,-18.6,14.9,1.4,,,,,,,,,,,,,,,,,,,,,,,,,,,,,,,,,,,,,,,,,,
"Cole, A.J.",595918,2017,25,11,52,230,19.1,12.2,0.26,0.434,0.348,0.347,6.5,4.5,34.2,23.9,45.1,45.2,24.5,21.9,8.4,R,937,46,93.2,2112,-9.4,-14.3,19.8,1.6,21,85.2,2155,3.4,-27.1,11.6,1.4,6.5,86.2,1669,-11.1,-26.7,14.9,1.5,17.7,79.7,2209,6.7,-40.5,7.9,1.7,8.8,92.9,2079,-13.1,-18.4,18.8,1.5,,,,,,,,,,,,,,,,,,,,,,,,,,,,,,,,,,,,,,,,,,,,,,,,,
"Shoemaker, Matt",533167,2017,30,14,77.2,326,21.2,8.6,0.243,0.469,0.336,0.339,8,4,34.4,25.2,49.3,39.7,29,25,6.3,R,1260,25.3,91.7,2251,-7.6,-15.2,19.3,1.7,19,82.7,2085,-0.4,-35.2,6.2,2,,,,,,,,2,76.2,1926,7.2,-48.1,10.2,1.5,23.5,91.5,2123,-15.9,-21.6,19.6,1.5,,,,,,,,30.2,85.1,1263,-12,-31.9,14.2,1.6,,,,,,,,,,,,,,,,,,,,,,,,,,,,,,,,,,,
"Cosart, Jarred",543054,2017,27,7,24,114,13.2,16.7,0.254,0.354,0.35,0.341,5.1,5.1,34.6,19.7,40.8,51.3,20.5,23.1,5.1,R,485,10.7,93.4,2189,0.3,-16.5,14.7,1.4,10.3,79.8,2250,3.1,-41.3,7.1,1.9,8.5,81.6,1380,-12.7,-31.4,15.9,1.5,13,77,2501,4,-57.2,12.9,1.5,57.1,92.4,2111,-11.1,-21.1,15.8,1.5,0.4,92.2,2257,5.9,-21.5,11.6,1.4,,,,,,,,,,,,,,,,,,,,,,,,,,,,,,,,,,,,,,,,,,
"Conley, Adam",543045,2017,27,22,102.2,463,15.6,9.1,0.273,0.483,0.36,0.357,6.5,6.2,37.4,22.2,47.8,41.9,24.3,24.9,8.8,L,1719,63.9,89.7,2298,14.1,-20.9,20.3,1.6,17.5,84.5,2068,3,-34.2,7.2,2.2,18.6,82.6,2073,17.8,-30.7,20.9,1.5,,,,,,,,,,,,,,,,,,,,,,,,,,,,,,,,,,,,,,,,,,,,,,,,,,,,,,,,,,,,,,,
"Ziegler, Brad",446899,2017,37,53,47,211,12.3,7.6,0.274,0.354,0.326,0.304,4.3,9.2,36.2,20.1,48.6,65,5.5,23.3,6.1,R,695,,,,,,,,,,,,,,,22.3,75.8,2006,-6.4,-61,14.1,1,21,73.5,2065,10.5,-40.2,16.4,1.3,56.7,83.1,1880,-12.2,-51.1,16.2,1.1,,,,,,,,,,,,,,,,,,,,,,,,,,,,,,,,,,,,,,,,,,,,,,,,,
"Leiter Jr., Mark",643410,2017,26,27,90.2,395,21.3,7.8,0.263,0.451,0.333,0.338,4,7,33.8,21.3,43.9,49.5,20.5,26,4,R,1507,36.4,91,1972,-4.7,-15,18.7,1.3,4.2,82.8,2013,4.3,-39.4,6.8,1.8,0.2,84.9,3581,-1.5,-31.4,7.3,1.4,8.6,72.3,2170,8.4,-67.1,16.3,1.4,21.3,90.7,1924,-12.9,-18.6,19.6,1.2,1,88.4,2063,3.7,-25.1,10.5,1.6,28.2,83.9,1081,-5.5,-31.7,10.3,1.8,,,,,,,,,,,,,,,,,,,,,,,,,,,,,,,,,,,
"Castro, Miguel",612434,2017,22,39,66.1,274,13.9,10.2,0.247,0.408,0.291,0.315,6.3,7.8,29.1,22.6,46.3,50.5,23.3,19.9,6.3,R,1030,1.8,95,2258,-12.7,-13.5,21.5,1.7,27.7,84.5,2691,2.8,-40,5.3,2.3,10.5,86.2,1998,-18.3,-30.7,19.8,1.9,,,,,,,,60,95.4,2259,-17.5,-20.7,20.3,2.2,,,,,,,,,,,,,,,,,,,,,,,,,,,,,,,,,,,,,,,,,,,,,,,,,
"Leake, Mike",502190,2017,29,31,186,782,16.6,4.7,0.273,0.433,0.316,0.32,5.9,5,36.4,18.4,48.4,54.6,17,25.1,3.3,R,2721,3.2,90.6,2166,-6.3,-24.7,12.2,1.3,14,81,2473,6.9,-45,8,1.5,11.9,84.5,1770,-15.8,-37.5,16.4,1.8,6.7,78.4,2589,13.6,-55.8,16.1,1.6,45.2,90.2,2015,-15.7,-29.7,17.1,1.4,19.1,88.9,2201,-1.9,-27.5,9.6,1.2,,,,,,,,,,,,,,,,,,,,,,,,,,,,,,,,,,,,,,,,,,
"Steckenrider, Drew",608716,2017,26,37,34.2,151,35.8,11.9,0.201,0.348,0.295,0.284,5.1,3.8,40.5,29.6,49.8,43,27.8,24.1,5.1,R,698,76.5,95.4,2365,-9.7,-11.3,21.8,1.1,,,,,,,,5.2,89.1,1638,-12.6,-24.8,16.7,1.3,17.2,83.1,1931,2.2,-41.9,4.6,1.4,1.1,95.9,2330,-16.7,-15.6,22.2,1.3,,,,,,,,,,,,,,,,,,,,,,,,,,,,,,,,,,,,,,,,,,,,,,,,,
"Happ, J.A.",457918,2017,34,25,145.1,626,22.7,7.3,0.237,0.375,0.301,0.291,5.9,6.6,31.1,22.1,47.7,47.7,21.9,25.1,5.3,L,2484,43,92.6,2364,7.8,-14.2,19.9,1.3,12.3,86,2256,-3.6,-30.7,8.6,1.6,11.5,86.4,1693,13.4,-28.1,16.7,1.3,5.3,76.9,2165,-3.9,-52.3,6.7,1.6,27.9,90.7,2180,13.4,-24.2,16.5,1.3,,,,,,,,,,,,,,,,,,,,,,,,,,,,,,,,,,,,,,,,,,,,,,,,,
"Blevins, Jerry",460283,2017,33,75,49,217,31.8,11.1,0.188,0.265,0.29,0.254,2.5,10,18.5,32.6,40.3,42.5,26.7,21.7,9.2,L,913,44.9,88.9,2164,8.5,-19.5,17.5,1.1,,,,,,,,4.2,82.8,1886,14.1,-31.3,16.8,1.4,50.2,71,2375,-17.5,-63.2,19.3,1.3,0.8,88.2,2136,13.7,-26.6,16.1,1.4,,,,,,,,,,,,,,,,,,,,,,,,,,,,,,,,,,,,,,,,,,,,,,,,,
"Koehler, Tom",543408,2017,31,27,72.2,334,18.6,10.5,0.269,0.458,0.375,0.355,5.7,3.9,36,21.4,42.6,42.2,25.7,25.2,7,R,1265,42.6,92.9,2117,-7.7,-14.4,20.4,1.3,20.6,85.5,2221,4.2,-33.5,8.2,1.3,5.8,85.4,1649,-14.5,-28.1,18.3,1.6,21.3,78.8,2509,8.2,-60.5,16.6,1.4,9.6,93.2,2061,-15.4,-17.9,21.6,1.4,,,,,,,,,,,,,,,,,,,,,,,,,,,,,,,,,,,,,,,,,,,,,,,,,
"Dyson, Sam",473879,2017,29,55,54.2,260,13.1,11.5,0.25,0.401,0.362,0.319,6.2,6.2,30.1,18.4,46.9,65.3,11.9,19.2,3.6,R,927,13.9,95.4,2370,-5.7,-15.8,16.6,1.3,2.2,81.4,3117,12.8,-51.5,15.5,1.6,14.8,88.9,1948,-14.8,-32.7,15.8,1.3,,,,,,,,50.3,95,2288,-15.8,-25.1,17.5,1.3,18.9,89.9,2613,4.6,-26.1,10.9,2.1,,,,,,,,,,,,,,,,,,,,,,,,,,,,,,,,,,,,,,,,,,
"Jennings, Dan",543359,2017,30,77,62.2,266,19.2,11.7,0.242,0.366,0.286,0.31,3.3,10.9,31.1,20.7,43.2,61.7,10.4,21.9,6,L,1038,6.6,91.9,2289,2.1,-20.2,12.8,1.4,48.1,83.1,2484,-11.7,-40.2,12.3,1.5,,,,,,,,,,,,,,,45.4,91.9,2282,9.8,-24.6,13,1.3,,,,,,,,,,,,,,,,,,,,,,,,,,,,,,,,,,,,,,,,,,,,,,,,,
"Morrow, Brandon",453344,2017,32,45,43.2,170,29.4,5.3,0.206,0.294,0.204,0.239,3.6,3.6,34.5,30.2,57.4,45.5,17.3,24.5,12.7,R,597,59.5,97.7,2357,-5.8,-9.3,20.9,1.5,12.1,88.1,2329,4.3,-37.6,6.8,1.5,,,,,,,,,,,,,,,,,,,,,,28.5,91.9,2390,5.5,-25,10.5,1.4,,,,,,,,,,,,,,,,,,,,,,,,,,,,,,,,,,,,,,,,,,
"Weaver, Luke",596133,2017,23,13,60.1,252,28.6,6.7,0.235,0.373,0.301,0.288,3.1,6.2,34.4,23.4,46.7,50.6,15.4,29.6,4.3,R,1039,59.3,93.2,2230,-9.1,-15.5,19.1,1.6,,,,,,,,25.7,84.3,1548,-10.9,-29.9,15,1.4,11.7,79.6,2129,9.1,-47.8,10.2,1.8,1,93.2,2195,-15.4,-21.4,18.5,1.6,2.3,88.5,2273,1.9,-23.9,12,1.6,,,,,,,,,,,,,,,,,,,,,,,,,,,,,,,,,,,,,,,,,,
"Sanchez, Aaron",592717,2017,24,8,36,167,14.4,12,0.286,0.486,0.362,0.371,4.1,4.9,36.4,16,40.8,48.4,17.2,28.7,5.7,R,611,39.8,94.9,2317,-12.9,-14.7,20.7,1.5,,,,,,,,6.1,88.8,2071,-18.5,-25.6,21,1.4,16.7,79.5,2869,11.5,-58,17.7,1.7,37.5,94.9,2300,-17.6,-18.5,21.4,1.5,,,,,,,,,,,,,,,,,,,,,,,,,,,,,,,,,,,,,,,,,,,,,,,,,
"Hunter, Tommy",488984,2017,30,61,58.2,228,28.1,6.1,0.192,0.29,0.256,0.237,2,8.7,25.9,25.9,50.1,46.3,22.1,21.5,10.1,R,869,21.7,96.3,2462,-7.4,-14.1,17.4,1.4,,,,,,,,,,,,,,,25.8,85.3,2755,8.9,-43.4,10.7,1.5,24.1,96.2,2460,-14.6,-18.6,18.5,1.1,28.4,93.9,2506,1.6,-20.9,10.8,1.4,,,,,,,,,,,,,,,,,,,,,,,,,,,,,,,,,,,,,,,,,,
"Senzatela, Antonio",622608,2017,22,36,134.2,564,18.1,8.3,0.264,0.411,0.322,0.327,5.4,5.4,34.5,17.8,43.6,50.4,17.3,26.5,5.8,R,2213,72.1,94.3,2150,-3.6,-15.5,16,1.9,22.1,82.8,2169,6.7,-39.4,7.9,2.4,2.7,85.1,2068,-6.9,-24.8,15.1,2,3.1,77.6,2230,10,-50,11.9,1.7,,,,,,,,,,,,,,,,,,,,,,,,,,,,,,,,,,,,,,,,,,,,,,,,,,,,,,,,
"Clippard, Tyler",461325,2017,32,67,60.1,264,27.3,11.7,0.207,0.37,0.305,0.297,10.1,9.4,34,30.7,48.2,34.6,30.2,24.5,10.7,R,1113,37.8,90.9,2283,-7.1,-13.4,21.5,1.1,2.7,80.7,1973,5.5,-40.6,7.3,1.5,35.8,79.1,2068,-14.5,-28,22.2,1.2,,,,,,,,0.2,91.3,2326,-14.2,-18.8,20.3,1.4,,,,,,,,23.5,81.6,1780,-3.1,-39.9,6.5,1.7,,,,,,,,,,,,,,,,,,,,,,,,,,,,,,,,,,,
"Hernández, Félix",433587,2017,31,16,86.2,368,21.2,7.1,0.272,0.512,0.337,0.36,5.8,5.4,33.9,21.6,47.2,48.6,21.8,26.5,3.1,R,1381,21.7,90.9,2139,-4.6,-18,15.9,1.2,8.4,84.8,2300,3.3,-33.2,7.2,1.4,25.9,86.5,1812,-9.9,-34.2,10.9,1.4,21.4,79.7,2402,11.1,-52.5,14.4,1.6,22.6,90.4,2056,-12.7,-23,16.6,1.1,,,,,,,,,,,,,,,,,,,,,,,,,,,,,,,,,,,,,,,,,,,,,,,,,
"Covey, Dylan",592229,2017,25,18,70,309,13.3,11,0.298,0.55,0.408,0.392,6.9,3,39.9,16.2,43.2,48.9,25.3,21.9,3.9,R,1158,30.7,92.6,2118,-4.1,-18.2,15,1.5,16.7,86.4,2243,2.4,-33.7,5.9,1.9,0.6,85.8,1993,-6.2,-31.1,10.1,1.5,12,78.9,2386,2.4,-50.4,7.1,1.9,27.7,92.6,2071,-14.1,-19,19.8,1.6,1.7,91.7,2129,5.3,-16.1,18.1,1.3,10.5,83.8,1173,-9.4,-33.9,12.2,1.5,,,,,,,,,,,,,,,,,,,,,,,,,,,,,,,,,,,
"Maton III, Phil",664208,2017,24,46,43,180,25.6,7.8,0.229,0.411,0.331,0.305,4.2,3.4,35.7,28.3,49.9,47.1,26.9,21,5,R,713,75.9,92.7,2494,-6.1,-17.5,15.8,1.1,,,,,,,,1.4,83.6,1878,-17.4,-32.4,18.6,1.5,22.7,80.4,2822,14.1,-44.9,15.1,1.5,,,,,,,,,,,,,,,,,,,,,,,,,,,,,,,,,,,,,,,,,,,,,,,,,,,,,,,,
"Montgomery, Jordan",656756,2017,24,29,155.1,649,22.2,7.9,0.239,0.399,0.295,0.307,5.5,5.3,31.6,26.9,47.2,41.5,27.8,23,7.7,L,2525,17.4,91.9,2246,4.8,-12.7,20.9,1.2,13.1,85.7,2372,-1.4,-29.9,8.8,1.4,18.9,84.3,1892,9.5,-20.9,20.7,1.1,26.1,80.4,2376,-1.5,-45.8,4.4,1.6,24.5,91.7,2190,12.8,-16,21.5,1.2,,,,,,,,,,,,,,,,,,,,,,,,,,,,,,,,,,,,,,,,,,,,,,,,,
"Castro, Simon",501563,2017,29,26,37,153,22.9,9.2,0.262,0.489,0.325,0.355,6.9,2.9,41.2,18,43.9,34.3,29.4,27.5,8.8,R,595,72.9,93.6,2293,-10.8,-15.5,18.9,1.8,26.1,84.4,2098,2.4,-39.2,5,2.4,,,,,,,,,,,,,,,1,91.9,2230,-14,-24.4,16,1.6,,,,,,,,,,,,,,,,,,,,,,,,,,,,,,,,,,,,,,,,,,,,,,,,,
"Nova, Iván",467100,2017,30,31,187,785,16.7,4.6,0.282,0.48,0.33,0.341,6.4,3.8,36.8,17.9,50.5,47.6,19.1,28.3,4.9,R,2574,25.2,93.1,2252,-12.6,-17.4,19.7,1.4,,,,,,,,9.8,86.4,1965,-16.9,-27.3,19.8,1.3,22.1,80.6,2352,1.6,-48.7,6.5,1.6,42.8,92.5,2157,-18.4,-24,20.6,1.4,,,,,,,,,,,,,,,,,,,,,,,,,,,,,,,,,,,,,,,,,,,,,,,,,
"Glover, Koda",606983,2017,24,23,19.1,80,21.3,5,0.229,0.316,0.281,0.264,1.7,6.8,22.4,22.9,49.5,44.1,20.3,23.7,11.9,R,311,27.7,96.4,2238,-12,-13.9,20.3,1.2,47.9,93.2,2469,2.3,-21.1,11.5,1.3,6.4,87.3,1486,-14,-29.4,16.2,1.3,8.4,81.2,2881,13.6,-50.1,15.8,1.6,9.6,96.3,2198,-18.4,-20.1,21.1,1.3,,,,,,,,,,,,,,,,,,,,,,,,,,,,,,,,,,,,,,,,,,,,,,,,,
"Ramírez, JC",500724,2017,28,27,147.1,620,16.9,7.9,0.273,0.454,0.327,0.341,5.7,5,34.6,20.4,45.7,52,19.8,22.6,5.7,R,2293,3.6,95.6,2063,-6.8,-15.6,16,1.7,32.7,88,2270,6.1,-33.4,7.3,1.8,0,83.9,1817,-20.2,-31.3,22.6,,16.3,78.9,2397,9.5,-55,14.5,2,47.4,95.6,2048,-14.3,-21.1,17.1,1.7,,,,,,,,,,,,,,,,,,,,,,,,,,,,,,,,,,,,,,,,,,,,,,,,,
"Fulmer, Carson",608334,2017,23,7,23.1,101,18.8,12.9,0.215,0.408,0.289,0.325,3,3,29.9,19.7,48.7,31.3,34.3,17.9,16.4,R,427,49.4,93.4,2323,-11.3,-14,21.3,1.2,,,,,,,,10.5,86.8,1425,-15.8,-29.8,18.1,1.3,12.4,81,2588,6,-46.4,7.9,1.3,3.5,92.9,2202,-16.6,-21.2,20.3,1.4,24.1,88.7,2473,2.5,-26.3,9.7,1.4,,,,,,,,,,,,,,,,,,,,,,,,,,,,,,,,,,,,,,,,,,
"Glasnow, Tyler",607192,2017,23,15,62,305,18.4,14.4,0.275,0.479,0.418,0.373,4.9,3.4,36,20.3,42,43.8,26.1,23.2,6.9,R,1218,33.8,94.6,2236,-3.7,-12.5,17.2,2.1,,,,,,,,10.3,87.9,1623,-11.1,-27.4,13.4,1.5,22.7,79.9,2571,8.7,-52.7,14.4,1.7,33.1,93.9,2148,-12.5,-16.9,18.1,1.7,,,,,,,,,,,,,,,,,,,,,,,,,,,,,,,,,,,,,,,,,,,,,,,,,
"Bettis, Chad",518452,2017,28,9,46.1,200,15,5.5,0.265,0.404,0.349,0.311,3.2,4.4,27.2,20.2,47.7,50,20.3,25.9,3.8,R,736,40.2,90.1,1903,0.6,-19.9,14.3,1.6,,,,,,,,25.4,85,1512,-8,-31.4,11.5,1.7,15.5,74.7,2195,10.2,-53.7,11.3,2.6,12.6,90.1,1856,-9.4,-21.8,15.8,1.8,6.3,84.5,2038,5.6,-31.8,9.5,1.6,,,,,,,,,,,,,,,,,,,,,,,,,,,,,,,,,,,,,,,,,,
"Betances, Dellin",476454,2017,29,66,59.2,261,38.3,16.9,0.126,0.213,0.267,0.26,3.8,4.7,24.5,38.2,34.5,49.1,19.8,19.8,11.3,R,1096,46.2,98.3,2430,-5.3,-10.6,18.8,1.4,,,,,,,,,,,,,,,37.9,83.6,2806,11.6,-42.7,12.2,1.2,,,,,,,,,,,,,,,,,,,,,,,,,,,,,,,,,,,,16,87.1,2774,8.4,-47.7,14.3,1.2,,,,,,,,,,,,,,
"Flexen, Chris",623167,2017,22,14,48,233,15.5,15,0.27,0.446,0.416,0.368,5.6,7.5,31.3,19.7,44.6,41.9,25.6,27.5,5,R,911,40.2,92.6,2125,-7.3,-14.7,19.4,1.7,,,,,,,,10.3,82.3,1272,-11.8,-30.8,16,1.7,6.1,76.4,2607,7.1,-58.2,12.9,2.2,20.3,92.3,2003,-15.6,-18.6,21.2,1.7,23.1,86.4,2388,4.5,-32.6,7.3,1.7,,,,,,,,,,,,,,,,,,,,,,,,,,,,,,,,,,,,,,,,,,
"Gausman, Kevin",592332,2017,26,34,186.2,816,21.9,8.7,0.272,0.456,0.346,0.344,4.3,4.6,33.7,25.8,46.5,44,20.7,29.1,6.2,R,3344,64.2,94.9,2249,-14.1,-14.1,22.2,1.9,13.9,82.6,2291,1.4,-38.8,5.1,2.7,1.2,85.7,1797,-15.2,-19.8,25.1,1.7,,,,,,,,0,90.4,2087,-17.7,-24.3,20,,,,,,,,,20.7,85,1592,-15.6,-32.1,17.4,1.9,,,,,,,,,,,,,,,,,,,,,,,,,,,,,,,,,,,
"Scott, Robby",582494,2017,27,57,35.2,141,22,9.2,0.216,0.368,0.28,0.293,4.3,8.5,17.2,25.1,46.3,43.6,27.7,19.1,9.6,L,593,25.6,89.8,2158,13.5,-19.9,19.9,1.1,27,74.5,2305,-19.1,-49.7,19.4,1.1,5.4,84.8,1753,14.6,-29.6,17.2,1.2,8.3,73.9,2298,-14.8,-60.1,17.8,1.3,33.7,87.8,2121,16.8,-26.8,19.3,1.1,,,,,,,,,,,,,,,,,,,,,,,,,,,,,,,,,,,,,,,,,,,,,,,,,
"Otero, Dan",519096,2017,32,52,60,242,15.7,3.7,0.299,0.404,0.29,0.31,1,8.2,35.9,15,55.1,64.6,6.7,25.6,3.1,R,843,14.8,90.6,2090,-11.6,-18.2,19,1.1,9.6,81.4,1976,1.6,-40,4.4,1.2,9.8,82.4,1298,-13.3,-37.9,13.9,1.2,,,,,,,,65.7,89.9,1993,-17.4,-27.5,18.7,1.1,,,,,,,,,,,,,,,,,,,,,,,,,,,,,,,,,,,,,,,,,,,,,,,,,
"Wittgren, Nick",621295,2017,26,38,42.1,182,23.6,7.1,0.26,0.448,0.334,0.326,13.5,2.4,40.5,25.9,47.1,32.5,30.2,31.7,5.6,R,753,58.3,92.6,2166,-6.3,-14.2,18.8,1.1,18.6,83.2,2331,5.6,-40.1,7,1.5,9,86,1894,-14,-30.7,15.9,1.5,,,,,,,,14.1,92.2,2122,-11.2,-19,17,1.2,,,,,,,,,,,,,,,,,,,,,,,,,,,,,,,,,,,,,,,,,,,,,,,,,
"De La Rosa, Jorge",407822,2017,36,65,51.1,219,20.5,9.6,0.229,0.366,0.306,0.295,5.3,3.3,29.5,30.4,50.1,49.3,25.3,20,5.3,L,837,47.6,93.5,1901,11.6,-18.3,18.6,1.1,,,,,,,,,,,,,,,5.3,75.5,2650,-11.5,-61.4,16.4,1.6,0.4,93.5,1940,16.5,-29.7,16.7,1.4,12.4,87,2030,-0.7,-28.8,9.8,1.4,34.4,84.4,1400,11.2,-36.5,12.5,1.1,,,,,,,,,,,,,,,,,,,,,,,,,,,,,,,,,,,
"Triggs, Andrew",592811,2017,28,12,65.1,283,17.7,6.7,0.255,0.406,0.316,0.317,5.7,1.9,33.8,24.6,43.1,48.6,20,26.2,5.2,R,1080,2.7,88.6,2398,-10,-25.3,14.1,1.3,32,82.5,2520,4,-38.2,6.2,1.5,0.6,82.3,1903,-15.1,-42.1,15.7,1.5,23.5,75.4,2585,14.7,-51.6,15.4,1.7,41.1,88.9,2389,-16.1,-32.8,16.7,1.6,,,,,,,,,,,,,,,,,,,,,,,,,,,,,,,,,,,,,,,,,,,,,,,,,
"Stroman, Marcus",573186,2017,26,33,201,834,19.7,7.4,0.263,0.394,0.31,0.314,4.2,4,38.6,23.6,44.5,63,12.6,21.4,3,R,3130,5,94,2337,-5.9,-18.1,15.2,1.1,,,,,,,,5.9,82.6,1673,-15.4,-34.4,17.5,2.1,0.8,80.1,2720,15.1,-51.1,16.6,1.3,57.2,93.3,2246,-11.7,-27,13.2,1.2,3.3,89.9,2613,1.3,-33.5,5.1,1.9,,,,,,,,,,,,,,,,,,,,,,27.8,86,2734,10.9,-39.4,11.8,2.1,,,,,,,,,,,,,,
"Snell, Blake",605483,2017,24,24,129.1,547,21.8,10.8,0.232,0.384,0.308,0.306,6.3,5.2,30,26.2,43.2,44.8,25,21.7,8.4,L,2275,55,94.3,2438,1.5,-11.6,19.2,1.3,13.8,86,2358,-5.7,-33.1,7.8,2.3,21.1,86.3,1754,9.4,-20.7,18.6,2,10.1,79.1,2482,-6.9,-55.1,12.5,2.3,,,,,,,,,,,,,,,,,,,,,,,,,,,,,,,,,,,,,,,,,,,,,,,,,,,,,,,,
"Miley, Wade",489119,2017,30,32,157.1,728,19.5,12.8,0.278,0.451,0.362,0.359,4.9,4.5,35.8,21.9,41,51.3,17.4,26.2,5.1,L,3052,25,91.4,2215,4.9,-13.5,20.6,1.7,11.2,83.4,2379,-3.8,-38.3,6.5,1.6,10.8,83,1936,14.5,-26.8,20.2,1.6,10.3,77,2471,-6.7,-59.4,13.4,1.8,28.3,90.5,2078,13.5,-16.8,22.1,2,14.3,88.2,2349,-4,-26.5,10.8,1.6,,,,,,,,,,,,,,,,,,,,,,,,,,,,,,,,,,,,,,,,,,
"Morton, Charlie",450203,2017,33,25,146.2,617,26.4,8.1,0.228,0.357,0.301,0.294,4.1,5.4,29.8,25.9,44.8,52.6,18.2,24.9,4.4,R,2377,10.7,95.7,2237,-15.7,-17.6,20.6,1.2,,,,,,,,,,,,,,,28.5,80.5,2875,14.1,-55.5,18.3,1.3,43.5,94.9,2113,-19.4,-25.8,20.4,1.2,11.1,88.1,2409,0.6,-32.6,5.1,1.5,6.2,86.5,2046,-20.5,-36,20.9,1.2,,,,,,,,,,,,,,,,,,,,,,,,,,,,,,,,,,,
"Abad, Fernando",472551,2017,31,48,43.2,182,20.3,7.7,0.225,0.344,0.29,0.283,5.4,1.5,24.8,18.2,41.5,46.2,20.8,24.6,8.5,L,769,28.9,92.1,2206,6.9,-16.9,17.8,1.7,,,,,,,,22.5,77.8,1743,8.1,-30.1,20.2,6.9,25.1,76.8,2450,-7,-55.9,10.6,2.2,23.5,90.7,2168,12.9,-21.3,18.4,1.7,,,,,,,,,,,,,,,,,,,,,,,,,,,,,,,,,,,,,,,,,,,,,,,,,
"García, Luis",472610,2017,30,66,71.1,295,20.3,8.8,0.233,0.342,0.258,0.279,4.8,8.1,33,26,48.6,57.4,13.4,22.5,6.7,R,996,32,97.2,2059,-6.9,-14.6,15.7,1.2,23.7,84.8,2358,11,-35.7,11.7,1.6,,,,,,,,,,,,,,,31,97,2046,-12.5,-18.6,16.4,1.2,,,,,,,,13.3,87.6,1019,-5.9,-30.9,8.9,1.5,,,,,,,,,,,,,,,,,,,,,,,,,,,,,,,,,,,
"Miller, Shelby",571946,2017,26,4,22,99,20.2,12.1,0.227,0.324,0.293,0.286,1.5,4.5,23.9,22.4,45.1,46.3,20.9,23.9,9,R,384,18.5,93.9,2342,-5.3,-12,19.6,1.4,,,,,,,,,,,,,,,16.1,78.1,2298,3.7,-51.2,8.6,1.4,39.8,95.2,2378,-14.4,-14.4,21.4,1.6,25.5,88.7,2232,-0.9,-26,9.8,1.3,,,,,,,,,,,,,,,,,,,,,,,,,,,,,,,,,,,,,,,,,,
"Chen, Wei-Yin",612672,2017,31,9,33,132,18.9,6.8,0.225,0.353,0.265,0.278,4.1,6.2,28.9,19.4,49.1,39.2,24.7,23.7,12.4,L,492,54.3,91,2039,7.4,-14.3,20.9,1.2,8.7,84.2,2201,-5.8,-31.3,10.2,1.5,13.2,82.4,1480,11.4,-28,17.6,1.4,13,73.9,2201,-6.6,-61.1,11.9,2.1,10.8,90,1941,15.6,-19,21.9,1.4,,,,,,,,,,,,,,,,,,,,,,,,,,,,,,,,,,,,,,,,,,,,,,,,,
"Scribner, Troy",644428,2017,25,10,23.2,99,18.2,10.1,0.247,0.491,0.331,0.353,10.1,4.3,40.6,24.8,43.1,24.6,36.2,24.6,14.5,R,382,55,88,2175,-4,-17.9,18.2,1.3,17,82,2179,6,-37.1,8.2,1.4,15.2,78.1,1527,-13.1,-40.3,14.5,1.3,12.6,69.2,1949,6.2,-74.9,17.9,1.7,0.3,90.2,2230,-12.4,-20.3,18.2,,,,,,,,,,,,,,,,,,,,,,,,,,,,,,,,,,,,,,,,,,,,,,,,,,
"Kluber, Corey",446372,2017,31,29,203.2,777,34.1,4.6,0.205,0.325,0.24,0.248,4.9,6.4,29.2,33.6,49.1,45.9,19.5,27.2,7.4,R,2934,14.4,92.7,2372,-6.2,-16,17.2,1.2,,,,,,,,6.1,85.8,1707,-12.8,-30.8,14.8,1.2,28.1,84.4,2589,13.6,-35.2,14.7,1.4,28.5,92.5,2225,-14.3,-21.6,17.9,1.3,22.8,89,2580,3,-28,8,1.2,,,,,,,,,,,,,,,,,,,,,,,,,,,,,,,,,,,,,,,,,,
"Banda, Anthony",607455,2017,23,8,25.2,115,21.7,8.7,0.236,0.374,0.329,0.304,11.7,6.5,35.1,25.5,45,39,28.6,24.7,7.8,L,418,63.4,93.9,2229,10.9,-15.3,19.9,1.5,,,,,,,,19.4,85.3,1742,13.6,-29,17.2,1.8,17.2,80.2,2158,-10.6,-49.4,12.7,1.9,,,,,,,,,,,,,,,,,,,,,,,,,,,,,,,,,,,,,,,,,,,,,,,,,,,,,,,,
"Brady, Michael",572728,2017,30,16,31.2,136,17.6,4.4,0.261,0.489,0.36,0.337,7.9,0,29.7,20.5,53.5,36.6,29.7,22.8,10.9,R,445,30.6,91.4,2083,-9.3,-18.9,18.1,1.2,,,,,,,,11.5,86,1640,-14.8,-32.3,16.9,1.5,6.1,75.8,2507,11,-56.2,12.9,1.4,4.7,90.4,2020,-17.9,-27.3,19.5,1.3,47.2,87.1,2346,3,-28.9,9.5,1.3,,,,,,,,,,,,,,,,,,,,,,,,,,,,,,,,,,,,,,,,,,
"Butler, Eddie",572750,2017,26,13,54.2,237,12.7,11.8,0.289,0.476,0.312,0.366,8.5,7.3,32.8,17.2,46.7,45.2,14.1,31.6,9,R,914,42.6,93.3,2097,-9.9,-14.4,20.9,1.6,,,,,,,,9.2,87.1,1693,-16.5,-27.8,19.5,1.8,15.4,81.3,2529,2.7,-47.4,6.4,2,28,93.2,2028,-16,-19.4,20.9,1.6,4.8,90.7,2189,0.5,-24.6,10,1.7,,,,,,,,,,,,,,,,,,,,,,,,,,,,,,,,,,,,,,,,,,
"Sale, Chris",519242,2017,28,32,214.1,851,36.2,5.1,0.194,0.336,0.26,0.252,6.7,3.7,30.5,31.7,50.1,39.8,26.2,25.2,8.7,L,3423,36.9,94.8,2336,14.8,-17.8,20.2,2.3,32.9,79.8,2395,-13.1,-47.8,13.7,2.3,18.8,86.8,2016,18.5,-31,19.9,2,,,,,,,,11.4,93.6,2205,18.6,-26.1,19.7,2.3,,,,,,,,,,,,,,,,,,,,,,,,,,,,,,,,,,,,,,,,,,,,,,,,,
"Peña, Félix",570240,2017,27,25,34.1,155,23.9,11.6,0.226,0.469,0.366,0.338,7.1,4.1,32.7,28.3,47.3,34.7,28.6,24.5,12.2,R,605,65.8,94.3,2168,-8.2,-12.6,20.1,1.3,27.3,80.7,2677,5.8,-46.4,8.1,1.7,6.9,87.7,1764,-15.7,-25.2,19.1,1.3,,,,,,,,,,,,,,,,,,,,,,,,,,,,,,,,,,,,,,,,,,,,,,,,,,,,,,,,,,,,,,,
"Paxton, James",572020,2017,28,24,136,552,28.3,6.7,0.213,0.306,0.263,0.256,5.1,3.9,31.3,28.2,48.2,45.8,20.5,25.8,7.9,L,2261,65.5,95.5,2263,9.9,-12.3,20.6,1.6,,,,,,,,2.4,86.9,1830,11.9,-24.1,17.2,1.7,21.4,80.4,2022,-7.7,-49.5,10.8,1.6,,,,,,,,10.7,88.8,2102,-0.4,-27.6,8.1,1.7,,,,,,,,,,,,,,,,,,,,,,,,,,,,,,,,,,,,,,,,,,
"Gaviglio, Sam",543208,2017,27,16,74.1,313,15.7,8.3,0.284,0.495,0.356,0.361,5.1,5.5,38.3,17.6,44.1,50.2,20,23.8,6,R,1167,1.7,88.6,2066,-6.8,-18.9,17.2,1.4,20.4,83.3,2144,1.9,-35.9,6,1.5,9.8,83.9,1590,-14.3,-32.6,16.2,1.3,13.3,79.1,2127,5.9,-46.8,7.6,1.3,54.8,88.7,2087,-13.9,-24.1,17.7,1.3,,,,,,,,,,,,,,,,,,,,,,,,,,,,,,,,,,,,,,,,,,,,,,,,,
"Cain, Matt",430912,2017,32,27,124.1,567,13.2,8.6,0.296,0.489,0.358,0.361,5.4,4.5,36.6,12.5,43.5,44.2,22.7,26.8,6.3,R,2061,35.3,89.3,2402,-11.2,-21.2,18.8,1.3,10.7,83.1,2433,2.8,-36.1,8.6,2.2,10.9,83,1590,-12.2,-37.4,13.6,1.2,23.1,74.5,2657,15.2,-58.5,16.7,1.8,19.9,89,2369,-17.2,-26.3,19.8,1.3,,,,,,,,,,,,,,,,,,,,,,,,,,,,,,,,,,,,,,,,,,,,,,,,,
"Alcántara, Raúl",593417,2017,24,8,24,108,11.1,11.1,0.269,0.461,0.347,0.355,6.2,3.7,38.3,18.2,45.7,49.4,18.5,27.2,4.9,R,443,37.2,95.2,2144,-11.8,-15.6,19,1.4,17.2,88.6,2106,2.4,-27.5,8.1,1.4,18.7,86.1,1459,-14.8,-30.4,16.2,1.4,2,83.5,2076,3.1,-38.6,3.6,1.7,24.8,94.8,2086,-17,-20.9,19.6,1.6,,,,,,,,,,,,,,,,,,,,,,,,,,,,,,,,,,,,,,,,,,,,,,,,,
"Davis, Rookie",606959,2017,24,7,24,122,16.4,11.5,0.278,0.431,0.453,0.351,8,2.3,25.3,21.6,42.5,46,23,23,8,R,521,46.6,92.4,2031,-3.4,-13.1,19,1.5,9.4,82.6,2218,5.4,-37.5,7.2,1.3,6.7,86.2,1798,-11.8,-22.4,18.7,1.5,2.3,79.2,2291,5.2,-44.4,5.9,1.4,16.7,91.8,1925,-10.9,-16.1,19.5,1.7,18.2,86.4,2192,3.5,-29.5,8.2,1.5,,,,,,,,,,,,,,,,,,,,,,,,,,,,,,,,,,,,,,,,,,
"Dunn, Mike",445197,2017,32,68,50.1,220,25.9,12.7,0.216,0.356,0.316,0.297,5.9,5.9,28.1,26.1,41.5,34.1,28.9,25.9,11.1,L,878,51.1,92.4,2310,2.4,-13.2,18.9,1.1,41.6,86,2468,-4.7,-30.7,8.6,1.5,,,,,,,,6.6,74.5,2389,-10.7,-61.2,15.6,1.4,0.7,92.2,2174,14.1,-15,22,1.4,,,,,,,,,,,,,,,,,,,,,,,,,,,,,,,,,,,,,,,,,,,,,,,,,
"Pressly, Ryan",519151,2017,28,57,61.1,252,24.2,7.5,0.24,0.401,0.293,0.3,4.1,7.1,37.3,27,49.4,51.5,25.4,20.1,3,R,890,44.5,96,2509,-2.8,-8.4,22.1,1.4,18.1,89.7,2641,3.6,-27,9.5,1.4,,,,,,,,26.6,83.1,3104,14.9,-46.4,16.4,1.9,10.8,95,2373,-12.6,-15.8,19.8,1.2,,,,,,,,,,,,,,,,,,,,,,,,,,,,,,,,,,,,,,,,,,,,,,,,,
"Duffy, Danny",518633,2017,28,24,146.1,609,21.3,6.7,0.248,0.405,0.306,0.309,6.7,5.3,31.1,24.3,50.5,41,25.3,24.4,9.2,L,2272,24.7,92.8,2191,2.6,-13.3,18.3,1.5,29.1,83,2313,-7.3,-39.9,8.5,1.8,22.9,83.7,2410,11.4,-26.3,17.1,1.7,0.7,73.3,2343,-12.1,-64.8,18.3,1.8,22.6,93,2153,9.6,-14.1,19.9,1.4,,,,,,,,,,,,,,,,,,,,,,,,,,,,,,,,,,,,,,,,,,,,,,,,,
"Faria, Jake",607188,2017,23,16,86.2,357,23.5,8.7,0.235,0.384,0.294,0.306,8,5.5,36.3,28.8,46.4,38.8,19.4,28.7,13.1,R,1436,54,91.8,2150,-1.7,-13.6,20.1,1.1,24.5,83.3,1931,3.3,-36.1,6.3,1.7,,,,,,,,4.4,75.1,2112,3.1,-59.5,10.4,1.3,,,,,,,,,,,,,,,17.1,81.3,1241,-11.6,-35.8,13.9,1.7,,,,,,,,,,,,,,,,,,,,,,,,,,,,,,,,,,,
"Goody, Nick",580792,2017,25,56,54.2,221,32.6,9,0.208,0.368,0.274,0.286,5.6,2.4,32,35.4,49.8,29.4,27,27.8,15.9,R,896,52.5,91.8,2213,-7.1,-13.6,20.1,1,47.5,83.2,2330,4.9,-36.3,7.4,1.1,,,,,,,,,,,,,,,,,,,,,,,,,,,,,,,,,,,,,,,,,,,,,,,,,,,,,,,,,,,,,,,,,,,,,,
"McCullers Jr., Lance",621121,2017,23,22,118.2,512,25.8,7.8,0.23,0.345,0.305,0.291,4.3,4.6,32.8,28,45.6,62.3,11.9,23.4,2.4,R,1999,24.6,94.2,2286,-13.4,-20.4,17.7,1.9,,,,,,,,11.5,88.7,1890,-17.3,-32.1,18.3,1.4,47.6,85.6,2871,7.2,-48.5,13.1,1.9,16.3,94.1,2306,-15,-23.9,17.2,1.6,,,,,,,,,,,,,,,,,,,,,,,,,,,,,,,,,,,,,,,,,,,,,,,,,
"Nicasio, Juan",504379,2017,30,76,72.1,290,24.8,6.9,0.231,0.348,0.265,0.278,5.6,3.6,33.9,23.5,51.3,46.4,18.9,26,8.7,R,1208,58.7,95.3,2075,-9.6,-13.2,20.1,1.7,25.7,88.5,1992,0.6,-27.7,8.6,2,1.8,87.1,1841,-11,-24.5,16.6,1.5,,,,,,,,13.7,95.2,2051,-14.6,-17.1,20,1.6,,,,,,,,,,,,,,,,,,,,,,,,,,,,,,,,,,,,,,,,,,,,,,,,,
"Robertson, David",502085,2017,32,61,68.1,264,37.1,8.7,0.173,0.286,0.212,0.237,6.4,3.6,32.1,37.6,46.4,49.3,25.7,20,5,R,1028,1,92,2501,-6.8,-17.5,15.9,1.5,15.1,82.3,2602,10.3,-39.5,10.8,1.9,1.3,87.4,1960,-13.2,-22.8,18.5,1.4,31.1,82.6,2709,9.4,-50.5,14.1,1.6,1.4,92.2,2344,-13.7,-15.6,21.6,1.4,50.2,91.6,2551,0.8,-16.1,16.5,1.3,,,,,,,,,,,,,,,,,,,,,,,,,,,,,,,,,,,,,,,,,,
"Claudio, Alex",592222,2017,25,70,82.2,323,17.3,4.6,0.239,0.321,0.253,0.26,4.8,7.6,29.3,21.4,49.9,67.6,10.8,18.4,3.2,L,1128,0.2,85.9,2066,15.4,-29.4,17.6,1.4,13.3,77.1,2221,-5.5,-43.7,7.7,1.1,30.1,71.1,2215,17.3,-58.2,17.8,2,,,,,,,,56.5,86.7,2006,16.5,-42.2,17.5,1,,,,,,,,,,,,,,,,,,,,,,,,,,,,,,,,,,,,,,,,,,,,,,,,,
"Price, David",456034,2017,31,16,74.2,317,24,7.6,0.23,0.398,0.285,0.302,4.7,6.1,32.1,25.8,50.1,40.4,27.7,25.4,6.6,L,1250,10.6,94.2,2236,7.2,-13.2,19.7,1.3,,,,,,,,14.5,85.8,1740,14,-28.4,17.7,2,6.2,79.7,2332,-7.3,-49.4,9.6,1.7,48,94.4,2165,13.8,-17.8,19.4,1.4,20.8,88.7,2112,-2.6,-28,8.3,1.4,,,,,,,,,,,,,,,,,,,,,,,,,,,,,,,,,,,,,,,,,,
"Bradley, Archie",605151,2017,24,63,73,290,27.2,7.2,0.23,0.354,0.248,0.279,4.2,1.6,36.5,23.3,47.2,49.2,17.5,26.5,6.9,R,1144,75.5,96.3,2378,-9.1,-13.6,19,1.3,2.8,90.4,2203,0.7,-21,13.2,1.5,0.1,88.6,1634,-16.8,-28.5,17.8,,21.5,82.4,1998,5.4,-51.1,12.6,1.8,0.1,96.1,2491,-12.4,-15.2,19.4,,,,,,,,,,,,,,,,,,,,,,,,,,,,,,,,,,,,,,,,,,,,,,,,,,
"Ureña, José",570632,2017,25,34,169.2,724,15.6,8.8,0.263,0.462,0.316,0.345,4.5,6.2,30.9,19.8,45.5,44.3,24.8,24.4,6.6,R,2876,31.3,95.8,2175,-13.1,-15.2,20.2,1.3,23.8,85,2305,1.7,-29.5,10,2,21.5,88.6,1807,-14.3,-22.9,19.2,1.9,,,,,,,,23.4,95.5,2149,-16.5,-20.4,19.6,1.6,0,90.2,1728,-14.5,-26.2,16.5,,,,,,,,,,,,,,,,,,,,,,,,,,,,,,,,,,,,,,,,,,,
"Lawrence, Casey",596271,2017,29,27,55.1,264,19.7,9.5,0.255,0.411,0.381,0.324,6.5,5.4,33.5,24.9,47,47.8,16.1,28.5,7.5,R,971,10.5,91.3,2177,-11.9,-18.7,19,1.2,23.4,81.8,2366,6.3,-34.9,10.4,1.3,16.3,83.5,1723,-16.9,-32.2,19.1,1.5,1,76.8,2317,6.1,-49.3,7.2,1.4,48.8,91.2,2112,-17.6,-24.6,20,1.1,,,,,,,,,,,,,,,,,,,,,,,,,,,,,,,,,,,,,,,,,,,,,,,,,
"Strickland, Hunter",519326,2017,28,68,61.1,268,21.6,10.8,0.236,0.429,0.303,0.319,5.6,2.2,29.8,24.9,47,38.5,26.3,23.5,11.7,R,982,57.3,95.6,2440,-1.9,-13,17.7,1.4,30,84,2728,11.3,-39,12.1,2.4,1.4,89,1875,-10.8,-21.1,18.2,1.6,,,,,,,,11.2,95.6,2359,-11.9,-17.3,17.9,1.4,,,,,,,,,,,,,,,,,,,,,,,,,,,,,,,,,,,,,,,,,,,,,,,,,
"García, Jarlín",606424,2017,24,68,53.1,225,18.7,7.6,0.245,0.389,0.301,0.31,5.6,5.6,32.1,26.3,46.5,40.7,22.8,23.5,13,L,891,49.4,94.4,2097,11.7,-15.3,20.1,1.1,31.5,85.1,2330,-5.7,-36.7,7.2,2.1,18.6,87.3,2277,17.2,-24.8,20.9,1.4,,,,,,,,0.4,93.5,2088,14.9,-23.1,17.3,1.4,,,,,,,,,,,,,,,,,,,,,,,,,,,,,,,,,,,,,,,,,,,,,,,,,
"Breslow, Craig",444520,2017,36,37,35.1,159,14.5,8.8,0.303,0.526,0.346,0.379,10,2.5,38.3,14,43.3,42.5,19.2,31.7,6.7,L,593,3.7,90.3,2057,13.9,-15.8,23.7,1.7,,,,,,,,18.4,78.9,1666,14.5,-30.7,21.4,1.6,19.2,78.2,2421,-13.7,-45.9,14.2,1.6,58.7,89.4,1923,18.2,-25.1,21.4,1.4,,,,,,,,,,,,,,,,,,,,,,,,,,,,,,,,,,,,,,,,,,,,,,,,,
"Cobb, Alex",502171,2017,29,29,179.1,742,17.3,5.9,0.269,0.432,0.304,0.324,5.9,5.1,35.1,16.9,44.3,49.3,19.1,25.5,6,R,2845,1.2,91.1,2045,-4.6,-15.8,19.4,1.2,,,,,,,,,,,,,,,34.1,80.5,2536,4.8,-60.2,16.4,1.5,50.5,91.7,2103,-15.2,-18.6,21.6,1,,,,,,,,14.3,85.6,1599,-15,-27.5,19.8,1.1,,,,,,,,,,,,,,,,,,,,,,,,,,,,,,,,,,,
"Garton, Ryan",623439,2017,27,20,22,90,17.8,6.7,0.272,0.445,0.29,0.333,8.8,4.4,38.2,24.3,49,42.6,25,26.5,5.9,R,353,54.1,92.6,2139,0.8,-12.3,19.9,1.1,,,,,,,,2,85.4,1881,-12.1,-22.3,19.8,1.4,11.6,80.3,1829,-0.2,-57.1,14.1,1.7,,,,,,,,32.3,87.3,2378,5.7,-31.7,8,1.4,,,,,,,,,,,,,,,,,,,,,,,,,,,,,,,,,,,,,,,,,,
"Gregerson, Luke",502381,2017,33,65,61,263,26.6,7.6,0.239,0.425,0.329,0.305,6.4,6.9,36.6,35.3,48.3,49.1,22,23.7,5.2,R,957,5,89.3,2434,-1.2,-25.5,10,1.3,46.2,81.6,2667,7.8,-43.3,8.6,1.1,1.5,80.2,2032,-8.7,-38.9,10.8,1.8,,,,,,,,47.3,89.6,2384,-11.1,-30.3,12.5,1,,,,,,,,,,,,,,,,,,,,,,,,,,,,,,,,,,,,,,,,,,,,,,,,,
"Shackelford, Kevin",594992,2017,28,26,30.2,135,28.1,9.6,0.189,0.286,0.332,0.261,2.5,2.5,32.1,31.5,52.2,58,16,18.5,7.4,R,517,29.2,94.4,2570,-1.8,-14.4,17.4,1.4,40.6,87.7,2694,4.2,-33.8,6,1.2,0.2,89,1883,-15.8,-24.7,18.7,,,,,,,,,30,95.1,2362,-13.1,-14.4,21.4,1.1,,,,,,,,,,,,,,,,,,,,,,,,,,,,,,,,,,,,,,,,,,,,,,,,,
"Lively, Ben",594902,2017,25,15,88.2,372,14,6.5,0.253,0.447,0.343,0.329,8,5.2,27.5,17.5,47.4,38.9,26,22.6,12.5,R,1404,43,91.3,1922,-5.6,-15.9,17.6,1.2,13,81.9,1966,6.2,-37.9,7.5,1.4,5.3,84.9,1835,-14.9,-28.8,17.7,1.3,20.3,75.5,2042,12,-51,13,1.8,18.4,91.2,1896,-14.3,-21.9,17.9,1.3,,,,,,,,,,,,,,,,,,,,,,,,,,,,,,,,,,,,,,,,,,,,,,,,,
"Greinke, Zack",425844,2017,33,32,202.1,801,26.8,5.6,0.224,0.395,0.282,0.287,6.1,5.4,30.9,28.9,46.2,47.9,20.1,25.1,6.8,R,3134,39.2,90.8,2392,-2.1,-16,18.1,1.3,22.7,84,2595,6.2,-36.9,8.1,1.6,16.1,87.1,1821,-13.1,-30.2,15.3,1.1,13,74.3,2593,11.8,-63.4,17.1,1.7,9.1,90.7,2340,-12.1,-19.3,19.2,1.3,,,,,,,,,,,,,,,,,,,,,,,,,,,,,,,,,,,,,,,,,,,,,,,,,
"Romano, Sal",607219,2017,23,16,87,384,19,9.6,0.239,0.367,0.34,0.303,5.2,5.6,34.1,22,43.8,53.3,18.5,22.2,5.9,R,1495,5.3,95.5,2176,-4.6,-14.9,16.1,1.5,27.5,87,2437,2.7,-34.8,5,1.7,9.8,88.9,1618,-10.1,-22.3,16.9,1.6,0.5,82,2458,5.1,-43.3,5.8,1.3,57,95.3,2072,-11.9,-13.7,20.8,1.4,,,,,,,,,,,,,,,,,,,,,,,,,,,,,,,,,,,,,,,,,,,,,,,,,
"Knebel, Corey",608349,2017,25,76,76,309,40.8,12.9,0.167,0.273,0.254,0.249,4.3,7.1,32.6,35.1,43.9,39,19.9,26.2,14.9,R,1358,71.7,97.3,2442,-6.6,-9.6,20.8,1.2,,,,,,,,,,,,,,,28.3,80.5,2594,10.2,-57.3,17.5,1.5,,,,,,,,,,,,,,,,,,,,,,,,,,,,,,,,,,,,,,,,,,,,,,,,,,,,,,,,
"Jackson, Edwin",429719,2017,33,16,76,339,17.7,8.6,0.259,0.486,0.37,0.346,4.8,4.8,32.4,22.9,46.7,38.8,29.2,20.8,11.2,R,1302,37.9,93.1,2265,-4.3,-15.6,16.9,1.8,25.4,86.9,2274,0.1,-31.6,5.9,1.7,6.3,87.5,2127,-16.7,-21.9,21.9,1.3,7.8,78.9,2431,4.1,-49.2,7.2,1.6,22.6,93.2,2186,-12.3,-18,18.7,1.7,,,,,,,,,,,,,,,,,,,,,,,,,,,,,,,,,,,,,,,,,,,,,,,,,
"Maurer, Brandon",543506,2017,26,68,59.1,267,22.1,7.1,0.272,0.466,0.352,0.334,6.4,2.7,31.6,22.5,48.4,39.9,22.9,27.7,9.6,R,1025,55,96.5,2376,-12.2,-11.7,22.2,1.7,29.2,85.3,2590,1,-41,6.9,2.6,14.3,85.7,1897,-16.8,-26.8,20.6,2,,,,,,,,1.5,95.1,2189,-20.6,-21.2,22.8,1.6,,,,,,,,,,,,,,,,,,,,,,,,,,,,,,,,,,,,,,,,,,,,,,,,,
"Wright, Daniel",642229,2017,26,5,19.2,85,12.9,9.4,0.31,0.451,0.324,0.368,9.4,3.1,32.8,22.9,41.7,32.8,23.4,35.9,7.8,R,313,20.4,90.2,2319,-4.9,-16.9,18.2,1.5,14.7,82.5,2438,4.3,-39,6.6,1.9,20.4,83.7,1988,-14,-29,18.3,1.3,17.3,74.5,2544,9.4,-64.8,16.9,1.3,27.2,89.7,2255,-11.4,-20.7,18.4,1.5,,,,,,,,,,,,,,,,,,,,,,,,,,,,,,,,,,,,,,,,,,,,,,,,,
"Hudson, Daniel",543339,2017,30,71,61.2,271,24.4,12.2,0.238,0.371,0.331,0.32,3.6,6,27.9,27.9,45.6,44.3,22.8,24.6,8.4,R,1098,41.1,95.4,2410,-8.5,-14,18.7,1.1,26,86.5,2563,-0.8,-33.4,4.9,2.3,13.8,86,2409,-19.1,-25.7,22.8,1.4,,,,,,,,19.1,95.4,2376,-13.7,-19,18,1.1,,,,,,,,,,,,,,,,,,,,,,,,,,,,,,,,,,,,,,,,,,,,,,,,,
"Nolasco, Ricky",445060,2017,34,33,181,786,18.2,7.4,0.291,0.517,0.357,0.365,5.3,3.4,40,25.2,45.9,41.4,25.1,27,6.5,R,3087,19.3,91,2124,-8.4,-17.7,18.5,1.5,27.3,81,2319,4,-46.8,6.2,1.6,,,,,,,,9.3,73.6,2544,14.5,-67.6,20.4,1.7,29.1,90.8,2009,-16.4,-24.3,19.4,1.4,,,,,,,,15,80.9,1379,-12.5,-39.8,13.5,1.2,,,,,,,,,,,,,,,,,,,,,,,,,,,,,,,,,,,
"Boyd, Matthew",571510,2017,26,26,135,605,18.2,8.8,0.263,0.445,0.35,0.333,6.4,5.5,30.3,22.6,48.6,39.6,21.4,27.3,11.6,L,2339,25.1,92.6,2241,10.2,-15.7,19.6,1.5,11.6,86.2,2319,4.1,-29.4,10.3,1.6,20.8,80.9,1850,13.7,-30.4,18.5,1.4,18.1,74.6,2199,-12.3,-48.4,12.9,1.6,24.5,91.5,2277,15.4,-20.6,20.1,1.7,,,,,,,,,,,,,,,,,,,,,,,,,,,,,,,,,,,,,,,,,,,,,,,,,
"Biagini, Joe",607352,2017,27,44,119.2,517,18.8,8.1,0.251,0.385,0.323,0.306,4,6.6,31.2,19.2,46.4,56.4,17.8,21,4.8,R,1929,6.2,93.3,2170,-5.8,-15,18.3,1.7,,,,,,,,14.4,86.3,1723,-16.1,-27.2,19,1.3,21.5,78.8,2866,6.8,-61.8,17.2,1.9,48.3,93.8,2147,-13.1,-15.4,21.1,1.3,9.6,90,2170,-1.3,-24.3,10.8,1.6,,,,,,,,,,,,,,,,,,,,,,,,,,,,,,,,,,,,,,,,,,
"Treinen, Blake",595014,2017,29,72,75.2,325,22.8,7.7,0.253,0.373,0.317,0.303,5,6.3,35.3,28.2,49,61.1,14.9,19.9,4.1,R,1194,15.6,97.3,2403,-12,-14.5,19.8,1.5,26,89.1,2516,2.2,-36.7,4.6,1.6,6.9,89.2,1497,-15.2,-30.3,16.6,1.4,,,,,,,,51.6,97.2,2294,-18,-22.3,19.8,1.4,,,,,,,,,,,,,,,,,,,,,,,,,,,,,,,,,,,,,,,,,,,,,,,,,
"Boxberger, Brad",502202,2017,29,30,29.1,121,33.1,9.1,0.178,0.322,0.279,0.251,5.8,4.3,31.9,30.9,46,46.4,30.4,17.4,5.8,R,500,65.6,92.4,2271,-7.4,-17.1,18,1.6,11,85.4,2287,4.5,-34.9,7.1,2.2,23,80.6,1435,-17,-38.1,18.1,1.7,0.4,79.9,2143,6.6,-43.1,6.9,1.5,,,,,,,,,,,,,,,,,,,,,,,,,,,,,,,,,,,,,,,,,,,,,,,,,,,,,,,,
"Gonzales, Marco",594835,2017,25,11,40,185,17.3,5.9,0.299,0.485,0.391,0.353,7.1,5.7,41.1,22,46.1,45.4,19.1,27,8.5,L,701,52.4,91.7,2205,12.4,-18.2,19.6,1.1,,,,,,,,31.1,84.2,2182,17.1,-30.6,19.4,1.3,16.5,79.2,2392,-4.8,-54.7,11.1,1.6,,,,,,,,,,,,,,,,,,,,,,,,,,,,,,,,,,,,,,,,,,,,,,,,,,,,,,,,
"Moore, Matt",519043,2017,28,32,174.1,790,18.7,8.5,0.275,0.508,0.354,0.361,7.2,2.3,40.3,19.5,48,38.6,24.8,28,8.6,L,2871,51.7,91.9,2257,13.8,-15.8,22.6,1.6,,,,,,,,15.9,83.1,1727,16.1,-31.8,18.9,2,17.7,81.1,2394,-5.1,-47.1,7.7,1.4,,,,,,,,14.7,89.2,2170,3,-19.7,16.3,1.7,,,,,,,,,,,,,,,,,,,,,,,,,,,,,,,,,,,,,,,,,,
"Iwakuma, Hisashi",547874,2017,36,6,31,128,12.5,9.4,0.267,0.556,0.341,0.381,9.2,4.1,41.7,19.1,45.6,40.8,32.7,20.4,6.1,R,453,21.4,85.6,2155,-9.4,-22.5,18,1.7,,,,,,,,,,,,,,,6.6,69.1,2209,12.2,-64.7,14.2,1.8,18.3,85.1,1989,-16.3,-30.4,18.3,1.6,34.2,79.6,2164,3.1,-38.5,7.6,2,19.4,80.7,1526,-11.6,-36.3,14.3,1.7,,,,,,,,,,,,,,,,,,,,,,,,,,,,,,,,,,,
"Jansen, Kenley",445276,2017,29,65,68.1,257,42.4,2.7,0.17,0.265,0.207,0.203,4.3,10.1,23.4,35.8,54.9,38.8,20.1,24.5,16.5,R,996,,,,,,,,7.9,83.3,2395,7.2,-39.3,8.3,1.6,,,,,,,,,,,,,,,6.6,94.8,2386,-6.8,-9.3,21.5,1.4,85.4,93.2,2611,7.1,-12.6,19.8,1.6,,,,,,,,,,,,,,,,,,,,,,,,,,,,,,,,,,,,,,,,,,
"Andriese, Matt",542882,2017,27,18,86,374,20.3,7.5,0.264,0.467,0.338,0.339,9.4,3,38.6,24.6,48.3,45.5,21.1,23.3,10.2,R,1433,44.2,92.1,2382,-9.8,-15.8,20.1,1.2,8.1,86.4,2473,2.4,-35.5,4.8,1.3,30.6,86,2100,-5.6,-37.8,6.6,1.4,17,81,2695,5.3,-56.4,13.7,1.3,,,,,,,,,,,,,,,,,,,,,,,,,,,,,,,,,,,,,,,,,,,,,,,,,,,,,,,,
"Avilán, Luis",501593,2017,27,61,46,194,26.8,11.3,0.238,0.358,0.305,0.301,1.7,9.2,24.6,32.7,46.4,55.5,15.1,27.7,1.7,L,826,2.1,92.3,2181,8.6,-15.5,19.5,1.4,,,,,,,,49.4,84,2272,15.4,-32.8,17.3,1.3,9,76.4,2437,-9.1,-56.3,11.7,1.7,39.6,92.8,2183,16.5,-19.5,21.4,1.3,,,,,,,,,,,,,,,,,,,,,,,,,,,,,,,,,,,,,,,,,,,,,,,,,
"Stratton, Chris",608717,2017,26,13,58.2,256,19.9,10.9,0.264,0.397,0.323,0.33,4.5,6.3,30.1,22,44.9,45.5,18.2,32.4,4,R,1039,35.3,91.7,2496,-2.7,-15.3,17.3,1.3,11.5,84.1,2745,8.6,-36.7,9.7,1.7,7.6,84.1,1658,-8.5,-28,14.1,1.2,18.6,77.4,3105,17.2,-54.6,19.4,1.4,9.4,91.4,2484,-8.5,-19.1,15.9,1.3,17.5,91.2,2500,3,-16.1,16.8,1.2,,,,,,,,,,,,,,,,,,,,,,,,,,,,,,,,,,,,,,,,,,
"Ryu, Hyun Jin",547943,2017,30,25,126.2,541,21.4,8.3,0.259,0.437,0.336,0.328,5.3,5.3,31.6,25.7,44.8,47.3,21,26.6,5.1,L,2110,34,90.4,2067,10.6,-16.5,19.9,1.7,4,77.9,2188,-2.6,-46.8,5.2,2,25.4,80.9,1539,14.4,-29.8,19,2,15.7,71.7,2421,-11.3,-65.3,15.9,1.8,2.9,89.6,2073,13.1,-20.7,18.5,1.5,17.9,86.5,2029,-0.2,-27,10,1.9,,,,,,,,,,,,,,,,,,,,,,,,,,,,,,,,,,,,,,,,,,
"Wilson, Tyler",592869,2017,27,9,15.1,70,12.9,5.7,0.339,0.555,0.393,0.395,5.4,1.8,44.6,18.7,46.4,39.3,19.6,37.5,3.6,R,264,49.2,90.8,2291,-0.5,-16,17,1.3,,,,,,,,6.8,82.7,1553,-13.8,-33.6,15.3,1.5,21.2,81.6,2460,11.4,-42.5,12.2,1.7,18.9,90.1,2218,-11,-22.3,16,1.4,3.8,92.1,2390,9.1,-13.5,20.7,1.4,,,,,,,,,,,,,,,,,,,,,,,,,,,,,,,,,,,,,,,,,,
"Hoover, J.J.",543331,2017,29,52,41.1,197,27.4,13.2,0.248,0.408,0.363,0.331,6.9,2.6,34.5,32.4,41.2,34.5,26.7,29.3,9.5,R,822,51.5,92.4,2394,-5,-15.6,18,1,35.5,84.7,2499,5,-36.1,7.7,1.4,0.7,86.5,2227,-9.8,-23.4,17.6,1.5,6.1,76.3,2628,11.5,-55.9,14,1.4,6.2,91.8,2358,-13,-19.3,19.1,1.2,,,,,,,,,,,,,,,,,,,,,,,,,,,,,,,,,,,,,,,,,,,,,,,,,
"Zych, Tony",543964,2017,26,45,40.2,173,20.2,12.1,0.23,0.326,0.276,0.304,4.5,8,29.5,23.6,45.1,50,17,25,8,R,638,27.3,94.6,2056,-13.4,-16.1,20.3,1.5,39.3,80.6,2533,18.5,-39,19.3,1.5,,,,,,,,0.2,72,2195,19,-46.7,21.1,,33.2,94.4,2024,-18,-21.1,20.8,1.6,,,,,,,,,,,,,,,,,,,,,,,,,,,,,,,,,,,,,,,,,,,,,,,,,
"Peralta, Wily",503449,2017,28,19,57.1,269,19.3,11.9,0.269,0.466,0.396,0.352,3.8,5.4,31,21.2,43.3,46.2,21.2,25.5,7.1,R,1118,36.5,95.9,1891,-8.3,-12.1,20.2,1.4,35.2,84.2,2109,1.6,-36.6,5.1,1.8,3.2,85.7,1573,-10.5,-22.7,18.9,2,3,78.2,2024,2.1,-44.2,4.6,1.5,22,96.1,1827,-13.5,-15.5,20,1.3,,,,,,,,,,,,,,,,,,,,,,,,,,,,,,,,,,,,,,,,,,,,,,,,,
"Farmer, Buck",571656,2017,26,11,48,219,22.4,9.1,0.229,0.379,0.36,0.303,4.1,0.7,34.9,25.9,45.1,33.6,31.5,25.3,9.6,R,900,48.9,92.1,2227,-12.2,-16.4,20.5,1.6,20.9,80.3,2550,1.7,-38.5,6.1,2.1,16.4,84.9,1893,-15.6,-34.2,16.8,1.7,0.7,73.6,2352,1.1,-46.7,6.4,1.5,13.1,90.3,2172,-17.1,-23.9,20.1,1.8,,,,,,,,,,,,,,,,,,,,,,,,,,,,,,,,,,,,,,,,,,,,,,,,,
"Johnson, Jim",462382,2017,34,61,56.2,256,23.8,9.8,0.256,0.405,0.315,0.315,6.5,2.4,31.5,24.2,42.4,49.1,17.8,27.8,5.3,R,972,7.5,93.1,2244,-5.5,-15,18.4,1.3,,,,,,,,4.7,88,1610,-15.5,-28,17.7,1.2,27.1,79.5,2189,4.2,-54.4,11.1,1.3,60.7,93.5,2196,-15.3,-19.7,20,1.3,,,,,,,,,,,,,,,,,,,,,,,,,,,,,,,,,,,,,,,,,,,,,,,,,
"Robles, Hansel",570663,2017,26,46,56.2,247,24.3,11.7,0.238,0.44,0.322,0.34,7.8,2,34.2,23.6,42.5,35.3,27.5,28.1,9.2,R,947,34.8,95,2451,-12.2,-11.6,22.9,1.4,25.4,86,2414,-0.8,-33.1,6.5,1.6,8.3,88.7,1683,-15.4,-23.9,20,1.5,,,,,,,,31.4,94.8,2447,-17.2,-15.9,23,1.8,,,,,,,,,,,,,,,,,,,,,,,,,,,,,,,,,,,,,,,,,,,,,,,,,
"Lackey, John",407793,2017,38,31,170.2,731,20.4,7.3,0.268,0.47,0.331,0.344,7.9,3.9,36.2,23,47.5,42.7,22.6,27.1,7.5,R,2754,39.4,91,2172,-9.2,-17.3,18.6,1.5,,,,,,,,4.6,83.5,1647,-14.5,-29.7,17.7,1.6,7.4,77.5,2283,7.4,-49.7,8.7,1.4,12.9,90.7,2131,-16.5,-25.2,18.6,1.4,35.5,82.5,2165,4.3,-38.5,6.4,1.7,,,,,,,,,,,,,,,,,,,,,,,,,,,,,,,,,,,,,,,,,,
"Eickhoff, Jerad",595191,2017,26,24,128,576,20.5,9.2,0.264,0.448,0.338,0.337,6.5,2.5,34.6,21.7,44.6,39,24.8,27.5,8.8,R,2128,37.3,90.4,2225,-8.5,-14.9,20.9,1.4,17.2,84.7,2270,-1.5,-27.6,12,1.6,0.5,80.8,1800,-11.2,-27,18.8,1.6,32.8,76.3,2517,6,-53.3,9,1.8,12.2,90.2,2184,-15,-20.4,20.4,1.6,,,,,,,,,,,,,,,,,,,,,,,,,,,,,,,,,,,,,,,,,,,,,,,,,
"Ross, Tyson",475115,2017,30,12,49,238,15.1,15.5,0.274,0.46,0.375,0.38,3.2,4.4,29.7,18.6,41,48.1,22.2,23.4,6.3,R,966,45.9,91.4,2547,-6.3,-20,15.3,1.9,35,84.6,2658,2.3,-38.4,4.2,1.7,0.2,84.8,1890,-8.9,-29.5,13.4,1.5,,,,,,,,18.9,90.9,2439,-15,-26.7,16.8,1.6,,,,,,,,,,,,,,,,,,,,,,,,,,,,,,,,,,,,,,,,,,,,,,,,,
"Hoyt, James",624586,2017,30,43,49.1,211,31.3,6.6,0.245,0.395,0.321,0.303,7.8,3.1,37.5,36,49.6,40.3,24.8,29.5,5.4,R,847,34.2,93.4,2119,-10.9,-16.1,19.1,1.1,50.2,84.3,2446,1.7,-42.7,5.6,1.1,9.8,88.6,1253,-13.1,-31.6,14.2,1.3,,,,,,,,5.8,93.5,2098,-17.7,-22.6,20,1.2,,,,,,,,,,,,,,,,,,,,,,,,,,,,,,,,,,,,,,,,,,,,,,,,,
"Guerra, Junior",448855,2017,32,21,70.1,314,21.3,13.7,0.259,0.462,0.35,0.361,4,3,35.5,26.8,43.7,36,26,27,11,R,1238,45.2,92,2133,-4.3,-13.6,19.4,1.5,10.8,80.2,2319,7.1,-45,9.3,2.3,,,,,,,,,,,,,,,19.3,91.5,2068,-12.1,-17.2,19.9,1.5,,,,,,,,24.7,84,1388,0.3,-31.9,9.5,1.6,,,,,,,,,,,,,,,,,,,,,,,,,,,,,,,,,,,
"Crick, Kyle",605195,2017,24,30,32.1,134,20.9,12.7,0.193,0.3,0.268,0.272,4.5,8,20.5,24.9,49,38.6,26.1,21.6,13.6,R,605,40,95.5,2381,-2.1,-13.9,16.8,1,20.3,82.6,2981,15.3,-38.5,16.3,1.8,5.3,88.2,1815,-6.3,-25.9,12.8,1.4,,,,,,,,3.5,95.5,2269,-12,-20.1,16,1.2,30.9,95.5,2347,3.5,-13.5,17.2,0.9,,,,,,,,,,,,,,,,,,,,,,,,,,,,,,,,,,,,,,,,,,
"Karns, Nate",501992,2017,29,9,45.1,188,27.1,6.9,0.231,0.475,0.314,0.324,5.7,5.7,38,28.8,46.3,48.4,25.4,21.3,4.9,R,747,41.2,93,2390,-9.8,-13.6,20.4,1.5,,,,,,,,14.3,86,1572,-15,-30,16.7,1.5,36.4,83.7,2303,2.1,-46.4,9,1.9,8,93.1,2335,-15.9,-18.2,20.4,1.3,,,,,,,,,,,,,,,,,,,,,,,,,,,,,,,,,,,,,,,,,,,,,,,,,
"Hahn, Jesse",534910,2017,27,14,69.2,315,17.5,8.6,0.268,0.422,0.324,0.332,7.4,3.9,33.9,17.9,43.8,47.4,17,30,5.7,R,1206,4.5,93.6,2226,-13,-14.6,21.3,1.3,9.9,84.5,2600,5.5,-38.2,6.9,1.6,10.4,85.2,1815,-14.4,-28.3,17.7,1.4,17.7,76,3005,14,-63.2,20.1,1.3,57.5,93.8,2223,-17,-18.8,21.3,1.5,,,,,,,,,,,,,,,,,,,,,,,,,,,,,,,,,,,,,,,,,,,,,,,,,
"Matz, Steven",571927,2017,26,13,66.2,298,16.1,6.4,0.285,0.469,0.363,0.346,5.7,5.3,37.7,18,44.3,48.7,21.5,23.7,6.1,L,1169,0.3,92.5,2146,5.5,-16.6,16.4,1.5,4.3,85.7,2127,-2.4,-33.6,5.4,1.4,13.4,83.6,2223,15.7,-30.9,17.9,1.2,23.3,78.2,2393,-9.2,-52.5,12.2,1.4,58.8,93.1,2069,13.1,-19.7,17.7,1,,,,,,,,,,,,,,,,,,,,,,,,,,,,,,,,,,,,,,,,,,,,,,,,,
"Gallegos, Giovanny",606149,2017,25,16,20.1,87,25.3,5.7,0.267,0.475,0.309,0.329,5,3.3,36.7,28.9,53.4,36.7,26.7,28.3,8.3,R,363,63.6,94.1,2356,-11.3,-11.7,23.6,1.3,31.4,83.4,2148,1,-44.6,6,1.8,5,87,1778,-14.5,-21.2,22.1,1.3,,,,,,,,,,,,,,,,,,,,,,,,,,,,,,,,,,,,,,,,,,,,,,,,,,,,,,,,,,,,,,,
"Skaggs, Tyler",572140,2017,25,16,85,365,20.8,7.7,0.263,0.446,0.339,0.337,4.7,4.3,38.8,19.9,43.3,42.4,21.2,25.5,11,L,1392,36.9,92.1,2215,1.7,-14,18.5,1.5,,,,,,,,9.3,85.2,1769,3.1,-27.3,11.5,1.6,31,75.6,2765,-12.9,-65,20.3,2.2,22.8,91.8,2208,7.7,-15.8,18.8,1.6,,,,,,,,,,,,,,,,,,,,,,,,,,,,,,,,,,,,,,,,,,,,,,,,,
"Woodruff, Brandon",605540,2017,24,8,43,184,17.4,7.6,0.251,0.379,0.313,0.306,6.7,7.4,28.9,19.1,51.3,49.6,22.2,19.3,8.9,R,716,60.3,94.3,2098,-7.6,-16.3,16.5,1.5,26.8,85.8,2148,3.6,-34.9,5.6,1.8,12.8,84.7,1671,-14.8,-30.5,16.9,1.5,,,,,,,,,,,,,,,,,,,,,,,,,,,,,,,,,,,,,,,,,,,,,,,,,,,,,,,,,,,,,,,
"Stephens, Jackson",623451,2017,23,7,25,101,20.8,8.9,0.25,0.466,0.31,0.339,5.7,2.9,28.6,19.4,48.6,35.7,35.7,17.1,11.4,R,413,37.3,93.8,2166,-7.4,-15.5,18.1,1.4,11.1,84.9,2643,3.1,-32,8.9,1.9,7.7,86.3,1823,-15,-27.2,19.3,1.9,20.1,77,2919,14.8,-53.9,16.3,1.6,23.7,93.2,2026,-15.6,-20.9,19.7,1.5,,,,,,,,,,,,,,,,,,,,,,,,,,,,,,,,,,,,,,,,,,,,,,,,,
"Siegrist, Kevin",543779,2017,27,46,39.1,172,25,12.8,0.25,0.392,0.344,0.323,4.7,4.7,30.2,26.4,41.7,39.6,27.4,24.5,8.5,L,680,60.9,92,2062,8.4,-14.3,20.2,1.1,,,,,,,,18.5,84.5,2048,16.7,-29.1,19.7,1.7,18.8,72.7,2170,-10.5,-60,13.8,2.3,1.8,91.9,2106,14.1,-19.5,19.2,1.3,,,,,,,,,,,,,,,,,,,,,,,,,,,,,,,,,,,,,,,,,,,,,,,,,
"Chavez, Jesse",445926,2017,33,38,138,586,20.3,7.7,0.276,0.501,0.348,0.354,7.6,3.8,40.8,20.8,44.3,41.7,27.1,27.1,4,R,2306,41.2,91.2,2324,-6.8,-17.4,17.7,1.4,16,84.2,2392,2.2,-41.5,5.3,1.7,14.4,85.2,1849,-16.2,-32.4,17.6,1.2,8.1,76.2,2592,13.7,-59.9,17.9,1.4,14.6,91.9,2174,-15.2,-20.8,19.6,1.2,5.7,90.1,2356,0.8,-18.6,15.6,1.1,,,,,,,,,,,,,,,,,,,,,,,,,,,,,,,,,,,,,,,,,,
"Gómez, Jeanmar",491646,2017,29,18,22.1,100,21,7,0.3,0.525,0.429,0.372,8.6,5.7,41.4,23.8,46.3,52.9,18.6,24.3,4.3,R,361,3.3,90.1,2008,-10.7,-16.3,20.5,1.6,13.3,84.5,2090,4.4,-30.9,9,1.7,24.1,83.2,1603,-12.7,-33.5,14.6,1.8,,,,,,,,59.3,90.6,2017,-15.4,-23.4,18.5,1.4,,,,,,,,,,,,,,,,,,,,,,,,,,,,,,,,,,,,,,,,,,,,,,,,,
"Bibens-Dirkx, Austin",502212,2017,32,24,69.1,299,12.7,6.7,0.285,0.52,0.34,0.363,7.1,5.5,34.5,20.7,45.3,40.8,25.6,26.5,7.1,R,1171,28.9,90.5,2110,-13.7,-17.8,21.5,1.1,29.4,86.6,2234,-0.6,-29.5,8.6,1.4,16,84.6,1724,-15.3,-32,17.4,1.6,13.3,79.7,2620,6.4,-47.2,7.7,1.3,12.4,90,2046,-18.4,-25.1,20.8,1.1,,,,,,,,,,,,,,,,,,,,,,,,,,,,,,,,,,,,,,,,,,,,,,,,,
"Bummer, Aaron",607481,2017,23,30,22,91,18.7,16.5,0.222,0.378,0.303,0.329,0,3.4,32.8,28.9,40.6,56.9,20.7,17.2,5.2,L,374,15.8,93.7,2039,7.3,-17.6,16.1,1.3,36.9,83,2029,-7.4,-42.7,8.4,1.3,1.9,88.5,1649,12.6,-27.3,15.2,1.4,,,,,,,,45.5,93.2,1888,12.2,-26.3,13.7,1.1,,,,,,,,,,,,,,,,,,,,,,,,,,,,,,,,,,,,,,,,,,,,,,,,,
"Greene, Shane",572888,2017,28,71,67.2,283,25.8,12,0.23,0.376,0.278,0.311,4.7,5.2,37.8,23.1,42.2,48.8,22.7,22.1,6.4,R,1077,4.9,95.7,2372,-6.5,-13.5,18.4,1.3,,,,,,,,,,,,,,,0.2,79.8,2459,11.9,-55.6,15.6,1.5,51.3,94.9,2292,-15.4,-18.7,20.2,1.2,14.7,88.9,2657,7.2,-28.7,10.8,1.5,,,,,,,,,,,,,,,29,82.3,2652,14.1,-40,15.1,1.5,,,,,,,,,,,,,,,,,,,,,
"Gee, Dillon",518716,2017,31,18,49.1,212,19.3,7.1,0.253,0.452,0.349,0.331,4.6,3.3,32.9,23.1,48.6,44.1,25.7,23,7.2,R,801,29.3,91.1,2304,-13.4,-18.1,20.6,1.2,,,,,,,,15.2,83.6,1814,-17.2,-33.5,18.6,1.2,16.1,77.1,2533,13.2,-54.2,15.2,1.5,17.5,90.8,2335,-18.4,-25,20.4,1.1,21.8,86.3,2451,1.7,-27.8,10,1.3,,,,,,,,,,,,,,,,,,,,,,,,,,,,,,,,,,,,,,,,,,
"Herrera, Kelvin",516969,2017,27,64,59.1,258,21.7,7.4,0.247,0.441,0.327,0.315,6.6,2.2,38.7,25.5,52,46.7,25.3,23.6,4.4,R,991,40.7,97.2,2283,-8.3,-13,18.4,2,10.8,86.5,2490,5,-34.6,7.1,2,17.9,90.3,1811,-15.9,-25.8,18.1,1.5,,,,,,,,30.7,97.2,2208,-14.4,-16.3,19.3,1.8,,,,,,,,,,,,,,,,,,,,,,,,,,,,,,,,,,,,,,,,,,,,,,,,,
"Dermody, Matt",571616,2017,26,23,22.1,95,15.8,5.3,0.23,0.428,0.341,0.301,6.8,2.7,24.7,25.2,47.8,34.2,31.5,24.7,9.6,L,341,17.9,92.3,2299,3.8,-16.1,16.8,1.2,41.9,85.5,2259,-4.4,-31.7,8.2,1.3,0.9,83,1644,13.9,-27.4,19.4,1.5,0.6,84.4,2133,-10,-36.7,10.3,1.5,38.7,91.9,2240,12.2,-18.2,19.2,1,,,,,,,,,,,,,,,,,,,,,,,,,,,,,,,,,,,,,,,,,,,,,,,,,
"Yates, Kirby",489446,2017,30,62,56.2,231,38.1,8.2,0.183,0.38,0.295,0.272,4.9,6.6,36.1,36.4,51.5,29.5,39.3,21.3,9.8,R,962,53.5,93.9,2336,-15.3,-15.8,22.6,1,26.7,86,2228,-3.1,-34,7.2,1.2,,,,,,,,,,,,,,,8.8,93.4,2288,-20.6,-21.8,23.1,1,,,,,,,,10.9,86.8,1274,-15.9,-34.7,16.8,1.2,,,,,,,,,,,,,,,,,,,,,,,,,,,,,,,,,,,
"Neris, Héctor",593576,2017,28,74,74.2,320,26.9,8.1,0.223,0.402,0.298,0.305,7.4,5,33.3,33.6,52.9,35.1,26.7,27.2,10.9,R,1231,37,94.7,2460,-9.1,-13.2,20.6,1.1,0.2,88,2081,5.5,-28.9,9.7,1.5,,,,,,,,,,,,,,,11.5,94.5,2368,-16.2,-19.9,20.1,1.1,,,,,,,,51.3,87,1568,-12.8,-32.9,14.3,1.2,,,,,,,,,,,,,,,,,,,,,,,,,,,,,,,,,,,
"Estévez, Carlos",608032,2017,24,35,32.1,149,20.8,9.4,0.28,0.404,0.336,0.328,4.9,2.9,37.9,24.3,48,46.6,11.7,34,7.8,R,575,71.5,97,2287,-2.7,-12.5,17.2,1.4,17.4,87,2376,6.8,-32.8,8.6,2.6,8,90.2,1728,-8.7,-22.4,14.7,1.4,,,,,,,,3.1,97.2,2278,-13.1,-14.7,19.8,1.5,,,,,,,,,,,,,,,,,,,,,,,,,,,,,,,,,,,,,,,,,,,,,,,,,
"Fulmer, Michael",605242,2017,24,25,164.2,676,16.9,5.9,0.259,0.407,0.279,0.31,5.1,4.7,29.4,21.3,49.5,50.8,18.3,24.3,6.6,R,2469,22.5,95.6,2108,-4.8,-13.4,17.3,1.3,0.1,86.6,1929,-3.1,-31.8,6.2,1.4,19,87.8,1744,-12.6,-30.6,14,1.5,0.5,78.5,2548,13.6,-52.2,15.2,1.4,36.7,95.9,2035,-14.3,-16.6,19.6,1.3,21.3,89.3,2382,2.5,-27.4,8.6,1.7,,,,,,,,,,,,,,,,,,,,,,,,,,,,,,,,,,,,,,,,,,
"Barnes, Jacob",606930,2017,27,73,72,304,26.3,10.9,0.206,0.315,0.287,0.276,6.4,4.8,30.3,33.8,48.9,54.3,18.6,22.3,4.8,R,1227,54.4,96.8,2376,-3.4,-11.9,17.6,1.5,0.2,81.6,2017,5,-40.8,5,1.4,,,,,,,,,,,,,,,,,,,,,,45.5,90.7,2366,3.1,-26.8,7.8,1.8,,,,,,,,,,,,,,,,,,,,,,,,,,,,,,,,,,,,,,,,,,
"Bell, Chad",518445,2017,28,28,62.1,293,19.5,10.6,0.289,0.503,0.384,0.372,9.4,5,41.1,21,46.1,46.5,20.8,27.7,5,L,1187,6.7,92.9,2130,2.1,-15.2,16.6,1.3,12.2,80.6,2106,-4.9,-42.4,6.4,1.5,10.4,86.4,1464,13.4,-28.9,15.6,1.4,,,,,,,,51.7,92.9,2112,12.3,-16.2,20.2,1.4,18.9,85.5,2142,-0.9,-32.7,6.6,1.5,,,,,,,,,,,,,,,,,,,,,,,,,,,,,,,,,,,,,,,,,,
"Therrien, Jesen",592279,2017,24,15,18.1,86,11.6,8.1,0.301,0.495,0.39,0.369,2.9,5.9,38.2,23,48.6,48.5,17.6,30.9,2.9,R,313,30.7,92.7,2286,0.7,-16.9,14.7,1.3,44.7,84.6,2412,4.8,-35.9,6.9,1.6,2.2,83.5,1601,-5.5,-27.6,12.5,1.5,,,,,,,,22.4,92.2,2147,-8.6,-21.1,14.6,1.8,,,,,,,,,,,,,,,,,,,,,,,,,,,,,,,,,,,,,,,,,,,,,,,,,
"Bridwell, Parker",592170,2017,25,21,121,492,14.8,6.1,0.29,0.488,0.309,0.353,6.8,2.9,35.9,20.6,47.5,39,24.4,27.8,8.8,R,1757,34.3,92.5,2440,-5.7,-17.4,16.6,1.4,,,,,,,,9.9,84.4,1559,-8.2,-29.3,13.4,1.6,20.6,79.5,2813,7.9,-50.6,10.8,1.9,17.7,91.7,2325,-14.9,-23.1,18.4,1.6,17.5,89.6,2528,1.4,-25.6,9.8,1.8,,,,,,,,,,,,,,,,,,,,,,,,,,,,,,,,,,,,,,,,,,
"Strasburg, Stephen",544931,2017,28,28,175.1,701,29.1,6.7,0.204,0.332,0.252,0.263,5,3.6,32,27.7,49.7,47.6,20.8,24.6,6.8,R,2667,45.6,95.4,2171,-9.5,-12.1,20.2,1.7,5.8,89,2388,4.7,-25.7,11.4,2.4,17.5,88.6,1745,-15.2,-27.1,17.2,1.4,21.8,82.4,2791,12.9,-47.9,15.4,1.3,9.3,95,2125,-16.6,-17.3,21,2.1,,,,,,,,,,,,,,,,,,,,,,,,,,,,,,,,,,,,,,,,,,,,,,,,,
"Keuchel, Dallas",572971,2017,29,23,145.2,583,21.4,8.1,0.234,0.349,0.273,0.287,2.9,6.8,32.8,26.9,45.3,68,11.2,18.1,2.7,L,2188,5.4,88.8,2152,0.6,-21.2,13.9,1.8,18.8,78.5,2189,-14.1,-47.9,15.1,1.8,12.9,78.7,1538,11,-34.9,14.4,1.2,,,,,,,,52.9,88.7,2034,9.6,-26.1,13.1,1.3,9.9,86.7,2130,-4.7,-28.8,9.8,1.4,,,,,,,,,,,,,,,,,,,,,,,,,,,,,,,,,,,,,,,,,,
"Pill, Tyler",543652,2017,27,7,22,99,16.2,10.1,0.283,0.44,0.341,0.346,4.2,7,35.2,19.9,43.8,53.5,19.7,22.5,4.2,R,389,11.8,90,2249,-5.6,-16.2,19.5,1.6,23.4,82.8,2497,0.4,-37.5,5.8,1.5,12.6,79.9,1465,-13.3,-35.7,16,1.5,9.5,75.4,2163,0.7,-55.3,7.2,1.7,42.7,88.9,2184,-17.2,-23.4,21.4,1.5,,,,,,,,,,,,,,,,,,,,,,,,,,,,,,,,,,,,,,,,,,,,,,,,,
"Torres, José",600526,2017,23,62,68.1,284,22.2,5.6,0.235,0.421,0.317,0.306,7,1.5,40.1,23.9,50.3,36.8,28.4,25.4,9.5,L,1054,44.3,94.7,2093,7.8,-15.6,16.5,1.2,18.5,82.7,2258,-4.2,-38.4,6.7,1.8,5.2,88.9,1632,7.9,-23.7,13.1,1.4,,,,,,,,32,94.7,2079,12.8,-17.8,17.8,1.2,,,,,,,,,,,,,,,,,,,,,,,,,,,,,,,,,,,,,,,,,,,,,,,,,
"Strop, Pedro",467008,2017,32,69,60.1,250,26,10.4,0.192,0.3,0.275,0.267,4.5,7.1,27.1,36,45.2,60.9,15.4,19.9,3.8,R,1013,19.8,95.8,2396,-6.9,-11.7,19.6,1,28.5,84.8,2407,2.7,-38,4.8,1.3,,,,,,,,,,,,,,,35.7,96.2,2338,-14.8,-15.4,20.7,1.1,,,,,,,,15.9,89.3,2295,0,-28.1,7.1,1.4,,,,,,,,,,,,,,,,,,,,,,,,,,,,,,,,,,,
"Rondón, Héctor",444468,2017,29,61,57.1,237,29.1,8.4,0.227,0.412,0.311,0.307,3.4,6.8,32.7,26.6,48.9,48.3,26.5,21.1,4.1,R,998,52.1,96.4,2136,-9.1,-12.4,19.6,1.4,35.8,85.8,2382,4.9,-34.5,7.1,2,2.8,90.4,1909,-16.3,-25.6,18.1,1.5,,,,,,,,9.3,96.4,2053,-16.8,-18.4,20.3,1.4,,,,,,,,,,,,,,,,,,,,,,,,,,,,,,,,,,,,,,,,,,,,,,,,,
"Scherzer, Max",453286,2017,32,31,200.2,779,34.4,6.9,0.177,0.305,0.247,0.243,6.1,3.8,29.5,32.1,52,38.3,28.7,22.2,10.8,R,3099,45.8,94,2503,-9.9,-14.2,20.3,1.4,21.2,85.4,2401,4.4,-34.5,6.9,1.4,14.3,84.6,1519,-13.9,-34.7,15.1,1.7,8.2,77.4,2507,10.1,-52.6,12.3,1.6,2.9,93.5,2486,-15.1,-21.5,18.5,1.4,7.7,87.9,2451,3.4,-28.2,9.1,1.2,,,,,,,,,,,,,,,,,,,,,,,,,,,,,,,,,,,,,,,,,,
"Strahm, Matt",621381,2017,25,24,34.2,154,24,14.3,0.207,0.363,0.338,0.309,7.6,9.8,31.5,25.3,44,42.4,29.3,19.6,8.7,L,646,67.2,93.7,2329,11.2,-18.5,17.6,1.6,,,,,,,,9.1,84.9,2165,12.3,-32.1,14.1,1.8,8,78,2833,-18,-53.4,19.4,1.8,,,,,,,,15.6,83.6,2562,-10.2,-38.3,11.3,1.8,,,,,,,,,,,,,,,,,,,,,,,,,,,,,,,,,,,,,,,,,,
"Grilli, Jason",276351,2017,40,46,40,184,26.1,9.8,0.277,0.515,0.388,0.37,9.4,6.8,32.5,25.8,48.5,27.4,26.5,34.2,12,R,798,60.8,92.8,2361,-14.9,-16,22.1,1.1,33.7,81,2674,10.3,-43.5,10.9,1.2,2.5,85.8,2094,-18.4,-25.4,22.3,1.3,,,,,,,,3,92.1,2266,-19,-23.1,21.2,1.3,,,,,,,,,,,,,,,,,,,,,,,,,,,,,,,,,,,,,,,,,,,,,,,,,
"Shields, James",448306,2017,35,21,117,516,20,10.3,0.265,0.487,0.348,0.354,6.4,4.5,37.6,24.6,44.4,39.8,30.8,23.2,6.2,R,1918,27.6,90.2,2295,-8.4,-17.5,17.8,1.4,,,,,,,,11.4,82.6,1675,-16,-32.8,18.1,1.6,21,78.1,2507,5,-49.2,7.8,2,13.5,89.8,2242,-12.8,-23.5,16.4,1.6,26.5,85.9,2393,2.8,-30,7.9,1.9,,,,,,,,,,,,,,,,,,,,,,,,,,,,,,,,,,,,,,,,,,
"Bailey, Homer",456701,2017,31,18,91,420,16,10,0.299,0.455,0.375,0.366,5,4.3,37.6,21.9,47,45.5,17.5,31.4,5.6,R,1573,38.3,93.6,2078,-7.7,-14.6,18.2,1.3,20.9,87.1,1846,2,-28.6,8.2,2.1,0.1,90.5,2021,-4.7,-20.1,13.3,,4.3,78,1958,10.7,-50.7,12.6,2.3,17.3,93.3,2003,-13.8,-18.6,18.9,1.6,,,,,,,,19.1,86.3,1211,-9.2,-28.9,13.1,2,,,,,,,,,,,,,,,,,,,,,,,,,,,,,,,,,,,
"Pelfrey, Mike",460059,2017,33,34,120,546,14.5,11.4,0.267,0.462,0.362,0.356,4.3,4.8,37.2,17.4,40.5,50.4,20,23,6.6,R,2286,0.5,92.7,1882,-12.7,-14.6,21.1,1.4,12.2,82.9,1962,-0.4,-35,5.9,1.9,,,,,,,,15,70.2,2030,9.1,-63.8,12.4,2.6,58.8,91.9,1923,-18.5,-23.4,20.6,1.3,,,,,,,,13.6,81.3,1225,-10.1,-43.1,10.9,1.7,,,,,,,,,,,,,,,,,,,,,,,,,,,,,,,,,,,
"Lyons, Tyler",544928,2017,29,50,54,220,30.9,9.1,0.217,0.343,0.27,0.289,3.2,6.4,24.8,27.5,41.6,43.2,20,26.4,10.4,L,901,22.1,90.1,2125,7.1,-18,18.2,1.1,51.6,80.1,2409,-17.7,-43.6,18.1,1.2,5.4,85.4,1642,12.8,-29,16.4,1.3,0.3,76.7,2288,-19,-48.1,19.2,1.4,20.5,90,2044,14.7,-23,18.8,1.1,,,,,,,,,,,,,,,,,,,,,,,,,,,,,,,,,,,,,,,,,,,,,,,,,
"Guerra, Javy",457915,2017,31,16,21,88,13.6,8,0.259,0.414,0.325,0.313,2.9,2.9,42,11.1,53.4,52.2,17.4,20.3,10.1,R,319,53.9,92.2,2014,-3.6,-12.9,20.5,1.6,29.2,87.1,1985,4.9,-26.3,12,2,6,83.7,1578,-5.9,-24.8,16.4,1.4,9.4,78.7,2373,5.2,-52,8.9,1.5,,,,,,,,1.6,93.7,2141,1.6,-7.2,24.8,1.4,,,,,,,,,,,,,,,,,,,,,,,,,,,,,,,,,,,,,,,,,,
"Beck, Chris",571476,2017,26,57,64.2,294,14.3,11.6,0.285,0.514,0.386,0.377,7.5,3.7,36.2,18,45.7,41.6,22.9,26.6,8.9,R,1148,50.6,94.6,2061,-10.6,-14.1,19.7,1.2,30.7,86.8,2370,2.9,-31.3,6.7,2.5,10.5,88.1,1608,-14.2,-26.6,17.1,1.7,,,,,,,,8.1,94.1,1871,-17.1,-20.9,19.7,1.4,,,,,,,,,,,,,,,,,,,,,,,,,,,,,,,,,,,,,,,,,,,,,,,,,
"Sánchez, Aníbal",434671,2017,33,28,105.1,482,21.6,6,0.268,0.478,0.38,0.338,6.4,5.5,36.8,23.6,45.6,36.5,25.8,28.7,9,R,1853,26.2,90.7,2220,-3.6,-14.6,19.2,1.4,12.3,84.6,2306,4.6,-31.5,9.3,1.8,2.4,71.1,1377,-7.7,-42.8,15,2.4,10.3,76.9,2157,4.6,-48.5,6.6,2.1,23.4,90.7,2144,-11.6,-18,19.5,1.5,7.3,89.2,2308,3.7,-19.7,15.3,1.6,18.1,83.1,1626,-13.1,-32.1,15.8,1.9,,,,,,,,,,,,,,,,,,,,,,,,,,,,,,,,,,,
"Ynoa, Michael",573589,2017,25,22,29,141,16.3,15.6,0.235,0.424,0.369,0.356,5.5,2.2,31.9,22.2,41.8,35.2,22,34.1,8.8,R,594,10.9,93.2,2218,-10.4,-14.2,20,1.2,25.1,86.8,2283,-1.7,-27.8,9.3,1.5,5.9,87.6,1980,-17.7,-25.8,20.6,1.5,16.5,79.6,2506,6.6,-50.7,10.2,1.4,41.6,92.8,2221,-15.4,-17.4,21,1.2,,,,,,,,,,,,,,,,,,,,,,,,,,,,,,,,,,,,,,,,,,,,,,,,,
"Cishek, Steve",518553,2017,31,49,44.2,174,23.6,8,0.21,0.324,0.222,0.273,4.3,8.6,20.7,26,42.2,56.9,12.1,25.9,5.2,R,729,2.2,89.7,2289,-9.6,-20.8,15.2,1.3,48.7,77.2,2353,13.6,-44.3,14.2,1.3,1.4,84.6,1890,-15.9,-34.2,16.7,1.6,,,,,,,,47.7,90.4,2288,-17.2,-27.1,18.3,1.3,,,,,,,,,,,,,,,,,,,,,,,,,,,,,,,,,,,,,,,,,,,,,,,,,
"Armstrong, Shawn",542888,2017,26,21,24.2,108,18.5,9.3,0.253,0.454,0.319,0.337,7.8,6.5,32.5,22,52.8,40.3,32.5,20.8,6.5,R,430,57.7,93.2,2355,-4.5,-14.3,17.4,1.2,17,85.7,2710,8.6,-31.9,11.1,1.6,,,,,,,,,,,,,,,6.7,93,2489,-11.5,-16.7,18.5,1.2,18.6,90.7,2487,1.2,-23.4,10.4,1.4,,,,,,,,,,,,,,,,,,,,,,,,,,,,,,,,,,,,,,,,,,
"Graveman, Kendall",608665,2017,26,19,105.1,444,15.8,7.2,0.281,0.468,0.334,0.346,6.8,3.8,39.3,17.2,42.7,52.1,20.4,24,3.6,R,1664,3.5,93.2,2414,-8,-16.2,17.5,1.6,5.5,79.1,2677,11.4,-48.1,12.7,1.5,10.8,86,1808,-14.1,-30.6,15.8,1.5,,,,,,,,66.3,93.3,2348,-16.5,-20,20.4,1.6,13.8,89.9,2493,-1,-23.8,10.6,1.7,,,,,,,,,,,,,,,,,,,,,,,,,,,,,,,,,,,,,,,,,,
"Velázquez, Hector",584171,2017,28,8,24.2,96,19.8,7.3,0.247,0.437,0.303,0.314,5.7,5.7,31.4,17.2,50.3,44.3,22.9,28.6,4.3,R,382,35.1,90.1,2049,-8.2,-18.1,17.4,1.5,11.8,81,1788,0.9,-37.6,6.6,2.1,14.1,83.5,1379,-11.1,-34.4,12.3,1.6,3.7,75.2,2100,5.5,-50.7,7.9,1.5,35.3,89.1,2005,-13.5,-23.7,17,1.6,,,,,,,,,,,,,,,,,,,,,,,,,,,,,,,,,,,,,,,,,,,,,,,,,
"Law, Derek",571882,2017,26,41,37.1,168,20.8,8.3,0.26,0.45,0.355,0.329,6.8,2.6,36.8,25.3,42.8,40.2,19.7,31.6,8.5,R,635,52,93.7,2162,-1.7,-14.3,17.4,1.5,19.4,80.9,2113,5.9,-44.5,7.9,1.9,7.2,83,1902,-12.7,-27.7,18,1.9,19.2,75.5,2014,5.3,-56,10.1,1.8,2.2,94,2174,-10.4,-17.8,16.8,1.5,,,,,,,,,,,,,,,,,,,,,,,,,,,,,,,,,,,,,,,,,,,,,,,,,
"Ramírez, Neil",519166,2017,28,29,31.1,153,28.8,13.7,0.194,0.361,0.355,0.298,3.4,1.1,27.6,29.2,44.3,31,32.2,23,13.8,R,640,18.6,93.1,2366,-2.2,-9.3,22.6,1.3,31.3,84.7,2276,5.5,-34,7.9,1.5,0.8,86.9,2105,-13.5,-18.3,22.7,1.5,19.5,78.4,2293,4,-50.4,8,1.4,29.8,93.2,2345,-9,-12.8,20.9,1.2,,,,,,,,,,,,,,,,,,,,,,,,,,,,,,,,,,,,,,,,,,,,,,,,,
"Tillman, Chris",501957,2017,29,24,93,444,14.2,11.5,0.312,0.55,0.414,0.403,7.7,2.1,42.6,17.7,45.1,39.3,21.8,31.6,7.4,R,1721,31.1,90.8,2242,-5.9,-16.5,18.2,1.5,25.2,85.1,2322,3,-34.2,7,2.4,15.3,83.7,1678,-11.7,-26.4,18,1.6,8.4,75.7,2043,6.2,-63.6,16.3,1.8,19.2,90.4,2192,-13.5,-20.3,19.2,1.6,0.8,89.9,2266,6.6,-10.9,24.3,1.4,,,,,,,,,,,,,,,,,,,,,,,,,,,,,,,,,,,,,,,,,,
"Severino, Luis",622663,2017,23,31,193.1,782,29.4,6.5,0.215,0.339,0.263,0.271,3.2,4.6,33.5,28.1,49.1,50.5,18.4,24.2,6.9,R,3081,51.3,97.5,2301,-9.9,-11.4,20.6,1.5,35.1,88.3,2689,6.3,-36.8,7.6,2,13.6,87.2,1671,-13.1,-23.5,18.5,3.1,,,,,,,,,,,,,,,,,,,,,,,,,,,,,,,,,,,,,,,,,,,,,,,,,,,,,,,,,,,,,,,
"Giolito, Lucas",608337,2017,22,7,45.1,179,19,6.7,0.243,0.393,0.277,0.306,6.2,4.6,34.1,22.3,49.7,46.9,17.7,23.8,11.5,R,701,49.5,92.4,2123,-8.4,-13.9,19.8,1.2,12.4,83.9,2132,0,-38.1,3.6,1.3,16.4,81.6,1654,-9.5,-28.6,15.3,1.1,11.4,78.3,2538,1.9,-61.5,16.5,1.5,10.3,91.7,2019,-15.9,-18.4,21.1,1.2,,,,,,,,,,,,,,,,,,,,,,,,,,,,,,,,,,,,,,,,,,,,,,,,,
"Winkler, Dan",595465,2017,27,16,14.1,53,34,11.3,0.189,0.283,0.233,0.258,6.9,3.4,17.2,25.4,48.7,37.9,27.6,27.6,6.9,R,234,38.5,93.5,2447,-9.7,-17.1,18,1.1,,,,,,,,6.4,88.8,2014,-16.7,-33.5,17.7,1.3,17.1,82.4,2449,5.3,-41.4,6.4,1.3,5.6,93.1,2359,-18.4,-23.4,20.3,1.3,32.5,90.5,2444,-0.2,-23.6,10.7,1.2,,,,,,,,,,,,,,,,,,,,,,,,,,,,,,,,,,,,,,,,,,
"Finnegan, Brandon",605232,2017,24,4,13,59,27.1,22,0.179,0.286,0.317,0.308,10,0,27.6,33,39,53.3,20,26.7,0,L,240,26.3,93.5,2255,3.7,-9.9,22.4,2.1,12.5,84.5,2493,-6.6,-35.3,8.8,2.1,18.8,84.3,1415,8.4,-25.7,16.2,1.5,,,,,,,,42.5,92.5,2175,10.2,-14.3,21.1,2,,,,,,,,,,,,,,,,,,,,,,,,,,,,,,,,,,,,,,,,,,,,,,,,,
"Minter, A.J.",621345,2017,23,16,15,60,43.3,3.3,0.188,0.294,0.255,0.22,3.1,3.1,40.6,35.6,54.4,34.4,31.3,28.1,6.3,L,247,51.4,96.1,2321,6.1,-12.8,18.7,1,,,,,,,,,,,,,,,,,,,,,,,,,,,,,48.6,90,2604,-5.6,-28.3,8.8,1.4,,,,,,,,,,,,,,,,,,,,,,,,,,,,,,,,,,,,,,,,,,
"Díaz, Dayan",500765,2017,28,10,13,58,34.5,6.9,0.279,0.461,0.399,0.34,8.8,5.9,47.1,30.4,46.6,41.2,20.6,35.3,2.9,R,267,55.8,94.4,2401,-13.6,-14.1,21.7,1,24,87.3,2565,2.7,-32.7,6,1.8,16.1,85.8,1475,-12,-33.3,13,1.4,,,,,,,,4.1,93.7,2348,-18.9,-21.1,21.4,1.4,,,,,,,,,,,,,,,,,,,,,,,,,,,,,,,,,,,,,,,,,,,,,,,,,
"Germán, Domingo",593334,2017,24,7,14.1,62,29,14.5,0.166,0.239,0.296,0.252,0,5.7,17.1,28.6,44.3,54.3,8.6,22.9,14.3,R,253,39.1,96.3,2590,-13,-14.6,20.4,1.3,,,,,,,,21.3,88.3,2447,-18,-24.7,21.1,1.4,28.1,81.8,2584,3.6,-49.7,9.1,1.6,11.5,96.5,2460,-19,-24,19.9,1.6,,,,,,,,,,,,,,,,,,,,,,,,,,,,,,,,,,,,,,,,,,,,,,,,,
"Bastardo, Antonio",455374,2017,31,9,9,52,15.4,17.3,0.332,0.72,0.516,0.48,8.6,5.7,37.1,19.6,42.7,17.1,42.9,28.6,11.4,L,227,68.3,90.4,2244,4.7,-12.7,21.8,1.2,26,81.2,2526,-7,-36.3,9.6,1.5,5.7,84.6,1871,5.6,-19.6,20.1,1.4,,,,,,,,,,,,,,,,,,,,,,,,,,,,,,,,,,,,,,,,,,,,,,,,,,,,,,,,,,,,,,,
"Campos, Leonel",599998,2017,29,13,13.2,60,25,13.3,0.216,0.351,0.332,0.308,8.3,0,47.2,40.9,50.9,38.9,41.7,11.1,8.3,R,226,47.3,93,2040,-6,-12.9,20.5,1.2,46.9,84.9,1946,-0.7,-35.9,3.9,1.4,3.5,85.7,1625,-12,-26,17.3,1.4,,,,,,,,2.2,93.2,2008,-11.4,-15.5,20.5,1.4,,,,,,,,,,,,,,,,,,,,,,,,,,,,,,,,,,,,,,,,,,,,,,,,,
"Pounders, Brooks",572044,2017,26,11,10.1,54,22.2,9.3,0.298,0.487,0.472,0.368,13.9,5.6,47.2,27.3,51.4,27.8,19.4,38.9,13.9,R,214,41.6,92.7,2254,-6.3,-14.6,18.4,1.3,40.7,86.3,2538,8.3,-32.6,9.7,1.3,2.8,86,1548,-11.5,-29.7,14,1.5,3.3,79.4,2544,8,-55,13.5,1.4,11.7,92,2173,-13,-20.3,17.8,1.3,,,,,,,,,,,,,,,,,,,,,,,,,,,,,,,,,,,,,,,,,,,,,,,,,
"Lindblom, Josh",458676,2017,30,4,10.1,51,19.6,5.9,0.253,0.339,0.371,0.28,2.6,0,39.5,20,56.5,42.1,15.8,26.3,15.8,R,186,41.4,90.3,2346,-8.1,-16.2,20.3,1.5,7.5,83.1,1490,2.6,-38.9,8,1.4,8.6,83.7,1999,-9.8,-26,18.8,1.4,9.1,71.6,2463,12.8,-63.2,15.2,1.5,18.8,91,2199,-15.3,-21.6,19.7,1.3,14.5,87.3,2421,3.6,-21.6,15.9,1.2,,,,,,,,,,,,,,,,,,,,,,,,,,,,,,,,,,,,,,,,,,
"Howell, J.P.",434442,2017,34,16,11,52,11.5,13.5,0.284,0.487,0.396,0.373,5.1,5.1,28.2,20.3,35.8,59,12.8,25.6,2.6,L,191,1,83.6,1842,10.8,-28,17,1.5,,,,,,,,7.9,79.9,1429,12.1,-39.3,13.4,1.4,28.3,78.8,2388,-12,-52.4,13.3,1.3,62.8,85,1837,15,-37,15.5,1.3,,,,,,,,,,,,,,,,,,,,,,,,,,,,,,,,,,,,,,,,,,,,,,,,,
"Ramirez, Carlos",570702,2017,26,12,16.2,58,24.1,5.2,0.196,0.36,0.208,0.266,7.5,2.5,35,30.6,50.2,30,27.5,20,22.5,R,182,13.2,92.2,2194,-9.5,-16.5,18.4,1.3,48.9,83.4,2226,2.9,-31.9,8.6,1.4,,,,,,,,,,,,,,,37.9,92.1,2139,-14.6,-20.5,18.8,1.2,,,,,,,,,,,,,,,,,,,,,,,,,,,,,,,,,,,,,,,,,,,,,,,,,
"Sherriff, Ryan",595411,2017,27,13,14.1,60,25,6.7,0.208,0.316,0.297,0.263,7.5,7.5,35,22.3,51.4,67.5,15,15,2.5,L,218,0.5,93.1,2237,10.8,-20.9,15.6,,30.3,84,2396,-5.3,-37.2,7,1.7,,,,,,,,,,,,,,,69.3,91.6,1993,14.8,-32.2,15.2,1.4,,,,,,,,,,,,,,,,,,,,,,,,,,,,,,,,,,,,,,,,,,,,,,,,,
"Baumann, Buddy",571473,2017,29,23,17.2,72,29.2,9.7,0.177,0.398,0.291,0.29,12.2,2.4,36.6,35,46.1,34.1,41.5,19.5,4.9,L,297,39.4,89.7,2375,-4.9,-19.7,15.2,1.6,20.5,84.4,2449,-9.1,-31.4,13,1.7,3,84,1429,2.9,-32.5,7.9,1.6,,,,,,,,37,89.7,2371,3.1,-16.4,18,1.7,,,,,,,,,,,,,,,,,,,,,,,,,,,,,,,,,,,,,,,,,,,,,,,,,
"Méndez, Yohander",622795,2017,22,7,12.1,52,13.5,5.8,0.287,0.541,0.364,0.372,9.8,9.8,39,19.8,50.3,36.6,29.3,24.4,9.8,L,191,34,92.6,2139,8.3,-17.2,17.3,1.3,19.9,83.8,2143,-3.2,-37,4.9,1.6,15.7,83.6,1660,9.7,-31.9,12.5,1.5,3.7,81.1,2161,-4.2,-46.2,6,1.6,26.7,92.1,2086,14.7,-22.5,17.8,1.4,,,,,,,,,,,,,,,,,,,,,,,,,,,,,,,,,,,,,,,,,,,,,,,,,
"Ravin, Josh",502051,2017,29,14,16.2,71,26.8,12.7,0.226,0.493,0.337,0.349,19,7.1,43.9,31.1,48.6,38.1,35.7,19,7.1,R,277,41.9,96.5,2465,-4.7,-10.1,21.1,1.4,36.8,86.8,2556,5.4,-31.6,9.1,1.9,5.8,88.9,2195,-9.8,-26.2,14,1.6,,,,,,,,15.5,95.8,2404,-10.8,-16.5,18.1,1.5,,,,,,,,,,,,,,,,,,,,,,,,,,,,,,,,,,,,,,,,,,,,,,,,,
"McGuire, Deck",592547,2017,28,6,13.2,56,19.6,3.6,0.233,0.42,0.227,0.299,4.8,2.4,33.3,22.3,44.8,26.2,38.1,28.6,7.1,R,209,60.3,92.7,2292,-10,-13.7,21.5,1.5,17.7,83.7,2378,3.9,-39.6,4.8,1.4,11.5,85.2,2207,-17.1,-28.5,20,1.3,7.2,75.6,2551,11.9,-60.1,16,1.5,3.3,91.8,2221,-18.2,-22.2,21.1,1.5,,,,,,,,,,,,,,,,,,,,,,,,,,,,,,,,,,,,,,,,,,,,,,,,,
"Lewicki, Artie",592499,2017,25,4,10.1,52,11.5,7.7,0.303,0.53,0.402,0.377,4.8,2.4,38.1,16.5,50.5,40.5,31,26.2,2.4,R,191,52.9,92.6,2147,-5.4,-14.4,18.8,1.5,18.8,87.5,2177,3.8,-25.5,11.7,1.4,7.3,86.4,1832,-6.9,-23.5,15.6,1.8,20.9,78.3,2254,5.7,-56.7,12.6,1.6,,,,,,,,,,,,,,,,,,,,,,,,,,,,,,,,,,,,,,,,,,,,,,,,,,,,,,,,
"Farrell, Luke",608652,2017,26,10,13,61,14.8,16.4,0.212,0.362,0.334,0.318,7.1,9.5,28.6,23.7,46.3,38.1,35.7,16.7,9.5,R,246,56.5,91.2,2330,-8.6,-11.8,23.4,1.5,25.2,82.8,2297,-0.4,-34.8,6.6,1.5,9.3,83.3,1348,-12.2,-31,16.1,1.8,8.1,77.3,2478,-0.4,-52.1,6.7,1.7,0.8,91.3,2499,-14.4,-15.9,22.4,1.5,,,,,,,,,,,,,,,,,,,,,,,,,,,,,,,,,,,,,,,,,,,,,,,,,
"Zastryzny, Rob",642239,2017,25,4,13,62,17.7,11.3,0.279,0.435,0.417,0.354,7,7,25.6,21.2,42.1,51.2,14,27.9,7,L,247,64.4,89.9,2234,3.5,-16.4,17.6,1.6,,,,,,,,2.4,79.9,1444,12.1,-32.6,15.5,1.6,12.1,76.4,1964,-4.3,-48.3,5.5,1.7,,,,,,,,21.1,82.7,2185,-4.9,-33,9.5,2,,,,,,,,,,,,,,,,,,,,,,,,,,,,,,,,,,,,,,,,,,
"Rondón, Bruce",541652,2017,26,21,15.2,76,28.9,13.2,0.275,0.393,0.377,0.334,9.3,2.3,34.9,27.5,46.6,39.5,11.6,39.5,9.3,R,327,48,96.8,2167,-7.4,-10.2,20.5,1.8,37.6,85.4,2215,1.3,-35.9,4.9,1.9,9.2,89.2,1983,-15.7,-22,20.3,1.4,,,,,,,,5.2,96.8,2142,-14.5,-15.7,19.8,1.4,,,,,,,,,,,,,,,,,,,,,,,,,,,,,,,,,,,,,,,,,,,,,,,,,
"Sánchez, Angel",605795,2017,27,8,12.1,54,18.5,1.9,0.285,0.561,0.394,0.355,9.3,7,39.5,26.2,51.4,41.9,23.3,25.6,9.3,R,208,48.6,96,2260,-12.2,-11.8,21.8,1.2,,,,,,,,15.9,90.1,1936,-15,-21.4,19.3,1.3,13.9,82,2299,1.6,-47.4,6.9,1.3,,,,,,,,21.6,91.4,2304,-0.4,-22.4,10.7,1.4,,,,,,,,,,,,,,,,,,,,,,,,,,,,,,,,,,,,,,,,,,
"Goldberg, Brad",643329,2017,27,11,12,62,4.8,22.6,0.308,0.482,0.436,0.428,4.7,2.3,32.6,19.6,42.7,48.8,18.6,30.2,2.3,R,262,24.4,96.5,2264,-11.8,-14.3,19.5,1.3,26,88,2296,1.3,-29.3,6.9,1.8,13.7,90.8,1854,-14.2,-23.7,17.6,2.1,,,,,,,,35.9,96.3,2117,-19.2,-20.4,21.5,1.4,,,,,,,,,,,,,,,,,,,,,,,,,,,,,,,,,,,,,,,,,,,,,,,,,
"Aquino, Jayson",593969,2017,24,4,13.1,62,21,9.7,0.216,0.458,0.373,0.318,4.7,4.7,39.5,26,43.9,44.2,23.3,16.3,16.3,L,237,49.4,88.7,2283,9.2,-25.3,15.5,1.7,,,,,,,,19,80.9,1643,14.5,-37.7,16.7,1.3,8,77.2,2202,3.2,-51.3,6.3,1.5,0.4,88.8,2513,-5.5,-32.6,6.8,,23.2,84.5,2286,1.6,-36.2,7.6,1.6,,,,,,,,,,,,,,,,,,,,,,,,,,,,,,,,,,,,,,,,,,
"Reed, Cody",642003,2017,24,12,17.2,79,21.5,24.1,0.218,0.38,0.335,0.344,9.3,9.3,34.9,33.3,41.7,65.1,16.3,18.6,0,L,331,49.5,94.2,2241,10.7,-16.5,18.7,1.6,36.6,86.9,2442,-7,-31.2,9.8,2.2,12.4,87.6,1650,13,-27.9,16.1,1.5,,,,,,,,1.5,93.7,2315,17.5,-20.5,21,1.5,,,,,,,,,,,,,,,,,,,,,,,,,,,,,,,,,,,,,,,,,,,,,,,,,
"Rodríguez, Ricardo",600965,2017,24,16,13,60,18.3,6.7,0.25,0.417,0.38,0.32,2.3,2.3,27.3,15.2,51.7,34.1,27.3,36.4,2.3,R,242,68.6,95.3,2130,-7.1,-15.3,16.9,1.3,26.9,85,2281,5.1,-38.9,6.2,1.5,,,,,,,,4.5,80.4,2239,4.2,-46.9,6.1,1.5,,,,,,,,,,,,,,,,,,,,,,,,,,,,,,,,,,,,,,,,,,,,,,,,,,,,,,,,
"Layne, Tommy",518927,2017,32,19,13,63,14.3,12.7,0.296,0.434,0.367,0.367,4.4,4.4,42.2,17,40.8,46.7,11.1,35.6,6.7,L,245,7.3,88.3,2073,11.2,-21.1,20.5,1.4,15.5,79.8,2626,-18.7,-41.8,19.6,1.3,17.6,82.6,1521,13.6,-36.9,15.4,1.9,4.5,75.6,2543,-8.2,-62.6,13.6,1.4,17.6,88,2071,16.5,-30.1,18.4,1.4,37.6,85,2198,-1.6,-30.3,11,1.4,,,,,,,,,,,,,,,,,,,,,,,,,,,,,,,,,,,,,,,,,,
"Kittredge, Andrew",552640,2017,27,15,15.1,66,21.2,9.1,0.211,0.339,0.283,0.27,2.2,8.7,37,28.3,46.1,50,23.9,19.6,6.5,R,245,29,94.5,2284,-10.1,-15.1,18.5,1.2,71,84.1,2622,6.7,-42.9,8.3,1.3,,,,,,,,,,,,,,,,,,,,,,,,,,,,,,,,,,,,,,,,,,,,,,,,,,,,,,,,,,,,,,,,,,,,,,
"Fien, Casey",502272,2017,33,10,12,62,16.1,9.7,0.34,0.657,0.512,0.434,13,2.2,43.5,26.3,54.8,45.7,23.9,28.3,2.2,R,208,34.6,93.2,2498,-3.3,-14.2,18.3,1.3,43.3,89.2,2463,0.3,-26.3,9.2,1.2,,,,,,,,15.4,79.5,2629,9.6,-46.6,10.3,1.3,6.7,93.6,2495,-7.8,-16.5,17.3,1.4,,,,,,,,,,,,,,,,,,,,,,,,,,,,,,,,,,,,,,,,,,,,,,,,,
"Beliveau, Jeff",542924,2017,30,19,15.2,70,24.3,8.6,0.248,0.43,0.367,0.332,4.3,0,37,22.5,46.6,41.3,39.1,19.6,0,L,296,65.9,90.1,2365,8.9,-19.2,17.4,0.9,,,,,,,,6.4,82.1,1801,14.3,-31.4,17,1.4,17.9,74.8,2596,-16.2,-60.5,19.4,1.2,0.3,89.3,2313,11.3,-27.1,13.5,,9.5,84,2427,-3,-31.9,9,1.7,,,,,,,,,,,,,,,,,,,,,,,,,,,,,,,,,,,,,,,,,,
"Ríos, Yacksel",605441,2017,24,13,16.1,73,23.3,12.3,0.231,0.413,0.345,0.317,6.4,2.1,29.8,23.5,49.1,36.2,29.8,23.4,10.6,R,275,45.5,93.9,1994,-7.3,-14.3,18.6,1.5,35.6,85.4,1882,1,-33.6,6.4,2,,,,,,,,,,,,,,,18.9,93.8,2064,-15.6,-20,19.4,1.5,,,,,,,,,,,,,,,,,,,,,,,,,,,,,,,,,,,,,,,,,,,,,,,,,
"Santana, Edgar",650828,2017,25,19,18,81,24.7,14.8,0.214,0.366,0.338,0.313,10.4,2.1,27.7,32.3,44.9,45.8,20.8,31.3,2.1,R,295,11.2,95.5,2251,-10,-13.5,20.1,1.3,38.6,86.6,2234,-3,-36.1,5.1,1.6,,,,,,,,,,,,,,,50.2,94.9,2200,-16.9,-21.3,19.7,1.4,,,,,,,,,,,,,,,,,,,,,,,,,,,,,,,,,,,,,,,,,,,,,,,,,
"Mayza, Tim",641835,2017,25,19,17,79,34.2,5.1,0.274,0.416,0.37,0.315,2.1,2.1,45.8,34.5,49.4,41.7,16.7,37.5,4.2,L,337,49.6,93.9,2111,6.5,-13,19.2,1.5,50.4,86.2,2233,-2.4,-35,4.1,1.4,,,,,,,,,,,,,,,,,,,,,,,,,,,,,,,,,,,,,,,,,,,,,,,,,,,,,,,,,,,,,,,,,,,,,,
"Santos, Luis",608601,2017,26,10,16.2,68,23.5,5.9,0.226,0.464,0.325,0.313,4.2,2.1,35.4,29.5,48.2,33.3,31.3,20.8,14.6,R,274,50.4,92.8,2379,-8.9,-17,17.4,1.7,,,,,,,,17.2,85.6,1888,-15.8,-30.7,17.4,1.8,29.6,81.9,2491,5.3,-42.5,6.6,1.9,2.9,92.9,2355,-13.1,-21.4,16.6,1.4,,,,,,,,,,,,,,,,,,,,,,,,,,,,,,,,,,,,,,,,,,,,,,,,,
"Slegers, Aaron",642083,2017,24,4,15.1,63,14.3,9.5,0.29,0.579,0.297,0.393,4.2,6.3,33.3,19.5,48.9,45.8,20.8,25,8.3,R,231,31.2,91.1,2032,-6.9,-13.9,19.5,1.3,24.7,83.2,2047,2.3,-33,7.4,1.5,10,84.5,1592,-12.2,-27.3,16.8,1.5,,,,,,,,34.2,90.2,1922,-14.8,-21.7,18.6,1.4,,,,,,,,,,,,,,,,,,,,,,,,,,,,,,,,,,,,,,,,,,,,,,,,,
"Alburquerque, Al",456379,2017,31,21,18,71,19.7,11.3,0.206,0.274,0.212,0.259,2,2,22.4,29.2,45.6,57.1,16.3,22.4,4.1,R,263,12.9,93.5,2342,-11.3,-15.7,20.1,1.7,54.4,87.6,2360,-2.6,-30.1,7.7,1.4,1.9,90.7,2190,-16.9,-18.6,23.1,1.4,,,,,,,,30.8,93.9,2335,-18.8,-21,21.7,1.4,,,,,,,,,,,,,,,,,,,,,,,,,,,,,,,,,,,,,,,,,,,,,,,,,
"Alvarez III, Henderson",506693,2017,27,3,14.2,67,9,16.4,0.32,0.626,0.351,0.44,4,6,32,12.7,42.1,46,28,22,4,R,254,41.7,91.5,1885,-6,-18.3,16.4,1.5,6.3,85.5,2084,7.2,-28.7,12,1.5,26,87,1455,-6,-27.8,11.7,1.8,4.3,79.5,2123,10.5,-42.9,11.4,1.9,21.7,91.5,1850,-14.3,-23.3,17.8,1.3,,,,,,,,,,,,,,,,,,,,,,,,,,,,,,,,,,,,,,,,,,,,,,,,,
"Alvarez, Dario",516714,2017,28,20,16.1,82,20.7,17.1,0.223,0.32,0.357,0.324,2,8,32,37.7,38,44,24,22,10,L,317,37.5,92.1,2411,8.7,-19.7,15.9,1.4,61.5,82,2550,-9.7,-40.5,10.5,1.6,,,,,,,,,,,,,,,0.9,93.2,2587,13.4,-27.4,14,1.4,,,,,,,,,,,,,,,,,,,,,,,,,,,,,,,,,,,,,,,,,,,,,,,,,
"Crichton, Stefan",592233,2017,25,8,12.1,62,12.9,6.5,0.389,0.687,0.482,0.461,8,0,52,11.9,41.1,48,24,26,2,R,246,4.9,94.1,2240,-10.2,-13.5,21.3,1.3,32.9,82.7,2523,5,-44.6,7.4,1.9,,,,,,,,,,,,,,,62.2,94.3,2277,-18,-19.6,21.9,1.2,,,,,,,,,,,,,,,,,,,,,,,,,,,,,,,,,,,,,,,,,,,,,,,,,
"Broxton, Jonathan",455009,2017,33,20,15.2,78,20.5,14.1,0.293,0.449,0.406,0.355,2,5.9,31.4,25.5,51.7,47.1,21.6,29.4,2,R,291,52.9,94.5,2174,-5.7,-13.9,17.8,1.5,35.1,87.7,2123,3.1,-31,6.7,1.5,,,,,,,,,,,,,,,12,93.4,2102,-14.1,-19.6,18.5,1.5,,,,,,,,,,,,,,,,,,,,,,,,,,,,,,,,,,,,,,,,,,,,,,,,,
"Maddox, Austin",545348,2017,26,13,17.1,67,20.9,3,0.206,0.349,0.213,0.247,7.8,5.9,29.4,26.3,56.9,27.5,31.4,13.7,27.5,R,267,34.1,95.3,2418,-11.7,-13.8,20.8,1.3,5.6,86.2,2360,-3.3,-37.4,4.3,1.4,30.3,85.1,2120,-17.4,-26.5,21.3,1.1,,,,,,,,30,95.1,2423,-15.1,-15.9,21.6,1.2,,,,,,,,,,,,,,,,,,,,,,,,,,,,,,,,,,,,,,,,,,,,,,,,,
"Latos, Mat",502009,2017,29,3,15,70,14.3,11.4,0.276,0.529,0.433,0.38,7.8,3.9,41.2,25.6,46.2,45.1,23.5,21.6,9.8,R,260,41.5,91.6,1994,0,-14.8,18.5,1.6,29.6,86.3,1931,4.2,-31.4,7.5,1.6,8.1,81.3,1696,-10.1,-26.5,18.1,1.4,3.1,75.7,2010,5.5,-58.9,11.9,1.5,17.7,90.6,1948,-7.6,-16.3,19.2,1.6,,,,,,,,,,,,,,,,,,,,,,,,,,,,,,,,,,,,,,,,,,,,,,,,,
"Fedde, Erick",607200,2017,24,3,15.1,76,19.7,10.5,0.301,0.515,0.459,0.38,5.8,7.7,34.6,15.7,42.6,65.4,19.2,15.4,0,R,298,4.4,92.4,1804,-3.6,-18.9,13.1,1.5,6,81.2,2425,10.2,-44.3,10.7,1.5,19.5,87.7,1510,-10.2,-27.9,13.6,1.7,9.7,75.9,2284,11.9,-49.4,12.3,1.9,51.3,93.5,1863,-11.8,-18.6,17.1,1.8,9.1,86.5,2074,1.3,-28.1,8.9,1.7,,,,,,,,,,,,,,,,,,,,,,,,,,,,,,,,,,,,,,,,,,
"Olson, Tyler",621397,2017,27,30,20,77,23.4,7.8,0.224,0.261,0.224,0.258,0,3.8,23.1,23,46.3,53.8,17.3,25,3.8,L,299,30.8,89,2286,0.8,-23.8,12.2,1.1,,,,,,,,18.7,83.8,1550,8.6,-37.2,10,1.2,41.5,74.5,2741,-20,-55.3,20.6,1.2,9,89.6,2196,12.9,-30,14.3,1.2,,,,,,,,,,,,,,,,,,,,,,,,,,,,,,,,,,,,,,,,,,,,,,,,,
"Taylor, Ben",664701,2017,24,14,17.1,80,22.5,11.3,0.264,0.538,0.36,0.375,3.8,0,46.2,18.5,47.3,28.3,41.5,24.5,5.7,R,365,39.5,92.6,2148,-10.9,-13.7,20.8,1.4,25.2,84,1815,3.4,-33.6,6.2,1.5,8.8,83.8,1737,-16.2,-31.3,18,1.5,,,,,,,,26.6,91.9,2154,-13.9,-17.8,19.7,1.3,,,,,,,,,,,,,,,,,,,,,,,,,,,,,,,,,,,,,,,,,,,,,,,,,
"McGrath, Kyle",657681,2017,24,17,19,75,21.3,8,0.224,0.355,0.252,0.276,7.5,3.8,21.6,23.9,46.3,28.3,35.8,26.4,9.4,L,291,51.9,86.5,1995,-0.9,-14.2,23.2,1,,,,,,,,40.9,78,2030,5.3,-23.4,22.8,1.1,7.2,71.9,1741,-7.1,-60.7,10.1,1.4,,,,,,,,,,,,,,,,,,,,,,,,,,,,,,,,,,,,,,,,,,,,,,,,,,,,,,,,
"Logan, Boone",457429,2017,32,38,21,91,30.8,9.9,0.227,0.33,0.305,0.29,1.9,5.7,24.5,38.3,49.6,50.9,9.4,32.1,7.5,L,355,25.4,94.1,2330,9,-13.8,20.6,1.5,60.3,84.3,2487,-0.9,-36.2,5.6,1.5,,,,,,,,,,,,,,,14.4,93.5,2237,14.5,-18.4,20.2,1.3,,,,,,,,,,,,,,,,,,,,,,,,,,,,,,,,,,,,,,,,,,,,,,,,,